Command line invocation:
    /Applications/Xcode.app/Contents/Developer/usr/bin/xcodebuild -workspace /Users/depoll/Code/depollsoft/iOS/iOS.xcworkspace -scheme tagmaster -configuration Debug -destination "platform=iOS Simulator,name=iPhone 16,OS=18.6" -enableCodeCoverage YES -resultBundlePath /Users/depoll/Code/depollsoft/iOS/scripts/../build/coverage/tagmaster.xcresult test

2025-11-19 12:38:58.620 xcodebuild[58521:21029794] warning:  The file reference for "libdepolllib.a" is a member of multiple groups ("Frameworks" and "Products"); this indicates a malformed project.  Only the membership in one of the groups will be preserved (but membership in targets will be unaffected).  If you want a reference to the same file in more than one group, please add another reference to the same path.
2025-11-19 12:38:58.668 xcodebuild[58521:21029794] warning:  The file reference for "libdepolllib.a" is a member of multiple groups ("Frameworks" and "Products"); this indicates a malformed project.  Only the membership in one of the groups will be preserved (but membership in targets will be unaffected).  If you want a reference to the same file in more than one group, please add another reference to the same path.
Writing result bundle at path:
	/Users/depoll/Code/depollsoft/iOS/build/coverage/tagmaster.xcresult

ComputePackagePrebuildTargetDependencyGraph

Prepare packages

CreateBuildRequest

SendProjectDescription

CreateBuildOperation

ComputeTargetDependencyGraph
note: Building targets in dependency order
note: Target dependency graph (56 targets)
    Target 'tagmasterTests' in project 'tagmaster'
        ➜ Explicit dependency on target 'tagmaster' in project 'tagmaster'
    Target 'tagmaster' in project 'tagmaster'
        ➜ Explicit dependency on target 'depolllib' in project 'depolllib'
        ➜ Implicit dependency on target 'pitchperfectlib' in project 'pitchperfectlib' via file 'libpitchperfectlib.a' in build phase 'Link Binary'
        ➜ Implicit dependency on target 'Pods-tagmaster' in project 'Pods' via file 'Pods_tagmaster.framework' in build phase 'Link Binary'
        ➜ Implicit dependency on target 'AppAuth' in project 'Pods' via options '-framework AppAuth' in build setting 'OTHER_LDFLAGS'
        ➜ Implicit dependency on target 'Bolts' in project 'Pods' via options '-framework Bolts' in build setting 'OTHER_LDFLAGS'
        ➜ Implicit dependency on target 'FirebaseAppCheckInterop' in project 'Pods' via options '-framework FirebaseAppCheckInterop' in build setting 'OTHER_LDFLAGS'
        ➜ Implicit dependency on target 'FirebaseAuth' in project 'Pods' via options '-framework FirebaseAuth' in build setting 'OTHER_LDFLAGS'
        ➜ Implicit dependency on target 'FirebaseAuthInterop' in project 'Pods' via options '-framework FirebaseAuthInterop' in build setting 'OTHER_LDFLAGS'
        ➜ Implicit dependency on target 'FirebaseAuthUI' in project 'Pods' via options '-framework FirebaseAuthUI' in build setting 'OTHER_LDFLAGS'
        ➜ Implicit dependency on target 'FirebaseCore' in project 'Pods' via options '-framework FirebaseCore' in build setting 'OTHER_LDFLAGS'
        ➜ Implicit dependency on target 'FirebaseCoreExtension' in project 'Pods' via options '-framework FirebaseCoreExtension' in build setting 'OTHER_LDFLAGS'
        ➜ Implicit dependency on target 'FirebaseCoreInternal' in project 'Pods' via options '-framework FirebaseCoreInternal' in build setting 'OTHER_LDFLAGS'
        ➜ Implicit dependency on target 'FirebaseEmailAuthUI' in project 'Pods' via options '-framework FirebaseEmailAuthUI' in build setting 'OTHER_LDFLAGS'
        ➜ Implicit dependency on target 'FirebaseFirestore' in project 'Pods' via options '-framework FirebaseFirestore' in build setting 'OTHER_LDFLAGS'
        ➜ Implicit dependency on target 'FirebaseFirestoreInternal' in project 'Pods' via options '-framework FirebaseFirestoreInternal' in build setting 'OTHER_LDFLAGS'
        ➜ Implicit dependency on target 'FirebaseFunctions' in project 'Pods' via options '-framework FirebaseFunctions' in build setting 'OTHER_LDFLAGS'
        ➜ Implicit dependency on target 'FirebaseMessagingInterop' in project 'Pods' via options '-framework FirebaseMessagingInterop' in build setting 'OTHER_LDFLAGS'
        ➜ Implicit dependency on target 'FirebaseSharedSwift' in project 'Pods' via options '-framework FirebaseSharedSwift' in build setting 'OTHER_LDFLAGS'
        ➜ Implicit dependency on target 'GTMAppAuth' in project 'Pods' via options '-framework GTMAppAuth' in build setting 'OTHER_LDFLAGS'
        ➜ Implicit dependency on target 'GTMSessionFetcher' in project 'Pods' via options '-framework GTMSessionFetcher' in build setting 'OTHER_LDFLAGS'
        ➜ Implicit dependency on target 'GoogleUtilities' in project 'Pods' via options '-framework GoogleUtilities' in build setting 'OTHER_LDFLAGS'
        ➜ Implicit dependency on target 'Parse' in project 'Pods' via options '-framework Parse' in build setting 'OTHER_LDFLAGS'
        ➜ Implicit dependency on target 'Protobuf' in project 'Pods' via options '-framework Protobuf' in build setting 'OTHER_LDFLAGS'
        ➜ Implicit dependency on target 'RecaptchaInterop' in project 'Pods' via options '-framework RecaptchaInterop' in build setting 'OTHER_LDFLAGS'
        ➜ Implicit dependency on target 'abseil' in project 'Pods' via options '-framework absl' in build setting 'OTHER_LDFLAGS'
        ➜ Implicit dependency on target 'gRPC-Core' in project 'Pods' via options '-framework grpc' in build setting 'OTHER_LDFLAGS'
        ➜ Implicit dependency on target 'gRPC-C++' in project 'Pods' via options '-framework grpcpp' in build setting 'OTHER_LDFLAGS'
        ➜ Implicit dependency on target 'leveldb-library' in project 'Pods' via options '-framework leveldb' in build setting 'OTHER_LDFLAGS'
        ➜ Implicit dependency on target 'nanopb' in project 'Pods' via options '-framework nanopb' in build setting 'OTHER_LDFLAGS'
        ➜ Implicit dependency on target 'BoringSSL-GRPC' in project 'Pods' via options '-framework openssl_grpc' in build setting 'OTHER_LDFLAGS'
    Target 'pitchperfectlib' in project 'pitchperfectlib'
        ➜ Explicit dependency on target 'depolllib' in project 'depolllib'
    Target 'depolllib' in project 'depolllib' (no dependencies)
    Target 'Pods-tagmaster' in project 'Pods'
        ➜ Explicit dependency on target 'AppAuth' in project 'Pods'
        ➜ Explicit dependency on target 'Bolts' in project 'Pods'
        ➜ Explicit dependency on target 'BoringSSL-GRPC' in project 'Pods'
        ➜ Explicit dependency on target 'Firebase' in project 'Pods'
        ➜ Explicit dependency on target 'FirebaseAppCheckInterop' in project 'Pods'
        ➜ Explicit dependency on target 'FirebaseAuth' in project 'Pods'
        ➜ Explicit dependency on target 'FirebaseAuthInterop' in project 'Pods'
        ➜ Explicit dependency on target 'FirebaseAuthUI' in project 'Pods'
        ➜ Explicit dependency on target 'FirebaseCore' in project 'Pods'
        ➜ Explicit dependency on target 'FirebaseCoreExtension' in project 'Pods'
        ➜ Explicit dependency on target 'FirebaseCoreInternal' in project 'Pods'
        ➜ Explicit dependency on target 'FirebaseEmailAuthUI' in project 'Pods'
        ➜ Explicit dependency on target 'FirebaseFirestore' in project 'Pods'
        ➜ Explicit dependency on target 'FirebaseFirestoreInternal' in project 'Pods'
        ➜ Explicit dependency on target 'FirebaseFunctions' in project 'Pods'
        ➜ Explicit dependency on target 'FirebaseMessagingInterop' in project 'Pods'
        ➜ Explicit dependency on target 'FirebaseSharedSwift' in project 'Pods'
        ➜ Explicit dependency on target 'FirebaseUI' in project 'Pods'
        ➜ Explicit dependency on target 'GTMAppAuth' in project 'Pods'
        ➜ Explicit dependency on target 'GTMSessionFetcher' in project 'Pods'
        ➜ Explicit dependency on target 'GoogleUtilities' in project 'Pods'
        ➜ Explicit dependency on target 'Parse' in project 'Pods'
        ➜ Explicit dependency on target 'Protobuf' in project 'Pods'
        ➜ Explicit dependency on target 'RecaptchaInterop' in project 'Pods'
        ➜ Explicit dependency on target 'abseil' in project 'Pods'
        ➜ Explicit dependency on target 'gRPC-C++' in project 'Pods'
        ➜ Explicit dependency on target 'gRPC-Core' in project 'Pods'
        ➜ Explicit dependency on target 'leveldb-library' in project 'Pods'
        ➜ Explicit dependency on target 'nanopb' in project 'Pods'
    Target 'Protobuf' in project 'Pods'
        ➜ Explicit dependency on target 'Protobuf-Protobuf_Privacy' in project 'Pods'
    Target 'Protobuf-Protobuf_Privacy' in project 'Pods' (no dependencies)
    Target 'Parse' in project 'Pods'
        ➜ Explicit dependency on target 'Bolts' in project 'Pods'
        ➜ Explicit dependency on target 'Parse-Parse' in project 'Pods'
    Target 'Parse-Parse' in project 'Pods'
        ➜ Implicit dependency on target 'Bolts' in project 'Pods' via options '-framework Bolts' in build setting 'OTHER_LDFLAGS'
    Target 'GTMAppAuth' in project 'Pods'
        ➜ Explicit dependency on target 'AppAuth' in project 'Pods'
        ➜ Explicit dependency on target 'GTMAppAuth-GTMAppAuth_Privacy' in project 'Pods'
        ➜ Explicit dependency on target 'GTMSessionFetcher' in project 'Pods'
    Target 'GTMAppAuth-GTMAppAuth_Privacy' in project 'Pods'
        ➜ Implicit dependency on target 'AppAuth' in project 'Pods' via options '-framework AppAuth' in build setting 'OTHER_LDFLAGS'
        ➜ Implicit dependency on target 'GTMSessionFetcher' in project 'Pods' via options '-framework GTMSessionFetcher' in build setting 'OTHER_LDFLAGS'
    Target 'FirebaseUI' in project 'Pods'
        ➜ Explicit dependency on target 'FirebaseAuthUI' in project 'Pods'
        ➜ Explicit dependency on target 'FirebaseEmailAuthUI' in project 'Pods'
    Target 'FirebaseEmailAuthUI' in project 'Pods'
        ➜ Explicit dependency on target 'FirebaseAuth' in project 'Pods'
        ➜ Explicit dependency on target 'FirebaseAuthUI' in project 'Pods'
        ➜ Explicit dependency on target 'FirebaseCore' in project 'Pods'
        ➜ Explicit dependency on target 'FirebaseEmailAuthUI-FirebaseEmailAuthUI' in project 'Pods'
        ➜ Explicit dependency on target 'GoogleUtilities' in project 'Pods'
    Target 'FirebaseEmailAuthUI-FirebaseEmailAuthUI' in project 'Pods'
        ➜ Implicit dependency on target 'FirebaseAuth' in project 'Pods' via options '-framework FirebaseAuth' in build setting 'OTHER_LDFLAGS'
        ➜ Implicit dependency on target 'FirebaseAuthUI' in project 'Pods' via options '-framework FirebaseAuthUI' in build setting 'OTHER_LDFLAGS'
        ➜ Implicit dependency on target 'FirebaseCore' in project 'Pods' via options '-framework FirebaseCore' in build setting 'OTHER_LDFLAGS'
        ➜ Implicit dependency on target 'GoogleUtilities' in project 'Pods' via options '-framework GoogleUtilities' in build setting 'OTHER_LDFLAGS'
    Target 'FirebaseAuthUI' in project 'Pods'
        ➜ Explicit dependency on target 'FirebaseAuth' in project 'Pods'
        ➜ Explicit dependency on target 'FirebaseAuthUI-FirebaseAuthUI' in project 'Pods'
        ➜ Explicit dependency on target 'FirebaseCore' in project 'Pods'
    Target 'FirebaseAuthUI-FirebaseAuthUI' in project 'Pods'
        ➜ Implicit dependency on target 'FirebaseAuth' in project 'Pods' via options '-framework FirebaseAuth' in build setting 'OTHER_LDFLAGS'
        ➜ Implicit dependency on target 'FirebaseCore' in project 'Pods' via options '-framework FirebaseCore' in build setting 'OTHER_LDFLAGS'
    Target 'Firebase' in project 'Pods'
        ➜ Explicit dependency on target 'FirebaseAuth' in project 'Pods'
        ➜ Explicit dependency on target 'FirebaseCore' in project 'Pods'
        ➜ Explicit dependency on target 'FirebaseFirestore' in project 'Pods'
        ➜ Explicit dependency on target 'FirebaseFunctions' in project 'Pods'
        ➜ Implicit dependency on target 'FirebaseFirestoreInternal' in project 'Pods' via options '-weak_framework FirebaseFirestoreInternal' in build setting 'OTHER_LDFLAGS'
    Target 'FirebaseFunctions' in project 'Pods'
        ➜ Explicit dependency on target 'FirebaseAppCheckInterop' in project 'Pods'
        ➜ Explicit dependency on target 'FirebaseAuthInterop' in project 'Pods'
        ➜ Explicit dependency on target 'FirebaseCore' in project 'Pods'
        ➜ Explicit dependency on target 'FirebaseCoreExtension' in project 'Pods'
        ➜ Explicit dependency on target 'FirebaseMessagingInterop' in project 'Pods'
        ➜ Explicit dependency on target 'FirebaseSharedSwift' in project 'Pods'
        ➜ Explicit dependency on target 'GTMSessionFetcher' in project 'Pods'
    Target 'FirebaseMessagingInterop' in project 'Pods' (no dependencies)
    Target 'FirebaseFirestore' in project 'Pods'
        ➜ Explicit dependency on target 'FirebaseCore' in project 'Pods'
        ➜ Explicit dependency on target 'FirebaseCoreExtension' in project 'Pods'
        ➜ Explicit dependency on target 'FirebaseFirestore-FirebaseFirestore_Privacy' in project 'Pods'
        ➜ Explicit dependency on target 'FirebaseFirestoreInternal' in project 'Pods'
        ➜ Explicit dependency on target 'FirebaseSharedSwift' in project 'Pods'
    Target 'FirebaseFirestore-FirebaseFirestore_Privacy' in project 'Pods'
        ➜ Implicit dependency on target 'FirebaseCore' in project 'Pods' via options '-framework FirebaseCore' in build setting 'OTHER_LDFLAGS'
        ➜ Implicit dependency on target 'FirebaseCoreExtension' in project 'Pods' via options '-framework FirebaseCoreExtension' in build setting 'OTHER_LDFLAGS'
        ➜ Implicit dependency on target 'FirebaseFirestoreInternal' in project 'Pods' via options '-framework FirebaseFirestoreInternal' in build setting 'OTHER_LDFLAGS'
        ➜ Implicit dependency on target 'FirebaseSharedSwift' in project 'Pods' via options '-framework FirebaseSharedSwift' in build setting 'OTHER_LDFLAGS'
    Target 'FirebaseSharedSwift' in project 'Pods' (no dependencies)
    Target 'FirebaseFirestoreInternal' in project 'Pods'
        ➜ Explicit dependency on target 'FirebaseAppCheckInterop' in project 'Pods'
        ➜ Explicit dependency on target 'FirebaseCore' in project 'Pods'
        ➜ Explicit dependency on target 'FirebaseFirestoreInternal-FirebaseFirestoreInternal_Privacy' in project 'Pods'
        ➜ Explicit dependency on target 'abseil' in project 'Pods'
        ➜ Explicit dependency on target 'gRPC-C++' in project 'Pods'
        ➜ Explicit dependency on target 'gRPC-Core' in project 'Pods'
        ➜ Explicit dependency on target 'leveldb-library' in project 'Pods'
        ➜ Explicit dependency on target 'nanopb' in project 'Pods'
    Target 'FirebaseFirestoreInternal-FirebaseFirestoreInternal_Privacy' in project 'Pods'
        ➜ Implicit dependency on target 'FirebaseAppCheckInterop' in project 'Pods' via options '-framework FirebaseAppCheckInterop' in build setting 'OTHER_LDFLAGS'
        ➜ Implicit dependency on target 'FirebaseCore' in project 'Pods' via options '-framework FirebaseCore' in build setting 'OTHER_LDFLAGS'
        ➜ Implicit dependency on target 'abseil' in project 'Pods' via options '-framework absl' in build setting 'OTHER_LDFLAGS'
        ➜ Implicit dependency on target 'gRPC-Core' in project 'Pods' via options '-framework grpc' in build setting 'OTHER_LDFLAGS'
        ➜ Implicit dependency on target 'gRPC-C++' in project 'Pods' via options '-framework grpcpp' in build setting 'OTHER_LDFLAGS'
        ➜ Implicit dependency on target 'leveldb-library' in project 'Pods' via options '-framework leveldb' in build setting 'OTHER_LDFLAGS'
        ➜ Implicit dependency on target 'nanopb' in project 'Pods' via options '-framework nanopb' in build setting 'OTHER_LDFLAGS'
    Target 'nanopb' in project 'Pods'
        ➜ Explicit dependency on target 'nanopb-nanopb_Privacy' in project 'Pods'
    Target 'nanopb-nanopb_Privacy' in project 'Pods' (no dependencies)
    Target 'leveldb-library' in project 'Pods'
        ➜ Explicit dependency on target 'leveldb-library-leveldb_Privacy' in project 'Pods'
    Target 'leveldb-library-leveldb_Privacy' in project 'Pods' (no dependencies)
    Target 'gRPC-C++' in project 'Pods'
        ➜ Explicit dependency on target 'abseil' in project 'Pods'
        ➜ Explicit dependency on target 'gRPC-C++-gRPCCertificates-Cpp' in project 'Pods'
        ➜ Explicit dependency on target 'gRPC-C++-grpcpp' in project 'Pods'
        ➜ Explicit dependency on target 'gRPC-Core' in project 'Pods'
    Target 'gRPC-C++-grpcpp' in project 'Pods'
        ➜ Implicit dependency on target 'abseil' in project 'Pods' via options '-framework absl' in build setting 'OTHER_LDFLAGS'
        ➜ Implicit dependency on target 'gRPC-Core' in project 'Pods' via options '-framework grpc' in build setting 'OTHER_LDFLAGS'
    Target 'gRPC-C++-gRPCCertificates-Cpp' in project 'Pods'
        ➜ Implicit dependency on target 'abseil' in project 'Pods' via options '-framework absl' in build setting 'OTHER_LDFLAGS'
        ➜ Implicit dependency on target 'gRPC-Core' in project 'Pods' via options '-framework grpc' in build setting 'OTHER_LDFLAGS'
    Target 'gRPC-Core' in project 'Pods'
        ➜ Explicit dependency on target 'BoringSSL-GRPC' in project 'Pods'
        ➜ Explicit dependency on target 'abseil' in project 'Pods'
        ➜ Explicit dependency on target 'gRPC-Core-grpc' in project 'Pods'
    Target 'gRPC-Core-grpc' in project 'Pods'
        ➜ Implicit dependency on target 'abseil' in project 'Pods' via options '-framework absl' in build setting 'OTHER_LDFLAGS'
        ➜ Implicit dependency on target 'BoringSSL-GRPC' in project 'Pods' via options '-framework openssl_grpc' in build setting 'OTHER_LDFLAGS'
    Target 'abseil' in project 'Pods'
        ➜ Explicit dependency on target 'abseil-xcprivacy' in project 'Pods'
    Target 'abseil-xcprivacy' in project 'Pods' (no dependencies)
    Target 'FirebaseAuth' in project 'Pods'
        ➜ Explicit dependency on target 'FirebaseAppCheckInterop' in project 'Pods'
        ➜ Explicit dependency on target 'FirebaseAuth-FirebaseAuth_Privacy' in project 'Pods'
        ➜ Explicit dependency on target 'FirebaseAuthInterop' in project 'Pods'
        ➜ Explicit dependency on target 'FirebaseCore' in project 'Pods'
        ➜ Explicit dependency on target 'FirebaseCoreExtension' in project 'Pods'
        ➜ Explicit dependency on target 'GTMSessionFetcher' in project 'Pods'
        ➜ Explicit dependency on target 'GoogleUtilities' in project 'Pods'
        ➜ Explicit dependency on target 'RecaptchaInterop' in project 'Pods'
    Target 'FirebaseAuth-FirebaseAuth_Privacy' in project 'Pods'
        ➜ Implicit dependency on target 'FirebaseAppCheckInterop' in project 'Pods' via options '-framework FirebaseAppCheckInterop' in build setting 'OTHER_LDFLAGS'
        ➜ Implicit dependency on target 'FirebaseAuthInterop' in project 'Pods' via options '-framework FirebaseAuthInterop' in build setting 'OTHER_LDFLAGS'
        ➜ Implicit dependency on target 'FirebaseCore' in project 'Pods' via options '-framework FirebaseCore' in build setting 'OTHER_LDFLAGS'
        ➜ Implicit dependency on target 'FirebaseCoreExtension' in project 'Pods' via options '-framework FirebaseCoreExtension' in build setting 'OTHER_LDFLAGS'
        ➜ Implicit dependency on target 'GTMSessionFetcher' in project 'Pods' via options '-framework GTMSessionFetcher' in build setting 'OTHER_LDFLAGS'
        ➜ Implicit dependency on target 'GoogleUtilities' in project 'Pods' via options '-framework GoogleUtilities' in build setting 'OTHER_LDFLAGS'
        ➜ Implicit dependency on target 'RecaptchaInterop' in project 'Pods' via options '-framework RecaptchaInterop' in build setting 'OTHER_LDFLAGS'
    Target 'RecaptchaInterop' in project 'Pods' (no dependencies)
    Target 'GTMSessionFetcher' in project 'Pods'
        ➜ Explicit dependency on target 'GTMSessionFetcher-GTMSessionFetcher_Core_Privacy' in project 'Pods'
        ➜ Explicit dependency on target 'GTMSessionFetcher-GTMSessionFetcher_Full_Privacy' in project 'Pods'
    Target 'GTMSessionFetcher-GTMSessionFetcher_Full_Privacy' in project 'Pods' (no dependencies)
    Target 'GTMSessionFetcher-GTMSessionFetcher_Core_Privacy' in project 'Pods' (no dependencies)
    Target 'FirebaseCoreExtension' in project 'Pods'
        ➜ Explicit dependency on target 'FirebaseCore' in project 'Pods'
        ➜ Explicit dependency on target 'FirebaseCoreExtension-FirebaseCoreExtension_Privacy' in project 'Pods'
    Target 'FirebaseCoreExtension-FirebaseCoreExtension_Privacy' in project 'Pods'
        ➜ Implicit dependency on target 'FirebaseCore' in project 'Pods' via options '-framework FirebaseCore' in build setting 'OTHER_LDFLAGS'
    Target 'FirebaseCore' in project 'Pods'
        ➜ Explicit dependency on target 'FirebaseCore-FirebaseCore_Privacy' in project 'Pods'
        ➜ Explicit dependency on target 'FirebaseCoreInternal' in project 'Pods'
        ➜ Explicit dependency on target 'GoogleUtilities' in project 'Pods'
    Target 'FirebaseCore-FirebaseCore_Privacy' in project 'Pods'
        ➜ Implicit dependency on target 'FirebaseCoreInternal' in project 'Pods' via options '-framework FirebaseCoreInternal' in build setting 'OTHER_LDFLAGS'
        ➜ Implicit dependency on target 'GoogleUtilities' in project 'Pods' via options '-framework GoogleUtilities' in build setting 'OTHER_LDFLAGS'
    Target 'FirebaseCoreInternal' in project 'Pods'
        ➜ Explicit dependency on target 'FirebaseCoreInternal-FirebaseCoreInternal_Privacy' in project 'Pods'
        ➜ Explicit dependency on target 'GoogleUtilities' in project 'Pods'
    Target 'FirebaseCoreInternal-FirebaseCoreInternal_Privacy' in project 'Pods'
        ➜ Implicit dependency on target 'GoogleUtilities' in project 'Pods' via options '-framework GoogleUtilities' in build setting 'OTHER_LDFLAGS'
    Target 'GoogleUtilities' in project 'Pods'
        ➜ Explicit dependency on target 'GoogleUtilities-GoogleUtilities_Privacy' in project 'Pods'
    Target 'GoogleUtilities-GoogleUtilities_Privacy' in project 'Pods' (no dependencies)
    Target 'FirebaseAuthInterop' in project 'Pods' (no dependencies)
    Target 'FirebaseAppCheckInterop' in project 'Pods' (no dependencies)
    Target 'BoringSSL-GRPC' in project 'Pods'
        ➜ Explicit dependency on target 'BoringSSL-GRPC-openssl_grpc' in project 'Pods'
    Target 'BoringSSL-GRPC-openssl_grpc' in project 'Pods' (no dependencies)
    Target 'Bolts' in project 'Pods' (no dependencies)
    Target 'AppAuth' in project 'Pods'
        ➜ Explicit dependency on target 'AppAuth-AppAuthCore_Privacy' in project 'Pods'
    Target 'AppAuth-AppAuthCore_Privacy' in project 'Pods' (no dependencies)

GatherProvisioningInputs

CreateBuildDescription

note: Removed stale file '/Users/depoll/Library/Developer/Xcode/DerivedData/iOS-avedbudfywsssrcrcpqwadfjuouo/Build/Intermediates.noindex/pitchperfect.build/Debug-iphonesimulator/pitchperfect-ce9da9e23b19dd8c20ed7bae9d7830cd-VFS-iphonesimulator/all-product-headers.yaml'

ClangStatCache /Applications/Xcode.app/Contents/Developer/Toolchains/XcodeDefault.xctoolchain/usr/bin/clang-stat-cache /Applications/Xcode.app/Contents/Developer/Platforms/iPhoneSimulator.platform/Developer/SDKs/iPhoneSimulator26.1.sdk /Users/depoll/Library/Developer/Xcode/DerivedData/SDKStatCaches.noindex/iphonesimulator26.1-23B77-90cf18a4295e390e64c810bc6bd7acbc.sdkstatcache
    cd /Users/depoll/Code/depollsoft/iOS
    /Applications/Xcode.app/Contents/Developer/Toolchains/XcodeDefault.xctoolchain/usr/bin/clang-stat-cache /Applications/Xcode.app/Contents/Developer/Platforms/iPhoneSimulator.platform/Developer/SDKs/iPhoneSimulator26.1.sdk -o /Users/depoll/Library/Developer/Xcode/DerivedData/SDKStatCaches.noindex/iphonesimulator26.1-23B77-90cf18a4295e390e64c810bc6bd7acbc.sdkstatcache

WriteAuxiliaryFile /Users/depoll/Library/Developer/Xcode/DerivedData/iOS-avedbudfywsssrcrcpqwadfjuouo/Build/Intermediates.noindex/Pods.build/Debug-iphonesimulator/nanopb.build/nanopb-all-non-framework-target-headers.hmap (in target 'nanopb' from project 'Pods')
    cd /Users/depoll/Code/depollsoft/iOS/Pods
    write-file /Users/depoll/Library/Developer/Xcode/DerivedData/iOS-avedbudfywsssrcrcpqwadfjuouo/Build/Intermediates.noindex/Pods.build/Debug-iphonesimulator/nanopb.build/nanopb-all-non-framework-target-headers.hmap

WriteAuxiliaryFile /Users/depoll/Library/Developer/Xcode/DerivedData/iOS-avedbudfywsssrcrcpqwadfjuouo/Build/Intermediates.noindex/Pods.build/Debug-iphonesimulator/RecaptchaInterop.build/RecaptchaInterop-all-non-framework-target-headers.hmap (in target 'RecaptchaInterop' from project 'Pods')
    cd /Users/depoll/Code/depollsoft/iOS/Pods
    write-file /Users/depoll/Library/Developer/Xcode/DerivedData/iOS-avedbudfywsssrcrcpqwadfjuouo/Build/Intermediates.noindex/Pods.build/Debug-iphonesimulator/RecaptchaInterop.build/RecaptchaInterop-all-non-framework-target-headers.hmap

WriteAuxiliaryFile /Users/depoll/Library/Developer/Xcode/DerivedData/iOS-avedbudfywsssrcrcpqwadfjuouo/Build/Intermediates.noindex/Pods.build/Debug-iphonesimulator/Protobuf.build/Protobuf-all-non-framework-target-headers.hmap (in target 'Protobuf' from project 'Pods')
    cd /Users/depoll/Code/depollsoft/iOS/Pods
    write-file /Users/depoll/Library/Developer/Xcode/DerivedData/iOS-avedbudfywsssrcrcpqwadfjuouo/Build/Intermediates.noindex/Pods.build/Debug-iphonesimulator/Protobuf.build/Protobuf-all-non-framework-target-headers.hmap

WriteAuxiliaryFile /Users/depoll/Library/Developer/Xcode/DerivedData/iOS-avedbudfywsssrcrcpqwadfjuouo/Build/Intermediates.noindex/Pods.build/Debug-iphonesimulator/GTMSessionFetcher.build/GTMSessionFetcher-all-non-framework-target-headers.hmap (in target 'GTMSessionFetcher' from project 'Pods')
    cd /Users/depoll/Code/depollsoft/iOS/Pods
    write-file /Users/depoll/Library/Developer/Xcode/DerivedData/iOS-avedbudfywsssrcrcpqwadfjuouo/Build/Intermediates.noindex/Pods.build/Debug-iphonesimulator/GTMSessionFetcher.build/GTMSessionFetcher-all-non-framework-target-headers.hmap

WriteAuxiliaryFile /Users/depoll/Library/Developer/Xcode/DerivedData/iOS-avedbudfywsssrcrcpqwadfjuouo/Build/Intermediates.noindex/Pods.build/Debug-iphonesimulator/GoogleUtilities.build/GoogleUtilities-all-non-framework-target-headers.hmap (in target 'GoogleUtilities' from project 'Pods')
    cd /Users/depoll/Code/depollsoft/iOS/Pods
    write-file /Users/depoll/Library/Developer/Xcode/DerivedData/iOS-avedbudfywsssrcrcpqwadfjuouo/Build/Intermediates.noindex/Pods.build/Debug-iphonesimulator/GoogleUtilities.build/GoogleUtilities-all-non-framework-target-headers.hmap

WriteAuxiliaryFile /Users/depoll/Library/Developer/Xcode/DerivedData/iOS-avedbudfywsssrcrcpqwadfjuouo/Build/Intermediates.noindex/Pods.build/Debug-iphonesimulator/Protobuf-Protobuf_Privacy.build/Protobuf_Privacy-all-non-framework-target-headers.hmap (in target 'Protobuf-Protobuf_Privacy' from project 'Pods')
    cd /Users/depoll/Code/depollsoft/iOS/Pods
    write-file /Users/depoll/Library/Developer/Xcode/DerivedData/iOS-avedbudfywsssrcrcpqwadfjuouo/Build/Intermediates.noindex/Pods.build/Debug-iphonesimulator/Protobuf-Protobuf_Privacy.build/Protobuf_Privacy-all-non-framework-target-headers.hmap

WriteAuxiliaryFile /Users/depoll/Library/Developer/Xcode/DerivedData/iOS-avedbudfywsssrcrcpqwadfjuouo/Build/Intermediates.noindex/Pods.build/Debug-iphonesimulator/GTMAppAuth.build/GTMAppAuth-all-non-framework-target-headers.hmap (in target 'GTMAppAuth' from project 'Pods')
    cd /Users/depoll/Code/depollsoft/iOS/Pods
    write-file /Users/depoll/Library/Developer/Xcode/DerivedData/iOS-avedbudfywsssrcrcpqwadfjuouo/Build/Intermediates.noindex/Pods.build/Debug-iphonesimulator/GTMAppAuth.build/GTMAppAuth-all-non-framework-target-headers.hmap

WriteAuxiliaryFile /Users/depoll/Library/Developer/Xcode/DerivedData/iOS-avedbudfywsssrcrcpqwadfjuouo/Build/Intermediates.noindex/Pods.build/Debug-iphonesimulator/nanopb-nanopb_Privacy.build/nanopb_Privacy-all-non-framework-target-headers.hmap (in target 'nanopb-nanopb_Privacy' from project 'Pods')
    cd /Users/depoll/Code/depollsoft/iOS/Pods
    write-file /Users/depoll/Library/Developer/Xcode/DerivedData/iOS-avedbudfywsssrcrcpqwadfjuouo/Build/Intermediates.noindex/Pods.build/Debug-iphonesimulator/nanopb-nanopb_Privacy.build/nanopb_Privacy-all-non-framework-target-headers.hmap

WriteAuxiliaryFile /Users/depoll/Library/Developer/Xcode/DerivedData/iOS-avedbudfywsssrcrcpqwadfjuouo/Build/Intermediates.noindex/Pods.build/Debug-iphonesimulator/FirebaseSharedSwift.build/FirebaseSharedSwift-all-non-framework-target-headers.hmap (in target 'FirebaseSharedSwift' from project 'Pods')
    cd /Users/depoll/Code/depollsoft/iOS/Pods
    write-file /Users/depoll/Library/Developer/Xcode/DerivedData/iOS-avedbudfywsssrcrcpqwadfjuouo/Build/Intermediates.noindex/Pods.build/Debug-iphonesimulator/FirebaseSharedSwift.build/FirebaseSharedSwift-all-non-framework-target-headers.hmap

WriteAuxiliaryFile /Users/depoll/Library/Developer/Xcode/DerivedData/iOS-avedbudfywsssrcrcpqwadfjuouo/Build/Intermediates.noindex/Pods.build/Debug-iphonesimulator/Parse-Parse.build/Parse-all-non-framework-target-headers.hmap (in target 'Parse-Parse' from project 'Pods')
    cd /Users/depoll/Code/depollsoft/iOS/Pods
    write-file /Users/depoll/Library/Developer/Xcode/DerivedData/iOS-avedbudfywsssrcrcpqwadfjuouo/Build/Intermediates.noindex/Pods.build/Debug-iphonesimulator/Parse-Parse.build/Parse-all-non-framework-target-headers.hmap

WriteAuxiliaryFile /Users/depoll/Library/Developer/Xcode/DerivedData/iOS-avedbudfywsssrcrcpqwadfjuouo/Build/Intermediates.noindex/Pods.build/Debug-iphonesimulator/Parse.build/Parse-all-non-framework-target-headers.hmap (in target 'Parse' from project 'Pods')
    cd /Users/depoll/Code/depollsoft/iOS/Pods
    write-file /Users/depoll/Library/Developer/Xcode/DerivedData/iOS-avedbudfywsssrcrcpqwadfjuouo/Build/Intermediates.noindex/Pods.build/Debug-iphonesimulator/Parse.build/Parse-all-non-framework-target-headers.hmap

WriteAuxiliaryFile /Users/depoll/Library/Developer/Xcode/DerivedData/iOS-avedbudfywsssrcrcpqwadfjuouo/Build/Intermediates.noindex/Pods.build/Debug-iphonesimulator/GoogleUtilities-GoogleUtilities_Privacy.build/GoogleUtilities_Privacy-all-non-framework-target-headers.hmap (in target 'GoogleUtilities-GoogleUtilities_Privacy' from project 'Pods')
    cd /Users/depoll/Code/depollsoft/iOS/Pods
    write-file /Users/depoll/Library/Developer/Xcode/DerivedData/iOS-avedbudfywsssrcrcpqwadfjuouo/Build/Intermediates.noindex/Pods.build/Debug-iphonesimulator/GoogleUtilities-GoogleUtilities_Privacy.build/GoogleUtilities_Privacy-all-non-framework-target-headers.hmap

WriteAuxiliaryFile /Users/depoll/Library/Developer/Xcode/DerivedData/iOS-avedbudfywsssrcrcpqwadfjuouo/Build/Intermediates.noindex/Pods.build/Debug-iphonesimulator/GTMSessionFetcher-GTMSessionFetcher_Core_Privacy.build/GTMSessionFetcher_Core_Privacy-all-non-framework-target-headers.hmap (in target 'GTMSessionFetcher-GTMSessionFetcher_Core_Privacy' from project 'Pods')
    cd /Users/depoll/Code/depollsoft/iOS/Pods
    write-file /Users/depoll/Library/Developer/Xcode/DerivedData/iOS-avedbudfywsssrcrcpqwadfjuouo/Build/Intermediates.noindex/Pods.build/Debug-iphonesimulator/GTMSessionFetcher-GTMSessionFetcher_Core_Privacy.build/GTMSessionFetcher_Core_Privacy-all-non-framework-target-headers.hmap

WriteAuxiliaryFile /Users/depoll/Library/Developer/Xcode/DerivedData/iOS-avedbudfywsssrcrcpqwadfjuouo/Build/Intermediates.noindex/Pods.build/Debug-iphonesimulator/FirebaseMessagingInterop.build/FirebaseMessagingInterop-all-non-framework-target-headers.hmap (in target 'FirebaseMessagingInterop' from project 'Pods')
    cd /Users/depoll/Code/depollsoft/iOS/Pods
    write-file /Users/depoll/Library/Developer/Xcode/DerivedData/iOS-avedbudfywsssrcrcpqwadfjuouo/Build/Intermediates.noindex/Pods.build/Debug-iphonesimulator/FirebaseMessagingInterop.build/FirebaseMessagingInterop-all-non-framework-target-headers.hmap

WriteAuxiliaryFile /Users/depoll/Library/Developer/Xcode/DerivedData/iOS-avedbudfywsssrcrcpqwadfjuouo/Build/Intermediates.noindex/Pods.build/Debug-iphonesimulator/FirebaseCoreInternal.build/FirebaseCoreInternal-all-non-framework-target-headers.hmap (in target 'FirebaseCoreInternal' from project 'Pods')
    cd /Users/depoll/Code/depollsoft/iOS/Pods
    write-file /Users/depoll/Library/Developer/Xcode/DerivedData/iOS-avedbudfywsssrcrcpqwadfjuouo/Build/Intermediates.noindex/Pods.build/Debug-iphonesimulator/FirebaseCoreInternal.build/FirebaseCoreInternal-all-non-framework-target-headers.hmap

WriteAuxiliaryFile /Users/depoll/Library/Developer/Xcode/DerivedData/iOS-avedbudfywsssrcrcpqwadfjuouo/Build/Intermediates.noindex/Pods.build/Debug-iphonesimulator/FirebaseAuthInterop.build/FirebaseAuthInterop-all-non-framework-target-headers.hmap (in target 'FirebaseAuthInterop' from project 'Pods')
    cd /Users/depoll/Code/depollsoft/iOS/Pods
    write-file /Users/depoll/Library/Developer/Xcode/DerivedData/iOS-avedbudfywsssrcrcpqwadfjuouo/Build/Intermediates.noindex/Pods.build/Debug-iphonesimulator/FirebaseAuthInterop.build/FirebaseAuthInterop-all-non-framework-target-headers.hmap

WriteAuxiliaryFile /Users/depoll/Library/Developer/Xcode/DerivedData/iOS-avedbudfywsssrcrcpqwadfjuouo/Build/Intermediates.noindex/Pods.build/Debug-iphonesimulator/FirebaseAppCheckInterop.build/FirebaseAppCheckInterop-all-non-framework-target-headers.hmap (in target 'FirebaseAppCheckInterop' from project 'Pods')
    cd /Users/depoll/Code/depollsoft/iOS/Pods
    write-file /Users/depoll/Library/Developer/Xcode/DerivedData/iOS-avedbudfywsssrcrcpqwadfjuouo/Build/Intermediates.noindex/Pods.build/Debug-iphonesimulator/FirebaseAppCheckInterop.build/FirebaseAppCheckInterop-all-non-framework-target-headers.hmap

WriteAuxiliaryFile /Users/depoll/Library/Developer/Xcode/DerivedData/iOS-avedbudfywsssrcrcpqwadfjuouo/Build/Intermediates.noindex/Pods.build/Debug-iphonesimulator/Bolts.build/Bolts-all-non-framework-target-headers.hmap (in target 'Bolts' from project 'Pods')
    cd /Users/depoll/Code/depollsoft/iOS/Pods
    write-file /Users/depoll/Library/Developer/Xcode/DerivedData/iOS-avedbudfywsssrcrcpqwadfjuouo/Build/Intermediates.noindex/Pods.build/Debug-iphonesimulator/Bolts.build/Bolts-all-non-framework-target-headers.hmap

WriteAuxiliaryFile /Users/depoll/Library/Developer/Xcode/DerivedData/iOS-avedbudfywsssrcrcpqwadfjuouo/Build/Intermediates.noindex/Pods.build/Debug-iphonesimulator/AppAuth-AppAuthCore_Privacy.build/AppAuthCore_Privacy-all-non-framework-target-headers.hmap (in target 'AppAuth-AppAuthCore_Privacy' from project 'Pods')
    cd /Users/depoll/Code/depollsoft/iOS/Pods
    write-file /Users/depoll/Library/Developer/Xcode/DerivedData/iOS-avedbudfywsssrcrcpqwadfjuouo/Build/Intermediates.noindex/Pods.build/Debug-iphonesimulator/AppAuth-AppAuthCore_Privacy.build/AppAuthCore_Privacy-all-non-framework-target-headers.hmap

WriteAuxiliaryFile /Users/depoll/Library/Developer/Xcode/DerivedData/iOS-avedbudfywsssrcrcpqwadfjuouo/Build/Intermediates.noindex/Pods.build/Debug-iphonesimulator/AppAuth.build/AppAuth-all-non-framework-target-headers.hmap (in target 'AppAuth' from project 'Pods')
    cd /Users/depoll/Code/depollsoft/iOS/Pods
    write-file /Users/depoll/Library/Developer/Xcode/DerivedData/iOS-avedbudfywsssrcrcpqwadfjuouo/Build/Intermediates.noindex/Pods.build/Debug-iphonesimulator/AppAuth.build/AppAuth-all-non-framework-target-headers.hmap

WriteAuxiliaryFile /Users/depoll/Library/Developer/Xcode/DerivedData/iOS-avedbudfywsssrcrcpqwadfjuouo/Build/Intermediates.noindex/tagmaster.build/Debug-iphonesimulator/tagmaster-85bdfcdf5e55a9673c632043f2056190-VFS-iphonesimulator/all-product-headers.yaml
    cd /Users/depoll/Code/depollsoft/iOS
    write-file /Users/depoll/Library/Developer/Xcode/DerivedData/iOS-avedbudfywsssrcrcpqwadfjuouo/Build/Intermediates.noindex/tagmaster.build/Debug-iphonesimulator/tagmaster-85bdfcdf5e55a9673c632043f2056190-VFS-iphonesimulator/all-product-headers.yaml

WriteAuxiliaryFile /Users/depoll/Library/Developer/Xcode/DerivedData/iOS-avedbudfywsssrcrcpqwadfjuouo/Build/Intermediates.noindex/Pods.build/Debug-iphonesimulator/Pods-8699adb1dd336b26511df848a716bd42-VFS-iphonesimulator/all-product-headers.yaml
    cd /Users/depoll/Code/depollsoft/iOS
    write-file /Users/depoll/Library/Developer/Xcode/DerivedData/iOS-avedbudfywsssrcrcpqwadfjuouo/Build/Intermediates.noindex/Pods.build/Debug-iphonesimulator/Pods-8699adb1dd336b26511df848a716bd42-VFS-iphonesimulator/all-product-headers.yaml

ProcessInfoPlistFile /Users/depoll/Library/Developer/Xcode/DerivedData/iOS-avedbudfywsssrcrcpqwadfjuouo/Build/Products/Debug-iphonesimulator/leveldb-library/leveldb_Privacy.bundle/Info.plist /Users/depoll/Code/depollsoft/iOS/Pods/Target\ Support\ Files/leveldb-library/ResourceBundle-leveldb_Privacy-leveldb-library-Info.plist (in target 'leveldb-library-leveldb_Privacy' from project 'Pods')
    cd /Users/depoll/Code/depollsoft/iOS/Pods
    builtin-infoPlistUtility /Users/depoll/Code/depollsoft/iOS/Pods/Target\ Support\ Files/leveldb-library/ResourceBundle-leveldb_Privacy-leveldb-library-Info.plist -producttype com.apple.product-type.bundle -expandbuildsettings -format binary -platform iphonesimulator -o /Users/depoll/Library/Developer/Xcode/DerivedData/iOS-avedbudfywsssrcrcpqwadfjuouo/Build/Products/Debug-iphonesimulator/leveldb-library/leveldb_Privacy.bundle/Info.plist

ProcessInfoPlistFile /Users/depoll/Library/Developer/Xcode/DerivedData/iOS-avedbudfywsssrcrcpqwadfjuouo/Build/Products/Debug-iphonesimulator/abseil/xcprivacy.bundle/Info.plist /Users/depoll/Code/depollsoft/iOS/Pods/Target\ Support\ Files/abseil/ResourceBundle-xcprivacy-abseil-Info.plist (in target 'abseil-xcprivacy' from project 'Pods')
    cd /Users/depoll/Code/depollsoft/iOS/Pods
    builtin-infoPlistUtility /Users/depoll/Code/depollsoft/iOS/Pods/Target\ Support\ Files/abseil/ResourceBundle-xcprivacy-abseil-Info.plist -producttype com.apple.product-type.bundle -expandbuildsettings -format binary -platform iphonesimulator -o /Users/depoll/Library/Developer/Xcode/DerivedData/iOS-avedbudfywsssrcrcpqwadfjuouo/Build/Products/Debug-iphonesimulator/abseil/xcprivacy.bundle/Info.plist

ProcessInfoPlistFile /Users/depoll/Library/Developer/Xcode/DerivedData/iOS-avedbudfywsssrcrcpqwadfjuouo/Build/Products/Debug-iphonesimulator/BoringSSL-GRPC/openssl_grpc.bundle/Info.plist /Users/depoll/Code/depollsoft/iOS/Pods/Target\ Support\ Files/BoringSSL-GRPC/ResourceBundle-openssl_grpc-BoringSSL-GRPC-Info.plist (in target 'BoringSSL-GRPC-openssl_grpc' from project 'Pods')
    cd /Users/depoll/Code/depollsoft/iOS/Pods
    builtin-infoPlistUtility /Users/depoll/Code/depollsoft/iOS/Pods/Target\ Support\ Files/BoringSSL-GRPC/ResourceBundle-openssl_grpc-BoringSSL-GRPC-Info.plist -producttype com.apple.product-type.bundle -expandbuildsettings -format binary -platform iphonesimulator -o /Users/depoll/Library/Developer/Xcode/DerivedData/iOS-avedbudfywsssrcrcpqwadfjuouo/Build/Products/Debug-iphonesimulator/BoringSSL-GRPC/openssl_grpc.bundle/Info.plist

ProcessInfoPlistFile /Users/depoll/Library/Developer/Xcode/DerivedData/iOS-avedbudfywsssrcrcpqwadfjuouo/Build/Products/Debug-iphonesimulator/nanopb/nanopb_Privacy.bundle/Info.plist /Users/depoll/Code/depollsoft/iOS/Pods/Target\ Support\ Files/nanopb/ResourceBundle-nanopb_Privacy-nanopb-Info.plist (in target 'nanopb-nanopb_Privacy' from project 'Pods')
    cd /Users/depoll/Code/depollsoft/iOS/Pods
    builtin-infoPlistUtility /Users/depoll/Code/depollsoft/iOS/Pods/Target\ Support\ Files/nanopb/ResourceBundle-nanopb_Privacy-nanopb-Info.plist -producttype com.apple.product-type.bundle -expandbuildsettings -format binary -platform iphonesimulator -o /Users/depoll/Library/Developer/Xcode/DerivedData/iOS-avedbudfywsssrcrcpqwadfjuouo/Build/Products/Debug-iphonesimulator/nanopb/nanopb_Privacy.bundle/Info.plist

ProcessInfoPlistFile /Users/depoll/Library/Developer/Xcode/DerivedData/iOS-avedbudfywsssrcrcpqwadfjuouo/Build/Products/Debug-iphonesimulator/RecaptchaInterop/RecaptchaInterop.framework/Info.plist /Users/depoll/Code/depollsoft/iOS/Pods/Target\ Support\ Files/RecaptchaInterop/RecaptchaInterop-Info.plist (in target 'RecaptchaInterop' from project 'Pods')
    cd /Users/depoll/Code/depollsoft/iOS/Pods
    builtin-infoPlistUtility /Users/depoll/Code/depollsoft/iOS/Pods/Target\ Support\ Files/RecaptchaInterop/RecaptchaInterop-Info.plist -producttype com.apple.product-type.framework -expandbuildsettings -format binary -platform iphonesimulator -o /Users/depoll/Library/Developer/Xcode/DerivedData/iOS-avedbudfywsssrcrcpqwadfjuouo/Build/Products/Debug-iphonesimulator/RecaptchaInterop/RecaptchaInterop.framework/Info.plist

ProcessInfoPlistFile /Users/depoll/Library/Developer/Xcode/DerivedData/iOS-avedbudfywsssrcrcpqwadfjuouo/Build/Products/Debug-iphonesimulator/Protobuf/Protobuf_Privacy.bundle/Info.plist /Users/depoll/Code/depollsoft/iOS/Pods/Target\ Support\ Files/Protobuf/ResourceBundle-Protobuf_Privacy-Protobuf-Info.plist (in target 'Protobuf-Protobuf_Privacy' from project 'Pods')
    cd /Users/depoll/Code/depollsoft/iOS/Pods
    builtin-infoPlistUtility /Users/depoll/Code/depollsoft/iOS/Pods/Target\ Support\ Files/Protobuf/ResourceBundle-Protobuf_Privacy-Protobuf-Info.plist -producttype com.apple.product-type.bundle -expandbuildsettings -format binary -platform iphonesimulator -o /Users/depoll/Library/Developer/Xcode/DerivedData/iOS-avedbudfywsssrcrcpqwadfjuouo/Build/Products/Debug-iphonesimulator/Protobuf/Protobuf_Privacy.bundle/Info.plist

ProcessInfoPlistFile /Users/depoll/Library/Developer/Xcode/DerivedData/iOS-avedbudfywsssrcrcpqwadfjuouo/Build/Products/Debug-iphonesimulator/FirebaseMessagingInterop/FirebaseMessagingInterop.framework/Info.plist /Users/depoll/Code/depollsoft/iOS/Pods/Target\ Support\ Files/FirebaseMessagingInterop/FirebaseMessagingInterop-Info.plist (in target 'FirebaseMessagingInterop' from project 'Pods')
    cd /Users/depoll/Code/depollsoft/iOS/Pods
    builtin-infoPlistUtility /Users/depoll/Code/depollsoft/iOS/Pods/Target\ Support\ Files/FirebaseMessagingInterop/FirebaseMessagingInterop-Info.plist -producttype com.apple.product-type.framework -expandbuildsettings -format binary -platform iphonesimulator -o /Users/depoll/Library/Developer/Xcode/DerivedData/iOS-avedbudfywsssrcrcpqwadfjuouo/Build/Products/Debug-iphonesimulator/FirebaseMessagingInterop/FirebaseMessagingInterop.framework/Info.plist

ProcessInfoPlistFile /Users/depoll/Library/Developer/Xcode/DerivedData/iOS-avedbudfywsssrcrcpqwadfjuouo/Build/Products/Debug-iphonesimulator/FirebaseSharedSwift/FirebaseSharedSwift.framework/Info.plist /Users/depoll/Code/depollsoft/iOS/Pods/Target\ Support\ Files/FirebaseSharedSwift/FirebaseSharedSwift-Info.plist (in target 'FirebaseSharedSwift' from project 'Pods')
    cd /Users/depoll/Code/depollsoft/iOS/Pods
    builtin-infoPlistUtility /Users/depoll/Code/depollsoft/iOS/Pods/Target\ Support\ Files/FirebaseSharedSwift/FirebaseSharedSwift-Info.plist -producttype com.apple.product-type.framework -expandbuildsettings -format binary -platform iphonesimulator -o /Users/depoll/Library/Developer/Xcode/DerivedData/iOS-avedbudfywsssrcrcpqwadfjuouo/Build/Products/Debug-iphonesimulator/FirebaseSharedSwift/FirebaseSharedSwift.framework/Info.plist

ProcessInfoPlistFile /Users/depoll/Library/Developer/Xcode/DerivedData/iOS-avedbudfywsssrcrcpqwadfjuouo/Build/Products/Debug-iphonesimulator/GoogleUtilities/GoogleUtilities_Privacy.bundle/Info.plist /Users/depoll/Code/depollsoft/iOS/Pods/Target\ Support\ Files/GoogleUtilities/ResourceBundle-GoogleUtilities_Privacy-GoogleUtilities-Info.plist (in target 'GoogleUtilities-GoogleUtilities_Privacy' from project 'Pods')
    cd /Users/depoll/Code/depollsoft/iOS/Pods
    builtin-infoPlistUtility /Users/depoll/Code/depollsoft/iOS/Pods/Target\ Support\ Files/GoogleUtilities/ResourceBundle-GoogleUtilities_Privacy-GoogleUtilities-Info.plist -producttype com.apple.product-type.bundle -expandbuildsettings -format binary -platform iphonesimulator -o /Users/depoll/Library/Developer/Xcode/DerivedData/iOS-avedbudfywsssrcrcpqwadfjuouo/Build/Products/Debug-iphonesimulator/GoogleUtilities/GoogleUtilities_Privacy.bundle/Info.plist

ProcessInfoPlistFile /Users/depoll/Library/Developer/Xcode/DerivedData/iOS-avedbudfywsssrcrcpqwadfjuouo/Build/Products/Debug-iphonesimulator/FirebaseAuthInterop/FirebaseAuthInterop.framework/Info.plist /Users/depoll/Code/depollsoft/iOS/Pods/Target\ Support\ Files/FirebaseAuthInterop/FirebaseAuthInterop-Info.plist (in target 'FirebaseAuthInterop' from project 'Pods')
    cd /Users/depoll/Code/depollsoft/iOS/Pods
    builtin-infoPlistUtility /Users/depoll/Code/depollsoft/iOS/Pods/Target\ Support\ Files/FirebaseAuthInterop/FirebaseAuthInterop-Info.plist -producttype com.apple.product-type.framework -expandbuildsettings -format binary -platform iphonesimulator -o /Users/depoll/Library/Developer/Xcode/DerivedData/iOS-avedbudfywsssrcrcpqwadfjuouo/Build/Products/Debug-iphonesimulator/FirebaseAuthInterop/FirebaseAuthInterop.framework/Info.plist

ProcessInfoPlistFile /Users/depoll/Library/Developer/Xcode/DerivedData/iOS-avedbudfywsssrcrcpqwadfjuouo/Build/Products/Debug-iphonesimulator/FirebaseAppCheckInterop/FirebaseAppCheckInterop.framework/Info.plist /Users/depoll/Code/depollsoft/iOS/Pods/Target\ Support\ Files/FirebaseAppCheckInterop/FirebaseAppCheckInterop-Info.plist (in target 'FirebaseAppCheckInterop' from project 'Pods')
    cd /Users/depoll/Code/depollsoft/iOS/Pods
    builtin-infoPlistUtility /Users/depoll/Code/depollsoft/iOS/Pods/Target\ Support\ Files/FirebaseAppCheckInterop/FirebaseAppCheckInterop-Info.plist -producttype com.apple.product-type.framework -expandbuildsettings -format binary -platform iphonesimulator -o /Users/depoll/Library/Developer/Xcode/DerivedData/iOS-avedbudfywsssrcrcpqwadfjuouo/Build/Products/Debug-iphonesimulator/FirebaseAppCheckInterop/FirebaseAppCheckInterop.framework/Info.plist

ProcessInfoPlistFile /Users/depoll/Library/Developer/Xcode/DerivedData/iOS-avedbudfywsssrcrcpqwadfjuouo/Build/Products/Debug-iphonesimulator/Bolts/Bolts.framework/Info.plist /Users/depoll/Code/depollsoft/iOS/Pods/Target\ Support\ Files/Bolts/Bolts-Info.plist (in target 'Bolts' from project 'Pods')
    cd /Users/depoll/Code/depollsoft/iOS/Pods
    builtin-infoPlistUtility /Users/depoll/Code/depollsoft/iOS/Pods/Target\ Support\ Files/Bolts/Bolts-Info.plist -producttype com.apple.product-type.framework -expandbuildsettings -format binary -platform iphonesimulator -o /Users/depoll/Library/Developer/Xcode/DerivedData/iOS-avedbudfywsssrcrcpqwadfjuouo/Build/Products/Debug-iphonesimulator/Bolts/Bolts.framework/Info.plist

ProcessInfoPlistFile /Users/depoll/Library/Developer/Xcode/DerivedData/iOS-avedbudfywsssrcrcpqwadfjuouo/Build/Products/Debug-iphonesimulator/GTMSessionFetcher/GTMSessionFetcher_Core_Privacy.bundle/Info.plist /Users/depoll/Code/depollsoft/iOS/Pods/Target\ Support\ Files/GTMSessionFetcher/ResourceBundle-GTMSessionFetcher_Core_Privacy-GTMSessionFetcher-Info.plist (in target 'GTMSessionFetcher-GTMSessionFetcher_Core_Privacy' from project 'Pods')
    cd /Users/depoll/Code/depollsoft/iOS/Pods
    builtin-infoPlistUtility /Users/depoll/Code/depollsoft/iOS/Pods/Target\ Support\ Files/GTMSessionFetcher/ResourceBundle-GTMSessionFetcher_Core_Privacy-GTMSessionFetcher-Info.plist -producttype com.apple.product-type.bundle -expandbuildsettings -format binary -platform iphonesimulator -o /Users/depoll/Library/Developer/Xcode/DerivedData/iOS-avedbudfywsssrcrcpqwadfjuouo/Build/Products/Debug-iphonesimulator/GTMSessionFetcher/GTMSessionFetcher_Core_Privacy.bundle/Info.plist

ProcessInfoPlistFile /Users/depoll/Library/Developer/Xcode/DerivedData/iOS-avedbudfywsssrcrcpqwadfjuouo/Build/Products/Debug-iphonesimulator/AppAuth/AppAuthCore_Privacy.bundle/Info.plist /Users/depoll/Code/depollsoft/iOS/Pods/Target\ Support\ Files/AppAuth/ResourceBundle-AppAuthCore_Privacy-AppAuth-Info.plist (in target 'AppAuth-AppAuthCore_Privacy' from project 'Pods')
    cd /Users/depoll/Code/depollsoft/iOS/Pods
    builtin-infoPlistUtility /Users/depoll/Code/depollsoft/iOS/Pods/Target\ Support\ Files/AppAuth/ResourceBundle-AppAuthCore_Privacy-AppAuth-Info.plist -producttype com.apple.product-type.bundle -expandbuildsettings -format binary -platform iphonesimulator -o /Users/depoll/Library/Developer/Xcode/DerivedData/iOS-avedbudfywsssrcrcpqwadfjuouo/Build/Products/Debug-iphonesimulator/AppAuth/AppAuthCore_Privacy.bundle/Info.plist

ProcessInfoPlistFile /Users/depoll/Library/Developer/Xcode/DerivedData/iOS-avedbudfywsssrcrcpqwadfjuouo/Build/Products/Debug-iphonesimulator/leveldb-library/leveldb.framework/Info.plist /Users/depoll/Code/depollsoft/iOS/Pods/Target\ Support\ Files/leveldb-library/leveldb-library-Info.plist (in target 'leveldb-library' from project 'Pods')
    cd /Users/depoll/Code/depollsoft/iOS/Pods
    builtin-infoPlistUtility /Users/depoll/Code/depollsoft/iOS/Pods/Target\ Support\ Files/leveldb-library/leveldb-library-Info.plist -producttype com.apple.product-type.framework -expandbuildsettings -format binary -platform iphonesimulator -o /Users/depoll/Library/Developer/Xcode/DerivedData/iOS-avedbudfywsssrcrcpqwadfjuouo/Build/Products/Debug-iphonesimulator/leveldb-library/leveldb.framework/Info.plist

ProcessInfoPlistFile /Users/depoll/Library/Developer/Xcode/DerivedData/iOS-avedbudfywsssrcrcpqwadfjuouo/Build/Products/Debug-iphonesimulator/nanopb/nanopb.framework/Info.plist /Users/depoll/Code/depollsoft/iOS/Pods/Target\ Support\ Files/nanopb/nanopb-Info.plist (in target 'nanopb' from project 'Pods')
    cd /Users/depoll/Code/depollsoft/iOS/Pods
    builtin-infoPlistUtility /Users/depoll/Code/depollsoft/iOS/Pods/Target\ Support\ Files/nanopb/nanopb-Info.plist -producttype com.apple.product-type.framework -expandbuildsettings -format binary -platform iphonesimulator -o /Users/depoll/Library/Developer/Xcode/DerivedData/iOS-avedbudfywsssrcrcpqwadfjuouo/Build/Products/Debug-iphonesimulator/nanopb/nanopb.framework/Info.plist

ProcessInfoPlistFile /Users/depoll/Library/Developer/Xcode/DerivedData/iOS-avedbudfywsssrcrcpqwadfjuouo/Build/Products/Debug-iphonesimulator/abseil/absl.framework/Info.plist /Users/depoll/Code/depollsoft/iOS/Pods/Target\ Support\ Files/abseil/abseil-Info.plist (in target 'abseil' from project 'Pods')
    cd /Users/depoll/Code/depollsoft/iOS/Pods
    builtin-infoPlistUtility /Users/depoll/Code/depollsoft/iOS/Pods/Target\ Support\ Files/abseil/abseil-Info.plist -producttype com.apple.product-type.framework -expandbuildsettings -format binary -platform iphonesimulator -o /Users/depoll/Library/Developer/Xcode/DerivedData/iOS-avedbudfywsssrcrcpqwadfjuouo/Build/Products/Debug-iphonesimulator/abseil/absl.framework/Info.plist

ProcessInfoPlistFile /Users/depoll/Library/Developer/Xcode/DerivedData/iOS-avedbudfywsssrcrcpqwadfjuouo/Build/Products/Debug-iphonesimulator/BoringSSL-GRPC/openssl_grpc.framework/Info.plist /Users/depoll/Code/depollsoft/iOS/Pods/Target\ Support\ Files/BoringSSL-GRPC/BoringSSL-GRPC-Info.plist (in target 'BoringSSL-GRPC' from project 'Pods')
    cd /Users/depoll/Code/depollsoft/iOS/Pods
    builtin-infoPlistUtility /Users/depoll/Code/depollsoft/iOS/Pods/Target\ Support\ Files/BoringSSL-GRPC/BoringSSL-GRPC-Info.plist -producttype com.apple.product-type.framework -expandbuildsettings -format binary -platform iphonesimulator -o /Users/depoll/Library/Developer/Xcode/DerivedData/iOS-avedbudfywsssrcrcpqwadfjuouo/Build/Products/Debug-iphonesimulator/BoringSSL-GRPC/openssl_grpc.framework/Info.plist

ProcessInfoPlistFile /Users/depoll/Library/Developer/Xcode/DerivedData/iOS-avedbudfywsssrcrcpqwadfjuouo/Build/Products/Debug-iphonesimulator/Protobuf/Protobuf.framework/Info.plist /Users/depoll/Code/depollsoft/iOS/Pods/Target\ Support\ Files/Protobuf/Protobuf-Info.plist (in target 'Protobuf' from project 'Pods')
    cd /Users/depoll/Code/depollsoft/iOS/Pods
    builtin-infoPlistUtility /Users/depoll/Code/depollsoft/iOS/Pods/Target\ Support\ Files/Protobuf/Protobuf-Info.plist -producttype com.apple.product-type.framework -expandbuildsettings -format binary -platform iphonesimulator -o /Users/depoll/Library/Developer/Xcode/DerivedData/iOS-avedbudfywsssrcrcpqwadfjuouo/Build/Products/Debug-iphonesimulator/Protobuf/Protobuf.framework/Info.plist

ProcessInfoPlistFile /Users/depoll/Library/Developer/Xcode/DerivedData/iOS-avedbudfywsssrcrcpqwadfjuouo/Build/Products/Debug-iphonesimulator/GoogleUtilities/GoogleUtilities.framework/Info.plist /Users/depoll/Code/depollsoft/iOS/Pods/Target\ Support\ Files/GoogleUtilities/GoogleUtilities-Info.plist (in target 'GoogleUtilities' from project 'Pods')
    cd /Users/depoll/Code/depollsoft/iOS/Pods
    builtin-infoPlistUtility /Users/depoll/Code/depollsoft/iOS/Pods/Target\ Support\ Files/GoogleUtilities/GoogleUtilities-Info.plist -producttype com.apple.product-type.framework -expandbuildsettings -format binary -platform iphonesimulator -o /Users/depoll/Library/Developer/Xcode/DerivedData/iOS-avedbudfywsssrcrcpqwadfjuouo/Build/Products/Debug-iphonesimulator/GoogleUtilities/GoogleUtilities.framework/Info.plist

ProcessInfoPlistFile /Users/depoll/Library/Developer/Xcode/DerivedData/iOS-avedbudfywsssrcrcpqwadfjuouo/Build/Products/Debug-iphonesimulator/AppAuth/AppAuth.framework/Info.plist /Users/depoll/Code/depollsoft/iOS/Pods/Target\ Support\ Files/AppAuth/AppAuth-Info.plist (in target 'AppAuth' from project 'Pods')
    cd /Users/depoll/Code/depollsoft/iOS/Pods
    builtin-infoPlistUtility /Users/depoll/Code/depollsoft/iOS/Pods/Target\ Support\ Files/AppAuth/AppAuth-Info.plist -producttype com.apple.product-type.framework -expandbuildsettings -format binary -platform iphonesimulator -o /Users/depoll/Library/Developer/Xcode/DerivedData/iOS-avedbudfywsssrcrcpqwadfjuouo/Build/Products/Debug-iphonesimulator/AppAuth/AppAuth.framework/Info.plist

WriteAuxiliaryFile /Users/depoll/Library/Developer/Xcode/DerivedData/iOS-avedbudfywsssrcrcpqwadfjuouo/Build/Intermediates.noindex/Pods.build/Debug-iphonesimulator/GTMSessionFetcher-GTMSessionFetcher_Full_Privacy.build/GTMSessionFetcher_Full_Privacy-all-non-framework-target-headers.hmap (in target 'GTMSessionFetcher-GTMSessionFetcher_Full_Privacy' from project 'Pods')
    cd /Users/depoll/Code/depollsoft/iOS/Pods
    write-file /Users/depoll/Library/Developer/Xcode/DerivedData/iOS-avedbudfywsssrcrcpqwadfjuouo/Build/Intermediates.noindex/Pods.build/Debug-iphonesimulator/GTMSessionFetcher-GTMSessionFetcher_Full_Privacy.build/GTMSessionFetcher_Full_Privacy-all-non-framework-target-headers.hmap

ProcessInfoPlistFile /Users/depoll/Library/Developer/Xcode/DerivedData/iOS-avedbudfywsssrcrcpqwadfjuouo/Build/Products/Debug-iphonesimulator/GTMSessionFetcher/GTMSessionFetcher_Full_Privacy.bundle/Info.plist /Users/depoll/Code/depollsoft/iOS/Pods/Target\ Support\ Files/GTMSessionFetcher/ResourceBundle-GTMSessionFetcher_Full_Privacy-GTMSessionFetcher-Info.plist (in target 'GTMSessionFetcher-GTMSessionFetcher_Full_Privacy' from project 'Pods')
    cd /Users/depoll/Code/depollsoft/iOS/Pods
    builtin-infoPlistUtility /Users/depoll/Code/depollsoft/iOS/Pods/Target\ Support\ Files/GTMSessionFetcher/ResourceBundle-GTMSessionFetcher_Full_Privacy-GTMSessionFetcher-Info.plist -producttype com.apple.product-type.bundle -expandbuildsettings -format binary -platform iphonesimulator -o /Users/depoll/Library/Developer/Xcode/DerivedData/iOS-avedbudfywsssrcrcpqwadfjuouo/Build/Products/Debug-iphonesimulator/GTMSessionFetcher/GTMSessionFetcher_Full_Privacy.bundle/Info.plist

ProcessInfoPlistFile /Users/depoll/Library/Developer/Xcode/DerivedData/iOS-avedbudfywsssrcrcpqwadfjuouo/Build/Products/Debug-iphonesimulator/GTMSessionFetcher/GTMSessionFetcher.framework/Info.plist /Users/depoll/Code/depollsoft/iOS/Pods/Target\ Support\ Files/GTMSessionFetcher/GTMSessionFetcher-Info.plist (in target 'GTMSessionFetcher' from project 'Pods')
    cd /Users/depoll/Code/depollsoft/iOS/Pods
    builtin-infoPlistUtility /Users/depoll/Code/depollsoft/iOS/Pods/Target\ Support\ Files/GTMSessionFetcher/GTMSessionFetcher-Info.plist -producttype com.apple.product-type.framework -expandbuildsettings -format binary -platform iphonesimulator -o /Users/depoll/Library/Developer/Xcode/DerivedData/iOS-avedbudfywsssrcrcpqwadfjuouo/Build/Products/Debug-iphonesimulator/GTMSessionFetcher/GTMSessionFetcher.framework/Info.plist

PhaseScriptExecution Create\ Symlinks\ to\ Header\ Folders /Users/depoll/Library/Developer/Xcode/DerivedData/iOS-avedbudfywsssrcrcpqwadfjuouo/Build/Intermediates.noindex/Pods.build/Debug-iphonesimulator/abseil.build/Script-46EB2E00026D90.sh (in target 'abseil' from project 'Pods')
    cd /Users/depoll/Code/depollsoft/iOS/Pods
    export ACTION\=build
    export AD_HOC_CODE_SIGNING_ALLOWED\=YES
    export ALLOW_BUILD_REQUEST_OVERRIDES\=NO
    export ALLOW_TARGET_PLATFORM_SPECIALIZATION\=NO
    export ALTERNATE_GROUP\=staff
    export ALTERNATE_MODE\=u+w,go-w,a+rX
    export ALTERNATE_OWNER\=depoll
    export ALTERNATIVE_DISTRIBUTION_WEB\=NO
    export ALWAYS_EMBED_SWIFT_STANDARD_LIBRARIES\=NO
    export ALWAYS_SEARCH_USER_PATHS\=NO
    export ALWAYS_USE_SEPARATE_HEADERMAPS\=NO
    export APPLICATION_EXTENSION_API_ONLY\=NO
    export APPLY_RULES_IN_COPY_FILES\=NO
    export APPLY_RULES_IN_COPY_HEADERS\=NO
    export APP_SHORTCUTS_ENABLE_FLEXIBLE_MATCHING\=YES
    export ARCHS\=arm64
    export ARCHS_STANDARD\=arm64\ x86_64
    export ARCHS_STANDARD_32_64_BIT\=arm64\ x86_64
    export ARCHS_STANDARD_64_BIT\=arm64\ x86_64
    export ARCHS_STANDARD_INCLUDING_64_BIT\=arm64\ x86_64
    export ARCHS_UNIVERSAL_IPHONE_OS\=arm64\ x86_64
    export ASSETCATALOG_FILTER_FOR_DEVICE_MODEL\=iPhone17,3
    export ASSETCATALOG_FILTER_FOR_DEVICE_OS_VERSION\=18.6
    export ASSETCATALOG_FILTER_FOR_THINNING_DEVICE_CONFIGURATION\=iPhone17,3
    export AUTOMATICALLY_MERGE_DEPENDENCIES\=NO
    export AUTOMATION_APPLE_EVENTS\=NO
    export AVAILABLE_PLATFORMS\=android\ appletvos\ appletvsimulator\ driverkit\ iphoneos\ iphonesimulator\ macosx\ qnx\ watchos\ watchsimulator\ webassembly\ xros\ xrsimulator
    export AppIdentifierPrefix\=FAKETEAMID.
    export BUILD_ACTIVE_RESOURCES_ONLY\=YES
    export BUILD_COMPONENTS\=headers\ build
    export BUILD_DIR\=/Users/depoll/Library/Developer/Xcode/DerivedData/iOS-avedbudfywsssrcrcpqwadfjuouo/Build/Products
    export BUILD_LIBRARY_FOR_DISTRIBUTION\=NO
    export BUILD_ROOT\=/Users/depoll/Library/Developer/Xcode/DerivedData/iOS-avedbudfywsssrcrcpqwadfjuouo/Build/Products
    export BUILD_STYLE\=
    export BUILD_VARIANTS\=normal
    export BUILT_PRODUCTS_DIR\=/Users/depoll/Library/Developer/Xcode/DerivedData/iOS-avedbudfywsssrcrcpqwadfjuouo/Build/Products/Debug-iphonesimulator/abseil
    export BUNDLE_CONTENTS_FOLDER_PATH_deep\=Contents/
    export BUNDLE_EXECUTABLE_FOLDER_NAME_deep\=MacOS
    export BUNDLE_EXTENSIONS_FOLDER_PATH\=Extensions
    export BUNDLE_FORMAT\=shallow
    export BUNDLE_FRAMEWORKS_FOLDER_PATH\=Frameworks
    export BUNDLE_PLUGINS_FOLDER_PATH\=PlugIns
    export BUNDLE_PRIVATE_HEADERS_FOLDER_PATH\=PrivateHeaders
    export BUNDLE_PUBLIC_HEADERS_FOLDER_PATH\=Headers
    export CACHE_ROOT\=/var/folders/t3/74hfljcd1bsc2k0mwj3tx1j00000gn/C/com.apple.DeveloperTools/26.1.1-17B100/Xcode
    export CCHROOT\=/var/folders/t3/74hfljcd1bsc2k0mwj3tx1j00000gn/C/com.apple.DeveloperTools/26.1.1-17B100/Xcode
    export CHMOD\=/bin/chmod
    export CHOWN\=/usr/sbin/chown
    export CLANG_ANALYZER_LOCALIZABILITY_NONLOCALIZED\=YES
    export CLANG_ANALYZER_NONNULL\=YES
    export CLANG_ANALYZER_NUMBER_OBJECT_CONVERSION\=YES_AGGRESSIVE
    export CLANG_CACHE_FINE_GRAINED_OUTPUTS\=YES
    export CLANG_COVERAGE_MAPPING\=YES
    export CLANG_CXX_LANGUAGE_STANDARD\=gnu++14
    export CLANG_CXX_LIBRARY\=libc++
    export CLANG_ENABLE_EXPLICIT_MODULES\=YES
    export CLANG_ENABLE_MODULES\=YES
    export CLANG_ENABLE_OBJC_ARC\=YES
    export CLANG_ENABLE_OBJC_WEAK\=YES
    export CLANG_MODULES_BUILD_SESSION_FILE\=/Users/depoll/Library/Developer/Xcode/DerivedData/ModuleCache.noindex/Session.modulevalidation
    export CLANG_PROFILE_DATA_DIRECTORY\=/Users/depoll/Library/Developer/Xcode/DerivedData/iOS-avedbudfywsssrcrcpqwadfjuouo/Build/ProfileData
    export CLANG_WARN_BLOCK_CAPTURE_AUTORELEASING\=YES
    export CLANG_WARN_BOOL_CONVERSION\=YES
    export CLANG_WARN_COMMA\=YES
    export CLANG_WARN_CONSTANT_CONVERSION\=YES
    export CLANG_WARN_DEPRECATED_OBJC_IMPLEMENTATIONS\=YES
    export CLANG_WARN_DIRECT_OBJC_ISA_USAGE\=YES_ERROR
    export CLANG_WARN_DOCUMENTATION_COMMENTS\=YES
    export CLANG_WARN_EMPTY_BODY\=YES
    export CLANG_WARN_ENUM_CONVERSION\=YES
    export CLANG_WARN_INFINITE_RECURSION\=YES
    export CLANG_WARN_INT_CONVERSION\=YES
    export CLANG_WARN_NON_LITERAL_NULL_CONVERSION\=YES
    export CLANG_WARN_OBJC_IMPLICIT_RETAIN_SELF\=YES
    export CLANG_WARN_OBJC_LITERAL_CONVERSION\=YES
    export CLANG_WARN_OBJC_ROOT_CLASS\=YES_ERROR
    export CLANG_WARN_QUOTED_INCLUDE_IN_FRAMEWORK_HEADER\=NO
    export CLANG_WARN_RANGE_LOOP_ANALYSIS\=YES
    export CLANG_WARN_STRICT_PROTOTYPES\=YES
    export CLANG_WARN_SUSPICIOUS_MOVE\=YES
    export CLANG_WARN_UNGUARDED_AVAILABILITY\=YES_AGGRESSIVE
    export CLANG_WARN_UNREACHABLE_CODE\=YES
    export CLANG_WARN__DUPLICATE_METHOD_MATCH\=YES
    export CLASS_FILE_DIR\=/Users/depoll/Library/Developer/Xcode/DerivedData/iOS-avedbudfywsssrcrcpqwadfjuouo/Build/Intermediates.noindex/Pods.build/Debug-iphonesimulator/abseil.build/JavaClasses
    export CLEAN_PRECOMPS\=YES
    export CLONE_HEADERS\=NO
    export CODESIGNING_FOLDER_PATH\=/Users/depoll/Library/Developer/Xcode/DerivedData/iOS-avedbudfywsssrcrcpqwadfjuouo/Build/Products/Debug-iphonesimulator/abseil/absl.framework
    export CODE_SIGNING_ALLOWED\=YES
    export CODE_SIGNING_REQUIRED\=NO
    export CODE_SIGNING_REQUIRES_TEAM\=YES
    export CODE_SIGN_CONTEXT_CLASS\=XCiPhoneSimulatorCodeSignContext
    export CODE_SIGN_IDENTITY\=-
    export CODE_SIGN_INJECT_BASE_ENTITLEMENTS\=YES
    export COLOR_DIAGNOSTICS\=NO
    export COMBINE_HIDPI_IMAGES\=NO
    export COMPILATION_CACHE_CAS_PATH\=/Users/depoll/Library/Developer/Xcode/DerivedData/CompilationCache.noindex
    export COMPILATION_CACHE_KEEP_CAS_DIRECTORY\=YES
    export COMPILER_INDEX_STORE_ENABLE\=Default
    export COMPOSITE_SDK_DIRS\=/Users/depoll/Library/Developer/Xcode/DerivedData/iOS-avedbudfywsssrcrcpqwadfjuouo/Build/Intermediates.noindex/CompositeSDKs
    export COMPRESS_PNG_FILES\=YES
    export CONFIGURATION\=Debug
    export CONFIGURATION_BUILD_DIR\=/Users/depoll/Library/Developer/Xcode/DerivedData/iOS-avedbudfywsssrcrcpqwadfjuouo/Build/Products/Debug-iphonesimulator/abseil
    export CONFIGURATION_TEMP_DIR\=/Users/depoll/Library/Developer/Xcode/DerivedData/iOS-avedbudfywsssrcrcpqwadfjuouo/Build/Intermediates.noindex/Pods.build/Debug-iphonesimulator
    export CONTENTS_FOLDER_PATH\=absl.framework
    export CONTENTS_FOLDER_PATH_SHALLOW_BUNDLE_NO\=absl.framework/A
    export CONTENTS_FOLDER_PATH_SHALLOW_BUNDLE_YES\=absl.framework
    export COPYING_PRESERVES_HFS_DATA\=NO
    export COPY_HEADERS_RUN_UNIFDEF\=NO
    export COPY_PHASE_STRIP\=NO
    export CORRESPONDING_DEVICE_PLATFORM_DIR\=/Applications/Xcode.app/Contents/Developer/Platforms/iPhoneOS.platform
    export CORRESPONDING_DEVICE_PLATFORM_NAME\=iphoneos
    export CORRESPONDING_DEVICE_SDK_DIR\=/Applications/Xcode.app/Contents/Developer/Platforms/iPhoneOS.platform/Developer/SDKs/iPhoneOS26.1.sdk
    export CORRESPONDING_DEVICE_SDK_NAME\=iphoneos26.1
    export CP\=/bin/cp
    export CREATE_INFOPLIST_SECTION_IN_BINARY\=NO
    export CURRENT_ARCH\=undefined_arch
    export CURRENT_PROJECT_VERSION\=1
    export CURRENT_VARIANT\=normal
    export CURRENT_VERSION\=Current
    export DEAD_CODE_STRIPPING\=YES
    export DEBUGGING_SYMBOLS\=YES
    export DEBUG_INFORMATION_FORMAT\=dwarf
    export DEBUG_INFORMATION_VERSION\=compiler-default
    export DEFAULT_COMPILER\=com.apple.compilers.llvm.clang.1_0
    export DEFAULT_DEXT_INSTALL_PATH\=/System/Library/DriverExtensions
    export DEFAULT_KEXT_INSTALL_PATH\=/System/Library/Extensions
    export DEFINES_MODULE\=YES
    export DEPLOYMENT_LOCATION\=NO
    export DEPLOYMENT_POSTPROCESSING\=NO
    export DEPLOYMENT_TARGET_SETTING_NAME\=IPHONEOS_DEPLOYMENT_TARGET
    export DEPLOYMENT_TARGET_SUGGESTED_VALUES\=12.0\ 12.1\ 12.2\ 12.3\ 12.4\ 13.0\ 13.1\ 13.2\ 13.3\ 13.4\ 13.5\ 13.6\ 14.0\ 14.1\ 14.2\ 14.3\ 14.4\ 14.5\ 14.6\ 14.7\ 15.0\ 15.1\ 15.2\ 15.3\ 15.4\ 15.5\ 15.6\ 16.0\ 16.1\ 16.2\ 16.3\ 16.4\ 16.5\ 16.6\ 17.0\ 17.1\ 17.2\ 17.3\ 17.4\ 17.5\ 17.6\ 18.0\ 18.1\ 18.2\ 18.3\ 18.4\ 18.5\ 18.6\ 26.0\ 26.1
    export DERIVED_FILES_DIR\=/Users/depoll/Library/Developer/Xcode/DerivedData/iOS-avedbudfywsssrcrcpqwadfjuouo/Build/Intermediates.noindex/Pods.build/Debug-iphonesimulator/abseil.build/DerivedSources
    export DERIVED_FILE_DIR\=/Users/depoll/Library/Developer/Xcode/DerivedData/iOS-avedbudfywsssrcrcpqwadfjuouo/Build/Intermediates.noindex/Pods.build/Debug-iphonesimulator/abseil.build/DerivedSources
    export DERIVED_SOURCES_DIR\=/Users/depoll/Library/Developer/Xcode/DerivedData/iOS-avedbudfywsssrcrcpqwadfjuouo/Build/Intermediates.noindex/Pods.build/Debug-iphonesimulator/abseil.build/DerivedSources
    export DEVELOPER_APPLICATIONS_DIR\=/Applications/Xcode.app/Contents/Developer/Applications
    export DEVELOPER_BIN_DIR\=/Applications/Xcode.app/Contents/Developer/usr/bin
    export DEVELOPER_DIR\=/Applications/Xcode.app/Contents/Developer
    export DEVELOPER_FRAMEWORKS_DIR\=/Applications/Xcode.app/Contents/Developer/Library/Frameworks
    export DEVELOPER_FRAMEWORKS_DIR_QUOTED\=/Applications/Xcode.app/Contents/Developer/Library/Frameworks
    export DEVELOPER_LIBRARY_DIR\=/Applications/Xcode.app/Contents/Developer/Library
    export DEVELOPER_SDK_DIR\=/Applications/Xcode.app/Contents/Developer/Platforms/MacOSX.platform/Developer/SDKs
    export DEVELOPER_TOOLS_DIR\=/Applications/Xcode.app/Contents/Developer/Tools
    export DEVELOPER_USR_DIR\=/Applications/Xcode.app/Contents/Developer/usr
    export DEVELOPMENT_LANGUAGE\=en
    export DIAGNOSE_MISSING_TARGET_DEPENDENCIES\=YES
    export DIFF\=/usr/bin/diff
    export DOCUMENTATION_FOLDER_PATH\=absl.framework/en.lproj/Documentation
    export DONT_GENERATE_INFOPLIST_FILE\=NO
    export DSTROOT\=/tmp/Pods.dst
    export DT_TOOLCHAIN_DIR\=/Applications/Xcode.app/Contents/Developer/Toolchains/XcodeDefault.xctoolchain
    export DWARF_DSYM_FILE_NAME\=absl.framework.dSYM
    export DWARF_DSYM_FILE_SHOULD_ACCOMPANY_PRODUCT\=NO
    export DWARF_DSYM_FOLDER_PATH\=/Users/depoll/Library/Developer/Xcode/DerivedData/iOS-avedbudfywsssrcrcpqwadfjuouo/Build/Products/Debug-iphonesimulator/abseil
    export DYLIB_COMPATIBILITY_VERSION\=1
    export DYLIB_CURRENT_VERSION\=1
    export DYLIB_INSTALL_NAME_BASE\=@rpath
    export DYNAMIC_LIBRARY_EXTENSION\=dylib
    export EAGER_COMPILATION_ALLOW_SCRIPTS\=NO
    export EAGER_LINKING\=NO
    export EFFECTIVE_PLATFORM_NAME\=-iphonesimulator
    export EMBEDDED_CONTENT_CONTAINS_SWIFT\=NO
    export EMBED_ASSET_PACKS_IN_PRODUCT_BUNDLE\=NO
    export ENABLE_APP_SANDBOX\=NO
    export ENABLE_CODE_COVERAGE\=YES
    export ENABLE_CPLUSPLUS_BOUNDS_SAFE_BUFFERS\=NO
    export ENABLE_C_BOUNDS_SAFETY\=NO
    export ENABLE_DEFAULT_HEADER_SEARCH_PATHS\=YES
    export ENABLE_DEFAULT_SEARCH_PATHS\=YES
    export ENABLE_ENHANCED_SECURITY\=NO
    export ENABLE_HARDENED_RUNTIME\=NO
    export ENABLE_HEADER_DEPENDENCIES\=YES
    export ENABLE_INCOMING_NETWORK_CONNECTIONS\=NO
    export ENABLE_MODULE_VERIFIER\=NO
    export ENABLE_ON_DEMAND_RESOURCES\=NO
    export ENABLE_OUTGOING_NETWORK_CONNECTIONS\=NO
    export ENABLE_POINTER_AUTHENTICATION\=NO
    export ENABLE_PREVIEWS\=NO
    export ENABLE_RESOURCE_ACCESS_AUDIO_INPUT\=NO
    export ENABLE_RESOURCE_ACCESS_BLUETOOTH\=NO
    export ENABLE_RESOURCE_ACCESS_CALENDARS\=NO
    export ENABLE_RESOURCE_ACCESS_CAMERA\=NO
    export ENABLE_RESOURCE_ACCESS_CONTACTS\=NO
    export ENABLE_RESOURCE_ACCESS_LOCATION\=NO
    export ENABLE_RESOURCE_ACCESS_PHOTO_LIBRARY\=NO
    export ENABLE_RESOURCE_ACCESS_PRINTING\=NO
    export ENABLE_RESOURCE_ACCESS_USB\=NO
    export ENABLE_SDK_IMPORTS\=NO
    export ENABLE_SECURITY_COMPILER_WARNINGS\=NO
    export ENABLE_STRICT_OBJC_MSGSEND\=YES
    export ENABLE_TESTABILITY\=YES
    export ENABLE_TESTING_SEARCH_PATHS\=NO
    export ENABLE_USER_SCRIPT_SANDBOXING\=NO
    export ENABLE_XOJIT_PREVIEWS\=YES
    export ENFORCE_VALID_ARCHS\=YES
    export ENTITLEMENTS_DESTINATION\=__entitlements
    export ENTITLEMENTS_REQUIRED\=NO
    export EXCLUDED_ARCHS\=x86_64
    export EXCLUDED_INSTALLSRC_SUBDIRECTORY_PATTERNS\=.DS_Store\ .svn\ .git\ .hg\ CVS
    export EXCLUDED_RECURSIVE_SEARCH_PATH_SUBDIRECTORIES\=\*.nib\ \*.lproj\ \*.framework\ \*.gch\ \*.xcode\*\ \*.xcassets\ \*.icon\ \(\*\)\ .DS_Store\ CVS\ .svn\ .git\ .hg\ \*.pbproj\ \*.pbxproj
    export EXECUTABLES_FOLDER_PATH\=absl.framework/en.lproj
    export EXECUTABLE_FOLDER_PATH\=absl.framework
    export EXECUTABLE_FOLDER_PATH_SHALLOW_BUNDLE_NO\=absl.framework
    export EXECUTABLE_FOLDER_PATH_SHALLOW_BUNDLE_YES\=absl.framework
    export EXECUTABLE_NAME\=absl
    export EXECUTABLE_PATH\=absl.framework/absl
    export EXPANDED_CODE_SIGN_IDENTITY\=-
    export EXPANDED_CODE_SIGN_IDENTITY_NAME\=Sign\ to\ Run\ Locally
    export EXTENSIONS_FOLDER_PATH\=absl.framework/Extensions
    export FILE_LIST\=/Users/depoll/Library/Developer/Xcode/DerivedData/iOS-avedbudfywsssrcrcpqwadfjuouo/Build/Intermediates.noindex/Pods.build/Debug-iphonesimulator/abseil.build/Objects/LinkFileList
    export FIXED_FILES_DIR\=/Users/depoll/Library/Developer/Xcode/DerivedData/iOS-avedbudfywsssrcrcpqwadfjuouo/Build/Intermediates.noindex/Pods.build/Debug-iphonesimulator/abseil.build/FixedFiles
    export FRAMEWORKS_FOLDER_PATH\=absl.framework/Frameworks
    export FRAMEWORK_FLAG_PREFIX\=-framework
    export FRAMEWORK_SEARCH_PATHS\=/Users/depoll/Library/Developer/Xcode/DerivedData/iOS-avedbudfywsssrcrcpqwadfjuouo/Build/Products/Debug-iphonesimulator/abseil\ 
    export FRAMEWORK_VERSION\=A
    export FULL_PRODUCT_NAME\=absl.framework
    export FUSE_BUILD_PHASES\=YES
    export FUSE_BUILD_SCRIPT_PHASES\=NO
    export GCC3_VERSION\=3.3
    export GCC_C_LANGUAGE_STANDARD\=gnu11
    export GCC_DYNAMIC_NO_PIC\=NO
    export GCC_INLINES_ARE_PRIVATE_EXTERN\=YES
    export GCC_NO_COMMON_BLOCKS\=YES
    export GCC_OBJC_LEGACY_DISPATCH\=YES
    export GCC_OPTIMIZATION_LEVEL\=0
    export GCC_PFE_FILE_C_DIALECTS\=c\ objective-c\ c++\ objective-c++
    export GCC_PREFIX_HEADER\=Target\ Support\ Files/abseil/abseil-prefix.pch
    export GCC_PREPROCESSOR_DEFINITIONS\=POD_CONFIGURATION_DEBUG\=1\ DEBUG\=1\ \ COCOAPODS\=1
    export GCC_TREAT_WARNINGS_AS_ERRORS\=NO
    export GCC_VERSION\=com.apple.compilers.llvm.clang.1_0
    export GCC_VERSION_IDENTIFIER\=com_apple_compilers_llvm_clang_1_0
    export GCC_WARN_64_TO_32_BIT_CONVERSION\=YES
    export GCC_WARN_ABOUT_RETURN_TYPE\=YES_ERROR
    export GCC_WARN_UNDECLARED_SELECTOR\=YES
    export GCC_WARN_UNINITIALIZED_AUTOS\=YES_AGGRESSIVE
    export GCC_WARN_UNUSED_FUNCTION\=YES
    export GCC_WARN_UNUSED_VARIABLE\=YES
    export GENERATED_MODULEMAP_DIR\=/Users/depoll/Library/Developer/Xcode/DerivedData/iOS-avedbudfywsssrcrcpqwadfjuouo/Build/Intermediates.noindex/GeneratedModuleMaps-iphonesimulator
    export GENERATE_INFOPLIST_FILE\=NO
    export GENERATE_INTERMEDIATE_TEXT_BASED_STUBS\=YES
    export GENERATE_PKGINFO_FILE\=NO
    export GENERATE_PRELINK_OBJECT_FILE\=NO
    export GENERATE_PROFILING_CODE\=NO
    export GENERATE_TEXT_BASED_STUBS\=NO
    export GID\=20
    export GROUP\=staff
    export HEADERMAP_INCLUDES_FLAT_ENTRIES_FOR_TARGET_BEING_BUILT\=YES
    export HEADERMAP_INCLUDES_FRAMEWORK_ENTRIES_FOR_ALL_PRODUCT_TYPES\=YES
    export HEADERMAP_INCLUDES_FRAMEWORK_ENTRIES_FOR_TARGETS_NOT_BEING_BUILT\=YES
    export HEADERMAP_INCLUDES_NONPUBLIC_NONPRIVATE_HEADERS\=YES
    export HEADERMAP_INCLUDES_PROJECT_HEADERS\=YES
    export HEADERMAP_USES_FRAMEWORK_PREFIX_ENTRIES\=YES
    export HEADERMAP_USES_VFS\=YES
    export HEADER_SEARCH_PATHS\=/Users/depoll/Library/Developer/Xcode/DerivedData/iOS-avedbudfywsssrcrcpqwadfjuouo/Build/Products/Debug-iphonesimulator/abseil/include\ 
    export HOME\=/Users/depoll
    export HOST_ARCH\=arm64
    export HOST_PLATFORM\=macosx
    export ICONV\=/usr/bin/iconv
    export IMPLICIT_DEPENDENCY_DOMAIN\=default
    export INFOPLIST_ENABLE_CFBUNDLEICONS_MERGE\=YES
    export INFOPLIST_EXPAND_BUILD_SETTINGS\=YES
    export INFOPLIST_FILE\=Target\ Support\ Files/abseil/abseil-Info.plist
    export INFOPLIST_OUTPUT_FORMAT\=binary
    export INFOPLIST_PATH\=absl.framework/Info.plist
    export INFOPLIST_PREPROCESS\=NO
    export INFOSTRINGS_PATH\=absl.framework/en.lproj/InfoPlist.strings
    export INLINE_PRIVATE_FRAMEWORKS\=NO
    export INSTALLAPI_IGNORE_SKIP_INSTALL\=YES
    export INSTALLHDRS_COPY_PHASE\=NO
    export INSTALLHDRS_SCRIPT_PHASE\=NO
    export INSTALL_DIR\=/tmp/Pods.dst/Library/Frameworks
    export INSTALL_GROUP\=staff
    export INSTALL_MODE_FLAG\=u+w,go-w,a+rX
    export INSTALL_OWNER\=depoll
    export INSTALL_PATH\=/Library/Frameworks
    export INSTALL_ROOT\=/tmp/Pods.dst
    export IPHONEOS_DEPLOYMENT_TARGET\=13.0
    export IS_UNOPTIMIZED_BUILD\=YES
    export JAVAC_DEFAULT_FLAGS\=-J-Xms64m\ -J-XX:NewSize\=4M\ -J-Dfile.encoding\=UTF8
    export JAVA_APP_STUB\=/System/Library/Frameworks/JavaVM.framework/Resources/MacOS/JavaApplicationStub
    export JAVA_ARCHIVE_CLASSES\=YES
    export JAVA_ARCHIVE_TYPE\=JAR
    export JAVA_COMPILER\=/usr/bin/javac
    export JAVA_FOLDER_PATH\=absl.framework/Java
    export JAVA_FRAMEWORK_RESOURCES_DIRS\=Resources
    export JAVA_JAR_FLAGS\=cv
    export JAVA_SOURCE_SUBDIR\=.
    export JAVA_USE_DEPENDENCIES\=YES
    export JAVA_ZIP_FLAGS\=-urg
    export JIKES_DEFAULT_FLAGS\=+E\ +OLDCSO
    export KEEP_PRIVATE_EXTERNS\=NO
    export LD_DEPENDENCY_INFO_FILE\=/Users/depoll/Library/Developer/Xcode/DerivedData/iOS-avedbudfywsssrcrcpqwadfjuouo/Build/Intermediates.noindex/Pods.build/Debug-iphonesimulator/abseil.build/Objects-normal/undefined_arch/absl_dependency_info.dat
    export LD_DYLIB_INSTALL_NAME\=@rpath/absl.framework/absl
    export LD_EXPORT_SYMBOLS\=YES
    export LD_GENERATE_MAP_FILE\=NO
    export LD_MAP_FILE_PATH\=/Users/depoll/Library/Developer/Xcode/DerivedData/iOS-avedbudfywsssrcrcpqwadfjuouo/Build/Intermediates.noindex/Pods.build/Debug-iphonesimulator/abseil.build/absl-LinkMap-normal-undefined_arch.txt
    export LD_NO_PIE\=NO
    export LD_QUOTE_LINKER_ARGUMENTS_FOR_COMPILER_DRIVER\=YES
    export LD_RUNPATH_SEARCH_PATHS\=\ @executable_path/Frameworks\ @loader_path/Frameworks
    export LD_SHARED_CACHE_ELIGIBLE\=Automatic
    export LD_WARN_DUPLICATE_LIBRARIES\=NO
    export LD_WARN_UNUSED_DYLIBS\=NO
    export LEGACY_DEVELOPER_DIR\=/Applications/Xcode.app/Contents/PlugIns/Xcode3Core.ideplugin/Contents/SharedSupport/Developer
    export LEX\=lex
    export LIBRARY_DEXT_INSTALL_PATH\=/Library/DriverExtensions
    export LIBRARY_FLAG_NOSPACE\=YES
    export LIBRARY_FLAG_PREFIX\=-l
    export LIBRARY_KEXT_INSTALL_PATH\=/Library/Extensions
    export LIBRARY_SEARCH_PATHS\=/Users/depoll/Library/Developer/Xcode/DerivedData/iOS-avedbudfywsssrcrcpqwadfjuouo/Build/Products/Debug-iphonesimulator/abseil\ 
    export LINKER_DISPLAYS_MANGLED_NAMES\=NO
    export LINK_FILE_LIST_normal_arm64\=/Users/depoll/Library/Developer/Xcode/DerivedData/iOS-avedbudfywsssrcrcpqwadfjuouo/Build/Intermediates.noindex/Pods.build/Debug-iphonesimulator/abseil.build/Objects-normal/arm64/absl.LinkFileList
    export LINK_OBJC_RUNTIME\=YES
    export LINK_WITH_STANDARD_LIBRARIES\=YES
    export LLVM_TARGET_TRIPLE_OS_VERSION\=ios13.0
    export LLVM_TARGET_TRIPLE_SUFFIX\=-simulator
    export LLVM_TARGET_TRIPLE_VENDOR\=apple
    export LM_AUX_CONST_METADATA_LIST_PATH_normal_arm64\=/Users/depoll/Library/Developer/Xcode/DerivedData/iOS-avedbudfywsssrcrcpqwadfjuouo/Build/Intermediates.noindex/Pods.build/Debug-iphonesimulator/abseil.build/Objects-normal/arm64/absl.SwiftConstValuesFileList
    export LOCALIZATION_EXPORT_SUPPORTED\=YES
    export LOCALIZATION_PREFERS_STRING_CATALOGS\=NO
    export LOCALIZED_RESOURCES_FOLDER_PATH\=absl.framework/en.lproj
    export LOCALIZED_STRING_MACRO_NAMES\=NSLocalizedString\ CFCopyLocalizedString
    export LOCALIZED_STRING_SWIFTUI_SUPPORT\=YES
    export LOCAL_ADMIN_APPS_DIR\=/Applications/Utilities
    export LOCAL_APPS_DIR\=/Applications
    export LOCAL_DEVELOPER_DIR\=/Library/Developer
    export LOCAL_LIBRARY_DIR\=/Library
    export LOCROOT\=/Users/depoll/Code/depollsoft/iOS/Pods
    export LOCSYMROOT\=/Users/depoll/Code/depollsoft/iOS/Pods
    export MACH_O_TYPE\=mh_dylib
    export MAC_OS_X_PRODUCT_BUILD_VERSION\=25B78
    export MAC_OS_X_VERSION_ACTUAL\=260100
    export MAC_OS_X_VERSION_MAJOR\=260000
    export MAC_OS_X_VERSION_MINOR\=260100
    export MAKE_MERGEABLE\=NO
    export MERGEABLE_LIBRARY\=NO
    export MERGED_BINARY_TYPE\=none
    export MERGE_LINKED_LIBRARIES\=NO
    export METAL_LIBRARY_FILE_BASE\=default
    export METAL_LIBRARY_OUTPUT_DIR\=/Users/depoll/Library/Developer/Xcode/DerivedData/iOS-avedbudfywsssrcrcpqwadfjuouo/Build/Products/Debug-iphonesimulator/abseil/absl.framework
    export MODULEMAP_FILE\=Target\ Support\ Files/abseil/abseil.modulemap
    export MODULES_FOLDER_PATH\=absl.framework/Modules
    export MODULE_CACHE_DIR\=/Users/depoll/Library/Developer/Xcode/DerivedData/ModuleCache.noindex
    export MTL_ENABLE_DEBUG_INFO\=INCLUDE_SOURCE
    export MTL_FAST_MATH\=YES
    export NATIVE_ARCH\=arm64
    export NATIVE_ARCH_32_BIT\=arm
    export NATIVE_ARCH_64_BIT\=arm64
    export NATIVE_ARCH_ACTUAL\=arm64
    export NO_COMMON\=YES
    export OBJC_ABI_VERSION\=2
    export OBJECT_FILE_DIR\=/Users/depoll/Library/Developer/Xcode/DerivedData/iOS-avedbudfywsssrcrcpqwadfjuouo/Build/Intermediates.noindex/Pods.build/Debug-iphonesimulator/abseil.build/Objects
    export OBJECT_FILE_DIR_normal\=/Users/depoll/Library/Developer/Xcode/DerivedData/iOS-avedbudfywsssrcrcpqwadfjuouo/Build/Intermediates.noindex/Pods.build/Debug-iphonesimulator/abseil.build/Objects-normal
    export OBJROOT\=/Users/depoll/Library/Developer/Xcode/DerivedData/iOS-avedbudfywsssrcrcpqwadfjuouo/Build/Intermediates.noindex
    export ONLY_ACTIVE_ARCH\=YES
    export OS\=MACOS
    export OSAC\=/usr/bin/osacompile
    export OTHER_LDFLAGS\=\ -l\"c++\"
    export PACKAGE_TYPE\=com.apple.package-type.wrapper.framework
    export PASCAL_STRINGS\=YES
    export PATH\=/Applications/Xcode.app/Contents/SharedFrameworks/SwiftBuild.framework/Versions/A/PlugIns/SWBBuildService.bundle/Contents/PlugIns/SWBUniversalPlatformPlugin.bundle/Contents/Frameworks/SWBUniversalPlatform.framework/Resources:/Applications/Xcode.app/Contents/Developer/Toolchains/XcodeDefault.xctoolchain/usr/bin:/Applications/Xcode.app/Contents/Developer/Toolchains/XcodeDefault.xctoolchain/usr/local/bin:/Applications/Xcode.app/Contents/Developer/Toolchains/XcodeDefault.xctoolchain/usr/libexec:/Applications/Xcode.app/Contents/Developer/Platforms/iPhoneSimulator.platform/usr/bin:/Applications/Xcode.app/Contents/Developer/Platforms/iPhoneSimulator.platform/usr/local/bin:/Applications/Xcode.app/Contents/Developer/Platforms/iPhoneSimulator.platform/Developer/usr/bin:/Applications/Xcode.app/Contents/Developer/Platforms/iPhoneSimulator.platform/Developer/usr/local/bin:/Applications/Xcode.app/Contents/Developer/usr/bin:/Applications/Xcode.app/Contents/Developer/usr/local/bin:/Users/depoll/.rbenv/shims:/opt/homebrew/opt/openjdk/bin:/Users/depoll/opt/anaconda3/bin:/Users/depoll/opt/anaconda3/condabin:/opt/homebrew/bin:/opt/homebrew/sbin:/usr/local/bin:/System/Cryptexes/App/usr/bin:/usr/bin:/bin:/usr/sbin:/sbin:/var/run/com.apple.security.cryptexd/codex.system/bootstrap/usr/local/bin:/var/run/com.apple.security.cryptexd/codex.system/bootstrap/usr/bin:/var/run/com.apple.security.cryptexd/codex.system/bootstrap/usr/appleinternal/bin:/opt/pmk/env/global/bin:/Library/Apple/usr/bin:/usr/local/MacGPG2/bin:/Users/depoll/.cargo/bin:/Users/depoll/Library/Android/sdk/platform-tools:/Users/depoll/.local/bin:/Users/depoll/.lmstudio/bin
    export PATH_PREFIXES_EXCLUDED_FROM_HEADER_DEPENDENCIES\=/usr/include\ /usr/local/include\ /System/Library/Frameworks\ /System/Library/PrivateFrameworks\ /Applications/Xcode.app/Contents/Developer/Headers\ /Applications/Xcode.app/Contents/Developer/SDKs\ /Applications/Xcode.app/Contents/Developer/Platforms
    export PBDEVELOPMENTPLIST_PATH\=absl.framework/pbdevelopment.plist
    export PER_ARCH_MODULE_FILE_DIR\=/Users/depoll/Library/Developer/Xcode/DerivedData/iOS-avedbudfywsssrcrcpqwadfjuouo/Build/Intermediates.noindex/Pods.build/Debug-iphonesimulator/abseil.build/Objects-normal/undefined_arch
    export PER_ARCH_OBJECT_FILE_DIR\=/Users/depoll/Library/Developer/Xcode/DerivedData/iOS-avedbudfywsssrcrcpqwadfjuouo/Build/Intermediates.noindex/Pods.build/Debug-iphonesimulator/abseil.build/Objects-normal/undefined_arch
    export PER_VARIANT_OBJECT_FILE_DIR\=/Users/depoll/Library/Developer/Xcode/DerivedData/iOS-avedbudfywsssrcrcpqwadfjuouo/Build/Intermediates.noindex/Pods.build/Debug-iphonesimulator/abseil.build/Objects-normal
    export PKGINFO_FILE_PATH\=/Users/depoll/Library/Developer/Xcode/DerivedData/iOS-avedbudfywsssrcrcpqwadfjuouo/Build/Intermediates.noindex/Pods.build/Debug-iphonesimulator/abseil.build/PkgInfo
    export PKGINFO_PATH\=absl.framework/PkgInfo
    export PLATFORM_DEVELOPER_APPLICATIONS_DIR\=/Applications/Xcode.app/Contents/Developer/Platforms/iPhoneSimulator.platform/Developer/Applications
    export PLATFORM_DEVELOPER_BIN_DIR\=/Applications/Xcode.app/Contents/Developer/Platforms/iPhoneSimulator.platform/Developer/usr/bin
    export PLATFORM_DEVELOPER_LIBRARY_DIR\=/Applications/Xcode.app/Contents/Developer/Platforms/iPhoneSimulator.platform/Developer/Library
    export PLATFORM_DEVELOPER_SDK_DIR\=/Applications/Xcode.app/Contents/Developer/Platforms/iPhoneSimulator.platform/Developer/SDKs
    export PLATFORM_DEVELOPER_TOOLS_DIR\=/Applications/Xcode.app/Contents/Developer/Platforms/iPhoneSimulator.platform/Developer/Tools
    export PLATFORM_DEVELOPER_USR_DIR\=/Applications/Xcode.app/Contents/Developer/Platforms/iPhoneSimulator.platform/Developer/usr
    export PLATFORM_DIR\=/Applications/Xcode.app/Contents/Developer/Platforms/iPhoneSimulator.platform
    export PLATFORM_DISPLAY_NAME\=iOS\ Simulator
    export PLATFORM_FAMILY_NAME\=iOS
    export PLATFORM_NAME\=iphonesimulator
    export PLATFORM_PREFERRED_ARCH\=x86_64
    export PLATFORM_PRODUCT_BUILD_VERSION\=23B77
    export PLATFORM_REQUIRES_SWIFT_AUTOLINK_EXTRACT\=NO
    export PLATFORM_REQUIRES_SWIFT_MODULEWRAP\=NO
    export PLIST_FILE_OUTPUT_FORMAT\=binary
    export PLUGINS_FOLDER_PATH\=absl.framework/PlugIns
    export PODS_BUILD_DIR\=/Users/depoll/Library/Developer/Xcode/DerivedData/iOS-avedbudfywsssrcrcpqwadfjuouo/Build/Products
    export PODS_CONFIGURATION_BUILD_DIR\=/Users/depoll/Library/Developer/Xcode/DerivedData/iOS-avedbudfywsssrcrcpqwadfjuouo/Build/Products/Debug-iphonesimulator
    export PODS_DEVELOPMENT_LANGUAGE\=en
    export PODS_ROOT\=/Users/depoll/Code/depollsoft/iOS/Pods
    export PODS_TARGET_SRCROOT\=/Users/depoll/Code/depollsoft/iOS/Pods/abseil
    export PODS_XCFRAMEWORKS_BUILD_DIR\=/Users/depoll/Library/Developer/Xcode/DerivedData/iOS-avedbudfywsssrcrcpqwadfjuouo/Build/Products/Debug-iphonesimulator/XCFrameworkIntermediates
    export PRECOMPS_INCLUDE_HEADERS_FROM_BUILT_PRODUCTS_DIR\=YES
    export PRECOMP_DESTINATION_DIR\=/Users/depoll/Library/Developer/Xcode/DerivedData/iOS-avedbudfywsssrcrcpqwadfjuouo/Build/Intermediates.noindex/Pods.build/Debug-iphonesimulator/abseil.build/PrefixHeaders
    export PRIVATE_HEADERS_FOLDER_PATH\=absl.framework/PrivateHeaders
    export PROCESSED_INFOPLIST_PATH\=/Users/depoll/Library/Developer/Xcode/DerivedData/iOS-avedbudfywsssrcrcpqwadfjuouo/Build/Intermediates.noindex/Pods.build/Debug-iphonesimulator/abseil.build/Objects-normal/undefined_arch/Processed-Info.plist
    export PRODUCT_BUNDLE_IDENTIFIER\=org.cocoapods.absl
    export PRODUCT_BUNDLE_PACKAGE_TYPE\=FMWK
    export PRODUCT_MODULE_NAME\=absl
    export PRODUCT_NAME\=absl
    export PRODUCT_SETTINGS_PATH\=/Users/depoll/Code/depollsoft/iOS/Pods/Target\ Support\ Files/abseil/abseil-Info.plist
    export PRODUCT_TYPE\=com.apple.product-type.framework
    export PROFILING_CODE\=NO
    export PROJECT\=Pods
    export PROJECT_DERIVED_FILE_DIR\=/Users/depoll/Library/Developer/Xcode/DerivedData/iOS-avedbudfywsssrcrcpqwadfjuouo/Build/Intermediates.noindex/Pods.build/DerivedSources
    export PROJECT_DIR\=/Users/depoll/Code/depollsoft/iOS/Pods
    export PROJECT_FILE_PATH\=/Users/depoll/Code/depollsoft/iOS/Pods/Pods.xcodeproj
    export PROJECT_GUID\=8699adb1dd336b26511df848a716bd42
    export PROJECT_NAME\=Pods
    export PROJECT_TEMP_DIR\=/Users/depoll/Library/Developer/Xcode/DerivedData/iOS-avedbudfywsssrcrcpqwadfjuouo/Build/Intermediates.noindex/Pods.build
    export PROJECT_TEMP_ROOT\=/Users/depoll/Library/Developer/Xcode/DerivedData/iOS-avedbudfywsssrcrcpqwadfjuouo/Build/Intermediates.noindex
    export PUBLIC_HEADERS_FOLDER_PATH\=absl.framework/Headers
    export RECOMMENDED_IPHONEOS_DEPLOYMENT_TARGET\=15.0
    export RECURSIVE_SEARCH_PATHS_FOLLOW_SYMLINKS\=YES
    export REMOVE_CVS_FROM_RESOURCES\=YES
    export REMOVE_GIT_FROM_RESOURCES\=YES
    export REMOVE_HEADERS_FROM_EMBEDDED_BUNDLES\=YES
    export REMOVE_HG_FROM_RESOURCES\=YES
    export REMOVE_STATIC_EXECUTABLES_FROM_EMBEDDED_BUNDLES\=YES
    export REMOVE_SVN_FROM_RESOURCES\=YES
    export RESCHEDULE_INDEPENDENT_HEADERS_PHASES\=YES
    export REZ_COLLECTOR_DIR\=/Users/depoll/Library/Developer/Xcode/DerivedData/iOS-avedbudfywsssrcrcpqwadfjuouo/Build/Intermediates.noindex/Pods.build/Debug-iphonesimulator/abseil.build/ResourceManagerResources
    export REZ_OBJECTS_DIR\=/Users/depoll/Library/Developer/Xcode/DerivedData/iOS-avedbudfywsssrcrcpqwadfjuouo/Build/Intermediates.noindex/Pods.build/Debug-iphonesimulator/abseil.build/ResourceManagerResources/Objects
    export REZ_SEARCH_PATHS\=/Users/depoll/Library/Developer/Xcode/DerivedData/iOS-avedbudfywsssrcrcpqwadfjuouo/Build/Products/Debug-iphonesimulator/abseil\ 
    export RUNTIME_EXCEPTION_ALLOW_DYLD_ENVIRONMENT_VARIABLES\=NO
    export RUNTIME_EXCEPTION_ALLOW_JIT\=NO
    export RUNTIME_EXCEPTION_ALLOW_UNSIGNED_EXECUTABLE_MEMORY\=NO
    export RUNTIME_EXCEPTION_DEBUGGING_TOOL\=NO
    export RUNTIME_EXCEPTION_DISABLE_EXECUTABLE_PAGE_PROTECTION\=NO
    export RUNTIME_EXCEPTION_DISABLE_LIBRARY_VALIDATION\=NO
    export SCAN_ALL_SOURCE_FILES_FOR_INCLUDES\=NO
    export SCRIPTS_FOLDER_PATH\=absl.framework/Scripts
    export SCRIPT_INPUT_FILE_COUNT\=0
    export SCRIPT_INPUT_FILE_LIST_COUNT\=0
    export SCRIPT_OUTPUT_FILE_COUNT\=0
    export SCRIPT_OUTPUT_FILE_LIST_COUNT\=0
    export SDKROOT\=/Applications/Xcode.app/Contents/Developer/Platforms/iPhoneSimulator.platform/Developer/SDKs/iPhoneSimulator26.1.sdk
    export SDK_DIR\=/Applications/Xcode.app/Contents/Developer/Platforms/iPhoneSimulator.platform/Developer/SDKs/iPhoneSimulator26.1.sdk
    export SDK_DIR_iphonesimulator\=/Applications/Xcode.app/Contents/Developer/Platforms/iPhoneSimulator.platform/Developer/SDKs/iPhoneSimulator26.1.sdk
    export SDK_DIR_iphonesimulator26_1\=/Applications/Xcode.app/Contents/Developer/Platforms/iPhoneSimulator.platform/Developer/SDKs/iPhoneSimulator26.1.sdk
    export SDK_NAME\=iphonesimulator26.1
    export SDK_NAMES\=iphonesimulator26.1
    export SDK_PRODUCT_BUILD_VERSION\=23B77
    export SDK_STAT_CACHE_DIR\=/Users/depoll/Library/Developer/Xcode/DerivedData
    export SDK_STAT_CACHE_ENABLE\=YES
    export SDK_STAT_CACHE_PATH\=/Users/depoll/Library/Developer/Xcode/DerivedData/SDKStatCaches.noindex/iphonesimulator26.1-23B77-90cf18a4295e390e64c810bc6bd7acbc.sdkstatcache
    export SDK_VERSION\=26.1
    export SDK_VERSION_ACTUAL\=260100
    export SDK_VERSION_MAJOR\=260000
    export SDK_VERSION_MINOR\=260100
    export SED\=/usr/bin/sed
    export SEPARATE_STRIP\=NO
    export SEPARATE_SYMBOL_EDIT\=NO
    export SET_DIR_MODE_OWNER_GROUP\=YES
    export SET_FILE_MODE_OWNER_GROUP\=NO
    export SHALLOW_BUNDLE\=YES
    export SHALLOW_BUNDLE_TRIPLE\=ios-simulator
    export SHALLOW_BUNDLE_ios_macabi\=NO
    export SHALLOW_BUNDLE_macos\=NO
    export SHARED_DERIVED_FILE_DIR\=/Users/depoll/Library/Developer/Xcode/DerivedData/iOS-avedbudfywsssrcrcpqwadfjuouo/Build/Products/Debug-iphonesimulator/abseil/DerivedSources
    export SHARED_FRAMEWORKS_FOLDER_PATH\=absl.framework/SharedFrameworks
    export SHARED_PRECOMPS_DIR\=/Users/depoll/Library/Developer/Xcode/DerivedData/iOS-avedbudfywsssrcrcpqwadfjuouo/Build/Intermediates.noindex/PrecompiledHeaders
    export SHARED_SUPPORT_FOLDER_PATH\=absl.framework
    export SKIP_INSTALL\=YES
    export SOURCE_ROOT\=/Users/depoll/Code/depollsoft/iOS/Pods
    export SRCROOT\=/Users/depoll/Code/depollsoft/iOS/Pods
    export STRINGSDATA_DIR\=/Users/depoll/Library/Developer/Xcode/DerivedData/iOS-avedbudfywsssrcrcpqwadfjuouo/Build/Intermediates.noindex/Pods.build/Debug-iphonesimulator/abseil.build/Objects-normal/undefined_arch
    export STRINGSDATA_ROOT\=/Users/depoll/Library/Developer/Xcode/DerivedData/iOS-avedbudfywsssrcrcpqwadfjuouo/Build/Intermediates.noindex/Pods.build/Debug-iphonesimulator/abseil.build
    export STRINGS_FILE_INFOPLIST_RENAME\=YES
    export STRINGS_FILE_OUTPUT_ENCODING\=binary
    export STRING_CATALOG_GENERATE_SYMBOLS\=NO
    export STRIP_BITCODE_FROM_COPIED_FILES\=NO
    export STRIP_INSTALLED_PRODUCT\=NO
    export STRIP_STYLE\=debugging
    export STRIP_SWIFT_SYMBOLS\=YES
    export SUPPORTED_DEVICE_FAMILIES\=1,2
    export SUPPORTED_PLATFORMS\=iphoneos\ iphonesimulator
    export SUPPORTS_TEXT_BASED_API\=NO
    export SUPPRESS_WARNINGS\=NO
    export SWIFT_ACTIVE_COMPILATION_CONDITIONS\=DEBUG\ 
    export SWIFT_EMIT_CONST_VALUE_PROTOCOLS\=AppIntent\ EntityQuery\ AppEntity\ TransientEntity\ AppEnum\ AppShortcutProviding\ AppShortcutsProvider\ AnyResolverProviding\ AppIntentsPackage\ DynamicOptionsProvider\ _IntentValueRepresentable\ _AssistantIntentsProvider\ _GenerativeFunctionExtractable\ IntentValueQuery\ Resolver\ AppExtension\ ExtensionPointDefining
    export SWIFT_EMIT_LOC_STRINGS\=NO
    export SWIFT_ENABLE_EXPLICIT_MODULES\=YES
    export SWIFT_INSTALL_MODULE_FOR_DEPLOYMENT\=YES
    export SWIFT_INSTALL_OBJC_HEADER\=YES
    export SWIFT_OPTIMIZATION_LEVEL\=-Onone
    export SWIFT_PLATFORM_TARGET_PREFIX\=ios
    export SWIFT_RESPONSE_FILE_PATH_normal_arm64\=/Users/depoll/Library/Developer/Xcode/DerivedData/iOS-avedbudfywsssrcrcpqwadfjuouo/Build/Intermediates.noindex/Pods.build/Debug-iphonesimulator/abseil.build/Objects-normal/arm64/absl.SwiftFileList
    export SWIFT_VERSION\=5.0
    export SYMROOT\=/Users/depoll/Library/Developer/Xcode/DerivedData/iOS-avedbudfywsssrcrcpqwadfjuouo/Build/Products
    export SYSTEM_ADMIN_APPS_DIR\=/Applications/Utilities
    export SYSTEM_APPS_DIR\=/Applications
    export SYSTEM_CORE_SERVICES_DIR\=/System/Library/CoreServices
    export SYSTEM_DEMOS_DIR\=/Applications/Extras
    export SYSTEM_DEVELOPER_APPS_DIR\=/Applications/Xcode.app/Contents/Developer/Applications
    export SYSTEM_DEVELOPER_BIN_DIR\=/Applications/Xcode.app/Contents/Developer/usr/bin
    export SYSTEM_DEVELOPER_DEMOS_DIR\=/Applications/Xcode.app/Contents/Developer/Applications/Utilities/Built\ Examples
    export SYSTEM_DEVELOPER_DIR\=/Applications/Xcode.app/Contents/Developer
    export SYSTEM_DEVELOPER_DOC_DIR\=/Applications/Xcode.app/Contents/Developer/ADC\ Reference\ Library
    export SYSTEM_DEVELOPER_GRAPHICS_TOOLS_DIR\=/Applications/Xcode.app/Contents/Developer/Applications/Graphics\ Tools
    export SYSTEM_DEVELOPER_JAVA_TOOLS_DIR\=/Applications/Xcode.app/Contents/Developer/Applications/Java\ Tools
    export SYSTEM_DEVELOPER_PERFORMANCE_TOOLS_DIR\=/Applications/Xcode.app/Contents/Developer/Applications/Performance\ Tools
    export SYSTEM_DEVELOPER_RELEASENOTES_DIR\=/Applications/Xcode.app/Contents/Developer/ADC\ Reference\ Library/releasenotes
    export SYSTEM_DEVELOPER_TOOLS\=/Applications/Xcode.app/Contents/Developer/Tools
    export SYSTEM_DEVELOPER_TOOLS_DOC_DIR\=/Applications/Xcode.app/Contents/Developer/ADC\ Reference\ Library/documentation/DeveloperTools
    export SYSTEM_DEVELOPER_TOOLS_RELEASENOTES_DIR\=/Applications/Xcode.app/Contents/Developer/ADC\ Reference\ Library/releasenotes/DeveloperTools
    export SYSTEM_DEVELOPER_USR_DIR\=/Applications/Xcode.app/Contents/Developer/usr
    export SYSTEM_DEVELOPER_UTILITIES_DIR\=/Applications/Xcode.app/Contents/Developer/Applications/Utilities
    export SYSTEM_DEXT_INSTALL_PATH\=/System/Library/DriverExtensions
    export SYSTEM_DOCUMENTATION_DIR\=/Library/Documentation
    export SYSTEM_EXTENSIONS_FOLDER_PATH\=absl.framework/SystemExtensions
    export SYSTEM_EXTENSIONS_FOLDER_PATH_SHALLOW_BUNDLE_NO\=absl.framework/Library/SystemExtensions
    export SYSTEM_EXTENSIONS_FOLDER_PATH_SHALLOW_BUNDLE_YES\=absl.framework/SystemExtensions
    export SYSTEM_KEXT_INSTALL_PATH\=/System/Library/Extensions
    export SYSTEM_LIBRARY_DIR\=/System/Library
    export TAPI_DEMANGLE\=YES
    export TAPI_ENABLE_PROJECT_HEADERS\=NO
    export TAPI_LANGUAGE\=objective-c
    export TAPI_LANGUAGE_STANDARD\=compiler-default
    export TAPI_USE_SRCROOT\=YES
    export TAPI_VERIFY_MODE\=Pedantic
    export TARGETED_DEVICE_FAMILY\=1,2
    export TARGETNAME\=abseil
    export TARGET_BUILD_DIR\=/Users/depoll/Library/Developer/Xcode/DerivedData/iOS-avedbudfywsssrcrcpqwadfjuouo/Build/Products/Debug-iphonesimulator/abseil
    export TARGET_DEVICE_IDENTIFIER\=D30C932C-87F7-40EA-BE73-1BADE34A55F2
    export TARGET_DEVICE_MODEL\=iPhone17,3
    export TARGET_DEVICE_OS_VERSION\=18.6
    export TARGET_DEVICE_PLATFORM_NAME\=iphonesimulator
    export TARGET_NAME\=abseil
    export TARGET_TEMP_DIR\=/Users/depoll/Library/Developer/Xcode/DerivedData/iOS-avedbudfywsssrcrcpqwadfjuouo/Build/Intermediates.noindex/Pods.build/Debug-iphonesimulator/abseil.build
    export TEMP_DIR\=/Users/depoll/Library/Developer/Xcode/DerivedData/iOS-avedbudfywsssrcrcpqwadfjuouo/Build/Intermediates.noindex/Pods.build/Debug-iphonesimulator/abseil.build
    export TEMP_FILES_DIR\=/Users/depoll/Library/Developer/Xcode/DerivedData/iOS-avedbudfywsssrcrcpqwadfjuouo/Build/Intermediates.noindex/Pods.build/Debug-iphonesimulator/abseil.build
    export TEMP_FILE_DIR\=/Users/depoll/Library/Developer/Xcode/DerivedData/iOS-avedbudfywsssrcrcpqwadfjuouo/Build/Intermediates.noindex/Pods.build/Debug-iphonesimulator/abseil.build
    export TEMP_ROOT\=/Users/depoll/Library/Developer/Xcode/DerivedData/iOS-avedbudfywsssrcrcpqwadfjuouo/Build/Intermediates.noindex
    export TEMP_SANDBOX_DIR\=/Users/depoll/Library/Developer/Xcode/DerivedData/iOS-avedbudfywsssrcrcpqwadfjuouo/Build/Intermediates.noindex/TemporaryTaskSandboxes
    export TEST_FRAMEWORK_SEARCH_PATHS\=\ /Applications/Xcode.app/Contents/Developer/Platforms/iPhoneSimulator.platform/Developer/Library/Frameworks\ /Applications/Xcode.app/Contents/Developer/Platforms/iPhoneSimulator.platform/Developer/SDKs/iPhoneSimulator26.1.sdk/Developer/Library/Frameworks
    export TEST_LIBRARY_SEARCH_PATHS\=\ /Applications/Xcode.app/Contents/Developer/Platforms/iPhoneSimulator.platform/Developer/usr/lib
    export TOOLCHAINS\=com.apple.dt.toolchain.XcodeDefault
    export TOOLCHAIN_DIR\=/Applications/Xcode.app/Contents/Developer/Toolchains/XcodeDefault.xctoolchain
    export TREAT_MISSING_BASELINES_AS_TEST_FAILURES\=NO
    export TREAT_MISSING_SCRIPT_PHASE_OUTPUTS_AS_ERRORS\=NO
    export TeamIdentifierPrefix\=FAKETEAMID.
    export UID\=501
    export UNINSTALLED_PRODUCTS_DIR\=/Users/depoll/Library/Developer/Xcode/DerivedData/iOS-avedbudfywsssrcrcpqwadfjuouo/Build/Intermediates.noindex/UninstalledProducts
    export UNLOCALIZED_RESOURCES_FOLDER_PATH\=absl.framework
    export UNLOCALIZED_RESOURCES_FOLDER_PATH_SHALLOW_BUNDLE_NO\=absl.framework/Resources
    export UNLOCALIZED_RESOURCES_FOLDER_PATH_SHALLOW_BUNDLE_YES\=absl.framework
    export UNSTRIPPED_PRODUCT\=NO
    export USER\=depoll
    export USER_APPS_DIR\=/Users/depoll/Applications
    export USER_HEADER_SEARCH_PATHS\=\ \"/Users/depoll/Code/depollsoft/iOS/Pods/abseil\"
    export USER_LIBRARY_DIR\=/Users/depoll/Library
    export USE_DYNAMIC_NO_PIC\=YES
    export USE_HEADERMAP\=NO
    export USE_HEADER_SYMLINKS\=NO
    export USE_RECURSIVE_SCRIPT_INPUTS_IN_SCRIPT_PHASES\=YES
    export VALIDATE_DEVELOPMENT_ASSET_PATHS\=YES_ERROR
    export VALIDATE_PRODUCT\=NO
    export VALID_ARCHS\=arm64\ x86_64
    export VERBOSE_PBXCP\=NO
    export VERSIONING_SYSTEM\=apple-generic
    export VERSIONPLIST_PATH\=absl.framework/version.plist
    export VERSIONS_FOLDER_PATH\=absl.framework
    export VERSIONS_FOLDER_PATH_SHALLOW_BUNDLE_NO\=absl.framework/Versions
    export VERSIONS_FOLDER_PATH_SHALLOW_BUNDLE_YES\=absl.framework
    export VERSION_INFO_BUILDER\=depoll
    export VERSION_INFO_FILE\=absl_vers.c
    export VERSION_INFO_STRING\=\"@\(\#\)PROGRAM:absl\ \ PROJECT:Pods-1\"
    export WORKSPACE_DIR\=/Users/depoll/Code/depollsoft/iOS
    export WRAPPER_EXTENSION\=framework
    export WRAPPER_NAME\=absl.framework
    export WRAPPER_SUFFIX\=.framework
    export WRAP_ASSET_PACKS_IN_SEPARATE_DIRECTORIES\=NO
    export XCODE_APP_SUPPORT_DIR\=/Applications/Xcode.app/Contents/Developer/Library/Xcode
    export XCODE_PRODUCT_BUILD_VERSION\=17B100
    export XCODE_VERSION_ACTUAL\=2611
    export XCODE_VERSION_MAJOR\=2600
    export XCODE_VERSION_MINOR\=2610
    export XPCSERVICES_FOLDER_PATH\=absl.framework/XPCServices
    export YACC\=yacc
    export _DISCOVER_COMMAND_LINE_LINKER_INPUTS\=YES
    export _DISCOVER_COMMAND_LINE_LINKER_INPUTS_INCLUDE_WL\=YES
    export _LD_MULTIARCH\=YES
    export _WRAPPER_CONTENTS_DIR_SHALLOW_BUNDLE_NO\=/Contents
    export _WRAPPER_PARENT_PATH_SHALLOW_BUNDLE_NO\=/..
    export _WRAPPER_RESOURCES_DIR_SHALLOW_BUNDLE_NO\=/Resources
    export __DIAGNOSE_DEPRECATED_ARCHS\=YES
    export arch\=undefined_arch
    export variant\=normal
    /bin/sh -c /Users/depoll/Library/Developer/Xcode/DerivedData/iOS-avedbudfywsssrcrcpqwadfjuouo/Build/Intermediates.noindex/Pods.build/Debug-iphonesimulator/abseil.build/Script-46EB2E00026D90.sh

PhaseScriptExecution Create\ Symlinks\ to\ Header\ Folders /Users/depoll/Library/Developer/Xcode/DerivedData/iOS-avedbudfywsssrcrcpqwadfjuouo/Build/Intermediates.noindex/Pods.build/Debug-iphonesimulator/BoringSSL-GRPC.build/Script-46EB2E0001CB40.sh (in target 'BoringSSL-GRPC' from project 'Pods')
    cd /Users/depoll/Code/depollsoft/iOS/Pods
    export ACTION\=build
    export AD_HOC_CODE_SIGNING_ALLOWED\=YES
    export ALLOW_BUILD_REQUEST_OVERRIDES\=NO
    export ALLOW_TARGET_PLATFORM_SPECIALIZATION\=NO
    export ALTERNATE_GROUP\=staff
    export ALTERNATE_MODE\=u+w,go-w,a+rX
    export ALTERNATE_OWNER\=depoll
    export ALTERNATIVE_DISTRIBUTION_WEB\=NO
    export ALWAYS_EMBED_SWIFT_STANDARD_LIBRARIES\=NO
    export ALWAYS_SEARCH_USER_PATHS\=NO
    export ALWAYS_USE_SEPARATE_HEADERMAPS\=NO
    export APPLICATION_EXTENSION_API_ONLY\=NO
    export APPLY_RULES_IN_COPY_FILES\=NO
    export APPLY_RULES_IN_COPY_HEADERS\=NO
    export APP_SHORTCUTS_ENABLE_FLEXIBLE_MATCHING\=YES
    export ARCHS\=arm64
    export ARCHS_STANDARD\=arm64\ x86_64
    export ARCHS_STANDARD_32_64_BIT\=arm64\ x86_64
    export ARCHS_STANDARD_64_BIT\=arm64\ x86_64
    export ARCHS_STANDARD_INCLUDING_64_BIT\=arm64\ x86_64
    export ARCHS_UNIVERSAL_IPHONE_OS\=arm64\ x86_64
    export ASSETCATALOG_FILTER_FOR_DEVICE_MODEL\=iPhone17,3
    export ASSETCATALOG_FILTER_FOR_DEVICE_OS_VERSION\=18.6
    export ASSETCATALOG_FILTER_FOR_THINNING_DEVICE_CONFIGURATION\=iPhone17,3
    export AUTOMATICALLY_MERGE_DEPENDENCIES\=NO
    export AUTOMATION_APPLE_EVENTS\=NO
    export AVAILABLE_PLATFORMS\=android\ appletvos\ appletvsimulator\ driverkit\ iphoneos\ iphonesimulator\ macosx\ qnx\ watchos\ watchsimulator\ webassembly\ xros\ xrsimulator
    export AppIdentifierPrefix\=FAKETEAMID.
    export BUILD_ACTIVE_RESOURCES_ONLY\=YES
    export BUILD_COMPONENTS\=headers\ build
    export BUILD_DIR\=/Users/depoll/Library/Developer/Xcode/DerivedData/iOS-avedbudfywsssrcrcpqwadfjuouo/Build/Products
    export BUILD_LIBRARY_FOR_DISTRIBUTION\=NO
    export BUILD_ROOT\=/Users/depoll/Library/Developer/Xcode/DerivedData/iOS-avedbudfywsssrcrcpqwadfjuouo/Build/Products
    export BUILD_STYLE\=
    export BUILD_VARIANTS\=normal
    export BUILT_PRODUCTS_DIR\=/Users/depoll/Library/Developer/Xcode/DerivedData/iOS-avedbudfywsssrcrcpqwadfjuouo/Build/Products/Debug-iphonesimulator/BoringSSL-GRPC
    export BUNDLE_CONTENTS_FOLDER_PATH_deep\=Contents/
    export BUNDLE_EXECUTABLE_FOLDER_NAME_deep\=MacOS
    export BUNDLE_EXTENSIONS_FOLDER_PATH\=Extensions
    export BUNDLE_FORMAT\=shallow
    export BUNDLE_FRAMEWORKS_FOLDER_PATH\=Frameworks
    export BUNDLE_PLUGINS_FOLDER_PATH\=PlugIns
    export BUNDLE_PRIVATE_HEADERS_FOLDER_PATH\=PrivateHeaders
    export BUNDLE_PUBLIC_HEADERS_FOLDER_PATH\=Headers
    export CACHE_ROOT\=/var/folders/t3/74hfljcd1bsc2k0mwj3tx1j00000gn/C/com.apple.DeveloperTools/26.1.1-17B100/Xcode
    export CCHROOT\=/var/folders/t3/74hfljcd1bsc2k0mwj3tx1j00000gn/C/com.apple.DeveloperTools/26.1.1-17B100/Xcode
    export CHMOD\=/bin/chmod
    export CHOWN\=/usr/sbin/chown
    export CLANG_ANALYZER_LOCALIZABILITY_NONLOCALIZED\=YES
    export CLANG_ANALYZER_NONNULL\=YES
    export CLANG_ANALYZER_NUMBER_OBJECT_CONVERSION\=YES_AGGRESSIVE
    export CLANG_CACHE_FINE_GRAINED_OUTPUTS\=YES
    export CLANG_COVERAGE_MAPPING\=YES
    export CLANG_CXX_LANGUAGE_STANDARD\=gnu++14
    export CLANG_CXX_LIBRARY\=libc++
    export CLANG_ENABLE_EXPLICIT_MODULES\=YES
    export CLANG_ENABLE_MODULES\=YES
    export CLANG_ENABLE_OBJC_ARC\=YES
    export CLANG_ENABLE_OBJC_WEAK\=NO
    export CLANG_MODULES_BUILD_SESSION_FILE\=/Users/depoll/Library/Developer/Xcode/DerivedData/ModuleCache.noindex/Session.modulevalidation
    export CLANG_PROFILE_DATA_DIRECTORY\=/Users/depoll/Library/Developer/Xcode/DerivedData/iOS-avedbudfywsssrcrcpqwadfjuouo/Build/ProfileData
    export CLANG_WARN_BLOCK_CAPTURE_AUTORELEASING\=YES
    export CLANG_WARN_BOOL_CONVERSION\=YES
    export CLANG_WARN_COMMA\=YES
    export CLANG_WARN_CONSTANT_CONVERSION\=YES
    export CLANG_WARN_DEPRECATED_OBJC_IMPLEMENTATIONS\=YES
    export CLANG_WARN_DIRECT_OBJC_ISA_USAGE\=YES_ERROR
    export CLANG_WARN_DOCUMENTATION_COMMENTS\=YES
    export CLANG_WARN_EMPTY_BODY\=YES
    export CLANG_WARN_ENUM_CONVERSION\=YES
    export CLANG_WARN_INFINITE_RECURSION\=YES
    export CLANG_WARN_INT_CONVERSION\=YES
    export CLANG_WARN_NON_LITERAL_NULL_CONVERSION\=YES
    export CLANG_WARN_OBJC_IMPLICIT_RETAIN_SELF\=YES
    export CLANG_WARN_OBJC_LITERAL_CONVERSION\=YES
    export CLANG_WARN_OBJC_ROOT_CLASS\=YES_ERROR
    export CLANG_WARN_QUOTED_INCLUDE_IN_FRAMEWORK_HEADER\=NO
    export CLANG_WARN_RANGE_LOOP_ANALYSIS\=YES
    export CLANG_WARN_STRICT_PROTOTYPES\=YES
    export CLANG_WARN_SUSPICIOUS_MOVE\=YES
    export CLANG_WARN_UNGUARDED_AVAILABILITY\=YES_AGGRESSIVE
    export CLANG_WARN_UNREACHABLE_CODE\=YES
    export CLANG_WARN__DUPLICATE_METHOD_MATCH\=YES
    export CLASS_FILE_DIR\=/Users/depoll/Library/Developer/Xcode/DerivedData/iOS-avedbudfywsssrcrcpqwadfjuouo/Build/Intermediates.noindex/Pods.build/Debug-iphonesimulator/BoringSSL-GRPC.build/JavaClasses
    export CLEAN_PRECOMPS\=YES
    export CLONE_HEADERS\=NO
    export CODESIGNING_FOLDER_PATH\=/Users/depoll/Library/Developer/Xcode/DerivedData/iOS-avedbudfywsssrcrcpqwadfjuouo/Build/Products/Debug-iphonesimulator/BoringSSL-GRPC/openssl_grpc.framework
    export CODE_SIGNING_ALLOWED\=YES
    export CODE_SIGNING_REQUIRED\=NO
    export CODE_SIGNING_REQUIRES_TEAM\=YES
    export CODE_SIGN_CONTEXT_CLASS\=XCiPhoneSimulatorCodeSignContext
    export CODE_SIGN_IDENTITY\=-
    export CODE_SIGN_INJECT_BASE_ENTITLEMENTS\=YES
    export COLOR_DIAGNOSTICS\=NO
    export COMBINE_HIDPI_IMAGES\=NO
    export COMPILATION_CACHE_CAS_PATH\=/Users/depoll/Library/Developer/Xcode/DerivedData/CompilationCache.noindex
    export COMPILATION_CACHE_KEEP_CAS_DIRECTORY\=YES
    export COMPILER_INDEX_STORE_ENABLE\=Default
    export COMPOSITE_SDK_DIRS\=/Users/depoll/Library/Developer/Xcode/DerivedData/iOS-avedbudfywsssrcrcpqwadfjuouo/Build/Intermediates.noindex/CompositeSDKs
    export COMPRESS_PNG_FILES\=YES
    export CONFIGURATION\=Debug
    export CONFIGURATION_BUILD_DIR\=/Users/depoll/Library/Developer/Xcode/DerivedData/iOS-avedbudfywsssrcrcpqwadfjuouo/Build/Products/Debug-iphonesimulator/BoringSSL-GRPC
    export CONFIGURATION_TEMP_DIR\=/Users/depoll/Library/Developer/Xcode/DerivedData/iOS-avedbudfywsssrcrcpqwadfjuouo/Build/Intermediates.noindex/Pods.build/Debug-iphonesimulator
    export CONTENTS_FOLDER_PATH\=openssl_grpc.framework
    export CONTENTS_FOLDER_PATH_SHALLOW_BUNDLE_NO\=openssl_grpc.framework/A
    export CONTENTS_FOLDER_PATH_SHALLOW_BUNDLE_YES\=openssl_grpc.framework
    export COPYING_PRESERVES_HFS_DATA\=NO
    export COPY_HEADERS_RUN_UNIFDEF\=NO
    export COPY_PHASE_STRIP\=NO
    export CORRESPONDING_DEVICE_PLATFORM_DIR\=/Applications/Xcode.app/Contents/Developer/Platforms/iPhoneOS.platform
    export CORRESPONDING_DEVICE_PLATFORM_NAME\=iphoneos
    export CORRESPONDING_DEVICE_SDK_DIR\=/Applications/Xcode.app/Contents/Developer/Platforms/iPhoneOS.platform/Developer/SDKs/iPhoneOS26.1.sdk
    export CORRESPONDING_DEVICE_SDK_NAME\=iphoneos26.1
    export CP\=/bin/cp
    export CREATE_INFOPLIST_SECTION_IN_BINARY\=NO
    export CURRENT_ARCH\=undefined_arch
    export CURRENT_PROJECT_VERSION\=1
    export CURRENT_VARIANT\=normal
    export CURRENT_VERSION\=Current
    export DEAD_CODE_STRIPPING\=YES
    export DEBUGGING_SYMBOLS\=YES
    export DEBUG_INFORMATION_FORMAT\=dwarf
    export DEBUG_INFORMATION_VERSION\=compiler-default
    export DEFAULT_COMPILER\=com.apple.compilers.llvm.clang.1_0
    export DEFAULT_DEXT_INSTALL_PATH\=/System/Library/DriverExtensions
    export DEFAULT_KEXT_INSTALL_PATH\=/System/Library/Extensions
    export DEFINES_MODULE\=YES
    export DEPLOYMENT_LOCATION\=NO
    export DEPLOYMENT_POSTPROCESSING\=NO
    export DEPLOYMENT_TARGET_SETTING_NAME\=IPHONEOS_DEPLOYMENT_TARGET
    export DEPLOYMENT_TARGET_SUGGESTED_VALUES\=12.0\ 12.1\ 12.2\ 12.3\ 12.4\ 13.0\ 13.1\ 13.2\ 13.3\ 13.4\ 13.5\ 13.6\ 14.0\ 14.1\ 14.2\ 14.3\ 14.4\ 14.5\ 14.6\ 14.7\ 15.0\ 15.1\ 15.2\ 15.3\ 15.4\ 15.5\ 15.6\ 16.0\ 16.1\ 16.2\ 16.3\ 16.4\ 16.5\ 16.6\ 17.0\ 17.1\ 17.2\ 17.3\ 17.4\ 17.5\ 17.6\ 18.0\ 18.1\ 18.2\ 18.3\ 18.4\ 18.5\ 18.6\ 26.0\ 26.1
    export DERIVED_FILES_DIR\=/Users/depoll/Library/Developer/Xcode/DerivedData/iOS-avedbudfywsssrcrcpqwadfjuouo/Build/Intermediates.noindex/Pods.build/Debug-iphonesimulator/BoringSSL-GRPC.build/DerivedSources
    export DERIVED_FILE_DIR\=/Users/depoll/Library/Developer/Xcode/DerivedData/iOS-avedbudfywsssrcrcpqwadfjuouo/Build/Intermediates.noindex/Pods.build/Debug-iphonesimulator/BoringSSL-GRPC.build/DerivedSources
    export DERIVED_SOURCES_DIR\=/Users/depoll/Library/Developer/Xcode/DerivedData/iOS-avedbudfywsssrcrcpqwadfjuouo/Build/Intermediates.noindex/Pods.build/Debug-iphonesimulator/BoringSSL-GRPC.build/DerivedSources
    export DEVELOPER_APPLICATIONS_DIR\=/Applications/Xcode.app/Contents/Developer/Applications
    export DEVELOPER_BIN_DIR\=/Applications/Xcode.app/Contents/Developer/usr/bin
    export DEVELOPER_DIR\=/Applications/Xcode.app/Contents/Developer
    export DEVELOPER_FRAMEWORKS_DIR\=/Applications/Xcode.app/Contents/Developer/Library/Frameworks
    export DEVELOPER_FRAMEWORKS_DIR_QUOTED\=/Applications/Xcode.app/Contents/Developer/Library/Frameworks
    export DEVELOPER_LIBRARY_DIR\=/Applications/Xcode.app/Contents/Developer/Library
    export DEVELOPER_SDK_DIR\=/Applications/Xcode.app/Contents/Developer/Platforms/MacOSX.platform/Developer/SDKs
    export DEVELOPER_TOOLS_DIR\=/Applications/Xcode.app/Contents/Developer/Tools
    export DEVELOPER_USR_DIR\=/Applications/Xcode.app/Contents/Developer/usr
    export DEVELOPMENT_LANGUAGE\=en
    export DIAGNOSE_MISSING_TARGET_DEPENDENCIES\=YES
    export DIFF\=/usr/bin/diff
    export DOCUMENTATION_FOLDER_PATH\=openssl_grpc.framework/en.lproj/Documentation
    export DONT_GENERATE_INFOPLIST_FILE\=NO
    export DSTROOT\=/tmp/Pods.dst
    export DT_TOOLCHAIN_DIR\=/Applications/Xcode.app/Contents/Developer/Toolchains/XcodeDefault.xctoolchain
    export DWARF_DSYM_FILE_NAME\=openssl_grpc.framework.dSYM
    export DWARF_DSYM_FILE_SHOULD_ACCOMPANY_PRODUCT\=NO
    export DWARF_DSYM_FOLDER_PATH\=/Users/depoll/Library/Developer/Xcode/DerivedData/iOS-avedbudfywsssrcrcpqwadfjuouo/Build/Products/Debug-iphonesimulator/BoringSSL-GRPC
    export DYLIB_COMPATIBILITY_VERSION\=1
    export DYLIB_CURRENT_VERSION\=1
    export DYLIB_INSTALL_NAME_BASE\=@rpath
    export DYNAMIC_LIBRARY_EXTENSION\=dylib
    export EAGER_COMPILATION_ALLOW_SCRIPTS\=NO
    export EAGER_LINKING\=NO
    export EFFECTIVE_PLATFORM_NAME\=-iphonesimulator
    export EMBEDDED_CONTENT_CONTAINS_SWIFT\=NO
    export EMBED_ASSET_PACKS_IN_PRODUCT_BUNDLE\=NO
    export ENABLE_APP_SANDBOX\=NO
    export ENABLE_CODE_COVERAGE\=YES
    export ENABLE_CPLUSPLUS_BOUNDS_SAFE_BUFFERS\=NO
    export ENABLE_C_BOUNDS_SAFETY\=NO
    export ENABLE_DEFAULT_HEADER_SEARCH_PATHS\=YES
    export ENABLE_DEFAULT_SEARCH_PATHS\=YES
    export ENABLE_ENHANCED_SECURITY\=NO
    export ENABLE_HARDENED_RUNTIME\=NO
    export ENABLE_HEADER_DEPENDENCIES\=YES
    export ENABLE_INCOMING_NETWORK_CONNECTIONS\=NO
    export ENABLE_MODULE_VERIFIER\=NO
    export ENABLE_ON_DEMAND_RESOURCES\=NO
    export ENABLE_OUTGOING_NETWORK_CONNECTIONS\=NO
    export ENABLE_POINTER_AUTHENTICATION\=NO
    export ENABLE_PREVIEWS\=NO
    export ENABLE_RESOURCE_ACCESS_AUDIO_INPUT\=NO
    export ENABLE_RESOURCE_ACCESS_BLUETOOTH\=NO
    export ENABLE_RESOURCE_ACCESS_CALENDARS\=NO
    export ENABLE_RESOURCE_ACCESS_CAMERA\=NO
    export ENABLE_RESOURCE_ACCESS_CONTACTS\=NO
    export ENABLE_RESOURCE_ACCESS_LOCATION\=NO
    export ENABLE_RESOURCE_ACCESS_PHOTO_LIBRARY\=NO
    export ENABLE_RESOURCE_ACCESS_PRINTING\=NO
    export ENABLE_RESOURCE_ACCESS_USB\=NO
    export ENABLE_SDK_IMPORTS\=NO
    export ENABLE_SECURITY_COMPILER_WARNINGS\=NO
    export ENABLE_STRICT_OBJC_MSGSEND\=YES
    export ENABLE_TESTABILITY\=YES
    export ENABLE_TESTING_SEARCH_PATHS\=NO
    export ENABLE_USER_SCRIPT_SANDBOXING\=NO
    export ENABLE_XOJIT_PREVIEWS\=YES
    export ENFORCE_VALID_ARCHS\=YES
    export ENTITLEMENTS_DESTINATION\=__entitlements
    export ENTITLEMENTS_REQUIRED\=NO
    export EXCLUDED_ARCHS\=x86_64
    export EXCLUDED_INSTALLSRC_SUBDIRECTORY_PATTERNS\=.DS_Store\ .svn\ .git\ .hg\ CVS
    export EXCLUDED_RECURSIVE_SEARCH_PATH_SUBDIRECTORIES\=\*.nib\ \*.lproj\ \*.framework\ \*.gch\ \*.xcode\*\ \*.xcassets\ \*.icon\ \(\*\)\ .DS_Store\ CVS\ .svn\ .git\ .hg\ \*.pbproj\ \*.pbxproj
    export EXECUTABLES_FOLDER_PATH\=openssl_grpc.framework/en.lproj
    export EXECUTABLE_FOLDER_PATH\=openssl_grpc.framework
    export EXECUTABLE_FOLDER_PATH_SHALLOW_BUNDLE_NO\=openssl_grpc.framework
    export EXECUTABLE_FOLDER_PATH_SHALLOW_BUNDLE_YES\=openssl_grpc.framework
    export EXECUTABLE_NAME\=openssl_grpc
    export EXECUTABLE_PATH\=openssl_grpc.framework/openssl_grpc
    export EXPANDED_CODE_SIGN_IDENTITY\=-
    export EXPANDED_CODE_SIGN_IDENTITY_NAME\=Sign\ to\ Run\ Locally
    export EXTENSIONS_FOLDER_PATH\=openssl_grpc.framework/Extensions
    export FILE_LIST\=/Users/depoll/Library/Developer/Xcode/DerivedData/iOS-avedbudfywsssrcrcpqwadfjuouo/Build/Intermediates.noindex/Pods.build/Debug-iphonesimulator/BoringSSL-GRPC.build/Objects/LinkFileList
    export FIXED_FILES_DIR\=/Users/depoll/Library/Developer/Xcode/DerivedData/iOS-avedbudfywsssrcrcpqwadfjuouo/Build/Intermediates.noindex/Pods.build/Debug-iphonesimulator/BoringSSL-GRPC.build/FixedFiles
    export FRAMEWORKS_FOLDER_PATH\=openssl_grpc.framework/Frameworks
    export FRAMEWORK_FLAG_PREFIX\=-framework
    export FRAMEWORK_SEARCH_PATHS\=/Users/depoll/Library/Developer/Xcode/DerivedData/iOS-avedbudfywsssrcrcpqwadfjuouo/Build/Products/Debug-iphonesimulator/BoringSSL-GRPC\ 
    export FRAMEWORK_VERSION\=A
    export FULL_PRODUCT_NAME\=openssl_grpc.framework
    export FUSE_BUILD_PHASES\=YES
    export FUSE_BUILD_SCRIPT_PHASES\=NO
    export GCC3_VERSION\=3.3
    export GCC_C_LANGUAGE_STANDARD\=gnu11
    export GCC_DYNAMIC_NO_PIC\=NO
    export GCC_INLINES_ARE_PRIVATE_EXTERN\=YES
    export GCC_NO_COMMON_BLOCKS\=YES
    export GCC_OBJC_LEGACY_DISPATCH\=YES
    export GCC_OPTIMIZATION_LEVEL\=0
    export GCC_PFE_FILE_C_DIALECTS\=c\ objective-c\ c++\ objective-c++
    export GCC_PREFIX_HEADER\=Target\ Support\ Files/BoringSSL-GRPC/BoringSSL-GRPC-prefix.pch
    export GCC_PREPROCESSOR_DEFINITIONS\=POD_CONFIGURATION_DEBUG\=1\ DEBUG\=1\ \ COCOAPODS\=1
    export GCC_TREAT_WARNINGS_AS_ERRORS\=NO
    export GCC_VERSION\=com.apple.compilers.llvm.clang.1_0
    export GCC_VERSION_IDENTIFIER\=com_apple_compilers_llvm_clang_1_0
    export GCC_WARN_64_TO_32_BIT_CONVERSION\=YES
    export GCC_WARN_ABOUT_RETURN_TYPE\=YES_ERROR
    export GCC_WARN_UNDECLARED_SELECTOR\=YES
    export GCC_WARN_UNINITIALIZED_AUTOS\=YES_AGGRESSIVE
    export GCC_WARN_UNUSED_FUNCTION\=YES
    export GCC_WARN_UNUSED_VARIABLE\=YES
    export GENERATED_MODULEMAP_DIR\=/Users/depoll/Library/Developer/Xcode/DerivedData/iOS-avedbudfywsssrcrcpqwadfjuouo/Build/Intermediates.noindex/GeneratedModuleMaps-iphonesimulator
    export GENERATE_INFOPLIST_FILE\=NO
    export GENERATE_INTERMEDIATE_TEXT_BASED_STUBS\=YES
    export GENERATE_PKGINFO_FILE\=NO
    export GENERATE_PRELINK_OBJECT_FILE\=NO
    export GENERATE_PROFILING_CODE\=NO
    export GENERATE_TEXT_BASED_STUBS\=NO
    export GID\=20
    export GROUP\=staff
    export HEADERMAP_INCLUDES_FLAT_ENTRIES_FOR_TARGET_BEING_BUILT\=YES
    export HEADERMAP_INCLUDES_FRAMEWORK_ENTRIES_FOR_ALL_PRODUCT_TYPES\=YES
    export HEADERMAP_INCLUDES_FRAMEWORK_ENTRIES_FOR_TARGETS_NOT_BEING_BUILT\=YES
    export HEADERMAP_INCLUDES_NONPUBLIC_NONPRIVATE_HEADERS\=YES
    export HEADERMAP_INCLUDES_PROJECT_HEADERS\=YES
    export HEADERMAP_USES_FRAMEWORK_PREFIX_ENTRIES\=YES
    export HEADERMAP_USES_VFS\=YES
    export HEADER_SEARCH_PATHS\=/Users/depoll/Library/Developer/Xcode/DerivedData/iOS-avedbudfywsssrcrcpqwadfjuouo/Build/Products/Debug-iphonesimulator/BoringSSL-GRPC/include\ 
    export HOME\=/Users/depoll
    export HOST_ARCH\=arm64
    export HOST_PLATFORM\=macosx
    export ICONV\=/usr/bin/iconv
    export IMPLICIT_DEPENDENCY_DOMAIN\=default
    export INFOPLIST_ENABLE_CFBUNDLEICONS_MERGE\=YES
    export INFOPLIST_EXPAND_BUILD_SETTINGS\=YES
    export INFOPLIST_FILE\=Target\ Support\ Files/BoringSSL-GRPC/BoringSSL-GRPC-Info.plist
    export INFOPLIST_OUTPUT_FORMAT\=binary
    export INFOPLIST_PATH\=openssl_grpc.framework/Info.plist
    export INFOPLIST_PREPROCESS\=NO
    export INFOSTRINGS_PATH\=openssl_grpc.framework/en.lproj/InfoPlist.strings
    export INLINE_PRIVATE_FRAMEWORKS\=NO
    export INSTALLAPI_IGNORE_SKIP_INSTALL\=YES
    export INSTALLHDRS_COPY_PHASE\=NO
    export INSTALLHDRS_SCRIPT_PHASE\=NO
    export INSTALL_DIR\=/tmp/Pods.dst/Library/Frameworks
    export INSTALL_GROUP\=staff
    export INSTALL_MODE_FLAG\=u+w,go-w,a+rX
    export INSTALL_OWNER\=depoll
    export INSTALL_PATH\=/Library/Frameworks
    export INSTALL_ROOT\=/tmp/Pods.dst
    export IPHONEOS_DEPLOYMENT_TARGET\=13.0
    export IS_UNOPTIMIZED_BUILD\=YES
    export JAVAC_DEFAULT_FLAGS\=-J-Xms64m\ -J-XX:NewSize\=4M\ -J-Dfile.encoding\=UTF8
    export JAVA_APP_STUB\=/System/Library/Frameworks/JavaVM.framework/Resources/MacOS/JavaApplicationStub
    export JAVA_ARCHIVE_CLASSES\=YES
    export JAVA_ARCHIVE_TYPE\=JAR
    export JAVA_COMPILER\=/usr/bin/javac
    export JAVA_FOLDER_PATH\=openssl_grpc.framework/Java
    export JAVA_FRAMEWORK_RESOURCES_DIRS\=Resources
    export JAVA_JAR_FLAGS\=cv
    export JAVA_SOURCE_SUBDIR\=.
    export JAVA_USE_DEPENDENCIES\=YES
    export JAVA_ZIP_FLAGS\=-urg
    export JIKES_DEFAULT_FLAGS\=+E\ +OLDCSO
    export KEEP_PRIVATE_EXTERNS\=NO
    export LD_DEPENDENCY_INFO_FILE\=/Users/depoll/Library/Developer/Xcode/DerivedData/iOS-avedbudfywsssrcrcpqwadfjuouo/Build/Intermediates.noindex/Pods.build/Debug-iphonesimulator/BoringSSL-GRPC.build/Objects-normal/undefined_arch/openssl_grpc_dependency_info.dat
    export LD_DYLIB_INSTALL_NAME\=@rpath/openssl_grpc.framework/openssl_grpc
    export LD_EXPORT_SYMBOLS\=YES
    export LD_GENERATE_MAP_FILE\=NO
    export LD_MAP_FILE_PATH\=/Users/depoll/Library/Developer/Xcode/DerivedData/iOS-avedbudfywsssrcrcpqwadfjuouo/Build/Intermediates.noindex/Pods.build/Debug-iphonesimulator/BoringSSL-GRPC.build/openssl_grpc-LinkMap-normal-undefined_arch.txt
    export LD_NO_PIE\=NO
    export LD_QUOTE_LINKER_ARGUMENTS_FOR_COMPILER_DRIVER\=YES
    export LD_RUNPATH_SEARCH_PATHS\=\ @executable_path/Frameworks\ @loader_path/Frameworks
    export LD_SHARED_CACHE_ELIGIBLE\=Automatic
    export LD_WARN_DUPLICATE_LIBRARIES\=NO
    export LD_WARN_UNUSED_DYLIBS\=NO
    export LEGACY_DEVELOPER_DIR\=/Applications/Xcode.app/Contents/PlugIns/Xcode3Core.ideplugin/Contents/SharedSupport/Developer
    export LEX\=lex
    export LIBRARY_DEXT_INSTALL_PATH\=/Library/DriverExtensions
    export LIBRARY_FLAG_NOSPACE\=YES
    export LIBRARY_FLAG_PREFIX\=-l
    export LIBRARY_KEXT_INSTALL_PATH\=/Library/Extensions
    export LIBRARY_SEARCH_PATHS\=/Users/depoll/Library/Developer/Xcode/DerivedData/iOS-avedbudfywsssrcrcpqwadfjuouo/Build/Products/Debug-iphonesimulator/BoringSSL-GRPC\ 
    export LINKER_DISPLAYS_MANGLED_NAMES\=NO
    export LINK_FILE_LIST_normal_arm64\=/Users/depoll/Library/Developer/Xcode/DerivedData/iOS-avedbudfywsssrcrcpqwadfjuouo/Build/Intermediates.noindex/Pods.build/Debug-iphonesimulator/BoringSSL-GRPC.build/Objects-normal/arm64/openssl_grpc.LinkFileList
    export LINK_OBJC_RUNTIME\=YES
    export LINK_WITH_STANDARD_LIBRARIES\=YES
    export LLVM_TARGET_TRIPLE_OS_VERSION\=ios13.0
    export LLVM_TARGET_TRIPLE_SUFFIX\=-simulator
    export LLVM_TARGET_TRIPLE_VENDOR\=apple
    export LM_AUX_CONST_METADATA_LIST_PATH_normal_arm64\=/Users/depoll/Library/Developer/Xcode/DerivedData/iOS-avedbudfywsssrcrcpqwadfjuouo/Build/Intermediates.noindex/Pods.build/Debug-iphonesimulator/BoringSSL-GRPC.build/Objects-normal/arm64/openssl_grpc.SwiftConstValuesFileList
    export LOCALIZATION_EXPORT_SUPPORTED\=YES
    export LOCALIZATION_PREFERS_STRING_CATALOGS\=NO
    export LOCALIZED_RESOURCES_FOLDER_PATH\=openssl_grpc.framework/en.lproj
    export LOCALIZED_STRING_MACRO_NAMES\=NSLocalizedString\ CFCopyLocalizedString
    export LOCALIZED_STRING_SWIFTUI_SUPPORT\=YES
    export LOCAL_ADMIN_APPS_DIR\=/Applications/Utilities
    export LOCAL_APPS_DIR\=/Applications
    export LOCAL_DEVELOPER_DIR\=/Library/Developer
    export LOCAL_LIBRARY_DIR\=/Library
    export LOCROOT\=/Users/depoll/Code/depollsoft/iOS/Pods
    export LOCSYMROOT\=/Users/depoll/Code/depollsoft/iOS/Pods
    export MACH_O_TYPE\=mh_dylib
    export MAC_OS_X_PRODUCT_BUILD_VERSION\=25B78
    export MAC_OS_X_VERSION_ACTUAL\=260100
    export MAC_OS_X_VERSION_MAJOR\=260000
    export MAC_OS_X_VERSION_MINOR\=260100
    export MAKE_MERGEABLE\=NO
    export MERGEABLE_LIBRARY\=NO
    export MERGED_BINARY_TYPE\=none
    export MERGE_LINKED_LIBRARIES\=NO
    export METAL_LIBRARY_FILE_BASE\=default
    export METAL_LIBRARY_OUTPUT_DIR\=/Users/depoll/Library/Developer/Xcode/DerivedData/iOS-avedbudfywsssrcrcpqwadfjuouo/Build/Products/Debug-iphonesimulator/BoringSSL-GRPC/openssl_grpc.framework
    export MODULEMAP_FILE\=Target\ Support\ Files/BoringSSL-GRPC/BoringSSL-GRPC.modulemap
    export MODULES_FOLDER_PATH\=openssl_grpc.framework/Modules
    export MODULE_CACHE_DIR\=/Users/depoll/Library/Developer/Xcode/DerivedData/ModuleCache.noindex
    export MTL_ENABLE_DEBUG_INFO\=INCLUDE_SOURCE
    export MTL_FAST_MATH\=YES
    export NATIVE_ARCH\=arm64
    export NATIVE_ARCH_32_BIT\=arm
    export NATIVE_ARCH_64_BIT\=arm64
    export NATIVE_ARCH_ACTUAL\=arm64
    export NO_COMMON\=YES
    export OBJC_ABI_VERSION\=2
    export OBJECT_FILE_DIR\=/Users/depoll/Library/Developer/Xcode/DerivedData/iOS-avedbudfywsssrcrcpqwadfjuouo/Build/Intermediates.noindex/Pods.build/Debug-iphonesimulator/BoringSSL-GRPC.build/Objects
    export OBJECT_FILE_DIR_normal\=/Users/depoll/Library/Developer/Xcode/DerivedData/iOS-avedbudfywsssrcrcpqwadfjuouo/Build/Intermediates.noindex/Pods.build/Debug-iphonesimulator/BoringSSL-GRPC.build/Objects-normal
    export OBJROOT\=/Users/depoll/Library/Developer/Xcode/DerivedData/iOS-avedbudfywsssrcrcpqwadfjuouo/Build/Intermediates.noindex
    export ONLY_ACTIVE_ARCH\=YES
    export OS\=MACOS
    export OSAC\=/usr/bin/osacompile
    export PACKAGE_TYPE\=com.apple.package-type.wrapper.framework
    export PASCAL_STRINGS\=YES
    export PATH\=/Applications/Xcode.app/Contents/SharedFrameworks/SwiftBuild.framework/Versions/A/PlugIns/SWBBuildService.bundle/Contents/PlugIns/SWBUniversalPlatformPlugin.bundle/Contents/Frameworks/SWBUniversalPlatform.framework/Resources:/Applications/Xcode.app/Contents/Developer/Toolchains/XcodeDefault.xctoolchain/usr/bin:/Applications/Xcode.app/Contents/Developer/Toolchains/XcodeDefault.xctoolchain/usr/local/bin:/Applications/Xcode.app/Contents/Developer/Toolchains/XcodeDefault.xctoolchain/usr/libexec:/Applications/Xcode.app/Contents/Developer/Platforms/iPhoneSimulator.platform/usr/bin:/Applications/Xcode.app/Contents/Developer/Platforms/iPhoneSimulator.platform/usr/local/bin:/Applications/Xcode.app/Contents/Developer/Platforms/iPhoneSimulator.platform/Developer/usr/bin:/Applications/Xcode.app/Contents/Developer/Platforms/iPhoneSimulator.platform/Developer/usr/local/bin:/Applications/Xcode.app/Contents/Developer/usr/bin:/Applications/Xcode.app/Contents/Developer/usr/local/bin:/Users/depoll/.rbenv/shims:/opt/homebrew/opt/openjdk/bin:/Users/depoll/opt/anaconda3/bin:/Users/depoll/opt/anaconda3/condabin:/opt/homebrew/bin:/opt/homebrew/sbin:/usr/local/bin:/System/Cryptexes/App/usr/bin:/usr/bin:/bin:/usr/sbin:/sbin:/var/run/com.apple.security.cryptexd/codex.system/bootstrap/usr/local/bin:/var/run/com.apple.security.cryptexd/codex.system/bootstrap/usr/bin:/var/run/com.apple.security.cryptexd/codex.system/bootstrap/usr/appleinternal/bin:/opt/pmk/env/global/bin:/Library/Apple/usr/bin:/usr/local/MacGPG2/bin:/Users/depoll/.cargo/bin:/Users/depoll/Library/Android/sdk/platform-tools:/Users/depoll/.local/bin:/Users/depoll/.lmstudio/bin
    export PATH_PREFIXES_EXCLUDED_FROM_HEADER_DEPENDENCIES\=/usr/include\ /usr/local/include\ /System/Library/Frameworks\ /System/Library/PrivateFrameworks\ /Applications/Xcode.app/Contents/Developer/Headers\ /Applications/Xcode.app/Contents/Developer/SDKs\ /Applications/Xcode.app/Contents/Developer/Platforms
    export PBDEVELOPMENTPLIST_PATH\=openssl_grpc.framework/pbdevelopment.plist
    export PER_ARCH_MODULE_FILE_DIR\=/Users/depoll/Library/Developer/Xcode/DerivedData/iOS-avedbudfywsssrcrcpqwadfjuouo/Build/Intermediates.noindex/Pods.build/Debug-iphonesimulator/BoringSSL-GRPC.build/Objects-normal/undefined_arch
    export PER_ARCH_OBJECT_FILE_DIR\=/Users/depoll/Library/Developer/Xcode/DerivedData/iOS-avedbudfywsssrcrcpqwadfjuouo/Build/Intermediates.noindex/Pods.build/Debug-iphonesimulator/BoringSSL-GRPC.build/Objects-normal/undefined_arch
    export PER_VARIANT_OBJECT_FILE_DIR\=/Users/depoll/Library/Developer/Xcode/DerivedData/iOS-avedbudfywsssrcrcpqwadfjuouo/Build/Intermediates.noindex/Pods.build/Debug-iphonesimulator/BoringSSL-GRPC.build/Objects-normal
    export PKGINFO_FILE_PATH\=/Users/depoll/Library/Developer/Xcode/DerivedData/iOS-avedbudfywsssrcrcpqwadfjuouo/Build/Intermediates.noindex/Pods.build/Debug-iphonesimulator/BoringSSL-GRPC.build/PkgInfo
    export PKGINFO_PATH\=openssl_grpc.framework/PkgInfo
    export PLATFORM_DEVELOPER_APPLICATIONS_DIR\=/Applications/Xcode.app/Contents/Developer/Platforms/iPhoneSimulator.platform/Developer/Applications
    export PLATFORM_DEVELOPER_BIN_DIR\=/Applications/Xcode.app/Contents/Developer/Platforms/iPhoneSimulator.platform/Developer/usr/bin
    export PLATFORM_DEVELOPER_LIBRARY_DIR\=/Applications/Xcode.app/Contents/Developer/Platforms/iPhoneSimulator.platform/Developer/Library
    export PLATFORM_DEVELOPER_SDK_DIR\=/Applications/Xcode.app/Contents/Developer/Platforms/iPhoneSimulator.platform/Developer/SDKs
    export PLATFORM_DEVELOPER_TOOLS_DIR\=/Applications/Xcode.app/Contents/Developer/Platforms/iPhoneSimulator.platform/Developer/Tools
    export PLATFORM_DEVELOPER_USR_DIR\=/Applications/Xcode.app/Contents/Developer/Platforms/iPhoneSimulator.platform/Developer/usr
    export PLATFORM_DIR\=/Applications/Xcode.app/Contents/Developer/Platforms/iPhoneSimulator.platform
    export PLATFORM_DISPLAY_NAME\=iOS\ Simulator
    export PLATFORM_FAMILY_NAME\=iOS
    export PLATFORM_NAME\=iphonesimulator
    export PLATFORM_PREFERRED_ARCH\=x86_64
    export PLATFORM_PRODUCT_BUILD_VERSION\=23B77
    export PLATFORM_REQUIRES_SWIFT_AUTOLINK_EXTRACT\=NO
    export PLATFORM_REQUIRES_SWIFT_MODULEWRAP\=NO
    export PLIST_FILE_OUTPUT_FORMAT\=binary
    export PLUGINS_FOLDER_PATH\=openssl_grpc.framework/PlugIns
    export PODS_BUILD_DIR\=/Users/depoll/Library/Developer/Xcode/DerivedData/iOS-avedbudfywsssrcrcpqwadfjuouo/Build/Products
    export PODS_CONFIGURATION_BUILD_DIR\=/Users/depoll/Library/Developer/Xcode/DerivedData/iOS-avedbudfywsssrcrcpqwadfjuouo/Build/Products/Debug-iphonesimulator
    export PODS_DEVELOPMENT_LANGUAGE\=en
    export PODS_ROOT\=/Users/depoll/Code/depollsoft/iOS/Pods
    export PODS_TARGET_SRCROOT\=/Users/depoll/Code/depollsoft/iOS/Pods/BoringSSL-GRPC
    export PODS_XCFRAMEWORKS_BUILD_DIR\=/Users/depoll/Library/Developer/Xcode/DerivedData/iOS-avedbudfywsssrcrcpqwadfjuouo/Build/Products/Debug-iphonesimulator/XCFrameworkIntermediates
    export PRECOMPS_INCLUDE_HEADERS_FROM_BUILT_PRODUCTS_DIR\=YES
    export PRECOMP_DESTINATION_DIR\=/Users/depoll/Library/Developer/Xcode/DerivedData/iOS-avedbudfywsssrcrcpqwadfjuouo/Build/Intermediates.noindex/Pods.build/Debug-iphonesimulator/BoringSSL-GRPC.build/PrefixHeaders
    export PRIVATE_HEADERS_FOLDER_PATH\=openssl_grpc.framework/PrivateHeaders
    export PROCESSED_INFOPLIST_PATH\=/Users/depoll/Library/Developer/Xcode/DerivedData/iOS-avedbudfywsssrcrcpqwadfjuouo/Build/Intermediates.noindex/Pods.build/Debug-iphonesimulator/BoringSSL-GRPC.build/Objects-normal/undefined_arch/Processed-Info.plist
    export PRODUCT_BUNDLE_IDENTIFIER\=org.cocoapods.openssl-grpc
    export PRODUCT_BUNDLE_PACKAGE_TYPE\=FMWK
    export PRODUCT_MODULE_NAME\=openssl_grpc
    export PRODUCT_NAME\=openssl_grpc
    export PRODUCT_SETTINGS_PATH\=/Users/depoll/Code/depollsoft/iOS/Pods/Target\ Support\ Files/BoringSSL-GRPC/BoringSSL-GRPC-Info.plist
    export PRODUCT_TYPE\=com.apple.product-type.framework
    export PROFILING_CODE\=NO
    export PROJECT\=Pods
    export PROJECT_DERIVED_FILE_DIR\=/Users/depoll/Library/Developer/Xcode/DerivedData/iOS-avedbudfywsssrcrcpqwadfjuouo/Build/Intermediates.noindex/Pods.build/DerivedSources
    export PROJECT_DIR\=/Users/depoll/Code/depollsoft/iOS/Pods
    export PROJECT_FILE_PATH\=/Users/depoll/Code/depollsoft/iOS/Pods/Pods.xcodeproj
    export PROJECT_GUID\=8699adb1dd336b26511df848a716bd42
    export PROJECT_NAME\=Pods
    export PROJECT_TEMP_DIR\=/Users/depoll/Library/Developer/Xcode/DerivedData/iOS-avedbudfywsssrcrcpqwadfjuouo/Build/Intermediates.noindex/Pods.build
    export PROJECT_TEMP_ROOT\=/Users/depoll/Library/Developer/Xcode/DerivedData/iOS-avedbudfywsssrcrcpqwadfjuouo/Build/Intermediates.noindex
    export PUBLIC_HEADERS_FOLDER_PATH\=openssl_grpc.framework/Headers
    export RECOMMENDED_IPHONEOS_DEPLOYMENT_TARGET\=15.0
    export RECURSIVE_SEARCH_PATHS_FOLLOW_SYMLINKS\=YES
    export REMOVE_CVS_FROM_RESOURCES\=YES
    export REMOVE_GIT_FROM_RESOURCES\=YES
    export REMOVE_HEADERS_FROM_EMBEDDED_BUNDLES\=YES
    export REMOVE_HG_FROM_RESOURCES\=YES
    export REMOVE_STATIC_EXECUTABLES_FROM_EMBEDDED_BUNDLES\=YES
    export REMOVE_SVN_FROM_RESOURCES\=YES
    export RESCHEDULE_INDEPENDENT_HEADERS_PHASES\=YES
    export REZ_COLLECTOR_DIR\=/Users/depoll/Library/Developer/Xcode/DerivedData/iOS-avedbudfywsssrcrcpqwadfjuouo/Build/Intermediates.noindex/Pods.build/Debug-iphonesimulator/BoringSSL-GRPC.build/ResourceManagerResources
    export REZ_OBJECTS_DIR\=/Users/depoll/Library/Developer/Xcode/DerivedData/iOS-avedbudfywsssrcrcpqwadfjuouo/Build/Intermediates.noindex/Pods.build/Debug-iphonesimulator/BoringSSL-GRPC.build/ResourceManagerResources/Objects
    export REZ_SEARCH_PATHS\=/Users/depoll/Library/Developer/Xcode/DerivedData/iOS-avedbudfywsssrcrcpqwadfjuouo/Build/Products/Debug-iphonesimulator/BoringSSL-GRPC\ 
    export RUNTIME_EXCEPTION_ALLOW_DYLD_ENVIRONMENT_VARIABLES\=NO
    export RUNTIME_EXCEPTION_ALLOW_JIT\=NO
    export RUNTIME_EXCEPTION_ALLOW_UNSIGNED_EXECUTABLE_MEMORY\=NO
    export RUNTIME_EXCEPTION_DEBUGGING_TOOL\=NO
    export RUNTIME_EXCEPTION_DISABLE_EXECUTABLE_PAGE_PROTECTION\=NO
    export RUNTIME_EXCEPTION_DISABLE_LIBRARY_VALIDATION\=NO
    export SCAN_ALL_SOURCE_FILES_FOR_INCLUDES\=NO
    export SCRIPTS_FOLDER_PATH\=openssl_grpc.framework/Scripts
    export SCRIPT_INPUT_FILE_COUNT\=0
    export SCRIPT_INPUT_FILE_LIST_COUNT\=0
    export SCRIPT_OUTPUT_FILE_COUNT\=0
    export SCRIPT_OUTPUT_FILE_LIST_COUNT\=0
    export SDKROOT\=/Applications/Xcode.app/Contents/Developer/Platforms/iPhoneSimulator.platform/Developer/SDKs/iPhoneSimulator26.1.sdk
    export SDK_DIR\=/Applications/Xcode.app/Contents/Developer/Platforms/iPhoneSimulator.platform/Developer/SDKs/iPhoneSimulator26.1.sdk
    export SDK_DIR_iphonesimulator\=/Applications/Xcode.app/Contents/Developer/Platforms/iPhoneSimulator.platform/Developer/SDKs/iPhoneSimulator26.1.sdk
    export SDK_DIR_iphonesimulator26_1\=/Applications/Xcode.app/Contents/Developer/Platforms/iPhoneSimulator.platform/Developer/SDKs/iPhoneSimulator26.1.sdk
    export SDK_NAME\=iphonesimulator26.1
    export SDK_NAMES\=iphonesimulator26.1
    export SDK_PRODUCT_BUILD_VERSION\=23B77
    export SDK_STAT_CACHE_DIR\=/Users/depoll/Library/Developer/Xcode/DerivedData
    export SDK_STAT_CACHE_ENABLE\=YES
    export SDK_STAT_CACHE_PATH\=/Users/depoll/Library/Developer/Xcode/DerivedData/SDKStatCaches.noindex/iphonesimulator26.1-23B77-90cf18a4295e390e64c810bc6bd7acbc.sdkstatcache
    export SDK_VERSION\=26.1
    export SDK_VERSION_ACTUAL\=260100
    export SDK_VERSION_MAJOR\=260000
    export SDK_VERSION_MINOR\=260100
    export SED\=/usr/bin/sed
    export SEPARATE_STRIP\=NO
    export SEPARATE_SYMBOL_EDIT\=NO
    export SET_DIR_MODE_OWNER_GROUP\=YES
    export SET_FILE_MODE_OWNER_GROUP\=NO
    export SHALLOW_BUNDLE\=YES
    export SHALLOW_BUNDLE_TRIPLE\=ios-simulator
    export SHALLOW_BUNDLE_ios_macabi\=NO
    export SHALLOW_BUNDLE_macos\=NO
    export SHARED_DERIVED_FILE_DIR\=/Users/depoll/Library/Developer/Xcode/DerivedData/iOS-avedbudfywsssrcrcpqwadfjuouo/Build/Products/Debug-iphonesimulator/BoringSSL-GRPC/DerivedSources
    export SHARED_FRAMEWORKS_FOLDER_PATH\=openssl_grpc.framework/SharedFrameworks
    export SHARED_PRECOMPS_DIR\=/Users/depoll/Library/Developer/Xcode/DerivedData/iOS-avedbudfywsssrcrcpqwadfjuouo/Build/Intermediates.noindex/PrecompiledHeaders
    export SHARED_SUPPORT_FOLDER_PATH\=openssl_grpc.framework
    export SKIP_INSTALL\=YES
    export SOURCE_ROOT\=/Users/depoll/Code/depollsoft/iOS/Pods
    export SRCROOT\=/Users/depoll/Code/depollsoft/iOS/Pods
    export STRINGSDATA_DIR\=/Users/depoll/Library/Developer/Xcode/DerivedData/iOS-avedbudfywsssrcrcpqwadfjuouo/Build/Intermediates.noindex/Pods.build/Debug-iphonesimulator/BoringSSL-GRPC.build/Objects-normal/undefined_arch
    export STRINGSDATA_ROOT\=/Users/depoll/Library/Developer/Xcode/DerivedData/iOS-avedbudfywsssrcrcpqwadfjuouo/Build/Intermediates.noindex/Pods.build/Debug-iphonesimulator/BoringSSL-GRPC.build
    export STRINGS_FILE_INFOPLIST_RENAME\=YES
    export STRINGS_FILE_OUTPUT_ENCODING\=binary
    export STRING_CATALOG_GENERATE_SYMBOLS\=NO
    export STRIP_BITCODE_FROM_COPIED_FILES\=NO
    export STRIP_INSTALLED_PRODUCT\=NO
    export STRIP_STYLE\=debugging
    export STRIP_SWIFT_SYMBOLS\=YES
    export SUPPORTED_DEVICE_FAMILIES\=1,2
    export SUPPORTED_PLATFORMS\=iphoneos\ iphonesimulator
    export SUPPORTS_TEXT_BASED_API\=NO
    export SUPPRESS_WARNINGS\=NO
    export SWIFT_ACTIVE_COMPILATION_CONDITIONS\=DEBUG\ 
    export SWIFT_EMIT_CONST_VALUE_PROTOCOLS\=AppIntent\ EntityQuery\ AppEntity\ TransientEntity\ AppEnum\ AppShortcutProviding\ AppShortcutsProvider\ AnyResolverProviding\ AppIntentsPackage\ DynamicOptionsProvider\ _IntentValueRepresentable\ _AssistantIntentsProvider\ _GenerativeFunctionExtractable\ IntentValueQuery\ Resolver\ AppExtension\ ExtensionPointDefining
    export SWIFT_EMIT_LOC_STRINGS\=NO
    export SWIFT_ENABLE_EXPLICIT_MODULES\=YES
    export SWIFT_INSTALL_MODULE_FOR_DEPLOYMENT\=YES
    export SWIFT_INSTALL_OBJC_HEADER\=YES
    export SWIFT_OPTIMIZATION_LEVEL\=-Onone
    export SWIFT_PLATFORM_TARGET_PREFIX\=ios
    export SWIFT_RESPONSE_FILE_PATH_normal_arm64\=/Users/depoll/Library/Developer/Xcode/DerivedData/iOS-avedbudfywsssrcrcpqwadfjuouo/Build/Intermediates.noindex/Pods.build/Debug-iphonesimulator/BoringSSL-GRPC.build/Objects-normal/arm64/openssl_grpc.SwiftFileList
    export SWIFT_VERSION\=5.0
    export SYMROOT\=/Users/depoll/Library/Developer/Xcode/DerivedData/iOS-avedbudfywsssrcrcpqwadfjuouo/Build/Products
    export SYSTEM_ADMIN_APPS_DIR\=/Applications/Utilities
    export SYSTEM_APPS_DIR\=/Applications
    export SYSTEM_CORE_SERVICES_DIR\=/System/Library/CoreServices
    export SYSTEM_DEMOS_DIR\=/Applications/Extras
    export SYSTEM_DEVELOPER_APPS_DIR\=/Applications/Xcode.app/Contents/Developer/Applications
    export SYSTEM_DEVELOPER_BIN_DIR\=/Applications/Xcode.app/Contents/Developer/usr/bin
    export SYSTEM_DEVELOPER_DEMOS_DIR\=/Applications/Xcode.app/Contents/Developer/Applications/Utilities/Built\ Examples
    export SYSTEM_DEVELOPER_DIR\=/Applications/Xcode.app/Contents/Developer
    export SYSTEM_DEVELOPER_DOC_DIR\=/Applications/Xcode.app/Contents/Developer/ADC\ Reference\ Library
    export SYSTEM_DEVELOPER_GRAPHICS_TOOLS_DIR\=/Applications/Xcode.app/Contents/Developer/Applications/Graphics\ Tools
    export SYSTEM_DEVELOPER_JAVA_TOOLS_DIR\=/Applications/Xcode.app/Contents/Developer/Applications/Java\ Tools
    export SYSTEM_DEVELOPER_PERFORMANCE_TOOLS_DIR\=/Applications/Xcode.app/Contents/Developer/Applications/Performance\ Tools
    export SYSTEM_DEVELOPER_RELEASENOTES_DIR\=/Applications/Xcode.app/Contents/Developer/ADC\ Reference\ Library/releasenotes
    export SYSTEM_DEVELOPER_TOOLS\=/Applications/Xcode.app/Contents/Developer/Tools
    export SYSTEM_DEVELOPER_TOOLS_DOC_DIR\=/Applications/Xcode.app/Contents/Developer/ADC\ Reference\ Library/documentation/DeveloperTools
    export SYSTEM_DEVELOPER_TOOLS_RELEASENOTES_DIR\=/Applications/Xcode.app/Contents/Developer/ADC\ Reference\ Library/releasenotes/DeveloperTools
    export SYSTEM_DEVELOPER_USR_DIR\=/Applications/Xcode.app/Contents/Developer/usr
    export SYSTEM_DEVELOPER_UTILITIES_DIR\=/Applications/Xcode.app/Contents/Developer/Applications/Utilities
    export SYSTEM_DEXT_INSTALL_PATH\=/System/Library/DriverExtensions
    export SYSTEM_DOCUMENTATION_DIR\=/Library/Documentation
    export SYSTEM_EXTENSIONS_FOLDER_PATH\=openssl_grpc.framework/SystemExtensions
    export SYSTEM_EXTENSIONS_FOLDER_PATH_SHALLOW_BUNDLE_NO\=openssl_grpc.framework/Library/SystemExtensions
    export SYSTEM_EXTENSIONS_FOLDER_PATH_SHALLOW_BUNDLE_YES\=openssl_grpc.framework/SystemExtensions
    export SYSTEM_KEXT_INSTALL_PATH\=/System/Library/Extensions
    export SYSTEM_LIBRARY_DIR\=/System/Library
    export TAPI_DEMANGLE\=YES
    export TAPI_ENABLE_PROJECT_HEADERS\=NO
    export TAPI_LANGUAGE\=objective-c
    export TAPI_LANGUAGE_STANDARD\=compiler-default
    export TAPI_USE_SRCROOT\=YES
    export TAPI_VERIFY_MODE\=Pedantic
    export TARGETED_DEVICE_FAMILY\=1,2
    export TARGETNAME\=BoringSSL-GRPC
    export TARGET_BUILD_DIR\=/Users/depoll/Library/Developer/Xcode/DerivedData/iOS-avedbudfywsssrcrcpqwadfjuouo/Build/Products/Debug-iphonesimulator/BoringSSL-GRPC
    export TARGET_DEVICE_IDENTIFIER\=D30C932C-87F7-40EA-BE73-1BADE34A55F2
    export TARGET_DEVICE_MODEL\=iPhone17,3
    export TARGET_DEVICE_OS_VERSION\=18.6
    export TARGET_DEVICE_PLATFORM_NAME\=iphonesimulator
    export TARGET_NAME\=BoringSSL-GRPC
    export TARGET_TEMP_DIR\=/Users/depoll/Library/Developer/Xcode/DerivedData/iOS-avedbudfywsssrcrcpqwadfjuouo/Build/Intermediates.noindex/Pods.build/Debug-iphonesimulator/BoringSSL-GRPC.build
    export TEMP_DIR\=/Users/depoll/Library/Developer/Xcode/DerivedData/iOS-avedbudfywsssrcrcpqwadfjuouo/Build/Intermediates.noindex/Pods.build/Debug-iphonesimulator/BoringSSL-GRPC.build
    export TEMP_FILES_DIR\=/Users/depoll/Library/Developer/Xcode/DerivedData/iOS-avedbudfywsssrcrcpqwadfjuouo/Build/Intermediates.noindex/Pods.build/Debug-iphonesimulator/BoringSSL-GRPC.build
    export TEMP_FILE_DIR\=/Users/depoll/Library/Developer/Xcode/DerivedData/iOS-avedbudfywsssrcrcpqwadfjuouo/Build/Intermediates.noindex/Pods.build/Debug-iphonesimulator/BoringSSL-GRPC.build
    export TEMP_ROOT\=/Users/depoll/Library/Developer/Xcode/DerivedData/iOS-avedbudfywsssrcrcpqwadfjuouo/Build/Intermediates.noindex
    export TEMP_SANDBOX_DIR\=/Users/depoll/Library/Developer/Xcode/DerivedData/iOS-avedbudfywsssrcrcpqwadfjuouo/Build/Intermediates.noindex/TemporaryTaskSandboxes
    export TEST_FRAMEWORK_SEARCH_PATHS\=\ /Applications/Xcode.app/Contents/Developer/Platforms/iPhoneSimulator.platform/Developer/Library/Frameworks\ /Applications/Xcode.app/Contents/Developer/Platforms/iPhoneSimulator.platform/Developer/SDKs/iPhoneSimulator26.1.sdk/Developer/Library/Frameworks
    export TEST_LIBRARY_SEARCH_PATHS\=\ /Applications/Xcode.app/Contents/Developer/Platforms/iPhoneSimulator.platform/Developer/usr/lib
    export TOOLCHAINS\=com.apple.dt.toolchain.XcodeDefault
    export TOOLCHAIN_DIR\=/Applications/Xcode.app/Contents/Developer/Toolchains/XcodeDefault.xctoolchain
    export TREAT_MISSING_BASELINES_AS_TEST_FAILURES\=NO
    export TREAT_MISSING_SCRIPT_PHASE_OUTPUTS_AS_ERRORS\=NO
    export TeamIdentifierPrefix\=FAKETEAMID.
    export UID\=501
    export UNINSTALLED_PRODUCTS_DIR\=/Users/depoll/Library/Developer/Xcode/DerivedData/iOS-avedbudfywsssrcrcpqwadfjuouo/Build/Intermediates.noindex/UninstalledProducts
    export UNLOCALIZED_RESOURCES_FOLDER_PATH\=openssl_grpc.framework
    export UNLOCALIZED_RESOURCES_FOLDER_PATH_SHALLOW_BUNDLE_NO\=openssl_grpc.framework/Resources
    export UNLOCALIZED_RESOURCES_FOLDER_PATH_SHALLOW_BUNDLE_YES\=openssl_grpc.framework
    export UNSTRIPPED_PRODUCT\=NO
    export USER\=depoll
    export USER_APPS_DIR\=/Users/depoll/Applications
    export USER_LIBRARY_DIR\=/Users/depoll/Library
    export USE_DYNAMIC_NO_PIC\=YES
    export USE_HEADERMAP\=NO
    export USE_HEADER_SYMLINKS\=NO
    export USE_RECURSIVE_SCRIPT_INPUTS_IN_SCRIPT_PHASES\=YES
    export VALIDATE_DEVELOPMENT_ASSET_PATHS\=YES_ERROR
    export VALIDATE_PRODUCT\=NO
    export VALID_ARCHS\=arm64\ x86_64
    export VERBOSE_PBXCP\=NO
    export VERSIONING_SYSTEM\=apple-generic
    export VERSIONPLIST_PATH\=openssl_grpc.framework/version.plist
    export VERSIONS_FOLDER_PATH\=openssl_grpc.framework
    export VERSIONS_FOLDER_PATH_SHALLOW_BUNDLE_NO\=openssl_grpc.framework/Versions
    export VERSIONS_FOLDER_PATH_SHALLOW_BUNDLE_YES\=openssl_grpc.framework
    export VERSION_INFO_BUILDER\=depoll
    export VERSION_INFO_FILE\=openssl_grpc_vers.c
    export VERSION_INFO_STRING\=\"@\(\#\)PROGRAM:openssl_grpc\ \ PROJECT:Pods-1\"
    export WORKSPACE_DIR\=/Users/depoll/Code/depollsoft/iOS
    export WRAPPER_EXTENSION\=framework
    export WRAPPER_NAME\=openssl_grpc.framework
    export WRAPPER_SUFFIX\=.framework
    export WRAP_ASSET_PACKS_IN_SEPARATE_DIRECTORIES\=NO
    export XCODE_APP_SUPPORT_DIR\=/Applications/Xcode.app/Contents/Developer/Library/Xcode
    export XCODE_PRODUCT_BUILD_VERSION\=17B100
    export XCODE_VERSION_ACTUAL\=2611
    export XCODE_VERSION_MAJOR\=2600
    export XCODE_VERSION_MINOR\=2610
    export XPCSERVICES_FOLDER_PATH\=openssl_grpc.framework/XPCServices
    export YACC\=yacc
    export _DISCOVER_COMMAND_LINE_LINKER_INPUTS\=YES
    export _DISCOVER_COMMAND_LINE_LINKER_INPUTS_INCLUDE_WL\=YES
    export _LD_MULTIARCH\=YES
    export _WRAPPER_CONTENTS_DIR_SHALLOW_BUNDLE_NO\=/Contents
    export _WRAPPER_PARENT_PATH_SHALLOW_BUNDLE_NO\=/..
    export _WRAPPER_RESOURCES_DIR_SHALLOW_BUNDLE_NO\=/Resources
    export __DIAGNOSE_DEPRECATED_ARCHS\=YES
    export arch\=undefined_arch
    export variant\=normal
    /bin/sh -c /Users/depoll/Library/Developer/Xcode/DerivedData/iOS-avedbudfywsssrcrcpqwadfjuouo/Build/Intermediates.noindex/Pods.build/Debug-iphonesimulator/BoringSSL-GRPC.build/Script-46EB2E0001CB40.sh

SwiftDriver Protobuf normal arm64 com.apple.xcode.tools.swift.compiler (in target 'Protobuf' from project 'Pods')
    cd /Users/depoll/Code/depollsoft/iOS/Pods
    builtin-SwiftDriver -- /Applications/Xcode.app/Contents/Developer/Toolchains/XcodeDefault.xctoolchain/usr/bin/swiftc -module-name Protobuf -Onone -enforce-exclusivity\=checked @/Users/depoll/Library/Developer/Xcode/DerivedData/iOS-avedbudfywsssrcrcpqwadfjuouo/Build/Intermediates.noindex/Pods.build/Debug-iphonesimulator/Protobuf.build/Objects-normal/arm64/Protobuf.SwiftFileList -DDEBUG -D COCOAPODS -suppress-warnings -enable-bare-slash-regex -enable-experimental-feature DebugDescriptionMacro -sdk /Applications/Xcode.app/Contents/Developer/Platforms/iPhoneSimulator.platform/Developer/SDKs/iPhoneSimulator26.1.sdk -target arm64-apple-ios15.0-simulator -g -module-cache-path /Users/depoll/Library/Developer/Xcode/DerivedData/ModuleCache.noindex -Xfrontend -serialize-debugging-options -profile-coverage-mapping -profile-generate -enable-testing -index-store-path /Users/depoll/Library/Developer/Xcode/DerivedData/iOS-avedbudfywsssrcrcpqwadfjuouo/Index.noindex/DataStore -Xcc -D_LIBCPP_HARDENING_MODE\=_LIBCPP_HARDENING_MODE_DEBUG -swift-version 5 -I /Users/depoll/Library/Developer/Xcode/DerivedData/iOS-avedbudfywsssrcrcpqwadfjuouo/Build/Products/Debug-iphonesimulator/Protobuf -F /Users/depoll/Library/Developer/Xcode/DerivedData/iOS-avedbudfywsssrcrcpqwadfjuouo/Build/Products/Debug-iphonesimulator/Protobuf -c -j10 -enable-batch-mode -incremental -Xcc -ivfsstatcache -Xcc /Users/depoll/Library/Developer/Xcode/DerivedData/SDKStatCaches.noindex/iphonesimulator26.1-23B77-90cf18a4295e390e64c810bc6bd7acbc.sdkstatcache -output-file-map /Users/depoll/Library/Developer/Xcode/DerivedData/iOS-avedbudfywsssrcrcpqwadfjuouo/Build/Intermediates.noindex/Pods.build/Debug-iphonesimulator/Protobuf.build/Objects-normal/arm64/Protobuf-OutputFileMap.json -use-frontend-parseable-output -save-temps -no-color-diagnostics -explicit-module-build -module-cache-path /Users/depoll/Library/Developer/Xcode/DerivedData/iOS-avedbudfywsssrcrcpqwadfjuouo/Build/Intermediates.noindex/SwiftExplicitPrecompiledModules -clang-scanner-module-cache-path /Users/depoll/Library/Developer/Xcode/DerivedData/ModuleCache.noindex -sdk-module-cache-path /Users/depoll/Library/Developer/Xcode/DerivedData/ModuleCache.noindex -serialize-diagnostics -emit-dependencies -emit-module -emit-module-path /Users/depoll/Library/Developer/Xcode/DerivedData/iOS-avedbudfywsssrcrcpqwadfjuouo/Build/Intermediates.noindex/Pods.build/Debug-iphonesimulator/Protobuf.build/Objects-normal/arm64/Protobuf.swiftmodule -validate-clang-modules-once -clang-build-session-file /Users/depoll/Library/Developer/Xcode/DerivedData/ModuleCache.noindex/Session.modulevalidation -Xcc -I/Users/depoll/Library/Developer/Xcode/DerivedData/iOS-avedbudfywsssrcrcpqwadfjuouo/Build/Intermediates.noindex/Pods.build/Debug-iphonesimulator/Protobuf.build/swift-overrides.hmap -emit-const-values -Xfrontend -const-gather-protocols-file -Xfrontend /Users/depoll/Library/Developer/Xcode/DerivedData/iOS-avedbudfywsssrcrcpqwadfjuouo/Build/Intermediates.noindex/Pods.build/Debug-iphonesimulator/Protobuf.build/Objects-normal/arm64/Protobuf_const_extract_protocols.json -Xcc -iquote -Xcc /Users/depoll/Library/Developer/Xcode/DerivedData/iOS-avedbudfywsssrcrcpqwadfjuouo/Build/Intermediates.noindex/Pods.build/Debug-iphonesimulator/Protobuf.build/Protobuf-generated-files.hmap -Xcc -I/Users/depoll/Library/Developer/Xcode/DerivedData/iOS-avedbudfywsssrcrcpqwadfjuouo/Build/Intermediates.noindex/Pods.build/Debug-iphonesimulator/Protobuf.build/Protobuf-own-target-headers.hmap -Xcc -I/Users/depoll/Library/Developer/Xcode/DerivedData/iOS-avedbudfywsssrcrcpqwadfjuouo/Build/Intermediates.noindex/Pods.build/Debug-iphonesimulator/Protobuf.build/Protobuf-all-non-framework-target-headers.hmap -Xcc -ivfsoverlay -Xcc /Users/depoll/Library/Developer/Xcode/DerivedData/iOS-avedbudfywsssrcrcpqwadfjuouo/Build/Intermediates.noindex/Pods.build/Debug-iphonesimulator/Pods-8699adb1dd336b26511df848a716bd42-VFS-iphonesimulator/all-product-headers.yaml -Xcc -iquote -Xcc /Users/depoll/Library/Developer/Xcode/DerivedData/iOS-avedbudfywsssrcrcpqwadfjuouo/Build/Intermediates.noindex/Pods.build/Debug-iphonesimulator/Protobuf.build/Protobuf-project-headers.hmap -Xcc -I/Users/depoll/Library/Developer/Xcode/DerivedData/iOS-avedbudfywsssrcrcpqwadfjuouo/Build/Products/Debug-iphonesimulator/Protobuf/include -Xcc -I/Users/depoll/Library/Developer/Xcode/DerivedData/iOS-avedbudfywsssrcrcpqwadfjuouo/Build/Intermediates.noindex/Pods.build/Debug-iphonesimulator/Protobuf.build/DerivedSources-normal/arm64 -Xcc -I/Users/depoll/Library/Developer/Xcode/DerivedData/iOS-avedbudfywsssrcrcpqwadfjuouo/Build/Intermediates.noindex/Pods.build/Debug-iphonesimulator/Protobuf.build/DerivedSources/arm64 -Xcc -I/Users/depoll/Library/Developer/Xcode/DerivedData/iOS-avedbudfywsssrcrcpqwadfjuouo/Build/Intermediates.noindex/Pods.build/Debug-iphonesimulator/Protobuf.build/DerivedSources -Xcc -DPOD_CONFIGURATION_DEBUG\=1 -Xcc -DDEBUG\=1 -Xcc -DCOCOAPODS\=1 -Xcc -DPOD_CONFIGURATION_DEBUG\=1 -Xcc -DDEBUG\=1 -Xcc -DGPB_USE_PROTOBUF_FRAMEWORK_IMPORTS\=1 -emit-objc-header -emit-objc-header-path /Users/depoll/Library/Developer/Xcode/DerivedData/iOS-avedbudfywsssrcrcpqwadfjuouo/Build/Intermediates.noindex/Pods.build/Debug-iphonesimulator/Protobuf.build/Objects-normal/arm64/Protobuf-Swift.h -import-underlying-module -Xcc -ivfsoverlay -Xcc /Users/depoll/Library/Developer/Xcode/DerivedData/iOS-avedbudfywsssrcrcpqwadfjuouo/Build/Intermediates.noindex/Pods.build/Debug-iphonesimulator/Protobuf.build/unextended-module-overlay.yaml -working-directory /Users/depoll/Code/depollsoft/iOS/Pods -experimental-emit-module-separately -disable-cmo

SwiftDriver GTMAppAuth normal arm64 com.apple.xcode.tools.swift.compiler (in target 'GTMAppAuth' from project 'Pods')
    cd /Users/depoll/Code/depollsoft/iOS/Pods
    builtin-SwiftDriver -- /Applications/Xcode.app/Contents/Developer/Toolchains/XcodeDefault.xctoolchain/usr/bin/swiftc -module-name GTMAppAuth -Onone -enforce-exclusivity\=checked @/Users/depoll/Library/Developer/Xcode/DerivedData/iOS-avedbudfywsssrcrcpqwadfjuouo/Build/Intermediates.noindex/Pods.build/Debug-iphonesimulator/GTMAppAuth.build/Objects-normal/arm64/GTMAppAuth.SwiftFileList -DDEBUG -D COCOAPODS -suppress-warnings -enable-bare-slash-regex -enable-experimental-feature DebugDescriptionMacro -sdk /Applications/Xcode.app/Contents/Developer/Platforms/iPhoneSimulator.platform/Developer/SDKs/iPhoneSimulator26.1.sdk -target arm64-apple-ios13.0-simulator -g -module-cache-path /Users/depoll/Library/Developer/Xcode/DerivedData/ModuleCache.noindex -Xfrontend -serialize-debugging-options -profile-coverage-mapping -profile-generate -enable-testing -index-store-path /Users/depoll/Library/Developer/Xcode/DerivedData/iOS-avedbudfywsssrcrcpqwadfjuouo/Index.noindex/DataStore -Xcc -D_LIBCPP_HARDENING_MODE\=_LIBCPP_HARDENING_MODE_DEBUG -swift-version 4 -I /Users/depoll/Library/Developer/Xcode/DerivedData/iOS-avedbudfywsssrcrcpqwadfjuouo/Build/Products/Debug-iphonesimulator/GTMAppAuth -F /Users/depoll/Library/Developer/Xcode/DerivedData/iOS-avedbudfywsssrcrcpqwadfjuouo/Build/Products/Debug-iphonesimulator/GTMAppAuth -F /Users/depoll/Library/Developer/Xcode/DerivedData/iOS-avedbudfywsssrcrcpqwadfjuouo/Build/Products/Debug-iphonesimulator/AppAuth -F /Users/depoll/Library/Developer/Xcode/DerivedData/iOS-avedbudfywsssrcrcpqwadfjuouo/Build/Products/Debug-iphonesimulator/GTMSessionFetcher -c -j10 -enable-batch-mode -incremental -Xcc -ivfsstatcache -Xcc /Users/depoll/Library/Developer/Xcode/DerivedData/SDKStatCaches.noindex/iphonesimulator26.1-23B77-90cf18a4295e390e64c810bc6bd7acbc.sdkstatcache -output-file-map /Users/depoll/Library/Developer/Xcode/DerivedData/iOS-avedbudfywsssrcrcpqwadfjuouo/Build/Intermediates.noindex/Pods.build/Debug-iphonesimulator/GTMAppAuth.build/Objects-normal/arm64/GTMAppAuth-OutputFileMap.json -use-frontend-parseable-output -save-temps -no-color-diagnostics -serialize-diagnostics -emit-dependencies -emit-module -emit-module-path /Users/depoll/Library/Developer/Xcode/DerivedData/iOS-avedbudfywsssrcrcpqwadfjuouo/Build/Intermediates.noindex/Pods.build/Debug-iphonesimulator/GTMAppAuth.build/Objects-normal/arm64/GTMAppAuth.swiftmodule -validate-clang-modules-once -clang-build-session-file /Users/depoll/Library/Developer/Xcode/DerivedData/ModuleCache.noindex/Session.modulevalidation -Xcc -I/Users/depoll/Library/Developer/Xcode/DerivedData/iOS-avedbudfywsssrcrcpqwadfjuouo/Build/Intermediates.noindex/Pods.build/Debug-iphonesimulator/GTMAppAuth.build/swift-overrides.hmap -emit-const-values -Xfrontend -const-gather-protocols-file -Xfrontend /Users/depoll/Library/Developer/Xcode/DerivedData/iOS-avedbudfywsssrcrcpqwadfjuouo/Build/Intermediates.noindex/Pods.build/Debug-iphonesimulator/GTMAppAuth.build/Objects-normal/arm64/GTMAppAuth_const_extract_protocols.json -Xcc -iquote -Xcc /Users/depoll/Library/Developer/Xcode/DerivedData/iOS-avedbudfywsssrcrcpqwadfjuouo/Build/Intermediates.noindex/Pods.build/Debug-iphonesimulator/GTMAppAuth.build/GTMAppAuth-generated-files.hmap -Xcc -I/Users/depoll/Library/Developer/Xcode/DerivedData/iOS-avedbudfywsssrcrcpqwadfjuouo/Build/Intermediates.noindex/Pods.build/Debug-iphonesimulator/GTMAppAuth.build/GTMAppAuth-own-target-headers.hmap -Xcc -I/Users/depoll/Library/Developer/Xcode/DerivedData/iOS-avedbudfywsssrcrcpqwadfjuouo/Build/Intermediates.noindex/Pods.build/Debug-iphonesimulator/GTMAppAuth.build/GTMAppAuth-all-non-framework-target-headers.hmap -Xcc -ivfsoverlay -Xcc /Users/depoll/Library/Developer/Xcode/DerivedData/iOS-avedbudfywsssrcrcpqwadfjuouo/Build/Intermediates.noindex/Pods.build/Debug-iphonesimulator/Pods-8699adb1dd336b26511df848a716bd42-VFS-iphonesimulator/all-product-headers.yaml -Xcc -iquote -Xcc /Users/depoll/Library/Developer/Xcode/DerivedData/iOS-avedbudfywsssrcrcpqwadfjuouo/Build/Intermediates.noindex/Pods.build/Debug-iphonesimulator/GTMAppAuth.build/GTMAppAuth-project-headers.hmap -Xcc -I/Users/depoll/Library/Developer/Xcode/DerivedData/iOS-avedbudfywsssrcrcpqwadfjuouo/Build/Products/Debug-iphonesimulator/GTMAppAuth/include -Xcc -I/Users/depoll/Library/Developer/Xcode/DerivedData/iOS-avedbudfywsssrcrcpqwadfjuouo/Build/Intermediates.noindex/Pods.build/Debug-iphonesimulator/GTMAppAuth.build/DerivedSources-normal/arm64 -Xcc -I/Users/depoll/Library/Developer/Xcode/DerivedData/iOS-avedbudfywsssrcrcpqwadfjuouo/Build/Intermediates.noindex/Pods.build/Debug-iphonesimulator/GTMAppAuth.build/DerivedSources/arm64 -Xcc -I/Users/depoll/Library/Developer/Xcode/DerivedData/iOS-avedbudfywsssrcrcpqwadfjuouo/Build/Intermediates.noindex/Pods.build/Debug-iphonesimulator/GTMAppAuth.build/DerivedSources -Xcc -DPOD_CONFIGURATION_DEBUG\=1 -Xcc -DDEBUG\=1 -Xcc -DCOCOAPODS\=1 -emit-objc-header -emit-objc-header-path /Users/depoll/Library/Developer/Xcode/DerivedData/iOS-avedbudfywsssrcrcpqwadfjuouo/Build/Intermediates.noindex/Pods.build/Debug-iphonesimulator/GTMAppAuth.build/Objects-normal/arm64/GTMAppAuth-Swift.h -import-underlying-module -Xcc -ivfsoverlay -Xcc /Users/depoll/Library/Developer/Xcode/DerivedData/iOS-avedbudfywsssrcrcpqwadfjuouo/Build/Intermediates.noindex/Pods.build/Debug-iphonesimulator/GTMAppAuth.build/unextended-module-overlay.yaml -working-directory /Users/depoll/Code/depollsoft/iOS/Pods -experimental-emit-module-separately -disable-cmo

SwiftDriver FirebaseSharedSwift normal arm64 com.apple.xcode.tools.swift.compiler (in target 'FirebaseSharedSwift' from project 'Pods')
    cd /Users/depoll/Code/depollsoft/iOS/Pods
    builtin-SwiftDriver -- /Applications/Xcode.app/Contents/Developer/Toolchains/XcodeDefault.xctoolchain/usr/bin/swiftc -module-name FirebaseSharedSwift -Onone -enforce-exclusivity\=checked @/Users/depoll/Library/Developer/Xcode/DerivedData/iOS-avedbudfywsssrcrcpqwadfjuouo/Build/Intermediates.noindex/Pods.build/Debug-iphonesimulator/FirebaseSharedSwift.build/Objects-normal/arm64/FirebaseSharedSwift.SwiftFileList -DDEBUG -D COCOAPODS -suppress-warnings -enable-bare-slash-regex -enable-experimental-feature DebugDescriptionMacro -sdk /Applications/Xcode.app/Contents/Developer/Platforms/iPhoneSimulator.platform/Developer/SDKs/iPhoneSimulator26.1.sdk -target arm64-apple-ios15.0-simulator -g -module-cache-path /Users/depoll/Library/Developer/Xcode/DerivedData/ModuleCache.noindex -Xfrontend -serialize-debugging-options -profile-coverage-mapping -profile-generate -enable-testing -index-store-path /Users/depoll/Library/Developer/Xcode/DerivedData/iOS-avedbudfywsssrcrcpqwadfjuouo/Index.noindex/DataStore -Xcc -D_LIBCPP_HARDENING_MODE\=_LIBCPP_HARDENING_MODE_DEBUG -swift-version 5 -I /Users/depoll/Library/Developer/Xcode/DerivedData/iOS-avedbudfywsssrcrcpqwadfjuouo/Build/Products/Debug-iphonesimulator/FirebaseSharedSwift -F /Users/depoll/Library/Developer/Xcode/DerivedData/iOS-avedbudfywsssrcrcpqwadfjuouo/Build/Products/Debug-iphonesimulator/FirebaseSharedSwift -c -j10 -enable-batch-mode -incremental -Xcc -ivfsstatcache -Xcc /Users/depoll/Library/Developer/Xcode/DerivedData/SDKStatCaches.noindex/iphonesimulator26.1-23B77-90cf18a4295e390e64c810bc6bd7acbc.sdkstatcache -output-file-map /Users/depoll/Library/Developer/Xcode/DerivedData/iOS-avedbudfywsssrcrcpqwadfjuouo/Build/Intermediates.noindex/Pods.build/Debug-iphonesimulator/FirebaseSharedSwift.build/Objects-normal/arm64/FirebaseSharedSwift-OutputFileMap.json -use-frontend-parseable-output -save-temps -no-color-diagnostics -explicit-module-build -module-cache-path /Users/depoll/Library/Developer/Xcode/DerivedData/iOS-avedbudfywsssrcrcpqwadfjuouo/Build/Intermediates.noindex/SwiftExplicitPrecompiledModules -clang-scanner-module-cache-path /Users/depoll/Library/Developer/Xcode/DerivedData/ModuleCache.noindex -sdk-module-cache-path /Users/depoll/Library/Developer/Xcode/DerivedData/ModuleCache.noindex -serialize-diagnostics -emit-dependencies -emit-module -emit-module-path /Users/depoll/Library/Developer/Xcode/DerivedData/iOS-avedbudfywsssrcrcpqwadfjuouo/Build/Intermediates.noindex/Pods.build/Debug-iphonesimulator/FirebaseSharedSwift.build/Objects-normal/arm64/FirebaseSharedSwift.swiftmodule -validate-clang-modules-once -clang-build-session-file /Users/depoll/Library/Developer/Xcode/DerivedData/ModuleCache.noindex/Session.modulevalidation -Xcc -I/Users/depoll/Library/Developer/Xcode/DerivedData/iOS-avedbudfywsssrcrcpqwadfjuouo/Build/Intermediates.noindex/Pods.build/Debug-iphonesimulator/FirebaseSharedSwift.build/swift-overrides.hmap -emit-const-values -Xfrontend -const-gather-protocols-file -Xfrontend /Users/depoll/Library/Developer/Xcode/DerivedData/iOS-avedbudfywsssrcrcpqwadfjuouo/Build/Intermediates.noindex/Pods.build/Debug-iphonesimulator/FirebaseSharedSwift.build/Objects-normal/arm64/FirebaseSharedSwift_const_extract_protocols.json -Xcc -iquote -Xcc /Users/depoll/Library/Developer/Xcode/DerivedData/iOS-avedbudfywsssrcrcpqwadfjuouo/Build/Intermediates.noindex/Pods.build/Debug-iphonesimulator/FirebaseSharedSwift.build/FirebaseSharedSwift-generated-files.hmap -Xcc -I/Users/depoll/Library/Developer/Xcode/DerivedData/iOS-avedbudfywsssrcrcpqwadfjuouo/Build/Intermediates.noindex/Pods.build/Debug-iphonesimulator/FirebaseSharedSwift.build/FirebaseSharedSwift-own-target-headers.hmap -Xcc -I/Users/depoll/Library/Developer/Xcode/DerivedData/iOS-avedbudfywsssrcrcpqwadfjuouo/Build/Intermediates.noindex/Pods.build/Debug-iphonesimulator/FirebaseSharedSwift.build/FirebaseSharedSwift-all-non-framework-target-headers.hmap -Xcc -ivfsoverlay -Xcc /Users/depoll/Library/Developer/Xcode/DerivedData/iOS-avedbudfywsssrcrcpqwadfjuouo/Build/Intermediates.noindex/Pods.build/Debug-iphonesimulator/Pods-8699adb1dd336b26511df848a716bd42-VFS-iphonesimulator/all-product-headers.yaml -Xcc -iquote -Xcc /Users/depoll/Library/Developer/Xcode/DerivedData/iOS-avedbudfywsssrcrcpqwadfjuouo/Build/Intermediates.noindex/Pods.build/Debug-iphonesimulator/FirebaseSharedSwift.build/FirebaseSharedSwift-project-headers.hmap -Xcc -I/Users/depoll/Library/Developer/Xcode/DerivedData/iOS-avedbudfywsssrcrcpqwadfjuouo/Build/Products/Debug-iphonesimulator/FirebaseSharedSwift/include -Xcc -I/Users/depoll/Library/Developer/Xcode/DerivedData/iOS-avedbudfywsssrcrcpqwadfjuouo/Build/Intermediates.noindex/Pods.build/Debug-iphonesimulator/FirebaseSharedSwift.build/DerivedSources-normal/arm64 -Xcc -I/Users/depoll/Library/Developer/Xcode/DerivedData/iOS-avedbudfywsssrcrcpqwadfjuouo/Build/Intermediates.noindex/Pods.build/Debug-iphonesimulator/FirebaseSharedSwift.build/DerivedSources/arm64 -Xcc -I/Users/depoll/Library/Developer/Xcode/DerivedData/iOS-avedbudfywsssrcrcpqwadfjuouo/Build/Intermediates.noindex/Pods.build/Debug-iphonesimulator/FirebaseSharedSwift.build/DerivedSources -Xcc -DPOD_CONFIGURATION_DEBUG\=1 -Xcc -DDEBUG\=1 -Xcc -DCOCOAPODS\=1 -emit-objc-header -emit-objc-header-path /Users/depoll/Library/Developer/Xcode/DerivedData/iOS-avedbudfywsssrcrcpqwadfjuouo/Build/Intermediates.noindex/Pods.build/Debug-iphonesimulator/FirebaseSharedSwift.build/Objects-normal/arm64/FirebaseSharedSwift-Swift.h -import-underlying-module -Xcc -ivfsoverlay -Xcc /Users/depoll/Library/Developer/Xcode/DerivedData/iOS-avedbudfywsssrcrcpqwadfjuouo/Build/Intermediates.noindex/Pods.build/Debug-iphonesimulator/FirebaseSharedSwift.build/unextended-module-overlay.yaml -working-directory /Users/depoll/Code/depollsoft/iOS/Pods -experimental-emit-module-separately -disable-cmo

SwiftDriver FirebaseCoreInternal normal arm64 com.apple.xcode.tools.swift.compiler (in target 'FirebaseCoreInternal' from project 'Pods')
    cd /Users/depoll/Code/depollsoft/iOS/Pods
    builtin-SwiftDriver -- /Applications/Xcode.app/Contents/Developer/Toolchains/XcodeDefault.xctoolchain/usr/bin/swiftc -module-name FirebaseCoreInternal -Onone -enforce-exclusivity\=checked @/Users/depoll/Library/Developer/Xcode/DerivedData/iOS-avedbudfywsssrcrcpqwadfjuouo/Build/Intermediates.noindex/Pods.build/Debug-iphonesimulator/FirebaseCoreInternal.build/Objects-normal/arm64/FirebaseCoreInternal.SwiftFileList -DDEBUG -D COCOAPODS -suppress-warnings -enable-bare-slash-regex -enable-experimental-feature DebugDescriptionMacro -sdk /Applications/Xcode.app/Contents/Developer/Platforms/iPhoneSimulator.platform/Developer/SDKs/iPhoneSimulator26.1.sdk -target arm64-apple-ios15.0-simulator -g -module-cache-path /Users/depoll/Library/Developer/Xcode/DerivedData/ModuleCache.noindex -Xfrontend -serialize-debugging-options -profile-coverage-mapping -profile-generate -enable-testing -index-store-path /Users/depoll/Library/Developer/Xcode/DerivedData/iOS-avedbudfywsssrcrcpqwadfjuouo/Index.noindex/DataStore -Xcc -D_LIBCPP_HARDENING_MODE\=_LIBCPP_HARDENING_MODE_DEBUG -swift-version 5 -I /Users/depoll/Library/Developer/Xcode/DerivedData/iOS-avedbudfywsssrcrcpqwadfjuouo/Build/Products/Debug-iphonesimulator/FirebaseCoreInternal -F /Users/depoll/Library/Developer/Xcode/DerivedData/iOS-avedbudfywsssrcrcpqwadfjuouo/Build/Products/Debug-iphonesimulator/FirebaseCoreInternal -F /Users/depoll/Library/Developer/Xcode/DerivedData/iOS-avedbudfywsssrcrcpqwadfjuouo/Build/Products/Debug-iphonesimulator/GoogleUtilities -c -j10 -enable-batch-mode -incremental -Xcc -ivfsstatcache -Xcc /Users/depoll/Library/Developer/Xcode/DerivedData/SDKStatCaches.noindex/iphonesimulator26.1-23B77-90cf18a4295e390e64c810bc6bd7acbc.sdkstatcache -output-file-map /Users/depoll/Library/Developer/Xcode/DerivedData/iOS-avedbudfywsssrcrcpqwadfjuouo/Build/Intermediates.noindex/Pods.build/Debug-iphonesimulator/FirebaseCoreInternal.build/Objects-normal/arm64/FirebaseCoreInternal-OutputFileMap.json -use-frontend-parseable-output -save-temps -no-color-diagnostics -explicit-module-build -module-cache-path /Users/depoll/Library/Developer/Xcode/DerivedData/iOS-avedbudfywsssrcrcpqwadfjuouo/Build/Intermediates.noindex/SwiftExplicitPrecompiledModules -clang-scanner-module-cache-path /Users/depoll/Library/Developer/Xcode/DerivedData/ModuleCache.noindex -sdk-module-cache-path /Users/depoll/Library/Developer/Xcode/DerivedData/ModuleCache.noindex -serialize-diagnostics -emit-dependencies -emit-module -emit-module-path /Users/depoll/Library/Developer/Xcode/DerivedData/iOS-avedbudfywsssrcrcpqwadfjuouo/Build/Intermediates.noindex/Pods.build/Debug-iphonesimulator/FirebaseCoreInternal.build/Objects-normal/arm64/FirebaseCoreInternal.swiftmodule -validate-clang-modules-once -clang-build-session-file /Users/depoll/Library/Developer/Xcode/DerivedData/ModuleCache.noindex/Session.modulevalidation -Xcc -I/Users/depoll/Library/Developer/Xcode/DerivedData/iOS-avedbudfywsssrcrcpqwadfjuouo/Build/Intermediates.noindex/Pods.build/Debug-iphonesimulator/FirebaseCoreInternal.build/swift-overrides.hmap -emit-const-values -Xfrontend -const-gather-protocols-file -Xfrontend /Users/depoll/Library/Developer/Xcode/DerivedData/iOS-avedbudfywsssrcrcpqwadfjuouo/Build/Intermediates.noindex/Pods.build/Debug-iphonesimulator/FirebaseCoreInternal.build/Objects-normal/arm64/FirebaseCoreInternal_const_extract_protocols.json -Xcc -iquote -Xcc /Users/depoll/Library/Developer/Xcode/DerivedData/iOS-avedbudfywsssrcrcpqwadfjuouo/Build/Intermediates.noindex/Pods.build/Debug-iphonesimulator/FirebaseCoreInternal.build/FirebaseCoreInternal-generated-files.hmap -Xcc -I/Users/depoll/Library/Developer/Xcode/DerivedData/iOS-avedbudfywsssrcrcpqwadfjuouo/Build/Intermediates.noindex/Pods.build/Debug-iphonesimulator/FirebaseCoreInternal.build/FirebaseCoreInternal-own-target-headers.hmap -Xcc -I/Users/depoll/Library/Developer/Xcode/DerivedData/iOS-avedbudfywsssrcrcpqwadfjuouo/Build/Intermediates.noindex/Pods.build/Debug-iphonesimulator/FirebaseCoreInternal.build/FirebaseCoreInternal-all-non-framework-target-headers.hmap -Xcc -ivfsoverlay -Xcc /Users/depoll/Library/Developer/Xcode/DerivedData/iOS-avedbudfywsssrcrcpqwadfjuouo/Build/Intermediates.noindex/Pods.build/Debug-iphonesimulator/Pods-8699adb1dd336b26511df848a716bd42-VFS-iphonesimulator/all-product-headers.yaml -Xcc -iquote -Xcc /Users/depoll/Library/Developer/Xcode/DerivedData/iOS-avedbudfywsssrcrcpqwadfjuouo/Build/Intermediates.noindex/Pods.build/Debug-iphonesimulator/FirebaseCoreInternal.build/FirebaseCoreInternal-project-headers.hmap -Xcc -I/Users/depoll/Library/Developer/Xcode/DerivedData/iOS-avedbudfywsssrcrcpqwadfjuouo/Build/Products/Debug-iphonesimulator/FirebaseCoreInternal/include -Xcc -I/Users/depoll/Library/Developer/Xcode/DerivedData/iOS-avedbudfywsssrcrcpqwadfjuouo/Build/Intermediates.noindex/Pods.build/Debug-iphonesimulator/FirebaseCoreInternal.build/DerivedSources-normal/arm64 -Xcc -I/Users/depoll/Library/Developer/Xcode/DerivedData/iOS-avedbudfywsssrcrcpqwadfjuouo/Build/Intermediates.noindex/Pods.build/Debug-iphonesimulator/FirebaseCoreInternal.build/DerivedSources/arm64 -Xcc -I/Users/depoll/Library/Developer/Xcode/DerivedData/iOS-avedbudfywsssrcrcpqwadfjuouo/Build/Intermediates.noindex/Pods.build/Debug-iphonesimulator/FirebaseCoreInternal.build/DerivedSources -Xcc -DPOD_CONFIGURATION_DEBUG\=1 -Xcc -DDEBUG\=1 -Xcc -DCOCOAPODS\=1 -emit-objc-header -emit-objc-header-path /Users/depoll/Library/Developer/Xcode/DerivedData/iOS-avedbudfywsssrcrcpqwadfjuouo/Build/Intermediates.noindex/Pods.build/Debug-iphonesimulator/FirebaseCoreInternal.build/Objects-normal/arm64/FirebaseCoreInternal-Swift.h -import-underlying-module -Xcc -ivfsoverlay -Xcc /Users/depoll/Library/Developer/Xcode/DerivedData/iOS-avedbudfywsssrcrcpqwadfjuouo/Build/Intermediates.noindex/Pods.build/Debug-iphonesimulator/FirebaseCoreInternal.build/unextended-module-overlay.yaml -working-directory /Users/depoll/Code/depollsoft/iOS/Pods -experimental-emit-module-separately -disable-cmo

WriteAuxiliaryFile /Users/depoll/Library/Developer/Xcode/DerivedData/iOS-avedbudfywsssrcrcpqwadfjuouo/Build/Intermediates.noindex/Pods.build/Debug-iphonesimulator/FirebaseCoreInternal-FirebaseCoreInternal_Privacy.build/FirebaseCoreInternal_Privacy-all-non-framework-target-headers.hmap (in target 'FirebaseCoreInternal-FirebaseCoreInternal_Privacy' from project 'Pods')
    cd /Users/depoll/Code/depollsoft/iOS/Pods
    write-file /Users/depoll/Library/Developer/Xcode/DerivedData/iOS-avedbudfywsssrcrcpqwadfjuouo/Build/Intermediates.noindex/Pods.build/Debug-iphonesimulator/FirebaseCoreInternal-FirebaseCoreInternal_Privacy.build/FirebaseCoreInternal_Privacy-all-non-framework-target-headers.hmap

ProcessInfoPlistFile /Users/depoll/Library/Developer/Xcode/DerivedData/iOS-avedbudfywsssrcrcpqwadfjuouo/Build/Products/Debug-iphonesimulator/Parse/Parse.bundle/Info.plist /Users/depoll/Code/depollsoft/iOS/Pods/Target\ Support\ Files/Parse/ResourceBundle-Parse-Parse-Info.plist (in target 'Parse-Parse' from project 'Pods')
    cd /Users/depoll/Code/depollsoft/iOS/Pods
    builtin-infoPlistUtility /Users/depoll/Code/depollsoft/iOS/Pods/Target\ Support\ Files/Parse/ResourceBundle-Parse-Parse-Info.plist -producttype com.apple.product-type.bundle -expandbuildsettings -format binary -platform iphonesimulator -o /Users/depoll/Library/Developer/Xcode/DerivedData/iOS-avedbudfywsssrcrcpqwadfjuouo/Build/Products/Debug-iphonesimulator/Parse/Parse.bundle/Info.plist

WriteAuxiliaryFile /Users/depoll/Library/Developer/Xcode/DerivedData/iOS-avedbudfywsssrcrcpqwadfjuouo/Build/Intermediates.noindex/Pods.build/Debug-iphonesimulator/GTMAppAuth-GTMAppAuth_Privacy.build/GTMAppAuth_Privacy-all-non-framework-target-headers.hmap (in target 'GTMAppAuth-GTMAppAuth_Privacy' from project 'Pods')
    cd /Users/depoll/Code/depollsoft/iOS/Pods
    write-file /Users/depoll/Library/Developer/Xcode/DerivedData/iOS-avedbudfywsssrcrcpqwadfjuouo/Build/Intermediates.noindex/Pods.build/Debug-iphonesimulator/GTMAppAuth-GTMAppAuth_Privacy.build/GTMAppAuth_Privacy-all-non-framework-target-headers.hmap

ProcessInfoPlistFile /Users/depoll/Library/Developer/Xcode/DerivedData/iOS-avedbudfywsssrcrcpqwadfjuouo/Build/Products/Debug-iphonesimulator/gRPC-Core/grpc.bundle/Info.plist /Users/depoll/Code/depollsoft/iOS/Pods/Target\ Support\ Files/gRPC-Core/ResourceBundle-grpc-gRPC-Core-Info.plist (in target 'gRPC-Core-grpc' from project 'Pods')
    cd /Users/depoll/Code/depollsoft/iOS/Pods
    builtin-infoPlistUtility /Users/depoll/Code/depollsoft/iOS/Pods/Target\ Support\ Files/gRPC-Core/ResourceBundle-grpc-gRPC-Core-Info.plist -producttype com.apple.product-type.bundle -expandbuildsettings -format binary -platform iphonesimulator -o /Users/depoll/Library/Developer/Xcode/DerivedData/iOS-avedbudfywsssrcrcpqwadfjuouo/Build/Products/Debug-iphonesimulator/gRPC-Core/grpc.bundle/Info.plist

ProcessInfoPlistFile /Users/depoll/Library/Developer/Xcode/DerivedData/iOS-avedbudfywsssrcrcpqwadfjuouo/Build/Products/Debug-iphonesimulator/Parse/Parse.framework/Info.plist /Users/depoll/Code/depollsoft/iOS/Pods/Target\ Support\ Files/Parse/Parse-Info.plist (in target 'Parse' from project 'Pods')
    cd /Users/depoll/Code/depollsoft/iOS/Pods
    builtin-infoPlistUtility /Users/depoll/Code/depollsoft/iOS/Pods/Target\ Support\ Files/Parse/Parse-Info.plist -producttype com.apple.product-type.framework -expandbuildsettings -format binary -platform iphonesimulator -o /Users/depoll/Library/Developer/Xcode/DerivedData/iOS-avedbudfywsssrcrcpqwadfjuouo/Build/Products/Debug-iphonesimulator/Parse/Parse.framework/Info.plist

ProcessInfoPlistFile /Users/depoll/Library/Developer/Xcode/DerivedData/iOS-avedbudfywsssrcrcpqwadfjuouo/Build/Products/Debug-iphonesimulator/FirebaseCoreInternal/FirebaseCoreInternal_Privacy.bundle/Info.plist /Users/depoll/Code/depollsoft/iOS/Pods/Target\ Support\ Files/FirebaseCoreInternal/ResourceBundle-FirebaseCoreInternal_Privacy-FirebaseCoreInternal-Info.plist (in target 'FirebaseCoreInternal-FirebaseCoreInternal_Privacy' from project 'Pods')
    cd /Users/depoll/Code/depollsoft/iOS/Pods
    builtin-infoPlistUtility /Users/depoll/Code/depollsoft/iOS/Pods/Target\ Support\ Files/FirebaseCoreInternal/ResourceBundle-FirebaseCoreInternal_Privacy-FirebaseCoreInternal-Info.plist -producttype com.apple.product-type.bundle -expandbuildsettings -format binary -platform iphonesimulator -o /Users/depoll/Library/Developer/Xcode/DerivedData/iOS-avedbudfywsssrcrcpqwadfjuouo/Build/Products/Debug-iphonesimulator/FirebaseCoreInternal/FirebaseCoreInternal_Privacy.bundle/Info.plist

ProcessInfoPlistFile /Users/depoll/Library/Developer/Xcode/DerivedData/iOS-avedbudfywsssrcrcpqwadfjuouo/Build/Products/Debug-iphonesimulator/GTMAppAuth/GTMAppAuth_Privacy.bundle/Info.plist /Users/depoll/Code/depollsoft/iOS/Pods/Target\ Support\ Files/GTMAppAuth/ResourceBundle-GTMAppAuth_Privacy-GTMAppAuth-Info.plist (in target 'GTMAppAuth-GTMAppAuth_Privacy' from project 'Pods')
    cd /Users/depoll/Code/depollsoft/iOS/Pods
    builtin-infoPlistUtility /Users/depoll/Code/depollsoft/iOS/Pods/Target\ Support\ Files/GTMAppAuth/ResourceBundle-GTMAppAuth_Privacy-GTMAppAuth-Info.plist -producttype com.apple.product-type.bundle -expandbuildsettings -format binary -platform iphonesimulator -o /Users/depoll/Library/Developer/Xcode/DerivedData/iOS-avedbudfywsssrcrcpqwadfjuouo/Build/Products/Debug-iphonesimulator/GTMAppAuth/GTMAppAuth_Privacy.bundle/Info.plist

warning: Run script build phase 'Create Symlinks to Header Folders' will be run during every build because it does not specify any outputs. To address this issue, either add output dependencies to the script phase, or configure it to run in every build by unchecking "Based on dependency analysis" in the script phase. (in target 'gRPC-Core' from project 'Pods')
ProcessInfoPlistFile /Users/depoll/Library/Developer/Xcode/DerivedData/iOS-avedbudfywsssrcrcpqwadfjuouo/Build/Products/Debug-iphonesimulator/gRPC-Core/grpc.framework/Info.plist /Users/depoll/Code/depollsoft/iOS/Pods/Target\ Support\ Files/gRPC-Core/gRPC-Core-Info.plist (in target 'gRPC-Core' from project 'Pods')
    cd /Users/depoll/Code/depollsoft/iOS/Pods
    builtin-infoPlistUtility /Users/depoll/Code/depollsoft/iOS/Pods/Target\ Support\ Files/gRPC-Core/gRPC-Core-Info.plist -producttype com.apple.product-type.framework -expandbuildsettings -format binary -platform iphonesimulator -o /Users/depoll/Library/Developer/Xcode/DerivedData/iOS-avedbudfywsssrcrcpqwadfjuouo/Build/Products/Debug-iphonesimulator/gRPC-Core/grpc.framework/Info.plist

PhaseScriptExecution Create\ Symlinks\ to\ Header\ Folders /Users/depoll/Library/Developer/Xcode/DerivedData/iOS-avedbudfywsssrcrcpqwadfjuouo/Build/Intermediates.noindex/Pods.build/Debug-iphonesimulator/gRPC-Core.build/Script-46EB2E00041F00.sh (in target 'gRPC-Core' from project 'Pods')
    cd /Users/depoll/Code/depollsoft/iOS/Pods
    export ACTION\=build
    export AD_HOC_CODE_SIGNING_ALLOWED\=YES
    export ALLOW_BUILD_REQUEST_OVERRIDES\=NO
    export ALLOW_TARGET_PLATFORM_SPECIALIZATION\=NO
    export ALTERNATE_GROUP\=staff
    export ALTERNATE_MODE\=u+w,go-w,a+rX
    export ALTERNATE_OWNER\=depoll
    export ALTERNATIVE_DISTRIBUTION_WEB\=NO
    export ALWAYS_EMBED_SWIFT_STANDARD_LIBRARIES\=NO
    export ALWAYS_SEARCH_USER_PATHS\=NO
    export ALWAYS_USE_SEPARATE_HEADERMAPS\=NO
    export APPLICATION_EXTENSION_API_ONLY\=NO
    export APPLY_RULES_IN_COPY_FILES\=NO
    export APPLY_RULES_IN_COPY_HEADERS\=NO
    export APP_SHORTCUTS_ENABLE_FLEXIBLE_MATCHING\=YES
    export ARCHS\=arm64
    export ARCHS_STANDARD\=arm64\ x86_64
    export ARCHS_STANDARD_32_64_BIT\=arm64\ x86_64
    export ARCHS_STANDARD_64_BIT\=arm64\ x86_64
    export ARCHS_STANDARD_INCLUDING_64_BIT\=arm64\ x86_64
    export ARCHS_UNIVERSAL_IPHONE_OS\=arm64\ x86_64
    export ASSETCATALOG_FILTER_FOR_DEVICE_MODEL\=iPhone17,3
    export ASSETCATALOG_FILTER_FOR_DEVICE_OS_VERSION\=18.6
    export ASSETCATALOG_FILTER_FOR_THINNING_DEVICE_CONFIGURATION\=iPhone17,3
    export AUTOMATICALLY_MERGE_DEPENDENCIES\=NO
    export AUTOMATION_APPLE_EVENTS\=NO
    export AVAILABLE_PLATFORMS\=android\ appletvos\ appletvsimulator\ driverkit\ iphoneos\ iphonesimulator\ macosx\ qnx\ watchos\ watchsimulator\ webassembly\ xros\ xrsimulator
    export AppIdentifierPrefix\=FAKETEAMID.
    export BUILD_ACTIVE_RESOURCES_ONLY\=YES
    export BUILD_COMPONENTS\=headers\ build
    export BUILD_DIR\=/Users/depoll/Library/Developer/Xcode/DerivedData/iOS-avedbudfywsssrcrcpqwadfjuouo/Build/Products
    export BUILD_LIBRARY_FOR_DISTRIBUTION\=NO
    export BUILD_ROOT\=/Users/depoll/Library/Developer/Xcode/DerivedData/iOS-avedbudfywsssrcrcpqwadfjuouo/Build/Products
    export BUILD_STYLE\=
    export BUILD_VARIANTS\=normal
    export BUILT_PRODUCTS_DIR\=/Users/depoll/Library/Developer/Xcode/DerivedData/iOS-avedbudfywsssrcrcpqwadfjuouo/Build/Products/Debug-iphonesimulator/gRPC-Core
    export BUNDLE_CONTENTS_FOLDER_PATH_deep\=Contents/
    export BUNDLE_EXECUTABLE_FOLDER_NAME_deep\=MacOS
    export BUNDLE_EXTENSIONS_FOLDER_PATH\=Extensions
    export BUNDLE_FORMAT\=shallow
    export BUNDLE_FRAMEWORKS_FOLDER_PATH\=Frameworks
    export BUNDLE_PLUGINS_FOLDER_PATH\=PlugIns
    export BUNDLE_PRIVATE_HEADERS_FOLDER_PATH\=PrivateHeaders
    export BUNDLE_PUBLIC_HEADERS_FOLDER_PATH\=Headers
    export CACHE_ROOT\=/var/folders/t3/74hfljcd1bsc2k0mwj3tx1j00000gn/C/com.apple.DeveloperTools/26.1.1-17B100/Xcode
    export CCHROOT\=/var/folders/t3/74hfljcd1bsc2k0mwj3tx1j00000gn/C/com.apple.DeveloperTools/26.1.1-17B100/Xcode
    export CHMOD\=/bin/chmod
    export CHOWN\=/usr/sbin/chown
    export CLANG_ANALYZER_LOCALIZABILITY_NONLOCALIZED\=YES
    export CLANG_ANALYZER_NONNULL\=YES
    export CLANG_ANALYZER_NUMBER_OBJECT_CONVERSION\=YES_AGGRESSIVE
    export CLANG_CACHE_FINE_GRAINED_OUTPUTS\=YES
    export CLANG_COVERAGE_MAPPING\=YES
    export CLANG_CXX_LANGUAGE_STANDARD\=c++14
    export CLANG_CXX_LIBRARY\=libc++
    export CLANG_ENABLE_EXPLICIT_MODULES\=YES
    export CLANG_ENABLE_MODULES\=YES
    export CLANG_ENABLE_OBJC_ARC\=YES
    export CLANG_ENABLE_OBJC_WEAK\=NO
    export CLANG_MODULES_BUILD_SESSION_FILE\=/Users/depoll/Library/Developer/Xcode/DerivedData/ModuleCache.noindex/Session.modulevalidation
    export CLANG_PROFILE_DATA_DIRECTORY\=/Users/depoll/Library/Developer/Xcode/DerivedData/iOS-avedbudfywsssrcrcpqwadfjuouo/Build/ProfileData
    export CLANG_WARN_BLOCK_CAPTURE_AUTORELEASING\=YES
    export CLANG_WARN_BOOL_CONVERSION\=YES
    export CLANG_WARN_COMMA\=YES
    export CLANG_WARN_CONSTANT_CONVERSION\=YES
    export CLANG_WARN_DEPRECATED_OBJC_IMPLEMENTATIONS\=YES
    export CLANG_WARN_DIRECT_OBJC_ISA_USAGE\=YES_ERROR
    export CLANG_WARN_DOCUMENTATION_COMMENTS\=YES
    export CLANG_WARN_EMPTY_BODY\=YES
    export CLANG_WARN_ENUM_CONVERSION\=YES
    export CLANG_WARN_INFINITE_RECURSION\=YES
    export CLANG_WARN_INT_CONVERSION\=YES
    export CLANG_WARN_NON_LITERAL_NULL_CONVERSION\=YES
    export CLANG_WARN_OBJC_IMPLICIT_RETAIN_SELF\=YES
    export CLANG_WARN_OBJC_LITERAL_CONVERSION\=YES
    export CLANG_WARN_OBJC_ROOT_CLASS\=YES_ERROR
    export CLANG_WARN_QUOTED_INCLUDE_IN_FRAMEWORK_HEADER\=NO
    export CLANG_WARN_RANGE_LOOP_ANALYSIS\=YES
    export CLANG_WARN_STRICT_PROTOTYPES\=NO
    export CLANG_WARN_SUSPICIOUS_MOVE\=YES
    export CLANG_WARN_UNGUARDED_AVAILABILITY\=YES_AGGRESSIVE
    export CLANG_WARN_UNREACHABLE_CODE\=YES
    export CLANG_WARN__DUPLICATE_METHOD_MATCH\=YES
    export CLASS_FILE_DIR\=/Users/depoll/Library/Developer/Xcode/DerivedData/iOS-avedbudfywsssrcrcpqwadfjuouo/Build/Intermediates.noindex/Pods.build/Debug-iphonesimulator/gRPC-Core.build/JavaClasses
    export CLEAN_PRECOMPS\=YES
    export CLONE_HEADERS\=NO
    export CODESIGNING_FOLDER_PATH\=/Users/depoll/Library/Developer/Xcode/DerivedData/iOS-avedbudfywsssrcrcpqwadfjuouo/Build/Products/Debug-iphonesimulator/gRPC-Core/grpc.framework
    export CODE_SIGNING_ALLOWED\=YES
    export CODE_SIGNING_REQUIRED\=NO
    export CODE_SIGNING_REQUIRES_TEAM\=YES
    export CODE_SIGN_CONTEXT_CLASS\=XCiPhoneSimulatorCodeSignContext
    export CODE_SIGN_IDENTITY\=-
    export CODE_SIGN_INJECT_BASE_ENTITLEMENTS\=YES
    export COLOR_DIAGNOSTICS\=NO
    export COMBINE_HIDPI_IMAGES\=NO
    export COMPILATION_CACHE_CAS_PATH\=/Users/depoll/Library/Developer/Xcode/DerivedData/CompilationCache.noindex
    export COMPILATION_CACHE_KEEP_CAS_DIRECTORY\=YES
    export COMPILER_INDEX_STORE_ENABLE\=Default
    export COMPOSITE_SDK_DIRS\=/Users/depoll/Library/Developer/Xcode/DerivedData/iOS-avedbudfywsssrcrcpqwadfjuouo/Build/Intermediates.noindex/CompositeSDKs
    export COMPRESS_PNG_FILES\=YES
    export CONFIGURATION\=Debug
    export CONFIGURATION_BUILD_DIR\=/Users/depoll/Library/Developer/Xcode/DerivedData/iOS-avedbudfywsssrcrcpqwadfjuouo/Build/Products/Debug-iphonesimulator/gRPC-Core
    export CONFIGURATION_TEMP_DIR\=/Users/depoll/Library/Developer/Xcode/DerivedData/iOS-avedbudfywsssrcrcpqwadfjuouo/Build/Intermediates.noindex/Pods.build/Debug-iphonesimulator
    export CONTENTS_FOLDER_PATH\=grpc.framework
    export CONTENTS_FOLDER_PATH_SHALLOW_BUNDLE_NO\=grpc.framework/A
    export CONTENTS_FOLDER_PATH_SHALLOW_BUNDLE_YES\=grpc.framework
    export COPYING_PRESERVES_HFS_DATA\=NO
    export COPY_HEADERS_RUN_UNIFDEF\=NO
    export COPY_PHASE_STRIP\=NO
    export CORRESPONDING_DEVICE_PLATFORM_DIR\=/Applications/Xcode.app/Contents/Developer/Platforms/iPhoneOS.platform
    export CORRESPONDING_DEVICE_PLATFORM_NAME\=iphoneos
    export CORRESPONDING_DEVICE_SDK_DIR\=/Applications/Xcode.app/Contents/Developer/Platforms/iPhoneOS.platform/Developer/SDKs/iPhoneOS26.1.sdk
    export CORRESPONDING_DEVICE_SDK_NAME\=iphoneos26.1
    export CP\=/bin/cp
    export CREATE_INFOPLIST_SECTION_IN_BINARY\=NO
    export CURRENT_ARCH\=undefined_arch
    export CURRENT_PROJECT_VERSION\=1
    export CURRENT_VARIANT\=normal
    export CURRENT_VERSION\=Current
    export DEAD_CODE_STRIPPING\=YES
    export DEBUGGING_SYMBOLS\=YES
    export DEBUG_INFORMATION_FORMAT\=dwarf
    export DEBUG_INFORMATION_VERSION\=compiler-default
    export DEFAULT_COMPILER\=com.apple.compilers.llvm.clang.1_0
    export DEFAULT_DEXT_INSTALL_PATH\=/System/Library/DriverExtensions
    export DEFAULT_KEXT_INSTALL_PATH\=/System/Library/Extensions
    export DEFINES_MODULE\=YES
    export DEPLOYMENT_LOCATION\=NO
    export DEPLOYMENT_POSTPROCESSING\=NO
    export DEPLOYMENT_TARGET_SETTING_NAME\=IPHONEOS_DEPLOYMENT_TARGET
    export DEPLOYMENT_TARGET_SUGGESTED_VALUES\=12.0\ 12.1\ 12.2\ 12.3\ 12.4\ 13.0\ 13.1\ 13.2\ 13.3\ 13.4\ 13.5\ 13.6\ 14.0\ 14.1\ 14.2\ 14.3\ 14.4\ 14.5\ 14.6\ 14.7\ 15.0\ 15.1\ 15.2\ 15.3\ 15.4\ 15.5\ 15.6\ 16.0\ 16.1\ 16.2\ 16.3\ 16.4\ 16.5\ 16.6\ 17.0\ 17.1\ 17.2\ 17.3\ 17.4\ 17.5\ 17.6\ 18.0\ 18.1\ 18.2\ 18.3\ 18.4\ 18.5\ 18.6\ 26.0\ 26.1
    export DERIVED_FILES_DIR\=/Users/depoll/Library/Developer/Xcode/DerivedData/iOS-avedbudfywsssrcrcpqwadfjuouo/Build/Intermediates.noindex/Pods.build/Debug-iphonesimulator/gRPC-Core.build/DerivedSources
    export DERIVED_FILE_DIR\=/Users/depoll/Library/Developer/Xcode/DerivedData/iOS-avedbudfywsssrcrcpqwadfjuouo/Build/Intermediates.noindex/Pods.build/Debug-iphonesimulator/gRPC-Core.build/DerivedSources
    export DERIVED_SOURCES_DIR\=/Users/depoll/Library/Developer/Xcode/DerivedData/iOS-avedbudfywsssrcrcpqwadfjuouo/Build/Intermediates.noindex/Pods.build/Debug-iphonesimulator/gRPC-Core.build/DerivedSources
    export DEVELOPER_APPLICATIONS_DIR\=/Applications/Xcode.app/Contents/Developer/Applications
    export DEVELOPER_BIN_DIR\=/Applications/Xcode.app/Contents/Developer/usr/bin
    export DEVELOPER_DIR\=/Applications/Xcode.app/Contents/Developer
    export DEVELOPER_FRAMEWORKS_DIR\=/Applications/Xcode.app/Contents/Developer/Library/Frameworks
    export DEVELOPER_FRAMEWORKS_DIR_QUOTED\=/Applications/Xcode.app/Contents/Developer/Library/Frameworks
    export DEVELOPER_LIBRARY_DIR\=/Applications/Xcode.app/Contents/Developer/Library
    export DEVELOPER_SDK_DIR\=/Applications/Xcode.app/Contents/Developer/Platforms/MacOSX.platform/Developer/SDKs
    export DEVELOPER_TOOLS_DIR\=/Applications/Xcode.app/Contents/Developer/Tools
    export DEVELOPER_USR_DIR\=/Applications/Xcode.app/Contents/Developer/usr
    export DEVELOPMENT_LANGUAGE\=en
    export DIAGNOSE_MISSING_TARGET_DEPENDENCIES\=YES
    export DIFF\=/usr/bin/diff
    export DOCUMENTATION_FOLDER_PATH\=grpc.framework/en.lproj/Documentation
    export DONT_GENERATE_INFOPLIST_FILE\=NO
    export DSTROOT\=/tmp/Pods.dst
    export DT_TOOLCHAIN_DIR\=/Applications/Xcode.app/Contents/Developer/Toolchains/XcodeDefault.xctoolchain
    export DWARF_DSYM_FILE_NAME\=grpc.framework.dSYM
    export DWARF_DSYM_FILE_SHOULD_ACCOMPANY_PRODUCT\=NO
    export DWARF_DSYM_FOLDER_PATH\=/Users/depoll/Library/Developer/Xcode/DerivedData/iOS-avedbudfywsssrcrcpqwadfjuouo/Build/Products/Debug-iphonesimulator/gRPC-Core
    export DYLIB_COMPATIBILITY_VERSION\=1
    export DYLIB_CURRENT_VERSION\=1
    export DYLIB_INSTALL_NAME_BASE\=@rpath
    export DYNAMIC_LIBRARY_EXTENSION\=dylib
    export EAGER_COMPILATION_ALLOW_SCRIPTS\=NO
    export EAGER_LINKING\=NO
    export EFFECTIVE_PLATFORM_NAME\=-iphonesimulator
    export EMBEDDED_CONTENT_CONTAINS_SWIFT\=NO
    export EMBED_ASSET_PACKS_IN_PRODUCT_BUNDLE\=NO
    export ENABLE_APP_SANDBOX\=NO
    export ENABLE_CODE_COVERAGE\=YES
    export ENABLE_CPLUSPLUS_BOUNDS_SAFE_BUFFERS\=NO
    export ENABLE_C_BOUNDS_SAFETY\=NO
    export ENABLE_DEFAULT_HEADER_SEARCH_PATHS\=YES
    export ENABLE_DEFAULT_SEARCH_PATHS\=YES
    export ENABLE_ENHANCED_SECURITY\=NO
    export ENABLE_HARDENED_RUNTIME\=NO
    export ENABLE_HEADER_DEPENDENCIES\=YES
    export ENABLE_INCOMING_NETWORK_CONNECTIONS\=NO
    export ENABLE_MODULE_VERIFIER\=NO
    export ENABLE_ON_DEMAND_RESOURCES\=NO
    export ENABLE_OUTGOING_NETWORK_CONNECTIONS\=NO
    export ENABLE_POINTER_AUTHENTICATION\=NO
    export ENABLE_PREVIEWS\=NO
    export ENABLE_RESOURCE_ACCESS_AUDIO_INPUT\=NO
    export ENABLE_RESOURCE_ACCESS_BLUETOOTH\=NO
    export ENABLE_RESOURCE_ACCESS_CALENDARS\=NO
    export ENABLE_RESOURCE_ACCESS_CAMERA\=NO
    export ENABLE_RESOURCE_ACCESS_CONTACTS\=NO
    export ENABLE_RESOURCE_ACCESS_LOCATION\=NO
    export ENABLE_RESOURCE_ACCESS_PHOTO_LIBRARY\=NO
    export ENABLE_RESOURCE_ACCESS_PRINTING\=NO
    export ENABLE_RESOURCE_ACCESS_USB\=NO
    export ENABLE_SDK_IMPORTS\=NO
    export ENABLE_SECURITY_COMPILER_WARNINGS\=NO
    export ENABLE_STRICT_OBJC_MSGSEND\=YES
    export ENABLE_TESTABILITY\=YES
    export ENABLE_TESTING_SEARCH_PATHS\=NO
    export ENABLE_USER_SCRIPT_SANDBOXING\=NO
    export ENABLE_XOJIT_PREVIEWS\=YES
    export ENFORCE_VALID_ARCHS\=YES
    export ENTITLEMENTS_DESTINATION\=__entitlements
    export ENTITLEMENTS_REQUIRED\=NO
    export EXCLUDED_ARCHS\=x86_64
    export EXCLUDED_INSTALLSRC_SUBDIRECTORY_PATTERNS\=.DS_Store\ .svn\ .git\ .hg\ CVS
    export EXCLUDED_RECURSIVE_SEARCH_PATH_SUBDIRECTORIES\=\*.nib\ \*.lproj\ \*.framework\ \*.gch\ \*.xcode\*\ \*.xcassets\ \*.icon\ \(\*\)\ .DS_Store\ CVS\ .svn\ .git\ .hg\ \*.pbproj\ \*.pbxproj
    export EXECUTABLES_FOLDER_PATH\=grpc.framework/en.lproj
    export EXECUTABLE_FOLDER_PATH\=grpc.framework
    export EXECUTABLE_FOLDER_PATH_SHALLOW_BUNDLE_NO\=grpc.framework
    export EXECUTABLE_FOLDER_PATH_SHALLOW_BUNDLE_YES\=grpc.framework
    export EXECUTABLE_NAME\=grpc
    export EXECUTABLE_PATH\=grpc.framework/grpc
    export EXPANDED_CODE_SIGN_IDENTITY\=-
    export EXPANDED_CODE_SIGN_IDENTITY_NAME\=Sign\ to\ Run\ Locally
    export EXTENSIONS_FOLDER_PATH\=grpc.framework/Extensions
    export FILE_LIST\=/Users/depoll/Library/Developer/Xcode/DerivedData/iOS-avedbudfywsssrcrcpqwadfjuouo/Build/Intermediates.noindex/Pods.build/Debug-iphonesimulator/gRPC-Core.build/Objects/LinkFileList
    export FIXED_FILES_DIR\=/Users/depoll/Library/Developer/Xcode/DerivedData/iOS-avedbudfywsssrcrcpqwadfjuouo/Build/Intermediates.noindex/Pods.build/Debug-iphonesimulator/gRPC-Core.build/FixedFiles
    export FRAMEWORKS_FOLDER_PATH\=grpc.framework/Frameworks
    export FRAMEWORK_FLAG_PREFIX\=-framework
    export FRAMEWORK_SEARCH_PATHS\=/Users/depoll/Library/Developer/Xcode/DerivedData/iOS-avedbudfywsssrcrcpqwadfjuouo/Build/Products/Debug-iphonesimulator/gRPC-Core\ \ \"/Users/depoll/Library/Developer/Xcode/DerivedData/iOS-avedbudfywsssrcrcpqwadfjuouo/Build/Products/Debug-iphonesimulator/BoringSSL-GRPC\"\ \"/Users/depoll/Library/Developer/Xcode/DerivedData/iOS-avedbudfywsssrcrcpqwadfjuouo/Build/Products/Debug-iphonesimulator/abseil\"
    export FRAMEWORK_VERSION\=A
    export FULL_PRODUCT_NAME\=grpc.framework
    export FUSE_BUILD_PHASES\=YES
    export FUSE_BUILD_SCRIPT_PHASES\=NO
    export GCC3_VERSION\=3.3
    export GCC_C_LANGUAGE_STANDARD\=gnu11
    export GCC_DYNAMIC_NO_PIC\=NO
    export GCC_INLINES_ARE_PRIVATE_EXTERN\=YES
    export GCC_NO_COMMON_BLOCKS\=YES
    export GCC_OBJC_LEGACY_DISPATCH\=YES
    export GCC_OPTIMIZATION_LEVEL\=0
    export GCC_PFE_FILE_C_DIALECTS\=c\ objective-c\ c++\ objective-c++
    export GCC_PREFIX_HEADER\=Target\ Support\ Files/gRPC-Core/gRPC-Core-prefix.pch
    export GCC_PREPROCESSOR_DEFINITIONS\=POD_CONFIGURATION_DEBUG\=1\ DEBUG\=1\ \ COCOAPODS\=1
    export GCC_TREAT_WARNINGS_AS_ERRORS\=NO
    export GCC_VERSION\=com.apple.compilers.llvm.clang.1_0
    export GCC_VERSION_IDENTIFIER\=com_apple_compilers_llvm_clang_1_0
    export GCC_WARN_64_TO_32_BIT_CONVERSION\=YES
    export GCC_WARN_ABOUT_RETURN_TYPE\=YES_ERROR
    export GCC_WARN_UNDECLARED_SELECTOR\=YES
    export GCC_WARN_UNINITIALIZED_AUTOS\=YES_AGGRESSIVE
    export GCC_WARN_UNUSED_FUNCTION\=YES
    export GCC_WARN_UNUSED_VARIABLE\=YES
    export GENERATED_MODULEMAP_DIR\=/Users/depoll/Library/Developer/Xcode/DerivedData/iOS-avedbudfywsssrcrcpqwadfjuouo/Build/Intermediates.noindex/GeneratedModuleMaps-iphonesimulator
    export GENERATE_INFOPLIST_FILE\=NO
    export GENERATE_INTERMEDIATE_TEXT_BASED_STUBS\=YES
    export GENERATE_PKGINFO_FILE\=NO
    export GENERATE_PRELINK_OBJECT_FILE\=NO
    export GENERATE_PROFILING_CODE\=NO
    export GENERATE_TEXT_BASED_STUBS\=NO
    export GID\=20
    export GROUP\=staff
    export HEADERMAP_INCLUDES_FLAT_ENTRIES_FOR_TARGET_BEING_BUILT\=YES
    export HEADERMAP_INCLUDES_FRAMEWORK_ENTRIES_FOR_ALL_PRODUCT_TYPES\=YES
    export HEADERMAP_INCLUDES_FRAMEWORK_ENTRIES_FOR_TARGETS_NOT_BEING_BUILT\=YES
    export HEADERMAP_INCLUDES_NONPUBLIC_NONPRIVATE_HEADERS\=YES
    export HEADERMAP_INCLUDES_PROJECT_HEADERS\=YES
    export HEADERMAP_USES_FRAMEWORK_PREFIX_ENTRIES\=YES
    export HEADERMAP_USES_VFS\=YES
    export HEADER_SEARCH_PATHS\=/Users/depoll/Library/Developer/Xcode/DerivedData/iOS-avedbudfywsssrcrcpqwadfjuouo/Build/Products/Debug-iphonesimulator/gRPC-Core/include\ \"\"\ \"/Users/depoll/Code/depollsoft/iOS/Pods/gRPC-Core/include\"\ \"/Users/depoll/Code/depollsoft/iOS/Pods/gRPC-Core/third_party/address_sorting/include\"
    export HOME\=/Users/depoll
    export HOST_ARCH\=arm64
    export HOST_PLATFORM\=macosx
    export ICONV\=/usr/bin/iconv
    export IMPLICIT_DEPENDENCY_DOMAIN\=default
    export INFOPLIST_ENABLE_CFBUNDLEICONS_MERGE\=YES
    export INFOPLIST_EXPAND_BUILD_SETTINGS\=YES
    export INFOPLIST_FILE\=Target\ Support\ Files/gRPC-Core/gRPC-Core-Info.plist
    export INFOPLIST_OUTPUT_FORMAT\=binary
    export INFOPLIST_PATH\=grpc.framework/Info.plist
    export INFOPLIST_PREPROCESS\=NO
    export INFOSTRINGS_PATH\=grpc.framework/en.lproj/InfoPlist.strings
    export INLINE_PRIVATE_FRAMEWORKS\=NO
    export INSTALLAPI_IGNORE_SKIP_INSTALL\=YES
    export INSTALLHDRS_COPY_PHASE\=NO
    export INSTALLHDRS_SCRIPT_PHASE\=NO
    export INSTALL_DIR\=/tmp/Pods.dst/Library/Frameworks
    export INSTALL_GROUP\=staff
    export INSTALL_MODE_FLAG\=u+w,go-w,a+rX
    export INSTALL_OWNER\=depoll
    export INSTALL_PATH\=/Library/Frameworks
    export INSTALL_ROOT\=/tmp/Pods.dst
    export IPHONEOS_DEPLOYMENT_TARGET\=13.0
    export IS_UNOPTIMIZED_BUILD\=YES
    export JAVAC_DEFAULT_FLAGS\=-J-Xms64m\ -J-XX:NewSize\=4M\ -J-Dfile.encoding\=UTF8
    export JAVA_APP_STUB\=/System/Library/Frameworks/JavaVM.framework/Resources/MacOS/JavaApplicationStub
    export JAVA_ARCHIVE_CLASSES\=YES
    export JAVA_ARCHIVE_TYPE\=JAR
    export JAVA_COMPILER\=/usr/bin/javac
    export JAVA_FOLDER_PATH\=grpc.framework/Java
    export JAVA_FRAMEWORK_RESOURCES_DIRS\=Resources
    export JAVA_JAR_FLAGS\=cv
    export JAVA_SOURCE_SUBDIR\=.
    export JAVA_USE_DEPENDENCIES\=YES
    export JAVA_ZIP_FLAGS\=-urg
    export JIKES_DEFAULT_FLAGS\=+E\ +OLDCSO
    export KEEP_PRIVATE_EXTERNS\=NO
    export LD_DEPENDENCY_INFO_FILE\=/Users/depoll/Library/Developer/Xcode/DerivedData/iOS-avedbudfywsssrcrcpqwadfjuouo/Build/Intermediates.noindex/Pods.build/Debug-iphonesimulator/gRPC-Core.build/Objects-normal/undefined_arch/grpc_dependency_info.dat
    export LD_DYLIB_INSTALL_NAME\=@rpath/grpc.framework/grpc
    export LD_EXPORT_SYMBOLS\=YES
    export LD_GENERATE_MAP_FILE\=NO
    export LD_MAP_FILE_PATH\=/Users/depoll/Library/Developer/Xcode/DerivedData/iOS-avedbudfywsssrcrcpqwadfjuouo/Build/Intermediates.noindex/Pods.build/Debug-iphonesimulator/gRPC-Core.build/grpc-LinkMap-normal-undefined_arch.txt
    export LD_NO_PIE\=NO
    export LD_QUOTE_LINKER_ARGUMENTS_FOR_COMPILER_DRIVER\=YES
    export LD_RUNPATH_SEARCH_PATHS\=\ @executable_path/Frameworks\ @loader_path/Frameworks
    export LD_SHARED_CACHE_ELIGIBLE\=Automatic
    export LD_WARN_DUPLICATE_LIBRARIES\=NO
    export LD_WARN_UNUSED_DYLIBS\=NO
    export LEGACY_DEVELOPER_DIR\=/Applications/Xcode.app/Contents/PlugIns/Xcode3Core.ideplugin/Contents/SharedSupport/Developer
    export LEX\=lex
    export LIBRARY_DEXT_INSTALL_PATH\=/Library/DriverExtensions
    export LIBRARY_FLAG_NOSPACE\=YES
    export LIBRARY_FLAG_PREFIX\=-l
    export LIBRARY_KEXT_INSTALL_PATH\=/Library/Extensions
    export LIBRARY_SEARCH_PATHS\=/Users/depoll/Library/Developer/Xcode/DerivedData/iOS-avedbudfywsssrcrcpqwadfjuouo/Build/Products/Debug-iphonesimulator/gRPC-Core\ 
    export LINKER_DISPLAYS_MANGLED_NAMES\=NO
    export LINK_FILE_LIST_normal_arm64\=/Users/depoll/Library/Developer/Xcode/DerivedData/iOS-avedbudfywsssrcrcpqwadfjuouo/Build/Intermediates.noindex/Pods.build/Debug-iphonesimulator/gRPC-Core.build/Objects-normal/arm64/grpc.LinkFileList
    export LINK_OBJC_RUNTIME\=YES
    export LINK_WITH_STANDARD_LIBRARIES\=YES
    export LLVM_TARGET_TRIPLE_OS_VERSION\=ios13.0
    export LLVM_TARGET_TRIPLE_SUFFIX\=-simulator
    export LLVM_TARGET_TRIPLE_VENDOR\=apple
    export LM_AUX_CONST_METADATA_LIST_PATH_normal_arm64\=/Users/depoll/Library/Developer/Xcode/DerivedData/iOS-avedbudfywsssrcrcpqwadfjuouo/Build/Intermediates.noindex/Pods.build/Debug-iphonesimulator/gRPC-Core.build/Objects-normal/arm64/grpc.SwiftConstValuesFileList
    export LOCALIZATION_EXPORT_SUPPORTED\=YES
    export LOCALIZATION_PREFERS_STRING_CATALOGS\=NO
    export LOCALIZED_RESOURCES_FOLDER_PATH\=grpc.framework/en.lproj
    export LOCALIZED_STRING_MACRO_NAMES\=NSLocalizedString\ CFCopyLocalizedString
    export LOCALIZED_STRING_SWIFTUI_SUPPORT\=YES
    export LOCAL_ADMIN_APPS_DIR\=/Applications/Utilities
    export LOCAL_APPS_DIR\=/Applications
    export LOCAL_DEVELOPER_DIR\=/Library/Developer
    export LOCAL_LIBRARY_DIR\=/Library
    export LOCROOT\=/Users/depoll/Code/depollsoft/iOS/Pods
    export LOCSYMROOT\=/Users/depoll/Code/depollsoft/iOS/Pods
    export MACH_O_TYPE\=mh_dylib
    export MAC_OS_X_PRODUCT_BUILD_VERSION\=25B78
    export MAC_OS_X_VERSION_ACTUAL\=260100
    export MAC_OS_X_VERSION_MAJOR\=260000
    export MAC_OS_X_VERSION_MINOR\=260100
    export MAKE_MERGEABLE\=NO
    export MERGEABLE_LIBRARY\=NO
    export MERGED_BINARY_TYPE\=none
    export MERGE_LINKED_LIBRARIES\=NO
    export METAL_LIBRARY_FILE_BASE\=default
    export METAL_LIBRARY_OUTPUT_DIR\=/Users/depoll/Library/Developer/Xcode/DerivedData/iOS-avedbudfywsssrcrcpqwadfjuouo/Build/Products/Debug-iphonesimulator/gRPC-Core/grpc.framework
    export MODULEMAP_FILE\=Target\ Support\ Files/gRPC-Core/gRPC-Core.modulemap
    export MODULES_FOLDER_PATH\=grpc.framework/Modules
    export MODULE_CACHE_DIR\=/Users/depoll/Library/Developer/Xcode/DerivedData/ModuleCache.noindex
    export MTL_ENABLE_DEBUG_INFO\=INCLUDE_SOURCE
    export MTL_FAST_MATH\=YES
    export NATIVE_ARCH\=arm64
    export NATIVE_ARCH_32_BIT\=arm
    export NATIVE_ARCH_64_BIT\=arm64
    export NATIVE_ARCH_ACTUAL\=arm64
    export NO_COMMON\=YES
    export OBJC_ABI_VERSION\=2
    export OBJECT_FILE_DIR\=/Users/depoll/Library/Developer/Xcode/DerivedData/iOS-avedbudfywsssrcrcpqwadfjuouo/Build/Intermediates.noindex/Pods.build/Debug-iphonesimulator/gRPC-Core.build/Objects
    export OBJECT_FILE_DIR_normal\=/Users/depoll/Library/Developer/Xcode/DerivedData/iOS-avedbudfywsssrcrcpqwadfjuouo/Build/Intermediates.noindex/Pods.build/Debug-iphonesimulator/gRPC-Core.build/Objects-normal
    export OBJROOT\=/Users/depoll/Library/Developer/Xcode/DerivedData/iOS-avedbudfywsssrcrcpqwadfjuouo/Build/Intermediates.noindex
    export ONLY_ACTIVE_ARCH\=YES
    export OS\=MACOS
    export OSAC\=/usr/bin/osacompile
    export OTHER_LDFLAGS\=\ -l\"c++\"\ -l\"z\"\ -framework\ \"absl\"\ -framework\ \"openssl_grpc\"
    export PACKAGE_TYPE\=com.apple.package-type.wrapper.framework
    export PASCAL_STRINGS\=YES
    export PATH\=/Applications/Xcode.app/Contents/SharedFrameworks/SwiftBuild.framework/Versions/A/PlugIns/SWBBuildService.bundle/Contents/PlugIns/SWBUniversalPlatformPlugin.bundle/Contents/Frameworks/SWBUniversalPlatform.framework/Resources:/Applications/Xcode.app/Contents/Developer/Toolchains/XcodeDefault.xctoolchain/usr/bin:/Applications/Xcode.app/Contents/Developer/Toolchains/XcodeDefault.xctoolchain/usr/local/bin:/Applications/Xcode.app/Contents/Developer/Toolchains/XcodeDefault.xctoolchain/usr/libexec:/Applications/Xcode.app/Contents/Developer/Platforms/iPhoneSimulator.platform/usr/bin:/Applications/Xcode.app/Contents/Developer/Platforms/iPhoneSimulator.platform/usr/local/bin:/Applications/Xcode.app/Contents/Developer/Platforms/iPhoneSimulator.platform/Developer/usr/bin:/Applications/Xcode.app/Contents/Developer/Platforms/iPhoneSimulator.platform/Developer/usr/local/bin:/Applications/Xcode.app/Contents/Developer/usr/bin:/Applications/Xcode.app/Contents/Developer/usr/local/bin:/Users/depoll/.rbenv/shims:/opt/homebrew/opt/openjdk/bin:/Users/depoll/opt/anaconda3/bin:/Users/depoll/opt/anaconda3/condabin:/opt/homebrew/bin:/opt/homebrew/sbin:/usr/local/bin:/System/Cryptexes/App/usr/bin:/usr/bin:/bin:/usr/sbin:/sbin:/var/run/com.apple.security.cryptexd/codex.system/bootstrap/usr/local/bin:/var/run/com.apple.security.cryptexd/codex.system/bootstrap/usr/bin:/var/run/com.apple.security.cryptexd/codex.system/bootstrap/usr/appleinternal/bin:/opt/pmk/env/global/bin:/Library/Apple/usr/bin:/usr/local/MacGPG2/bin:/Users/depoll/.cargo/bin:/Users/depoll/Library/Android/sdk/platform-tools:/Users/depoll/.local/bin:/Users/depoll/.lmstudio/bin
    export PATH_PREFIXES_EXCLUDED_FROM_HEADER_DEPENDENCIES\=/usr/include\ /usr/local/include\ /System/Library/Frameworks\ /System/Library/PrivateFrameworks\ /Applications/Xcode.app/Contents/Developer/Headers\ /Applications/Xcode.app/Contents/Developer/SDKs\ /Applications/Xcode.app/Contents/Developer/Platforms
    export PBDEVELOPMENTPLIST_PATH\=grpc.framework/pbdevelopment.plist
    export PER_ARCH_MODULE_FILE_DIR\=/Users/depoll/Library/Developer/Xcode/DerivedData/iOS-avedbudfywsssrcrcpqwadfjuouo/Build/Intermediates.noindex/Pods.build/Debug-iphonesimulator/gRPC-Core.build/Objects-normal/undefined_arch
    export PER_ARCH_OBJECT_FILE_DIR\=/Users/depoll/Library/Developer/Xcode/DerivedData/iOS-avedbudfywsssrcrcpqwadfjuouo/Build/Intermediates.noindex/Pods.build/Debug-iphonesimulator/gRPC-Core.build/Objects-normal/undefined_arch
    export PER_VARIANT_OBJECT_FILE_DIR\=/Users/depoll/Library/Developer/Xcode/DerivedData/iOS-avedbudfywsssrcrcpqwadfjuouo/Build/Intermediates.noindex/Pods.build/Debug-iphonesimulator/gRPC-Core.build/Objects-normal
    export PKGINFO_FILE_PATH\=/Users/depoll/Library/Developer/Xcode/DerivedData/iOS-avedbudfywsssrcrcpqwadfjuouo/Build/Intermediates.noindex/Pods.build/Debug-iphonesimulator/gRPC-Core.build/PkgInfo
    export PKGINFO_PATH\=grpc.framework/PkgInfo
    export PLATFORM_DEVELOPER_APPLICATIONS_DIR\=/Applications/Xcode.app/Contents/Developer/Platforms/iPhoneSimulator.platform/Developer/Applications
    export PLATFORM_DEVELOPER_BIN_DIR\=/Applications/Xcode.app/Contents/Developer/Platforms/iPhoneSimulator.platform/Developer/usr/bin
    export PLATFORM_DEVELOPER_LIBRARY_DIR\=/Applications/Xcode.app/Contents/Developer/Platforms/iPhoneSimulator.platform/Developer/Library
    export PLATFORM_DEVELOPER_SDK_DIR\=/Applications/Xcode.app/Contents/Developer/Platforms/iPhoneSimulator.platform/Developer/SDKs
    export PLATFORM_DEVELOPER_TOOLS_DIR\=/Applications/Xcode.app/Contents/Developer/Platforms/iPhoneSimulator.platform/Developer/Tools
    export PLATFORM_DEVELOPER_USR_DIR\=/Applications/Xcode.app/Contents/Developer/Platforms/iPhoneSimulator.platform/Developer/usr
    export PLATFORM_DIR\=/Applications/Xcode.app/Contents/Developer/Platforms/iPhoneSimulator.platform
    export PLATFORM_DISPLAY_NAME\=iOS\ Simulator
    export PLATFORM_FAMILY_NAME\=iOS
    export PLATFORM_NAME\=iphonesimulator
    export PLATFORM_PREFERRED_ARCH\=x86_64
    export PLATFORM_PRODUCT_BUILD_VERSION\=23B77
    export PLATFORM_REQUIRES_SWIFT_AUTOLINK_EXTRACT\=NO
    export PLATFORM_REQUIRES_SWIFT_MODULEWRAP\=NO
    export PLIST_FILE_OUTPUT_FORMAT\=binary
    export PLUGINS_FOLDER_PATH\=grpc.framework/PlugIns
    export PODS_BUILD_DIR\=/Users/depoll/Library/Developer/Xcode/DerivedData/iOS-avedbudfywsssrcrcpqwadfjuouo/Build/Products
    export PODS_CONFIGURATION_BUILD_DIR\=/Users/depoll/Library/Developer/Xcode/DerivedData/iOS-avedbudfywsssrcrcpqwadfjuouo/Build/Products/Debug-iphonesimulator
    export PODS_DEVELOPMENT_LANGUAGE\=en
    export PODS_ROOT\=/Users/depoll/Code/depollsoft/iOS/Pods
    export PODS_TARGET_SRCROOT\=/Users/depoll/Code/depollsoft/iOS/Pods/gRPC-Core
    export PODS_XCFRAMEWORKS_BUILD_DIR\=/Users/depoll/Library/Developer/Xcode/DerivedData/iOS-avedbudfywsssrcrcpqwadfjuouo/Build/Products/Debug-iphonesimulator/XCFrameworkIntermediates
    export PRECOMPS_INCLUDE_HEADERS_FROM_BUILT_PRODUCTS_DIR\=YES
    export PRECOMP_DESTINATION_DIR\=/Users/depoll/Library/Developer/Xcode/DerivedData/iOS-avedbudfywsssrcrcpqwadfjuouo/Build/Intermediates.noindex/Pods.build/Debug-iphonesimulator/gRPC-Core.build/PrefixHeaders
    export PRIVATE_HEADERS_FOLDER_PATH\=grpc.framework/PrivateHeaders
    export PROCESSED_INFOPLIST_PATH\=/Users/depoll/Library/Developer/Xcode/DerivedData/iOS-avedbudfywsssrcrcpqwadfjuouo/Build/Intermediates.noindex/Pods.build/Debug-iphonesimulator/gRPC-Core.build/Objects-normal/undefined_arch/Processed-Info.plist
    export PRODUCT_BUNDLE_IDENTIFIER\=org.cocoapods.grpc
    export PRODUCT_BUNDLE_PACKAGE_TYPE\=FMWK
    export PRODUCT_MODULE_NAME\=grpc
    export PRODUCT_NAME\=grpc
    export PRODUCT_SETTINGS_PATH\=/Users/depoll/Code/depollsoft/iOS/Pods/Target\ Support\ Files/gRPC-Core/gRPC-Core-Info.plist
    export PRODUCT_TYPE\=com.apple.product-type.framework
    export PROFILING_CODE\=NO
    export PROJECT\=Pods
    export PROJECT_DERIVED_FILE_DIR\=/Users/depoll/Library/Developer/Xcode/DerivedData/iOS-avedbudfywsssrcrcpqwadfjuouo/Build/Intermediates.noindex/Pods.build/DerivedSources
    export PROJECT_DIR\=/Users/depoll/Code/depollsoft/iOS/Pods
    export PROJECT_FILE_PATH\=/Users/depoll/Code/depollsoft/iOS/Pods/Pods.xcodeproj
    export PROJECT_GUID\=8699adb1dd336b26511df848a716bd42
    export PROJECT_NAME\=Pods
    export PROJECT_TEMP_DIR\=/Users/depoll/Library/Developer/Xcode/DerivedData/iOS-avedbudfywsssrcrcpqwadfjuouo/Build/Intermediates.noindex/Pods.build
    export PROJECT_TEMP_ROOT\=/Users/depoll/Library/Developer/Xcode/DerivedData/iOS-avedbudfywsssrcrcpqwadfjuouo/Build/Intermediates.noindex
    export PUBLIC_HEADERS_FOLDER_PATH\=grpc.framework/Headers
    export RECOMMENDED_IPHONEOS_DEPLOYMENT_TARGET\=15.0
    export RECURSIVE_SEARCH_PATHS_FOLLOW_SYMLINKS\=YES
    export REMOVE_CVS_FROM_RESOURCES\=YES
    export REMOVE_GIT_FROM_RESOURCES\=YES
    export REMOVE_HEADERS_FROM_EMBEDDED_BUNDLES\=YES
    export REMOVE_HG_FROM_RESOURCES\=YES
    export REMOVE_STATIC_EXECUTABLES_FROM_EMBEDDED_BUNDLES\=YES
    export REMOVE_SVN_FROM_RESOURCES\=YES
    export RESCHEDULE_INDEPENDENT_HEADERS_PHASES\=YES
    export REZ_COLLECTOR_DIR\=/Users/depoll/Library/Developer/Xcode/DerivedData/iOS-avedbudfywsssrcrcpqwadfjuouo/Build/Intermediates.noindex/Pods.build/Debug-iphonesimulator/gRPC-Core.build/ResourceManagerResources
    export REZ_OBJECTS_DIR\=/Users/depoll/Library/Developer/Xcode/DerivedData/iOS-avedbudfywsssrcrcpqwadfjuouo/Build/Intermediates.noindex/Pods.build/Debug-iphonesimulator/gRPC-Core.build/ResourceManagerResources/Objects
    export REZ_SEARCH_PATHS\=/Users/depoll/Library/Developer/Xcode/DerivedData/iOS-avedbudfywsssrcrcpqwadfjuouo/Build/Products/Debug-iphonesimulator/gRPC-Core\ 
    export RUNTIME_EXCEPTION_ALLOW_DYLD_ENVIRONMENT_VARIABLES\=NO
    export RUNTIME_EXCEPTION_ALLOW_JIT\=NO
    export RUNTIME_EXCEPTION_ALLOW_UNSIGNED_EXECUTABLE_MEMORY\=NO
    export RUNTIME_EXCEPTION_DEBUGGING_TOOL\=NO
    export RUNTIME_EXCEPTION_DISABLE_EXECUTABLE_PAGE_PROTECTION\=NO
    export RUNTIME_EXCEPTION_DISABLE_LIBRARY_VALIDATION\=NO
    export SCAN_ALL_SOURCE_FILES_FOR_INCLUDES\=NO
    export SCRIPTS_FOLDER_PATH\=grpc.framework/Scripts
    export SCRIPT_INPUT_FILE_COUNT\=0
    export SCRIPT_INPUT_FILE_LIST_COUNT\=0
    export SCRIPT_OUTPUT_FILE_COUNT\=0
    export SCRIPT_OUTPUT_FILE_LIST_COUNT\=0
    export SDKROOT\=/Applications/Xcode.app/Contents/Developer/Platforms/iPhoneSimulator.platform/Developer/SDKs/iPhoneSimulator26.1.sdk
    export SDK_DIR\=/Applications/Xcode.app/Contents/Developer/Platforms/iPhoneSimulator.platform/Developer/SDKs/iPhoneSimulator26.1.sdk
    export SDK_DIR_iphonesimulator\=/Applications/Xcode.app/Contents/Developer/Platforms/iPhoneSimulator.platform/Developer/SDKs/iPhoneSimulator26.1.sdk
    export SDK_DIR_iphonesimulator26_1\=/Applications/Xcode.app/Contents/Developer/Platforms/iPhoneSimulator.platform/Developer/SDKs/iPhoneSimulator26.1.sdk
    export SDK_NAME\=iphonesimulator26.1
    export SDK_NAMES\=iphonesimulator26.1
    export SDK_PRODUCT_BUILD_VERSION\=23B77
    export SDK_STAT_CACHE_DIR\=/Users/depoll/Library/Developer/Xcode/DerivedData
    export SDK_STAT_CACHE_ENABLE\=YES
    export SDK_STAT_CACHE_PATH\=/Users/depoll/Library/Developer/Xcode/DerivedData/SDKStatCaches.noindex/iphonesimulator26.1-23B77-90cf18a4295e390e64c810bc6bd7acbc.sdkstatcache
    export SDK_VERSION\=26.1
    export SDK_VERSION_ACTUAL\=260100
    export SDK_VERSION_MAJOR\=260000
    export SDK_VERSION_MINOR\=260100
    export SED\=/usr/bin/sed
    export SEPARATE_STRIP\=NO
    export SEPARATE_SYMBOL_EDIT\=NO
    export SET_DIR_MODE_OWNER_GROUP\=YES
    export SET_FILE_MODE_OWNER_GROUP\=NO
    export SHALLOW_BUNDLE\=YES
    export SHALLOW_BUNDLE_TRIPLE\=ios-simulator
    export SHALLOW_BUNDLE_ios_macabi\=NO
    export SHALLOW_BUNDLE_macos\=NO
    export SHARED_DERIVED_FILE_DIR\=/Users/depoll/Library/Developer/Xcode/DerivedData/iOS-avedbudfywsssrcrcpqwadfjuouo/Build/Products/Debug-iphonesimulator/gRPC-Core/DerivedSources
    export SHARED_FRAMEWORKS_FOLDER_PATH\=grpc.framework/SharedFrameworks
    export SHARED_PRECOMPS_DIR\=/Users/depoll/Library/Developer/Xcode/DerivedData/iOS-avedbudfywsssrcrcpqwadfjuouo/Build/Intermediates.noindex/PrecompiledHeaders
    export SHARED_SUPPORT_FOLDER_PATH\=grpc.framework
    export SKIP_INSTALL\=YES
    export SOURCE_ROOT\=/Users/depoll/Code/depollsoft/iOS/Pods
    export SRCROOT\=/Users/depoll/Code/depollsoft/iOS/Pods
    export STRINGSDATA_DIR\=/Users/depoll/Library/Developer/Xcode/DerivedData/iOS-avedbudfywsssrcrcpqwadfjuouo/Build/Intermediates.noindex/Pods.build/Debug-iphonesimulator/gRPC-Core.build/Objects-normal/undefined_arch
    export STRINGSDATA_ROOT\=/Users/depoll/Library/Developer/Xcode/DerivedData/iOS-avedbudfywsssrcrcpqwadfjuouo/Build/Intermediates.noindex/Pods.build/Debug-iphonesimulator/gRPC-Core.build
    export STRINGS_FILE_INFOPLIST_RENAME\=YES
    export STRINGS_FILE_OUTPUT_ENCODING\=binary
    export STRING_CATALOG_GENERATE_SYMBOLS\=NO
    export STRIP_BITCODE_FROM_COPIED_FILES\=NO
    export STRIP_INSTALLED_PRODUCT\=NO
    export STRIP_STYLE\=debugging
    export STRIP_SWIFT_SYMBOLS\=YES
    export SUPPORTED_DEVICE_FAMILIES\=1,2
    export SUPPORTED_PLATFORMS\=iphoneos\ iphonesimulator
    export SUPPORTS_TEXT_BASED_API\=NO
    export SUPPRESS_WARNINGS\=NO
    export SWIFT_ACTIVE_COMPILATION_CONDITIONS\=DEBUG\ 
    export SWIFT_EMIT_CONST_VALUE_PROTOCOLS\=AppIntent\ EntityQuery\ AppEntity\ TransientEntity\ AppEnum\ AppShortcutProviding\ AppShortcutsProvider\ AnyResolverProviding\ AppIntentsPackage\ DynamicOptionsProvider\ _IntentValueRepresentable\ _AssistantIntentsProvider\ _GenerativeFunctionExtractable\ IntentValueQuery\ Resolver\ AppExtension\ ExtensionPointDefining
    export SWIFT_EMIT_LOC_STRINGS\=NO
    export SWIFT_ENABLE_EXPLICIT_MODULES\=YES
    export SWIFT_INSTALL_MODULE_FOR_DEPLOYMENT\=YES
    export SWIFT_INSTALL_OBJC_HEADER\=YES
    export SWIFT_OPTIMIZATION_LEVEL\=-Onone
    export SWIFT_PLATFORM_TARGET_PREFIX\=ios
    export SWIFT_RESPONSE_FILE_PATH_normal_arm64\=/Users/depoll/Library/Developer/Xcode/DerivedData/iOS-avedbudfywsssrcrcpqwadfjuouo/Build/Intermediates.noindex/Pods.build/Debug-iphonesimulator/gRPC-Core.build/Objects-normal/arm64/grpc.SwiftFileList
    export SWIFT_VERSION\=5.0
    export SYMROOT\=/Users/depoll/Library/Developer/Xcode/DerivedData/iOS-avedbudfywsssrcrcpqwadfjuouo/Build/Products
    export SYSTEM_ADMIN_APPS_DIR\=/Applications/Utilities
    export SYSTEM_APPS_DIR\=/Applications
    export SYSTEM_CORE_SERVICES_DIR\=/System/Library/CoreServices
    export SYSTEM_DEMOS_DIR\=/Applications/Extras
    export SYSTEM_DEVELOPER_APPS_DIR\=/Applications/Xcode.app/Contents/Developer/Applications
    export SYSTEM_DEVELOPER_BIN_DIR\=/Applications/Xcode.app/Contents/Developer/usr/bin
    export SYSTEM_DEVELOPER_DEMOS_DIR\=/Applications/Xcode.app/Contents/Developer/Applications/Utilities/Built\ Examples
    export SYSTEM_DEVELOPER_DIR\=/Applications/Xcode.app/Contents/Developer
    export SYSTEM_DEVELOPER_DOC_DIR\=/Applications/Xcode.app/Contents/Developer/ADC\ Reference\ Library
    export SYSTEM_DEVELOPER_GRAPHICS_TOOLS_DIR\=/Applications/Xcode.app/Contents/Developer/Applications/Graphics\ Tools
    export SYSTEM_DEVELOPER_JAVA_TOOLS_DIR\=/Applications/Xcode.app/Contents/Developer/Applications/Java\ Tools
    export SYSTEM_DEVELOPER_PERFORMANCE_TOOLS_DIR\=/Applications/Xcode.app/Contents/Developer/Applications/Performance\ Tools
    export SYSTEM_DEVELOPER_RELEASENOTES_DIR\=/Applications/Xcode.app/Contents/Developer/ADC\ Reference\ Library/releasenotes
    export SYSTEM_DEVELOPER_TOOLS\=/Applications/Xcode.app/Contents/Developer/Tools
    export SYSTEM_DEVELOPER_TOOLS_DOC_DIR\=/Applications/Xcode.app/Contents/Developer/ADC\ Reference\ Library/documentation/DeveloperTools
    export SYSTEM_DEVELOPER_TOOLS_RELEASENOTES_DIR\=/Applications/Xcode.app/Contents/Developer/ADC\ Reference\ Library/releasenotes/DeveloperTools
    export SYSTEM_DEVELOPER_USR_DIR\=/Applications/Xcode.app/Contents/Developer/usr
    export SYSTEM_DEVELOPER_UTILITIES_DIR\=/Applications/Xcode.app/Contents/Developer/Applications/Utilities
    export SYSTEM_DEXT_INSTALL_PATH\=/System/Library/DriverExtensions
    export SYSTEM_DOCUMENTATION_DIR\=/Library/Documentation
    export SYSTEM_EXTENSIONS_FOLDER_PATH\=grpc.framework/SystemExtensions
    export SYSTEM_EXTENSIONS_FOLDER_PATH_SHALLOW_BUNDLE_NO\=grpc.framework/Library/SystemExtensions
    export SYSTEM_EXTENSIONS_FOLDER_PATH_SHALLOW_BUNDLE_YES\=grpc.framework/SystemExtensions
    export SYSTEM_KEXT_INSTALL_PATH\=/System/Library/Extensions
    export SYSTEM_LIBRARY_DIR\=/System/Library
    export TAPI_DEMANGLE\=YES
    export TAPI_ENABLE_PROJECT_HEADERS\=NO
    export TAPI_LANGUAGE\=objective-c
    export TAPI_LANGUAGE_STANDARD\=compiler-default
    export TAPI_USE_SRCROOT\=YES
    export TAPI_VERIFY_MODE\=Pedantic
    export TARGETED_DEVICE_FAMILY\=1,2
    export TARGETNAME\=gRPC-Core
    export TARGET_BUILD_DIR\=/Users/depoll/Library/Developer/Xcode/DerivedData/iOS-avedbudfywsssrcrcpqwadfjuouo/Build/Products/Debug-iphonesimulator/gRPC-Core
    export TARGET_DEVICE_IDENTIFIER\=D30C932C-87F7-40EA-BE73-1BADE34A55F2
    export TARGET_DEVICE_MODEL\=iPhone17,3
    export TARGET_DEVICE_OS_VERSION\=18.6
    export TARGET_DEVICE_PLATFORM_NAME\=iphonesimulator
    export TARGET_NAME\=gRPC-Core
    export TARGET_TEMP_DIR\=/Users/depoll/Library/Developer/Xcode/DerivedData/iOS-avedbudfywsssrcrcpqwadfjuouo/Build/Intermediates.noindex/Pods.build/Debug-iphonesimulator/gRPC-Core.build
    export TEMP_DIR\=/Users/depoll/Library/Developer/Xcode/DerivedData/iOS-avedbudfywsssrcrcpqwadfjuouo/Build/Intermediates.noindex/Pods.build/Debug-iphonesimulator/gRPC-Core.build
    export TEMP_FILES_DIR\=/Users/depoll/Library/Developer/Xcode/DerivedData/iOS-avedbudfywsssrcrcpqwadfjuouo/Build/Intermediates.noindex/Pods.build/Debug-iphonesimulator/gRPC-Core.build
    export TEMP_FILE_DIR\=/Users/depoll/Library/Developer/Xcode/DerivedData/iOS-avedbudfywsssrcrcpqwadfjuouo/Build/Intermediates.noindex/Pods.build/Debug-iphonesimulator/gRPC-Core.build
    export TEMP_ROOT\=/Users/depoll/Library/Developer/Xcode/DerivedData/iOS-avedbudfywsssrcrcpqwadfjuouo/Build/Intermediates.noindex
    export TEMP_SANDBOX_DIR\=/Users/depoll/Library/Developer/Xcode/DerivedData/iOS-avedbudfywsssrcrcpqwadfjuouo/Build/Intermediates.noindex/TemporaryTaskSandboxes
    export TEST_FRAMEWORK_SEARCH_PATHS\=\ /Applications/Xcode.app/Contents/Developer/Platforms/iPhoneSimulator.platform/Developer/Library/Frameworks\ /Applications/Xcode.app/Contents/Developer/Platforms/iPhoneSimulator.platform/Developer/SDKs/iPhoneSimulator26.1.sdk/Developer/Library/Frameworks
    export TEST_LIBRARY_SEARCH_PATHS\=\ /Applications/Xcode.app/Contents/Developer/Platforms/iPhoneSimulator.platform/Developer/usr/lib
    export TOOLCHAINS\=com.apple.dt.toolchain.XcodeDefault
    export TOOLCHAIN_DIR\=/Applications/Xcode.app/Contents/Developer/Toolchains/XcodeDefault.xctoolchain
    export TREAT_MISSING_BASELINES_AS_TEST_FAILURES\=NO
    export TREAT_MISSING_SCRIPT_PHASE_OUTPUTS_AS_ERRORS\=NO
    export TeamIdentifierPrefix\=FAKETEAMID.
    export UID\=501
    export UNINSTALLED_PRODUCTS_DIR\=/Users/depoll/Library/Developer/Xcode/DerivedData/iOS-avedbudfywsssrcrcpqwadfjuouo/Build/Intermediates.noindex/UninstalledProducts
    export UNLOCALIZED_RESOURCES_FOLDER_PATH\=grpc.framework
    export UNLOCALIZED_RESOURCES_FOLDER_PATH_SHALLOW_BUNDLE_NO\=grpc.framework/Resources
    export UNLOCALIZED_RESOURCES_FOLDER_PATH_SHALLOW_BUNDLE_YES\=grpc.framework
    export UNSTRIPPED_PRODUCT\=NO
    export USER\=depoll
    export USER_APPS_DIR\=/Users/depoll/Applications
    export USER_HEADER_SEARCH_PATHS\=\"/Users/depoll/Code/depollsoft/iOS/Pods/gRPC-Core\"\ \"/Users/depoll/Code/depollsoft/iOS/Pods/gRPC-Core/src/core/ext/upb-gen\"\ \"/Users/depoll/Code/depollsoft/iOS/Pods/gRPC-Core/src/core/ext/upbdefs-gen\"\ \"/Users/depoll/Code/depollsoft/iOS/Pods/gRPC-Core/third_party/re2\"\ \"/Users/depoll/Code/depollsoft/iOS/Pods/gRPC-Core/third_party/upb\"\ \"/Users/depoll/Code/depollsoft/iOS/Pods/gRPC-Core/third_party/utf8_range\"\ \"/Users/depoll/Code/depollsoft/iOS/Pods/gRPC-Core/third_party/xxhash\"
    export USER_LIBRARY_DIR\=/Users/depoll/Library
    export USE_DYNAMIC_NO_PIC\=YES
    export USE_HEADERMAP\=NO
    export USE_HEADER_SYMLINKS\=NO
    export USE_RECURSIVE_SCRIPT_INPUTS_IN_SCRIPT_PHASES\=YES
    export VALIDATE_DEVELOPMENT_ASSET_PATHS\=YES_ERROR
    export VALIDATE_PRODUCT\=NO
    export VALID_ARCHS\=arm64\ x86_64
    export VERBOSE_PBXCP\=NO
    export VERSIONING_SYSTEM\=apple-generic
    export VERSIONPLIST_PATH\=grpc.framework/version.plist
    export VERSIONS_FOLDER_PATH\=grpc.framework
    export VERSIONS_FOLDER_PATH_SHALLOW_BUNDLE_NO\=grpc.framework/Versions
    export VERSIONS_FOLDER_PATH_SHALLOW_BUNDLE_YES\=grpc.framework
    export VERSION_INFO_BUILDER\=depoll
    export VERSION_INFO_FILE\=grpc_vers.c
    export VERSION_INFO_STRING\=\"@\(\#\)PROGRAM:grpc\ \ PROJECT:Pods-1\"
    export WORKSPACE_DIR\=/Users/depoll/Code/depollsoft/iOS
    export WRAPPER_EXTENSION\=framework
    export WRAPPER_NAME\=grpc.framework
    export WRAPPER_SUFFIX\=.framework
    export WRAP_ASSET_PACKS_IN_SEPARATE_DIRECTORIES\=NO
    export XCODE_APP_SUPPORT_DIR\=/Applications/Xcode.app/Contents/Developer/Library/Xcode
    export XCODE_PRODUCT_BUILD_VERSION\=17B100
    export XCODE_VERSION_ACTUAL\=2611
    export XCODE_VERSION_MAJOR\=2600
    export XCODE_VERSION_MINOR\=2610
    export XPCSERVICES_FOLDER_PATH\=grpc.framework/XPCServices
    export YACC\=yacc
    export _DISCOVER_COMMAND_LINE_LINKER_INPUTS\=YES
    export _DISCOVER_COMMAND_LINE_LINKER_INPUTS_INCLUDE_WL\=YES
    export _LD_MULTIARCH\=YES
    export _WRAPPER_CONTENTS_DIR_SHALLOW_BUNDLE_NO\=/Contents
    export _WRAPPER_PARENT_PATH_SHALLOW_BUNDLE_NO\=/..
    export _WRAPPER_RESOURCES_DIR_SHALLOW_BUNDLE_NO\=/Resources
    export __DIAGNOSE_DEPRECATED_ARCHS\=YES
    export arch\=undefined_arch
    export variant\=normal
    /bin/sh -c /Users/depoll/Library/Developer/Xcode/DerivedData/iOS-avedbudfywsssrcrcpqwadfjuouo/Build/Intermediates.noindex/Pods.build/Debug-iphonesimulator/gRPC-Core.build/Script-46EB2E00041F00.sh

SwiftDriver\ Compilation Protobuf normal arm64 com.apple.xcode.tools.swift.compiler (in target 'Protobuf' from project 'Pods')
    cd /Users/depoll/Code/depollsoft/iOS/Pods
    builtin-Swift-Compilation -- /Applications/Xcode.app/Contents/Developer/Toolchains/XcodeDefault.xctoolchain/usr/bin/swiftc -module-name Protobuf -Onone -enforce-exclusivity\=checked @/Users/depoll/Library/Developer/Xcode/DerivedData/iOS-avedbudfywsssrcrcpqwadfjuouo/Build/Intermediates.noindex/Pods.build/Debug-iphonesimulator/Protobuf.build/Objects-normal/arm64/Protobuf.SwiftFileList -DDEBUG -D COCOAPODS -suppress-warnings -enable-bare-slash-regex -enable-experimental-feature DebugDescriptionMacro -sdk /Applications/Xcode.app/Contents/Developer/Platforms/iPhoneSimulator.platform/Developer/SDKs/iPhoneSimulator26.1.sdk -target arm64-apple-ios15.0-simulator -g -module-cache-path /Users/depoll/Library/Developer/Xcode/DerivedData/ModuleCache.noindex -Xfrontend -serialize-debugging-options -profile-coverage-mapping -profile-generate -enable-testing -index-store-path /Users/depoll/Library/Developer/Xcode/DerivedData/iOS-avedbudfywsssrcrcpqwadfjuouo/Index.noindex/DataStore -Xcc -D_LIBCPP_HARDENING_MODE\=_LIBCPP_HARDENING_MODE_DEBUG -swift-version 5 -I /Users/depoll/Library/Developer/Xcode/DerivedData/iOS-avedbudfywsssrcrcpqwadfjuouo/Build/Products/Debug-iphonesimulator/Protobuf -F /Users/depoll/Library/Developer/Xcode/DerivedData/iOS-avedbudfywsssrcrcpqwadfjuouo/Build/Products/Debug-iphonesimulator/Protobuf -c -j10 -enable-batch-mode -incremental -Xcc -ivfsstatcache -Xcc /Users/depoll/Library/Developer/Xcode/DerivedData/SDKStatCaches.noindex/iphonesimulator26.1-23B77-90cf18a4295e390e64c810bc6bd7acbc.sdkstatcache -output-file-map /Users/depoll/Library/Developer/Xcode/DerivedData/iOS-avedbudfywsssrcrcpqwadfjuouo/Build/Intermediates.noindex/Pods.build/Debug-iphonesimulator/Protobuf.build/Objects-normal/arm64/Protobuf-OutputFileMap.json -use-frontend-parseable-output -save-temps -no-color-diagnostics -explicit-module-build -module-cache-path /Users/depoll/Library/Developer/Xcode/DerivedData/iOS-avedbudfywsssrcrcpqwadfjuouo/Build/Intermediates.noindex/SwiftExplicitPrecompiledModules -clang-scanner-module-cache-path /Users/depoll/Library/Developer/Xcode/DerivedData/ModuleCache.noindex -sdk-module-cache-path /Users/depoll/Library/Developer/Xcode/DerivedData/ModuleCache.noindex -serialize-diagnostics -emit-dependencies -emit-module -emit-module-path /Users/depoll/Library/Developer/Xcode/DerivedData/iOS-avedbudfywsssrcrcpqwadfjuouo/Build/Intermediates.noindex/Pods.build/Debug-iphonesimulator/Protobuf.build/Objects-normal/arm64/Protobuf.swiftmodule -validate-clang-modules-once -clang-build-session-file /Users/depoll/Library/Developer/Xcode/DerivedData/ModuleCache.noindex/Session.modulevalidation -Xcc -I/Users/depoll/Library/Developer/Xcode/DerivedData/iOS-avedbudfywsssrcrcpqwadfjuouo/Build/Intermediates.noindex/Pods.build/Debug-iphonesimulator/Protobuf.build/swift-overrides.hmap -emit-const-values -Xfrontend -const-gather-protocols-file -Xfrontend /Users/depoll/Library/Developer/Xcode/DerivedData/iOS-avedbudfywsssrcrcpqwadfjuouo/Build/Intermediates.noindex/Pods.build/Debug-iphonesimulator/Protobuf.build/Objects-normal/arm64/Protobuf_const_extract_protocols.json -Xcc -iquote -Xcc /Users/depoll/Library/Developer/Xcode/DerivedData/iOS-avedbudfywsssrcrcpqwadfjuouo/Build/Intermediates.noindex/Pods.build/Debug-iphonesimulator/Protobuf.build/Protobuf-generated-files.hmap -Xcc -I/Users/depoll/Library/Developer/Xcode/DerivedData/iOS-avedbudfywsssrcrcpqwadfjuouo/Build/Intermediates.noindex/Pods.build/Debug-iphonesimulator/Protobuf.build/Protobuf-own-target-headers.hmap -Xcc -I/Users/depoll/Library/Developer/Xcode/DerivedData/iOS-avedbudfywsssrcrcpqwadfjuouo/Build/Intermediates.noindex/Pods.build/Debug-iphonesimulator/Protobuf.build/Protobuf-all-non-framework-target-headers.hmap -Xcc -ivfsoverlay -Xcc /Users/depoll/Library/Developer/Xcode/DerivedData/iOS-avedbudfywsssrcrcpqwadfjuouo/Build/Intermediates.noindex/Pods.build/Debug-iphonesimulator/Pods-8699adb1dd336b26511df848a716bd42-VFS-iphonesimulator/all-product-headers.yaml -Xcc -iquote -Xcc /Users/depoll/Library/Developer/Xcode/DerivedData/iOS-avedbudfywsssrcrcpqwadfjuouo/Build/Intermediates.noindex/Pods.build/Debug-iphonesimulator/Protobuf.build/Protobuf-project-headers.hmap -Xcc -I/Users/depoll/Library/Developer/Xcode/DerivedData/iOS-avedbudfywsssrcrcpqwadfjuouo/Build/Products/Debug-iphonesimulator/Protobuf/include -Xcc -I/Users/depoll/Library/Developer/Xcode/DerivedData/iOS-avedbudfywsssrcrcpqwadfjuouo/Build/Intermediates.noindex/Pods.build/Debug-iphonesimulator/Protobuf.build/DerivedSources-normal/arm64 -Xcc -I/Users/depoll/Library/Developer/Xcode/DerivedData/iOS-avedbudfywsssrcrcpqwadfjuouo/Build/Intermediates.noindex/Pods.build/Debug-iphonesimulator/Protobuf.build/DerivedSources/arm64 -Xcc -I/Users/depoll/Library/Developer/Xcode/DerivedData/iOS-avedbudfywsssrcrcpqwadfjuouo/Build/Intermediates.noindex/Pods.build/Debug-iphonesimulator/Protobuf.build/DerivedSources -Xcc -DPOD_CONFIGURATION_DEBUG\=1 -Xcc -DDEBUG\=1 -Xcc -DCOCOAPODS\=1 -Xcc -DPOD_CONFIGURATION_DEBUG\=1 -Xcc -DDEBUG\=1 -Xcc -DGPB_USE_PROTOBUF_FRAMEWORK_IMPORTS\=1 -emit-objc-header -emit-objc-header-path /Users/depoll/Library/Developer/Xcode/DerivedData/iOS-avedbudfywsssrcrcpqwadfjuouo/Build/Intermediates.noindex/Pods.build/Debug-iphonesimulator/Protobuf.build/Objects-normal/arm64/Protobuf-Swift.h -import-underlying-module -Xcc -ivfsoverlay -Xcc /Users/depoll/Library/Developer/Xcode/DerivedData/iOS-avedbudfywsssrcrcpqwadfjuouo/Build/Intermediates.noindex/Pods.build/Debug-iphonesimulator/Protobuf.build/unextended-module-overlay.yaml -working-directory /Users/depoll/Code/depollsoft/iOS/Pods -experimental-emit-module-separately -disable-cmo

SwiftDriver\ Compilation\ Requirements Protobuf normal arm64 com.apple.xcode.tools.swift.compiler (in target 'Protobuf' from project 'Pods')
    cd /Users/depoll/Code/depollsoft/iOS/Pods
    builtin-Swift-Compilation-Requirements -- /Applications/Xcode.app/Contents/Developer/Toolchains/XcodeDefault.xctoolchain/usr/bin/swiftc -module-name Protobuf -Onone -enforce-exclusivity\=checked @/Users/depoll/Library/Developer/Xcode/DerivedData/iOS-avedbudfywsssrcrcpqwadfjuouo/Build/Intermediates.noindex/Pods.build/Debug-iphonesimulator/Protobuf.build/Objects-normal/arm64/Protobuf.SwiftFileList -DDEBUG -D COCOAPODS -suppress-warnings -enable-bare-slash-regex -enable-experimental-feature DebugDescriptionMacro -sdk /Applications/Xcode.app/Contents/Developer/Platforms/iPhoneSimulator.platform/Developer/SDKs/iPhoneSimulator26.1.sdk -target arm64-apple-ios15.0-simulator -g -module-cache-path /Users/depoll/Library/Developer/Xcode/DerivedData/ModuleCache.noindex -Xfrontend -serialize-debugging-options -profile-coverage-mapping -profile-generate -enable-testing -index-store-path /Users/depoll/Library/Developer/Xcode/DerivedData/iOS-avedbudfywsssrcrcpqwadfjuouo/Index.noindex/DataStore -Xcc -D_LIBCPP_HARDENING_MODE\=_LIBCPP_HARDENING_MODE_DEBUG -swift-version 5 -I /Users/depoll/Library/Developer/Xcode/DerivedData/iOS-avedbudfywsssrcrcpqwadfjuouo/Build/Products/Debug-iphonesimulator/Protobuf -F /Users/depoll/Library/Developer/Xcode/DerivedData/iOS-avedbudfywsssrcrcpqwadfjuouo/Build/Products/Debug-iphonesimulator/Protobuf -c -j10 -enable-batch-mode -incremental -Xcc -ivfsstatcache -Xcc /Users/depoll/Library/Developer/Xcode/DerivedData/SDKStatCaches.noindex/iphonesimulator26.1-23B77-90cf18a4295e390e64c810bc6bd7acbc.sdkstatcache -output-file-map /Users/depoll/Library/Developer/Xcode/DerivedData/iOS-avedbudfywsssrcrcpqwadfjuouo/Build/Intermediates.noindex/Pods.build/Debug-iphonesimulator/Protobuf.build/Objects-normal/arm64/Protobuf-OutputFileMap.json -use-frontend-parseable-output -save-temps -no-color-diagnostics -explicit-module-build -module-cache-path /Users/depoll/Library/Developer/Xcode/DerivedData/iOS-avedbudfywsssrcrcpqwadfjuouo/Build/Intermediates.noindex/SwiftExplicitPrecompiledModules -clang-scanner-module-cache-path /Users/depoll/Library/Developer/Xcode/DerivedData/ModuleCache.noindex -sdk-module-cache-path /Users/depoll/Library/Developer/Xcode/DerivedData/ModuleCache.noindex -serialize-diagnostics -emit-dependencies -emit-module -emit-module-path /Users/depoll/Library/Developer/Xcode/DerivedData/iOS-avedbudfywsssrcrcpqwadfjuouo/Build/Intermediates.noindex/Pods.build/Debug-iphonesimulator/Protobuf.build/Objects-normal/arm64/Protobuf.swiftmodule -validate-clang-modules-once -clang-build-session-file /Users/depoll/Library/Developer/Xcode/DerivedData/ModuleCache.noindex/Session.modulevalidation -Xcc -I/Users/depoll/Library/Developer/Xcode/DerivedData/iOS-avedbudfywsssrcrcpqwadfjuouo/Build/Intermediates.noindex/Pods.build/Debug-iphonesimulator/Protobuf.build/swift-overrides.hmap -emit-const-values -Xfrontend -const-gather-protocols-file -Xfrontend /Users/depoll/Library/Developer/Xcode/DerivedData/iOS-avedbudfywsssrcrcpqwadfjuouo/Build/Intermediates.noindex/Pods.build/Debug-iphonesimulator/Protobuf.build/Objects-normal/arm64/Protobuf_const_extract_protocols.json -Xcc -iquote -Xcc /Users/depoll/Library/Developer/Xcode/DerivedData/iOS-avedbudfywsssrcrcpqwadfjuouo/Build/Intermediates.noindex/Pods.build/Debug-iphonesimulator/Protobuf.build/Protobuf-generated-files.hmap -Xcc -I/Users/depoll/Library/Developer/Xcode/DerivedData/iOS-avedbudfywsssrcrcpqwadfjuouo/Build/Intermediates.noindex/Pods.build/Debug-iphonesimulator/Protobuf.build/Protobuf-own-target-headers.hmap -Xcc -I/Users/depoll/Library/Developer/Xcode/DerivedData/iOS-avedbudfywsssrcrcpqwadfjuouo/Build/Intermediates.noindex/Pods.build/Debug-iphonesimulator/Protobuf.build/Protobuf-all-non-framework-target-headers.hmap -Xcc -ivfsoverlay -Xcc /Users/depoll/Library/Developer/Xcode/DerivedData/iOS-avedbudfywsssrcrcpqwadfjuouo/Build/Intermediates.noindex/Pods.build/Debug-iphonesimulator/Pods-8699adb1dd336b26511df848a716bd42-VFS-iphonesimulator/all-product-headers.yaml -Xcc -iquote -Xcc /Users/depoll/Library/Developer/Xcode/DerivedData/iOS-avedbudfywsssrcrcpqwadfjuouo/Build/Intermediates.noindex/Pods.build/Debug-iphonesimulator/Protobuf.build/Protobuf-project-headers.hmap -Xcc -I/Users/depoll/Library/Developer/Xcode/DerivedData/iOS-avedbudfywsssrcrcpqwadfjuouo/Build/Products/Debug-iphonesimulator/Protobuf/include -Xcc -I/Users/depoll/Library/Developer/Xcode/DerivedData/iOS-avedbudfywsssrcrcpqwadfjuouo/Build/Intermediates.noindex/Pods.build/Debug-iphonesimulator/Protobuf.build/DerivedSources-normal/arm64 -Xcc -I/Users/depoll/Library/Developer/Xcode/DerivedData/iOS-avedbudfywsssrcrcpqwadfjuouo/Build/Intermediates.noindex/Pods.build/Debug-iphonesimulator/Protobuf.build/DerivedSources/arm64 -Xcc -I/Users/depoll/Library/Developer/Xcode/DerivedData/iOS-avedbudfywsssrcrcpqwadfjuouo/Build/Intermediates.noindex/Pods.build/Debug-iphonesimulator/Protobuf.build/DerivedSources -Xcc -DPOD_CONFIGURATION_DEBUG\=1 -Xcc -DDEBUG\=1 -Xcc -DCOCOAPODS\=1 -Xcc -DPOD_CONFIGURATION_DEBUG\=1 -Xcc -DDEBUG\=1 -Xcc -DGPB_USE_PROTOBUF_FRAMEWORK_IMPORTS\=1 -emit-objc-header -emit-objc-header-path /Users/depoll/Library/Developer/Xcode/DerivedData/iOS-avedbudfywsssrcrcpqwadfjuouo/Build/Intermediates.noindex/Pods.build/Debug-iphonesimulator/Protobuf.build/Objects-normal/arm64/Protobuf-Swift.h -import-underlying-module -Xcc -ivfsoverlay -Xcc /Users/depoll/Library/Developer/Xcode/DerivedData/iOS-avedbudfywsssrcrcpqwadfjuouo/Build/Intermediates.noindex/Pods.build/Debug-iphonesimulator/Protobuf.build/unextended-module-overlay.yaml -working-directory /Users/depoll/Code/depollsoft/iOS/Pods -experimental-emit-module-separately -disable-cmo

SwiftDriver\ Compilation\ Requirements FirebaseCoreInternal normal arm64 com.apple.xcode.tools.swift.compiler (in target 'FirebaseCoreInternal' from project 'Pods')
    cd /Users/depoll/Code/depollsoft/iOS/Pods
    builtin-Swift-Compilation-Requirements -- /Applications/Xcode.app/Contents/Developer/Toolchains/XcodeDefault.xctoolchain/usr/bin/swiftc -module-name FirebaseCoreInternal -Onone -enforce-exclusivity\=checked @/Users/depoll/Library/Developer/Xcode/DerivedData/iOS-avedbudfywsssrcrcpqwadfjuouo/Build/Intermediates.noindex/Pods.build/Debug-iphonesimulator/FirebaseCoreInternal.build/Objects-normal/arm64/FirebaseCoreInternal.SwiftFileList -DDEBUG -D COCOAPODS -suppress-warnings -enable-bare-slash-regex -enable-experimental-feature DebugDescriptionMacro -sdk /Applications/Xcode.app/Contents/Developer/Platforms/iPhoneSimulator.platform/Developer/SDKs/iPhoneSimulator26.1.sdk -target arm64-apple-ios15.0-simulator -g -module-cache-path /Users/depoll/Library/Developer/Xcode/DerivedData/ModuleCache.noindex -Xfrontend -serialize-debugging-options -profile-coverage-mapping -profile-generate -enable-testing -index-store-path /Users/depoll/Library/Developer/Xcode/DerivedData/iOS-avedbudfywsssrcrcpqwadfjuouo/Index.noindex/DataStore -Xcc -D_LIBCPP_HARDENING_MODE\=_LIBCPP_HARDENING_MODE_DEBUG -swift-version 5 -I /Users/depoll/Library/Developer/Xcode/DerivedData/iOS-avedbudfywsssrcrcpqwadfjuouo/Build/Products/Debug-iphonesimulator/FirebaseCoreInternal -F /Users/depoll/Library/Developer/Xcode/DerivedData/iOS-avedbudfywsssrcrcpqwadfjuouo/Build/Products/Debug-iphonesimulator/FirebaseCoreInternal -F /Users/depoll/Library/Developer/Xcode/DerivedData/iOS-avedbudfywsssrcrcpqwadfjuouo/Build/Products/Debug-iphonesimulator/GoogleUtilities -c -j10 -enable-batch-mode -incremental -Xcc -ivfsstatcache -Xcc /Users/depoll/Library/Developer/Xcode/DerivedData/SDKStatCaches.noindex/iphonesimulator26.1-23B77-90cf18a4295e390e64c810bc6bd7acbc.sdkstatcache -output-file-map /Users/depoll/Library/Developer/Xcode/DerivedData/iOS-avedbudfywsssrcrcpqwadfjuouo/Build/Intermediates.noindex/Pods.build/Debug-iphonesimulator/FirebaseCoreInternal.build/Objects-normal/arm64/FirebaseCoreInternal-OutputFileMap.json -use-frontend-parseable-output -save-temps -no-color-diagnostics -explicit-module-build -module-cache-path /Users/depoll/Library/Developer/Xcode/DerivedData/iOS-avedbudfywsssrcrcpqwadfjuouo/Build/Intermediates.noindex/SwiftExplicitPrecompiledModules -clang-scanner-module-cache-path /Users/depoll/Library/Developer/Xcode/DerivedData/ModuleCache.noindex -sdk-module-cache-path /Users/depoll/Library/Developer/Xcode/DerivedData/ModuleCache.noindex -serialize-diagnostics -emit-dependencies -emit-module -emit-module-path /Users/depoll/Library/Developer/Xcode/DerivedData/iOS-avedbudfywsssrcrcpqwadfjuouo/Build/Intermediates.noindex/Pods.build/Debug-iphonesimulator/FirebaseCoreInternal.build/Objects-normal/arm64/FirebaseCoreInternal.swiftmodule -validate-clang-modules-once -clang-build-session-file /Users/depoll/Library/Developer/Xcode/DerivedData/ModuleCache.noindex/Session.modulevalidation -Xcc -I/Users/depoll/Library/Developer/Xcode/DerivedData/iOS-avedbudfywsssrcrcpqwadfjuouo/Build/Intermediates.noindex/Pods.build/Debug-iphonesimulator/FirebaseCoreInternal.build/swift-overrides.hmap -emit-const-values -Xfrontend -const-gather-protocols-file -Xfrontend /Users/depoll/Library/Developer/Xcode/DerivedData/iOS-avedbudfywsssrcrcpqwadfjuouo/Build/Intermediates.noindex/Pods.build/Debug-iphonesimulator/FirebaseCoreInternal.build/Objects-normal/arm64/FirebaseCoreInternal_const_extract_protocols.json -Xcc -iquote -Xcc /Users/depoll/Library/Developer/Xcode/DerivedData/iOS-avedbudfywsssrcrcpqwadfjuouo/Build/Intermediates.noindex/Pods.build/Debug-iphonesimulator/FirebaseCoreInternal.build/FirebaseCoreInternal-generated-files.hmap -Xcc -I/Users/depoll/Library/Developer/Xcode/DerivedData/iOS-avedbudfywsssrcrcpqwadfjuouo/Build/Intermediates.noindex/Pods.build/Debug-iphonesimulator/FirebaseCoreInternal.build/FirebaseCoreInternal-own-target-headers.hmap -Xcc -I/Users/depoll/Library/Developer/Xcode/DerivedData/iOS-avedbudfywsssrcrcpqwadfjuouo/Build/Intermediates.noindex/Pods.build/Debug-iphonesimulator/FirebaseCoreInternal.build/FirebaseCoreInternal-all-non-framework-target-headers.hmap -Xcc -ivfsoverlay -Xcc /Users/depoll/Library/Developer/Xcode/DerivedData/iOS-avedbudfywsssrcrcpqwadfjuouo/Build/Intermediates.noindex/Pods.build/Debug-iphonesimulator/Pods-8699adb1dd336b26511df848a716bd42-VFS-iphonesimulator/all-product-headers.yaml -Xcc -iquote -Xcc /Users/depoll/Library/Developer/Xcode/DerivedData/iOS-avedbudfywsssrcrcpqwadfjuouo/Build/Intermediates.noindex/Pods.build/Debug-iphonesimulator/FirebaseCoreInternal.build/FirebaseCoreInternal-project-headers.hmap -Xcc -I/Users/depoll/Library/Developer/Xcode/DerivedData/iOS-avedbudfywsssrcrcpqwadfjuouo/Build/Products/Debug-iphonesimulator/FirebaseCoreInternal/include -Xcc -I/Users/depoll/Library/Developer/Xcode/DerivedData/iOS-avedbudfywsssrcrcpqwadfjuouo/Build/Intermediates.noindex/Pods.build/Debug-iphonesimulator/FirebaseCoreInternal.build/DerivedSources-normal/arm64 -Xcc -I/Users/depoll/Library/Developer/Xcode/DerivedData/iOS-avedbudfywsssrcrcpqwadfjuouo/Build/Intermediates.noindex/Pods.build/Debug-iphonesimulator/FirebaseCoreInternal.build/DerivedSources/arm64 -Xcc -I/Users/depoll/Library/Developer/Xcode/DerivedData/iOS-avedbudfywsssrcrcpqwadfjuouo/Build/Intermediates.noindex/Pods.build/Debug-iphonesimulator/FirebaseCoreInternal.build/DerivedSources -Xcc -DPOD_CONFIGURATION_DEBUG\=1 -Xcc -DDEBUG\=1 -Xcc -DCOCOAPODS\=1 -emit-objc-header -emit-objc-header-path /Users/depoll/Library/Developer/Xcode/DerivedData/iOS-avedbudfywsssrcrcpqwadfjuouo/Build/Intermediates.noindex/Pods.build/Debug-iphonesimulator/FirebaseCoreInternal.build/Objects-normal/arm64/FirebaseCoreInternal-Swift.h -import-underlying-module -Xcc -ivfsoverlay -Xcc /Users/depoll/Library/Developer/Xcode/DerivedData/iOS-avedbudfywsssrcrcpqwadfjuouo/Build/Intermediates.noindex/Pods.build/Debug-iphonesimulator/FirebaseCoreInternal.build/unextended-module-overlay.yaml -working-directory /Users/depoll/Code/depollsoft/iOS/Pods -experimental-emit-module-separately -disable-cmo

SwiftDriver\ Compilation GTMAppAuth normal arm64 com.apple.xcode.tools.swift.compiler (in target 'GTMAppAuth' from project 'Pods')
    cd /Users/depoll/Code/depollsoft/iOS/Pods
    builtin-Swift-Compilation -- /Applications/Xcode.app/Contents/Developer/Toolchains/XcodeDefault.xctoolchain/usr/bin/swiftc -module-name GTMAppAuth -Onone -enforce-exclusivity\=checked @/Users/depoll/Library/Developer/Xcode/DerivedData/iOS-avedbudfywsssrcrcpqwadfjuouo/Build/Intermediates.noindex/Pods.build/Debug-iphonesimulator/GTMAppAuth.build/Objects-normal/arm64/GTMAppAuth.SwiftFileList -DDEBUG -D COCOAPODS -suppress-warnings -enable-bare-slash-regex -enable-experimental-feature DebugDescriptionMacro -sdk /Applications/Xcode.app/Contents/Developer/Platforms/iPhoneSimulator.platform/Developer/SDKs/iPhoneSimulator26.1.sdk -target arm64-apple-ios13.0-simulator -g -module-cache-path /Users/depoll/Library/Developer/Xcode/DerivedData/ModuleCache.noindex -Xfrontend -serialize-debugging-options -profile-coverage-mapping -profile-generate -enable-testing -index-store-path /Users/depoll/Library/Developer/Xcode/DerivedData/iOS-avedbudfywsssrcrcpqwadfjuouo/Index.noindex/DataStore -Xcc -D_LIBCPP_HARDENING_MODE\=_LIBCPP_HARDENING_MODE_DEBUG -swift-version 4 -I /Users/depoll/Library/Developer/Xcode/DerivedData/iOS-avedbudfywsssrcrcpqwadfjuouo/Build/Products/Debug-iphonesimulator/GTMAppAuth -F /Users/depoll/Library/Developer/Xcode/DerivedData/iOS-avedbudfywsssrcrcpqwadfjuouo/Build/Products/Debug-iphonesimulator/GTMAppAuth -F /Users/depoll/Library/Developer/Xcode/DerivedData/iOS-avedbudfywsssrcrcpqwadfjuouo/Build/Products/Debug-iphonesimulator/AppAuth -F /Users/depoll/Library/Developer/Xcode/DerivedData/iOS-avedbudfywsssrcrcpqwadfjuouo/Build/Products/Debug-iphonesimulator/GTMSessionFetcher -c -j10 -enable-batch-mode -incremental -Xcc -ivfsstatcache -Xcc /Users/depoll/Library/Developer/Xcode/DerivedData/SDKStatCaches.noindex/iphonesimulator26.1-23B77-90cf18a4295e390e64c810bc6bd7acbc.sdkstatcache -output-file-map /Users/depoll/Library/Developer/Xcode/DerivedData/iOS-avedbudfywsssrcrcpqwadfjuouo/Build/Intermediates.noindex/Pods.build/Debug-iphonesimulator/GTMAppAuth.build/Objects-normal/arm64/GTMAppAuth-OutputFileMap.json -use-frontend-parseable-output -save-temps -no-color-diagnostics -serialize-diagnostics -emit-dependencies -emit-module -emit-module-path /Users/depoll/Library/Developer/Xcode/DerivedData/iOS-avedbudfywsssrcrcpqwadfjuouo/Build/Intermediates.noindex/Pods.build/Debug-iphonesimulator/GTMAppAuth.build/Objects-normal/arm64/GTMAppAuth.swiftmodule -validate-clang-modules-once -clang-build-session-file /Users/depoll/Library/Developer/Xcode/DerivedData/ModuleCache.noindex/Session.modulevalidation -Xcc -I/Users/depoll/Library/Developer/Xcode/DerivedData/iOS-avedbudfywsssrcrcpqwadfjuouo/Build/Intermediates.noindex/Pods.build/Debug-iphonesimulator/GTMAppAuth.build/swift-overrides.hmap -emit-const-values -Xfrontend -const-gather-protocols-file -Xfrontend /Users/depoll/Library/Developer/Xcode/DerivedData/iOS-avedbudfywsssrcrcpqwadfjuouo/Build/Intermediates.noindex/Pods.build/Debug-iphonesimulator/GTMAppAuth.build/Objects-normal/arm64/GTMAppAuth_const_extract_protocols.json -Xcc -iquote -Xcc /Users/depoll/Library/Developer/Xcode/DerivedData/iOS-avedbudfywsssrcrcpqwadfjuouo/Build/Intermediates.noindex/Pods.build/Debug-iphonesimulator/GTMAppAuth.build/GTMAppAuth-generated-files.hmap -Xcc -I/Users/depoll/Library/Developer/Xcode/DerivedData/iOS-avedbudfywsssrcrcpqwadfjuouo/Build/Intermediates.noindex/Pods.build/Debug-iphonesimulator/GTMAppAuth.build/GTMAppAuth-own-target-headers.hmap -Xcc -I/Users/depoll/Library/Developer/Xcode/DerivedData/iOS-avedbudfywsssrcrcpqwadfjuouo/Build/Intermediates.noindex/Pods.build/Debug-iphonesimulator/GTMAppAuth.build/GTMAppAuth-all-non-framework-target-headers.hmap -Xcc -ivfsoverlay -Xcc /Users/depoll/Library/Developer/Xcode/DerivedData/iOS-avedbudfywsssrcrcpqwadfjuouo/Build/Intermediates.noindex/Pods.build/Debug-iphonesimulator/Pods-8699adb1dd336b26511df848a716bd42-VFS-iphonesimulator/all-product-headers.yaml -Xcc -iquote -Xcc /Users/depoll/Library/Developer/Xcode/DerivedData/iOS-avedbudfywsssrcrcpqwadfjuouo/Build/Intermediates.noindex/Pods.build/Debug-iphonesimulator/GTMAppAuth.build/GTMAppAuth-project-headers.hmap -Xcc -I/Users/depoll/Library/Developer/Xcode/DerivedData/iOS-avedbudfywsssrcrcpqwadfjuouo/Build/Products/Debug-iphonesimulator/GTMAppAuth/include -Xcc -I/Users/depoll/Library/Developer/Xcode/DerivedData/iOS-avedbudfywsssrcrcpqwadfjuouo/Build/Intermediates.noindex/Pods.build/Debug-iphonesimulator/GTMAppAuth.build/DerivedSources-normal/arm64 -Xcc -I/Users/depoll/Library/Developer/Xcode/DerivedData/iOS-avedbudfywsssrcrcpqwadfjuouo/Build/Intermediates.noindex/Pods.build/Debug-iphonesimulator/GTMAppAuth.build/DerivedSources/arm64 -Xcc -I/Users/depoll/Library/Developer/Xcode/DerivedData/iOS-avedbudfywsssrcrcpqwadfjuouo/Build/Intermediates.noindex/Pods.build/Debug-iphonesimulator/GTMAppAuth.build/DerivedSources -Xcc -DPOD_CONFIGURATION_DEBUG\=1 -Xcc -DDEBUG\=1 -Xcc -DCOCOAPODS\=1 -emit-objc-header -emit-objc-header-path /Users/depoll/Library/Developer/Xcode/DerivedData/iOS-avedbudfywsssrcrcpqwadfjuouo/Build/Intermediates.noindex/Pods.build/Debug-iphonesimulator/GTMAppAuth.build/Objects-normal/arm64/GTMAppAuth-Swift.h -import-underlying-module -Xcc -ivfsoverlay -Xcc /Users/depoll/Library/Developer/Xcode/DerivedData/iOS-avedbudfywsssrcrcpqwadfjuouo/Build/Intermediates.noindex/Pods.build/Debug-iphonesimulator/GTMAppAuth.build/unextended-module-overlay.yaml -working-directory /Users/depoll/Code/depollsoft/iOS/Pods -experimental-emit-module-separately -disable-cmo

SwiftDriver\ Compilation FirebaseSharedSwift normal arm64 com.apple.xcode.tools.swift.compiler (in target 'FirebaseSharedSwift' from project 'Pods')
    cd /Users/depoll/Code/depollsoft/iOS/Pods
    builtin-Swift-Compilation -- /Applications/Xcode.app/Contents/Developer/Toolchains/XcodeDefault.xctoolchain/usr/bin/swiftc -module-name FirebaseSharedSwift -Onone -enforce-exclusivity\=checked @/Users/depoll/Library/Developer/Xcode/DerivedData/iOS-avedbudfywsssrcrcpqwadfjuouo/Build/Intermediates.noindex/Pods.build/Debug-iphonesimulator/FirebaseSharedSwift.build/Objects-normal/arm64/FirebaseSharedSwift.SwiftFileList -DDEBUG -D COCOAPODS -suppress-warnings -enable-bare-slash-regex -enable-experimental-feature DebugDescriptionMacro -sdk /Applications/Xcode.app/Contents/Developer/Platforms/iPhoneSimulator.platform/Developer/SDKs/iPhoneSimulator26.1.sdk -target arm64-apple-ios15.0-simulator -g -module-cache-path /Users/depoll/Library/Developer/Xcode/DerivedData/ModuleCache.noindex -Xfrontend -serialize-debugging-options -profile-coverage-mapping -profile-generate -enable-testing -index-store-path /Users/depoll/Library/Developer/Xcode/DerivedData/iOS-avedbudfywsssrcrcpqwadfjuouo/Index.noindex/DataStore -Xcc -D_LIBCPP_HARDENING_MODE\=_LIBCPP_HARDENING_MODE_DEBUG -swift-version 5 -I /Users/depoll/Library/Developer/Xcode/DerivedData/iOS-avedbudfywsssrcrcpqwadfjuouo/Build/Products/Debug-iphonesimulator/FirebaseSharedSwift -F /Users/depoll/Library/Developer/Xcode/DerivedData/iOS-avedbudfywsssrcrcpqwadfjuouo/Build/Products/Debug-iphonesimulator/FirebaseSharedSwift -c -j10 -enable-batch-mode -incremental -Xcc -ivfsstatcache -Xcc /Users/depoll/Library/Developer/Xcode/DerivedData/SDKStatCaches.noindex/iphonesimulator26.1-23B77-90cf18a4295e390e64c810bc6bd7acbc.sdkstatcache -output-file-map /Users/depoll/Library/Developer/Xcode/DerivedData/iOS-avedbudfywsssrcrcpqwadfjuouo/Build/Intermediates.noindex/Pods.build/Debug-iphonesimulator/FirebaseSharedSwift.build/Objects-normal/arm64/FirebaseSharedSwift-OutputFileMap.json -use-frontend-parseable-output -save-temps -no-color-diagnostics -explicit-module-build -module-cache-path /Users/depoll/Library/Developer/Xcode/DerivedData/iOS-avedbudfywsssrcrcpqwadfjuouo/Build/Intermediates.noindex/SwiftExplicitPrecompiledModules -clang-scanner-module-cache-path /Users/depoll/Library/Developer/Xcode/DerivedData/ModuleCache.noindex -sdk-module-cache-path /Users/depoll/Library/Developer/Xcode/DerivedData/ModuleCache.noindex -serialize-diagnostics -emit-dependencies -emit-module -emit-module-path /Users/depoll/Library/Developer/Xcode/DerivedData/iOS-avedbudfywsssrcrcpqwadfjuouo/Build/Intermediates.noindex/Pods.build/Debug-iphonesimulator/FirebaseSharedSwift.build/Objects-normal/arm64/FirebaseSharedSwift.swiftmodule -validate-clang-modules-once -clang-build-session-file /Users/depoll/Library/Developer/Xcode/DerivedData/ModuleCache.noindex/Session.modulevalidation -Xcc -I/Users/depoll/Library/Developer/Xcode/DerivedData/iOS-avedbudfywsssrcrcpqwadfjuouo/Build/Intermediates.noindex/Pods.build/Debug-iphonesimulator/FirebaseSharedSwift.build/swift-overrides.hmap -emit-const-values -Xfrontend -const-gather-protocols-file -Xfrontend /Users/depoll/Library/Developer/Xcode/DerivedData/iOS-avedbudfywsssrcrcpqwadfjuouo/Build/Intermediates.noindex/Pods.build/Debug-iphonesimulator/FirebaseSharedSwift.build/Objects-normal/arm64/FirebaseSharedSwift_const_extract_protocols.json -Xcc -iquote -Xcc /Users/depoll/Library/Developer/Xcode/DerivedData/iOS-avedbudfywsssrcrcpqwadfjuouo/Build/Intermediates.noindex/Pods.build/Debug-iphonesimulator/FirebaseSharedSwift.build/FirebaseSharedSwift-generated-files.hmap -Xcc -I/Users/depoll/Library/Developer/Xcode/DerivedData/iOS-avedbudfywsssrcrcpqwadfjuouo/Build/Intermediates.noindex/Pods.build/Debug-iphonesimulator/FirebaseSharedSwift.build/FirebaseSharedSwift-own-target-headers.hmap -Xcc -I/Users/depoll/Library/Developer/Xcode/DerivedData/iOS-avedbudfywsssrcrcpqwadfjuouo/Build/Intermediates.noindex/Pods.build/Debug-iphonesimulator/FirebaseSharedSwift.build/FirebaseSharedSwift-all-non-framework-target-headers.hmap -Xcc -ivfsoverlay -Xcc /Users/depoll/Library/Developer/Xcode/DerivedData/iOS-avedbudfywsssrcrcpqwadfjuouo/Build/Intermediates.noindex/Pods.build/Debug-iphonesimulator/Pods-8699adb1dd336b26511df848a716bd42-VFS-iphonesimulator/all-product-headers.yaml -Xcc -iquote -Xcc /Users/depoll/Library/Developer/Xcode/DerivedData/iOS-avedbudfywsssrcrcpqwadfjuouo/Build/Intermediates.noindex/Pods.build/Debug-iphonesimulator/FirebaseSharedSwift.build/FirebaseSharedSwift-project-headers.hmap -Xcc -I/Users/depoll/Library/Developer/Xcode/DerivedData/iOS-avedbudfywsssrcrcpqwadfjuouo/Build/Products/Debug-iphonesimulator/FirebaseSharedSwift/include -Xcc -I/Users/depoll/Library/Developer/Xcode/DerivedData/iOS-avedbudfywsssrcrcpqwadfjuouo/Build/Intermediates.noindex/Pods.build/Debug-iphonesimulator/FirebaseSharedSwift.build/DerivedSources-normal/arm64 -Xcc -I/Users/depoll/Library/Developer/Xcode/DerivedData/iOS-avedbudfywsssrcrcpqwadfjuouo/Build/Intermediates.noindex/Pods.build/Debug-iphonesimulator/FirebaseSharedSwift.build/DerivedSources/arm64 -Xcc -I/Users/depoll/Library/Developer/Xcode/DerivedData/iOS-avedbudfywsssrcrcpqwadfjuouo/Build/Intermediates.noindex/Pods.build/Debug-iphonesimulator/FirebaseSharedSwift.build/DerivedSources -Xcc -DPOD_CONFIGURATION_DEBUG\=1 -Xcc -DDEBUG\=1 -Xcc -DCOCOAPODS\=1 -emit-objc-header -emit-objc-header-path /Users/depoll/Library/Developer/Xcode/DerivedData/iOS-avedbudfywsssrcrcpqwadfjuouo/Build/Intermediates.noindex/Pods.build/Debug-iphonesimulator/FirebaseSharedSwift.build/Objects-normal/arm64/FirebaseSharedSwift-Swift.h -import-underlying-module -Xcc -ivfsoverlay -Xcc /Users/depoll/Library/Developer/Xcode/DerivedData/iOS-avedbudfywsssrcrcpqwadfjuouo/Build/Intermediates.noindex/Pods.build/Debug-iphonesimulator/FirebaseSharedSwift.build/unextended-module-overlay.yaml -working-directory /Users/depoll/Code/depollsoft/iOS/Pods -experimental-emit-module-separately -disable-cmo

SwiftDriver\ Compilation FirebaseCoreInternal normal arm64 com.apple.xcode.tools.swift.compiler (in target 'FirebaseCoreInternal' from project 'Pods')
    cd /Users/depoll/Code/depollsoft/iOS/Pods
    builtin-Swift-Compilation -- /Applications/Xcode.app/Contents/Developer/Toolchains/XcodeDefault.xctoolchain/usr/bin/swiftc -module-name FirebaseCoreInternal -Onone -enforce-exclusivity\=checked @/Users/depoll/Library/Developer/Xcode/DerivedData/iOS-avedbudfywsssrcrcpqwadfjuouo/Build/Intermediates.noindex/Pods.build/Debug-iphonesimulator/FirebaseCoreInternal.build/Objects-normal/arm64/FirebaseCoreInternal.SwiftFileList -DDEBUG -D COCOAPODS -suppress-warnings -enable-bare-slash-regex -enable-experimental-feature DebugDescriptionMacro -sdk /Applications/Xcode.app/Contents/Developer/Platforms/iPhoneSimulator.platform/Developer/SDKs/iPhoneSimulator26.1.sdk -target arm64-apple-ios15.0-simulator -g -module-cache-path /Users/depoll/Library/Developer/Xcode/DerivedData/ModuleCache.noindex -Xfrontend -serialize-debugging-options -profile-coverage-mapping -profile-generate -enable-testing -index-store-path /Users/depoll/Library/Developer/Xcode/DerivedData/iOS-avedbudfywsssrcrcpqwadfjuouo/Index.noindex/DataStore -Xcc -D_LIBCPP_HARDENING_MODE\=_LIBCPP_HARDENING_MODE_DEBUG -swift-version 5 -I /Users/depoll/Library/Developer/Xcode/DerivedData/iOS-avedbudfywsssrcrcpqwadfjuouo/Build/Products/Debug-iphonesimulator/FirebaseCoreInternal -F /Users/depoll/Library/Developer/Xcode/DerivedData/iOS-avedbudfywsssrcrcpqwadfjuouo/Build/Products/Debug-iphonesimulator/FirebaseCoreInternal -F /Users/depoll/Library/Developer/Xcode/DerivedData/iOS-avedbudfywsssrcrcpqwadfjuouo/Build/Products/Debug-iphonesimulator/GoogleUtilities -c -j10 -enable-batch-mode -incremental -Xcc -ivfsstatcache -Xcc /Users/depoll/Library/Developer/Xcode/DerivedData/SDKStatCaches.noindex/iphonesimulator26.1-23B77-90cf18a4295e390e64c810bc6bd7acbc.sdkstatcache -output-file-map /Users/depoll/Library/Developer/Xcode/DerivedData/iOS-avedbudfywsssrcrcpqwadfjuouo/Build/Intermediates.noindex/Pods.build/Debug-iphonesimulator/FirebaseCoreInternal.build/Objects-normal/arm64/FirebaseCoreInternal-OutputFileMap.json -use-frontend-parseable-output -save-temps -no-color-diagnostics -explicit-module-build -module-cache-path /Users/depoll/Library/Developer/Xcode/DerivedData/iOS-avedbudfywsssrcrcpqwadfjuouo/Build/Intermediates.noindex/SwiftExplicitPrecompiledModules -clang-scanner-module-cache-path /Users/depoll/Library/Developer/Xcode/DerivedData/ModuleCache.noindex -sdk-module-cache-path /Users/depoll/Library/Developer/Xcode/DerivedData/ModuleCache.noindex -serialize-diagnostics -emit-dependencies -emit-module -emit-module-path /Users/depoll/Library/Developer/Xcode/DerivedData/iOS-avedbudfywsssrcrcpqwadfjuouo/Build/Intermediates.noindex/Pods.build/Debug-iphonesimulator/FirebaseCoreInternal.build/Objects-normal/arm64/FirebaseCoreInternal.swiftmodule -validate-clang-modules-once -clang-build-session-file /Users/depoll/Library/Developer/Xcode/DerivedData/ModuleCache.noindex/Session.modulevalidation -Xcc -I/Users/depoll/Library/Developer/Xcode/DerivedData/iOS-avedbudfywsssrcrcpqwadfjuouo/Build/Intermediates.noindex/Pods.build/Debug-iphonesimulator/FirebaseCoreInternal.build/swift-overrides.hmap -emit-const-values -Xfrontend -const-gather-protocols-file -Xfrontend /Users/depoll/Library/Developer/Xcode/DerivedData/iOS-avedbudfywsssrcrcpqwadfjuouo/Build/Intermediates.noindex/Pods.build/Debug-iphonesimulator/FirebaseCoreInternal.build/Objects-normal/arm64/FirebaseCoreInternal_const_extract_protocols.json -Xcc -iquote -Xcc /Users/depoll/Library/Developer/Xcode/DerivedData/iOS-avedbudfywsssrcrcpqwadfjuouo/Build/Intermediates.noindex/Pods.build/Debug-iphonesimulator/FirebaseCoreInternal.build/FirebaseCoreInternal-generated-files.hmap -Xcc -I/Users/depoll/Library/Developer/Xcode/DerivedData/iOS-avedbudfywsssrcrcpqwadfjuouo/Build/Intermediates.noindex/Pods.build/Debug-iphonesimulator/FirebaseCoreInternal.build/FirebaseCoreInternal-own-target-headers.hmap -Xcc -I/Users/depoll/Library/Developer/Xcode/DerivedData/iOS-avedbudfywsssrcrcpqwadfjuouo/Build/Intermediates.noindex/Pods.build/Debug-iphonesimulator/FirebaseCoreInternal.build/FirebaseCoreInternal-all-non-framework-target-headers.hmap -Xcc -ivfsoverlay -Xcc /Users/depoll/Library/Developer/Xcode/DerivedData/iOS-avedbudfywsssrcrcpqwadfjuouo/Build/Intermediates.noindex/Pods.build/Debug-iphonesimulator/Pods-8699adb1dd336b26511df848a716bd42-VFS-iphonesimulator/all-product-headers.yaml -Xcc -iquote -Xcc /Users/depoll/Library/Developer/Xcode/DerivedData/iOS-avedbudfywsssrcrcpqwadfjuouo/Build/Intermediates.noindex/Pods.build/Debug-iphonesimulator/FirebaseCoreInternal.build/FirebaseCoreInternal-project-headers.hmap -Xcc -I/Users/depoll/Library/Developer/Xcode/DerivedData/iOS-avedbudfywsssrcrcpqwadfjuouo/Build/Products/Debug-iphonesimulator/FirebaseCoreInternal/include -Xcc -I/Users/depoll/Library/Developer/Xcode/DerivedData/iOS-avedbudfywsssrcrcpqwadfjuouo/Build/Intermediates.noindex/Pods.build/Debug-iphonesimulator/FirebaseCoreInternal.build/DerivedSources-normal/arm64 -Xcc -I/Users/depoll/Library/Developer/Xcode/DerivedData/iOS-avedbudfywsssrcrcpqwadfjuouo/Build/Intermediates.noindex/Pods.build/Debug-iphonesimulator/FirebaseCoreInternal.build/DerivedSources/arm64 -Xcc -I/Users/depoll/Library/Developer/Xcode/DerivedData/iOS-avedbudfywsssrcrcpqwadfjuouo/Build/Intermediates.noindex/Pods.build/Debug-iphonesimulator/FirebaseCoreInternal.build/DerivedSources -Xcc -DPOD_CONFIGURATION_DEBUG\=1 -Xcc -DDEBUG\=1 -Xcc -DCOCOAPODS\=1 -emit-objc-header -emit-objc-header-path /Users/depoll/Library/Developer/Xcode/DerivedData/iOS-avedbudfywsssrcrcpqwadfjuouo/Build/Intermediates.noindex/Pods.build/Debug-iphonesimulator/FirebaseCoreInternal.build/Objects-normal/arm64/FirebaseCoreInternal-Swift.h -import-underlying-module -Xcc -ivfsoverlay -Xcc /Users/depoll/Library/Developer/Xcode/DerivedData/iOS-avedbudfywsssrcrcpqwadfjuouo/Build/Intermediates.noindex/Pods.build/Debug-iphonesimulator/FirebaseCoreInternal.build/unextended-module-overlay.yaml -working-directory /Users/depoll/Code/depollsoft/iOS/Pods -experimental-emit-module-separately -disable-cmo

ProcessInfoPlistFile /Users/depoll/Library/Developer/Xcode/DerivedData/iOS-avedbudfywsssrcrcpqwadfjuouo/Build/Products/Debug-iphonesimulator/GTMAppAuth/GTMAppAuth.framework/Info.plist /Users/depoll/Code/depollsoft/iOS/Pods/Target\ Support\ Files/GTMAppAuth/GTMAppAuth-Info.plist (in target 'GTMAppAuth' from project 'Pods')
    cd /Users/depoll/Code/depollsoft/iOS/Pods
    builtin-infoPlistUtility /Users/depoll/Code/depollsoft/iOS/Pods/Target\ Support\ Files/GTMAppAuth/GTMAppAuth-Info.plist -producttype com.apple.product-type.framework -expandbuildsettings -format binary -platform iphonesimulator -o /Users/depoll/Library/Developer/Xcode/DerivedData/iOS-avedbudfywsssrcrcpqwadfjuouo/Build/Products/Debug-iphonesimulator/GTMAppAuth/GTMAppAuth.framework/Info.plist

ProcessInfoPlistFile /Users/depoll/Library/Developer/Xcode/DerivedData/iOS-avedbudfywsssrcrcpqwadfjuouo/Build/Products/Debug-iphonesimulator/FirebaseCoreInternal/FirebaseCoreInternal.framework/Info.plist /Users/depoll/Code/depollsoft/iOS/Pods/Target\ Support\ Files/FirebaseCoreInternal/FirebaseCoreInternal-Info.plist (in target 'FirebaseCoreInternal' from project 'Pods')
    cd /Users/depoll/Code/depollsoft/iOS/Pods
    builtin-infoPlistUtility /Users/depoll/Code/depollsoft/iOS/Pods/Target\ Support\ Files/FirebaseCoreInternal/FirebaseCoreInternal-Info.plist -producttype com.apple.product-type.framework -expandbuildsettings -format binary -platform iphonesimulator -o /Users/depoll/Library/Developer/Xcode/DerivedData/iOS-avedbudfywsssrcrcpqwadfjuouo/Build/Products/Debug-iphonesimulator/FirebaseCoreInternal/FirebaseCoreInternal.framework/Info.plist

SwiftDriver\ Compilation\ Requirements GTMAppAuth normal arm64 com.apple.xcode.tools.swift.compiler (in target 'GTMAppAuth' from project 'Pods')
    cd /Users/depoll/Code/depollsoft/iOS/Pods
    builtin-Swift-Compilation-Requirements -- /Applications/Xcode.app/Contents/Developer/Toolchains/XcodeDefault.xctoolchain/usr/bin/swiftc -module-name GTMAppAuth -Onone -enforce-exclusivity\=checked @/Users/depoll/Library/Developer/Xcode/DerivedData/iOS-avedbudfywsssrcrcpqwadfjuouo/Build/Intermediates.noindex/Pods.build/Debug-iphonesimulator/GTMAppAuth.build/Objects-normal/arm64/GTMAppAuth.SwiftFileList -DDEBUG -D COCOAPODS -suppress-warnings -enable-bare-slash-regex -enable-experimental-feature DebugDescriptionMacro -sdk /Applications/Xcode.app/Contents/Developer/Platforms/iPhoneSimulator.platform/Developer/SDKs/iPhoneSimulator26.1.sdk -target arm64-apple-ios13.0-simulator -g -module-cache-path /Users/depoll/Library/Developer/Xcode/DerivedData/ModuleCache.noindex -Xfrontend -serialize-debugging-options -profile-coverage-mapping -profile-generate -enable-testing -index-store-path /Users/depoll/Library/Developer/Xcode/DerivedData/iOS-avedbudfywsssrcrcpqwadfjuouo/Index.noindex/DataStore -Xcc -D_LIBCPP_HARDENING_MODE\=_LIBCPP_HARDENING_MODE_DEBUG -swift-version 4 -I /Users/depoll/Library/Developer/Xcode/DerivedData/iOS-avedbudfywsssrcrcpqwadfjuouo/Build/Products/Debug-iphonesimulator/GTMAppAuth -F /Users/depoll/Library/Developer/Xcode/DerivedData/iOS-avedbudfywsssrcrcpqwadfjuouo/Build/Products/Debug-iphonesimulator/GTMAppAuth -F /Users/depoll/Library/Developer/Xcode/DerivedData/iOS-avedbudfywsssrcrcpqwadfjuouo/Build/Products/Debug-iphonesimulator/AppAuth -F /Users/depoll/Library/Developer/Xcode/DerivedData/iOS-avedbudfywsssrcrcpqwadfjuouo/Build/Products/Debug-iphonesimulator/GTMSessionFetcher -c -j10 -enable-batch-mode -incremental -Xcc -ivfsstatcache -Xcc /Users/depoll/Library/Developer/Xcode/DerivedData/SDKStatCaches.noindex/iphonesimulator26.1-23B77-90cf18a4295e390e64c810bc6bd7acbc.sdkstatcache -output-file-map /Users/depoll/Library/Developer/Xcode/DerivedData/iOS-avedbudfywsssrcrcpqwadfjuouo/Build/Intermediates.noindex/Pods.build/Debug-iphonesimulator/GTMAppAuth.build/Objects-normal/arm64/GTMAppAuth-OutputFileMap.json -use-frontend-parseable-output -save-temps -no-color-diagnostics -serialize-diagnostics -emit-dependencies -emit-module -emit-module-path /Users/depoll/Library/Developer/Xcode/DerivedData/iOS-avedbudfywsssrcrcpqwadfjuouo/Build/Intermediates.noindex/Pods.build/Debug-iphonesimulator/GTMAppAuth.build/Objects-normal/arm64/GTMAppAuth.swiftmodule -validate-clang-modules-once -clang-build-session-file /Users/depoll/Library/Developer/Xcode/DerivedData/ModuleCache.noindex/Session.modulevalidation -Xcc -I/Users/depoll/Library/Developer/Xcode/DerivedData/iOS-avedbudfywsssrcrcpqwadfjuouo/Build/Intermediates.noindex/Pods.build/Debug-iphonesimulator/GTMAppAuth.build/swift-overrides.hmap -emit-const-values -Xfrontend -const-gather-protocols-file -Xfrontend /Users/depoll/Library/Developer/Xcode/DerivedData/iOS-avedbudfywsssrcrcpqwadfjuouo/Build/Intermediates.noindex/Pods.build/Debug-iphonesimulator/GTMAppAuth.build/Objects-normal/arm64/GTMAppAuth_const_extract_protocols.json -Xcc -iquote -Xcc /Users/depoll/Library/Developer/Xcode/DerivedData/iOS-avedbudfywsssrcrcpqwadfjuouo/Build/Intermediates.noindex/Pods.build/Debug-iphonesimulator/GTMAppAuth.build/GTMAppAuth-generated-files.hmap -Xcc -I/Users/depoll/Library/Developer/Xcode/DerivedData/iOS-avedbudfywsssrcrcpqwadfjuouo/Build/Intermediates.noindex/Pods.build/Debug-iphonesimulator/GTMAppAuth.build/GTMAppAuth-own-target-headers.hmap -Xcc -I/Users/depoll/Library/Developer/Xcode/DerivedData/iOS-avedbudfywsssrcrcpqwadfjuouo/Build/Intermediates.noindex/Pods.build/Debug-iphonesimulator/GTMAppAuth.build/GTMAppAuth-all-non-framework-target-headers.hmap -Xcc -ivfsoverlay -Xcc /Users/depoll/Library/Developer/Xcode/DerivedData/iOS-avedbudfywsssrcrcpqwadfjuouo/Build/Intermediates.noindex/Pods.build/Debug-iphonesimulator/Pods-8699adb1dd336b26511df848a716bd42-VFS-iphonesimulator/all-product-headers.yaml -Xcc -iquote -Xcc /Users/depoll/Library/Developer/Xcode/DerivedData/iOS-avedbudfywsssrcrcpqwadfjuouo/Build/Intermediates.noindex/Pods.build/Debug-iphonesimulator/GTMAppAuth.build/GTMAppAuth-project-headers.hmap -Xcc -I/Users/depoll/Library/Developer/Xcode/DerivedData/iOS-avedbudfywsssrcrcpqwadfjuouo/Build/Products/Debug-iphonesimulator/GTMAppAuth/include -Xcc -I/Users/depoll/Library/Developer/Xcode/DerivedData/iOS-avedbudfywsssrcrcpqwadfjuouo/Build/Intermediates.noindex/Pods.build/Debug-iphonesimulator/GTMAppAuth.build/DerivedSources-normal/arm64 -Xcc -I/Users/depoll/Library/Developer/Xcode/DerivedData/iOS-avedbudfywsssrcrcpqwadfjuouo/Build/Intermediates.noindex/Pods.build/Debug-iphonesimulator/GTMAppAuth.build/DerivedSources/arm64 -Xcc -I/Users/depoll/Library/Developer/Xcode/DerivedData/iOS-avedbudfywsssrcrcpqwadfjuouo/Build/Intermediates.noindex/Pods.build/Debug-iphonesimulator/GTMAppAuth.build/DerivedSources -Xcc -DPOD_CONFIGURATION_DEBUG\=1 -Xcc -DDEBUG\=1 -Xcc -DCOCOAPODS\=1 -emit-objc-header -emit-objc-header-path /Users/depoll/Library/Developer/Xcode/DerivedData/iOS-avedbudfywsssrcrcpqwadfjuouo/Build/Intermediates.noindex/Pods.build/Debug-iphonesimulator/GTMAppAuth.build/Objects-normal/arm64/GTMAppAuth-Swift.h -import-underlying-module -Xcc -ivfsoverlay -Xcc /Users/depoll/Library/Developer/Xcode/DerivedData/iOS-avedbudfywsssrcrcpqwadfjuouo/Build/Intermediates.noindex/Pods.build/Debug-iphonesimulator/GTMAppAuth.build/unextended-module-overlay.yaml -working-directory /Users/depoll/Code/depollsoft/iOS/Pods -experimental-emit-module-separately -disable-cmo

SwiftDriver\ Compilation\ Requirements FirebaseSharedSwift normal arm64 com.apple.xcode.tools.swift.compiler (in target 'FirebaseSharedSwift' from project 'Pods')
    cd /Users/depoll/Code/depollsoft/iOS/Pods
    builtin-Swift-Compilation-Requirements -- /Applications/Xcode.app/Contents/Developer/Toolchains/XcodeDefault.xctoolchain/usr/bin/swiftc -module-name FirebaseSharedSwift -Onone -enforce-exclusivity\=checked @/Users/depoll/Library/Developer/Xcode/DerivedData/iOS-avedbudfywsssrcrcpqwadfjuouo/Build/Intermediates.noindex/Pods.build/Debug-iphonesimulator/FirebaseSharedSwift.build/Objects-normal/arm64/FirebaseSharedSwift.SwiftFileList -DDEBUG -D COCOAPODS -suppress-warnings -enable-bare-slash-regex -enable-experimental-feature DebugDescriptionMacro -sdk /Applications/Xcode.app/Contents/Developer/Platforms/iPhoneSimulator.platform/Developer/SDKs/iPhoneSimulator26.1.sdk -target arm64-apple-ios15.0-simulator -g -module-cache-path /Users/depoll/Library/Developer/Xcode/DerivedData/ModuleCache.noindex -Xfrontend -serialize-debugging-options -profile-coverage-mapping -profile-generate -enable-testing -index-store-path /Users/depoll/Library/Developer/Xcode/DerivedData/iOS-avedbudfywsssrcrcpqwadfjuouo/Index.noindex/DataStore -Xcc -D_LIBCPP_HARDENING_MODE\=_LIBCPP_HARDENING_MODE_DEBUG -swift-version 5 -I /Users/depoll/Library/Developer/Xcode/DerivedData/iOS-avedbudfywsssrcrcpqwadfjuouo/Build/Products/Debug-iphonesimulator/FirebaseSharedSwift -F /Users/depoll/Library/Developer/Xcode/DerivedData/iOS-avedbudfywsssrcrcpqwadfjuouo/Build/Products/Debug-iphonesimulator/FirebaseSharedSwift -c -j10 -enable-batch-mode -incremental -Xcc -ivfsstatcache -Xcc /Users/depoll/Library/Developer/Xcode/DerivedData/SDKStatCaches.noindex/iphonesimulator26.1-23B77-90cf18a4295e390e64c810bc6bd7acbc.sdkstatcache -output-file-map /Users/depoll/Library/Developer/Xcode/DerivedData/iOS-avedbudfywsssrcrcpqwadfjuouo/Build/Intermediates.noindex/Pods.build/Debug-iphonesimulator/FirebaseSharedSwift.build/Objects-normal/arm64/FirebaseSharedSwift-OutputFileMap.json -use-frontend-parseable-output -save-temps -no-color-diagnostics -explicit-module-build -module-cache-path /Users/depoll/Library/Developer/Xcode/DerivedData/iOS-avedbudfywsssrcrcpqwadfjuouo/Build/Intermediates.noindex/SwiftExplicitPrecompiledModules -clang-scanner-module-cache-path /Users/depoll/Library/Developer/Xcode/DerivedData/ModuleCache.noindex -sdk-module-cache-path /Users/depoll/Library/Developer/Xcode/DerivedData/ModuleCache.noindex -serialize-diagnostics -emit-dependencies -emit-module -emit-module-path /Users/depoll/Library/Developer/Xcode/DerivedData/iOS-avedbudfywsssrcrcpqwadfjuouo/Build/Intermediates.noindex/Pods.build/Debug-iphonesimulator/FirebaseSharedSwift.build/Objects-normal/arm64/FirebaseSharedSwift.swiftmodule -validate-clang-modules-once -clang-build-session-file /Users/depoll/Library/Developer/Xcode/DerivedData/ModuleCache.noindex/Session.modulevalidation -Xcc -I/Users/depoll/Library/Developer/Xcode/DerivedData/iOS-avedbudfywsssrcrcpqwadfjuouo/Build/Intermediates.noindex/Pods.build/Debug-iphonesimulator/FirebaseSharedSwift.build/swift-overrides.hmap -emit-const-values -Xfrontend -const-gather-protocols-file -Xfrontend /Users/depoll/Library/Developer/Xcode/DerivedData/iOS-avedbudfywsssrcrcpqwadfjuouo/Build/Intermediates.noindex/Pods.build/Debug-iphonesimulator/FirebaseSharedSwift.build/Objects-normal/arm64/FirebaseSharedSwift_const_extract_protocols.json -Xcc -iquote -Xcc /Users/depoll/Library/Developer/Xcode/DerivedData/iOS-avedbudfywsssrcrcpqwadfjuouo/Build/Intermediates.noindex/Pods.build/Debug-iphonesimulator/FirebaseSharedSwift.build/FirebaseSharedSwift-generated-files.hmap -Xcc -I/Users/depoll/Library/Developer/Xcode/DerivedData/iOS-avedbudfywsssrcrcpqwadfjuouo/Build/Intermediates.noindex/Pods.build/Debug-iphonesimulator/FirebaseSharedSwift.build/FirebaseSharedSwift-own-target-headers.hmap -Xcc -I/Users/depoll/Library/Developer/Xcode/DerivedData/iOS-avedbudfywsssrcrcpqwadfjuouo/Build/Intermediates.noindex/Pods.build/Debug-iphonesimulator/FirebaseSharedSwift.build/FirebaseSharedSwift-all-non-framework-target-headers.hmap -Xcc -ivfsoverlay -Xcc /Users/depoll/Library/Developer/Xcode/DerivedData/iOS-avedbudfywsssrcrcpqwadfjuouo/Build/Intermediates.noindex/Pods.build/Debug-iphonesimulator/Pods-8699adb1dd336b26511df848a716bd42-VFS-iphonesimulator/all-product-headers.yaml -Xcc -iquote -Xcc /Users/depoll/Library/Developer/Xcode/DerivedData/iOS-avedbudfywsssrcrcpqwadfjuouo/Build/Intermediates.noindex/Pods.build/Debug-iphonesimulator/FirebaseSharedSwift.build/FirebaseSharedSwift-project-headers.hmap -Xcc -I/Users/depoll/Library/Developer/Xcode/DerivedData/iOS-avedbudfywsssrcrcpqwadfjuouo/Build/Products/Debug-iphonesimulator/FirebaseSharedSwift/include -Xcc -I/Users/depoll/Library/Developer/Xcode/DerivedData/iOS-avedbudfywsssrcrcpqwadfjuouo/Build/Intermediates.noindex/Pods.build/Debug-iphonesimulator/FirebaseSharedSwift.build/DerivedSources-normal/arm64 -Xcc -I/Users/depoll/Library/Developer/Xcode/DerivedData/iOS-avedbudfywsssrcrcpqwadfjuouo/Build/Intermediates.noindex/Pods.build/Debug-iphonesimulator/FirebaseSharedSwift.build/DerivedSources/arm64 -Xcc -I/Users/depoll/Library/Developer/Xcode/DerivedData/iOS-avedbudfywsssrcrcpqwadfjuouo/Build/Intermediates.noindex/Pods.build/Debug-iphonesimulator/FirebaseSharedSwift.build/DerivedSources -Xcc -DPOD_CONFIGURATION_DEBUG\=1 -Xcc -DDEBUG\=1 -Xcc -DCOCOAPODS\=1 -emit-objc-header -emit-objc-header-path /Users/depoll/Library/Developer/Xcode/DerivedData/iOS-avedbudfywsssrcrcpqwadfjuouo/Build/Intermediates.noindex/Pods.build/Debug-iphonesimulator/FirebaseSharedSwift.build/Objects-normal/arm64/FirebaseSharedSwift-Swift.h -import-underlying-module -Xcc -ivfsoverlay -Xcc /Users/depoll/Library/Developer/Xcode/DerivedData/iOS-avedbudfywsssrcrcpqwadfjuouo/Build/Intermediates.noindex/Pods.build/Debug-iphonesimulator/FirebaseSharedSwift.build/unextended-module-overlay.yaml -working-directory /Users/depoll/Code/depollsoft/iOS/Pods -experimental-emit-module-separately -disable-cmo

WriteAuxiliaryFile /Users/depoll/Library/Developer/Xcode/DerivedData/iOS-avedbudfywsssrcrcpqwadfjuouo/Build/Intermediates.noindex/Pods.build/Debug-iphonesimulator/FirebaseCoreExtension.build/FirebaseCoreExtension-all-non-framework-target-headers.hmap (in target 'FirebaseCoreExtension' from project 'Pods')
    cd /Users/depoll/Code/depollsoft/iOS/Pods
    write-file /Users/depoll/Library/Developer/Xcode/DerivedData/iOS-avedbudfywsssrcrcpqwadfjuouo/Build/Intermediates.noindex/Pods.build/Debug-iphonesimulator/FirebaseCoreExtension.build/FirebaseCoreExtension-all-non-framework-target-headers.hmap

WriteAuxiliaryFile /Users/depoll/Library/Developer/Xcode/DerivedData/iOS-avedbudfywsssrcrcpqwadfjuouo/Build/Intermediates.noindex/Pods.build/Debug-iphonesimulator/FirebaseCore.build/FirebaseCore-all-non-framework-target-headers.hmap (in target 'FirebaseCore' from project 'Pods')
    cd /Users/depoll/Code/depollsoft/iOS/Pods
    write-file /Users/depoll/Library/Developer/Xcode/DerivedData/iOS-avedbudfywsssrcrcpqwadfjuouo/Build/Intermediates.noindex/Pods.build/Debug-iphonesimulator/FirebaseCore.build/FirebaseCore-all-non-framework-target-headers.hmap

WriteAuxiliaryFile /Users/depoll/Library/Developer/Xcode/DerivedData/iOS-avedbudfywsssrcrcpqwadfjuouo/Build/Intermediates.noindex/Pods.build/Debug-iphonesimulator/FirebaseAuth.build/FirebaseAuth-all-non-framework-target-headers.hmap (in target 'FirebaseAuth' from project 'Pods')
    cd /Users/depoll/Code/depollsoft/iOS/Pods
    write-file /Users/depoll/Library/Developer/Xcode/DerivedData/iOS-avedbudfywsssrcrcpqwadfjuouo/Build/Intermediates.noindex/Pods.build/Debug-iphonesimulator/FirebaseAuth.build/FirebaseAuth-all-non-framework-target-headers.hmap

ProcessInfoPlistFile /Users/depoll/Library/Developer/Xcode/DerivedData/iOS-avedbudfywsssrcrcpqwadfjuouo/Build/Products/Debug-iphonesimulator/gRPC-C++/gRPCCertificates-Cpp.bundle/Info.plist /Users/depoll/Code/depollsoft/iOS/Pods/Target\ Support\ Files/gRPC-C++/ResourceBundle-gRPCCertificates-Cpp-gRPC-C++-Info.plist (in target 'gRPC-C++-gRPCCertificates-Cpp' from project 'Pods')
    cd /Users/depoll/Code/depollsoft/iOS/Pods
    builtin-infoPlistUtility /Users/depoll/Code/depollsoft/iOS/Pods/Target\ Support\ Files/gRPC-C++/ResourceBundle-gRPCCertificates-Cpp-gRPC-C++-Info.plist -producttype com.apple.product-type.bundle -expandbuildsettings -format binary -platform iphonesimulator -o /Users/depoll/Library/Developer/Xcode/DerivedData/iOS-avedbudfywsssrcrcpqwadfjuouo/Build/Products/Debug-iphonesimulator/gRPC-C++/gRPCCertificates-Cpp.bundle/Info.plist

SwiftDriver FirebaseAuth normal arm64 com.apple.xcode.tools.swift.compiler (in target 'FirebaseAuth' from project 'Pods')
    cd /Users/depoll/Code/depollsoft/iOS/Pods
    builtin-SwiftDriver -- /Applications/Xcode.app/Contents/Developer/Toolchains/XcodeDefault.xctoolchain/usr/bin/swiftc -module-name FirebaseAuth -Onone -enforce-exclusivity\=checked @/Users/depoll/Library/Developer/Xcode/DerivedData/iOS-avedbudfywsssrcrcpqwadfjuouo/Build/Intermediates.noindex/Pods.build/Debug-iphonesimulator/FirebaseAuth.build/Objects-normal/arm64/FirebaseAuth.SwiftFileList -DDEBUG -D COCOAPODS -suppress-warnings -enable-bare-slash-regex -enable-experimental-feature DebugDescriptionMacro -sdk /Applications/Xcode.app/Contents/Developer/Platforms/iPhoneSimulator.platform/Developer/SDKs/iPhoneSimulator26.1.sdk -target arm64-apple-ios15.0-simulator -g -module-cache-path /Users/depoll/Library/Developer/Xcode/DerivedData/ModuleCache.noindex -Xfrontend -serialize-debugging-options -profile-coverage-mapping -profile-generate -enable-testing -index-store-path /Users/depoll/Library/Developer/Xcode/DerivedData/iOS-avedbudfywsssrcrcpqwadfjuouo/Index.noindex/DataStore -Xcc -D_LIBCPP_HARDENING_MODE\=_LIBCPP_HARDENING_MODE_DEBUG -swift-version 5 -I /Users/depoll/Library/Developer/Xcode/DerivedData/iOS-avedbudfywsssrcrcpqwadfjuouo/Build/Products/Debug-iphonesimulator/FirebaseAuth -F /Users/depoll/Library/Developer/Xcode/DerivedData/iOS-avedbudfywsssrcrcpqwadfjuouo/Build/Products/Debug-iphonesimulator/FirebaseAuth -F /Users/depoll/Library/Developer/Xcode/DerivedData/iOS-avedbudfywsssrcrcpqwadfjuouo/Build/Products/Debug-iphonesimulator/FirebaseAppCheckInterop -F /Users/depoll/Library/Developer/Xcode/DerivedData/iOS-avedbudfywsssrcrcpqwadfjuouo/Build/Products/Debug-iphonesimulator/FirebaseAuthInterop -F /Users/depoll/Library/Developer/Xcode/DerivedData/iOS-avedbudfywsssrcrcpqwadfjuouo/Build/Products/Debug-iphonesimulator/FirebaseCore -F /Users/depoll/Library/Developer/Xcode/DerivedData/iOS-avedbudfywsssrcrcpqwadfjuouo/Build/Products/Debug-iphonesimulator/FirebaseCoreExtension -F /Users/depoll/Library/Developer/Xcode/DerivedData/iOS-avedbudfywsssrcrcpqwadfjuouo/Build/Products/Debug-iphonesimulator/FirebaseCoreInternal -F /Users/depoll/Library/Developer/Xcode/DerivedData/iOS-avedbudfywsssrcrcpqwadfjuouo/Build/Products/Debug-iphonesimulator/GTMSessionFetcher -F /Users/depoll/Library/Developer/Xcode/DerivedData/iOS-avedbudfywsssrcrcpqwadfjuouo/Build/Products/Debug-iphonesimulator/GoogleUtilities -F /Users/depoll/Library/Developer/Xcode/DerivedData/iOS-avedbudfywsssrcrcpqwadfjuouo/Build/Products/Debug-iphonesimulator/RecaptchaInterop -c -j10 -enable-batch-mode -incremental -Xcc -ivfsstatcache -Xcc /Users/depoll/Library/Developer/Xcode/DerivedData/SDKStatCaches.noindex/iphonesimulator26.1-23B77-90cf18a4295e390e64c810bc6bd7acbc.sdkstatcache -output-file-map /Users/depoll/Library/Developer/Xcode/DerivedData/iOS-avedbudfywsssrcrcpqwadfjuouo/Build/Intermediates.noindex/Pods.build/Debug-iphonesimulator/FirebaseAuth.build/Objects-normal/arm64/FirebaseAuth-OutputFileMap.json -use-frontend-parseable-output -save-temps -no-color-diagnostics -explicit-module-build -module-cache-path /Users/depoll/Library/Developer/Xcode/DerivedData/iOS-avedbudfywsssrcrcpqwadfjuouo/Build/Intermediates.noindex/SwiftExplicitPrecompiledModules -clang-scanner-module-cache-path /Users/depoll/Library/Developer/Xcode/DerivedData/ModuleCache.noindex -sdk-module-cache-path /Users/depoll/Library/Developer/Xcode/DerivedData/ModuleCache.noindex -serialize-diagnostics -emit-dependencies -emit-module -emit-module-path /Users/depoll/Library/Developer/Xcode/DerivedData/iOS-avedbudfywsssrcrcpqwadfjuouo/Build/Intermediates.noindex/Pods.build/Debug-iphonesimulator/FirebaseAuth.build/Objects-normal/arm64/FirebaseAuth.swiftmodule -validate-clang-modules-once -clang-build-session-file /Users/depoll/Library/Developer/Xcode/DerivedData/ModuleCache.noindex/Session.modulevalidation -Xcc -I/Users/depoll/Library/Developer/Xcode/DerivedData/iOS-avedbudfywsssrcrcpqwadfjuouo/Build/Intermediates.noindex/Pods.build/Debug-iphonesimulator/FirebaseAuth.build/swift-overrides.hmap -emit-const-values -Xfrontend -const-gather-protocols-file -Xfrontend /Users/depoll/Library/Developer/Xcode/DerivedData/iOS-avedbudfywsssrcrcpqwadfjuouo/Build/Intermediates.noindex/Pods.build/Debug-iphonesimulator/FirebaseAuth.build/Objects-normal/arm64/FirebaseAuth_const_extract_protocols.json -Xcc -iquote -Xcc /Users/depoll/Library/Developer/Xcode/DerivedData/iOS-avedbudfywsssrcrcpqwadfjuouo/Build/Intermediates.noindex/Pods.build/Debug-iphonesimulator/FirebaseAuth.build/FirebaseAuth-generated-files.hmap -Xcc -I/Users/depoll/Library/Developer/Xcode/DerivedData/iOS-avedbudfywsssrcrcpqwadfjuouo/Build/Intermediates.noindex/Pods.build/Debug-iphonesimulator/FirebaseAuth.build/FirebaseAuth-own-target-headers.hmap -Xcc -I/Users/depoll/Library/Developer/Xcode/DerivedData/iOS-avedbudfywsssrcrcpqwadfjuouo/Build/Intermediates.noindex/Pods.build/Debug-iphonesimulator/FirebaseAuth.build/FirebaseAuth-all-non-framework-target-headers.hmap -Xcc -ivfsoverlay -Xcc /Users/depoll/Library/Developer/Xcode/DerivedData/iOS-avedbudfywsssrcrcpqwadfjuouo/Build/Intermediates.noindex/Pods.build/Debug-iphonesimulator/Pods-8699adb1dd336b26511df848a716bd42-VFS-iphonesimulator/all-product-headers.yaml -Xcc -iquote -Xcc /Users/depoll/Library/Developer/Xcode/DerivedData/iOS-avedbudfywsssrcrcpqwadfjuouo/Build/Intermediates.noindex/Pods.build/Debug-iphonesimulator/FirebaseAuth.build/FirebaseAuth-project-headers.hmap -Xcc -I/Users/depoll/Library/Developer/Xcode/DerivedData/iOS-avedbudfywsssrcrcpqwadfjuouo/Build/Products/Debug-iphonesimulator/FirebaseAuth/include -Xcc -I/Users/depoll/Code/depollsoft/iOS/Pods/FirebaseAuth -Xcc -I/Users/depoll/Library/Developer/Xcode/DerivedData/iOS-avedbudfywsssrcrcpqwadfjuouo/Build/Intermediates.noindex/Pods.build/Debug-iphonesimulator/FirebaseAuth.build/Objects-normal/arm64 -Xcc -I/Users/depoll/Library/Developer/Xcode/DerivedData/iOS-avedbudfywsssrcrcpqwadfjuouo/Build/Intermediates.noindex/Pods.build/Debug-iphonesimulator/FirebaseAuth.build/DerivedSources-normal/arm64 -Xcc -I/Users/depoll/Library/Developer/Xcode/DerivedData/iOS-avedbudfywsssrcrcpqwadfjuouo/Build/Intermediates.noindex/Pods.build/Debug-iphonesimulator/FirebaseAuth.build/DerivedSources/arm64 -Xcc -I/Users/depoll/Library/Developer/Xcode/DerivedData/iOS-avedbudfywsssrcrcpqwadfjuouo/Build/Intermediates.noindex/Pods.build/Debug-iphonesimulator/FirebaseAuth.build/DerivedSources -Xcc -DPOD_CONFIGURATION_DEBUG\=1 -Xcc -DDEBUG\=1 -Xcc -DCOCOAPODS\=1 -emit-objc-header -emit-objc-header-path /Users/depoll/Library/Developer/Xcode/DerivedData/iOS-avedbudfywsssrcrcpqwadfjuouo/Build/Intermediates.noindex/Pods.build/Debug-iphonesimulator/FirebaseAuth.build/Objects-normal/arm64/FirebaseAuth-Swift.h -import-underlying-module -Xcc -ivfsoverlay -Xcc /Users/depoll/Library/Developer/Xcode/DerivedData/iOS-avedbudfywsssrcrcpqwadfjuouo/Build/Intermediates.noindex/Pods.build/Debug-iphonesimulator/FirebaseAuth.build/unextended-module-overlay.yaml -working-directory /Users/depoll/Code/depollsoft/iOS/Pods -experimental-emit-module-separately -disable-cmo

ProcessInfoPlistFile /Users/depoll/Library/Developer/Xcode/DerivedData/iOS-avedbudfywsssrcrcpqwadfjuouo/Build/Products/Debug-iphonesimulator/gRPC-C++/grpcpp.bundle/Info.plist /Users/depoll/Code/depollsoft/iOS/Pods/Target\ Support\ Files/gRPC-C++/ResourceBundle-grpcpp-gRPC-C++-Info.plist (in target 'gRPC-C++-grpcpp' from project 'Pods')
    cd /Users/depoll/Code/depollsoft/iOS/Pods
    builtin-infoPlistUtility /Users/depoll/Code/depollsoft/iOS/Pods/Target\ Support\ Files/gRPC-C++/ResourceBundle-grpcpp-gRPC-C++-Info.plist -producttype com.apple.product-type.bundle -expandbuildsettings -format binary -platform iphonesimulator -o /Users/depoll/Library/Developer/Xcode/DerivedData/iOS-avedbudfywsssrcrcpqwadfjuouo/Build/Products/Debug-iphonesimulator/gRPC-C++/grpcpp.bundle/Info.plist

WriteAuxiliaryFile /Users/depoll/Library/Developer/Xcode/DerivedData/iOS-avedbudfywsssrcrcpqwadfjuouo/Build/Intermediates.noindex/Pods.build/Debug-iphonesimulator/FirebaseFunctions.build/FirebaseFunctions-all-non-framework-target-headers.hmap (in target 'FirebaseFunctions' from project 'Pods')
    cd /Users/depoll/Code/depollsoft/iOS/Pods
    write-file /Users/depoll/Library/Developer/Xcode/DerivedData/iOS-avedbudfywsssrcrcpqwadfjuouo/Build/Intermediates.noindex/Pods.build/Debug-iphonesimulator/FirebaseFunctions.build/FirebaseFunctions-all-non-framework-target-headers.hmap

ProcessInfoPlistFile /Users/depoll/Library/Developer/Xcode/DerivedData/iOS-avedbudfywsssrcrcpqwadfjuouo/Build/Products/Debug-iphonesimulator/gRPC-C++/grpcpp.framework/Info.plist /Users/depoll/Code/depollsoft/iOS/Pods/Target\ Support\ Files/gRPC-C++/gRPC-C++-Info.plist (in target 'gRPC-C++' from project 'Pods')
    cd /Users/depoll/Code/depollsoft/iOS/Pods
    builtin-infoPlistUtility /Users/depoll/Code/depollsoft/iOS/Pods/Target\ Support\ Files/gRPC-C++/gRPC-C++-Info.plist -producttype com.apple.product-type.framework -expandbuildsettings -format binary -platform iphonesimulator -o /Users/depoll/Library/Developer/Xcode/DerivedData/iOS-avedbudfywsssrcrcpqwadfjuouo/Build/Products/Debug-iphonesimulator/gRPC-C++/grpcpp.framework/Info.plist

PhaseScriptExecution Create\ Symlinks\ to\ Header\ Folders /Users/depoll/Library/Developer/Xcode/DerivedData/iOS-avedbudfywsssrcrcpqwadfjuouo/Build/Intermediates.noindex/Pods.build/Debug-iphonesimulator/gRPC-C++.build/Script-46EB2E00032ED0.sh (in target 'gRPC-C++' from project 'Pods')
    cd /Users/depoll/Code/depollsoft/iOS/Pods
    export ACTION\=build
    export AD_HOC_CODE_SIGNING_ALLOWED\=YES
    export ALLOW_BUILD_REQUEST_OVERRIDES\=NO
    export ALLOW_TARGET_PLATFORM_SPECIALIZATION\=NO
    export ALTERNATE_GROUP\=staff
    export ALTERNATE_MODE\=u+w,go-w,a+rX
    export ALTERNATE_OWNER\=depoll
    export ALTERNATIVE_DISTRIBUTION_WEB\=NO
    export ALWAYS_EMBED_SWIFT_STANDARD_LIBRARIES\=NO
    export ALWAYS_SEARCH_USER_PATHS\=NO
    export ALWAYS_USE_SEPARATE_HEADERMAPS\=NO
    export APPLICATION_EXTENSION_API_ONLY\=NO
    export APPLY_RULES_IN_COPY_FILES\=NO
    export APPLY_RULES_IN_COPY_HEADERS\=NO
    export APP_SHORTCUTS_ENABLE_FLEXIBLE_MATCHING\=YES
    export ARCHS\=arm64
    export ARCHS_STANDARD\=arm64\ x86_64
    export ARCHS_STANDARD_32_64_BIT\=arm64\ x86_64
    export ARCHS_STANDARD_64_BIT\=arm64\ x86_64
    export ARCHS_STANDARD_INCLUDING_64_BIT\=arm64\ x86_64
    export ARCHS_UNIVERSAL_IPHONE_OS\=arm64\ x86_64
    export ASSETCATALOG_FILTER_FOR_DEVICE_MODEL\=iPhone17,3
    export ASSETCATALOG_FILTER_FOR_DEVICE_OS_VERSION\=18.6
    export ASSETCATALOG_FILTER_FOR_THINNING_DEVICE_CONFIGURATION\=iPhone17,3
    export AUTOMATICALLY_MERGE_DEPENDENCIES\=NO
    export AUTOMATION_APPLE_EVENTS\=NO
    export AVAILABLE_PLATFORMS\=android\ appletvos\ appletvsimulator\ driverkit\ iphoneos\ iphonesimulator\ macosx\ qnx\ watchos\ watchsimulator\ webassembly\ xros\ xrsimulator
    export AppIdentifierPrefix\=FAKETEAMID.
    export BUILD_ACTIVE_RESOURCES_ONLY\=YES
    export BUILD_COMPONENTS\=headers\ build
    export BUILD_DIR\=/Users/depoll/Library/Developer/Xcode/DerivedData/iOS-avedbudfywsssrcrcpqwadfjuouo/Build/Products
    export BUILD_LIBRARY_FOR_DISTRIBUTION\=NO
    export BUILD_ROOT\=/Users/depoll/Library/Developer/Xcode/DerivedData/iOS-avedbudfywsssrcrcpqwadfjuouo/Build/Products
    export BUILD_STYLE\=
    export BUILD_VARIANTS\=normal
    export BUILT_PRODUCTS_DIR\=/Users/depoll/Library/Developer/Xcode/DerivedData/iOS-avedbudfywsssrcrcpqwadfjuouo/Build/Products/Debug-iphonesimulator/gRPC-C++
    export BUNDLE_CONTENTS_FOLDER_PATH_deep\=Contents/
    export BUNDLE_EXECUTABLE_FOLDER_NAME_deep\=MacOS
    export BUNDLE_EXTENSIONS_FOLDER_PATH\=Extensions
    export BUNDLE_FORMAT\=shallow
    export BUNDLE_FRAMEWORKS_FOLDER_PATH\=Frameworks
    export BUNDLE_PLUGINS_FOLDER_PATH\=PlugIns
    export BUNDLE_PRIVATE_HEADERS_FOLDER_PATH\=PrivateHeaders
    export BUNDLE_PUBLIC_HEADERS_FOLDER_PATH\=Headers
    export CACHE_ROOT\=/var/folders/t3/74hfljcd1bsc2k0mwj3tx1j00000gn/C/com.apple.DeveloperTools/26.1.1-17B100/Xcode
    export CCHROOT\=/var/folders/t3/74hfljcd1bsc2k0mwj3tx1j00000gn/C/com.apple.DeveloperTools/26.1.1-17B100/Xcode
    export CHMOD\=/bin/chmod
    export CHOWN\=/usr/sbin/chown
    export CLANG_ANALYZER_LOCALIZABILITY_NONLOCALIZED\=YES
    export CLANG_ANALYZER_NONNULL\=YES
    export CLANG_ANALYZER_NUMBER_OBJECT_CONVERSION\=YES_AGGRESSIVE
    export CLANG_CACHE_FINE_GRAINED_OUTPUTS\=YES
    export CLANG_COVERAGE_MAPPING\=YES
    export CLANG_CXX_LANGUAGE_STANDARD\=c++14
    export CLANG_CXX_LIBRARY\=libc++
    export CLANG_ENABLE_EXPLICIT_MODULES\=YES
    export CLANG_ENABLE_MODULES\=YES
    export CLANG_ENABLE_OBJC_ARC\=YES
    export CLANG_ENABLE_OBJC_WEAK\=NO
    export CLANG_MODULES_BUILD_SESSION_FILE\=/Users/depoll/Library/Developer/Xcode/DerivedData/ModuleCache.noindex/Session.modulevalidation
    export CLANG_PROFILE_DATA_DIRECTORY\=/Users/depoll/Library/Developer/Xcode/DerivedData/iOS-avedbudfywsssrcrcpqwadfjuouo/Build/ProfileData
    export CLANG_WARN_BLOCK_CAPTURE_AUTORELEASING\=YES
    export CLANG_WARN_BOOL_CONVERSION\=YES
    export CLANG_WARN_COMMA\=YES
    export CLANG_WARN_CONSTANT_CONVERSION\=YES
    export CLANG_WARN_DEPRECATED_OBJC_IMPLEMENTATIONS\=YES
    export CLANG_WARN_DIRECT_OBJC_ISA_USAGE\=YES_ERROR
    export CLANG_WARN_DOCUMENTATION_COMMENTS\=NO
    export CLANG_WARN_EMPTY_BODY\=YES
    export CLANG_WARN_ENUM_CONVERSION\=YES
    export CLANG_WARN_INFINITE_RECURSION\=YES
    export CLANG_WARN_INT_CONVERSION\=YES
    export CLANG_WARN_NON_LITERAL_NULL_CONVERSION\=YES
    export CLANG_WARN_OBJC_IMPLICIT_RETAIN_SELF\=YES
    export CLANG_WARN_OBJC_LITERAL_CONVERSION\=YES
    export CLANG_WARN_OBJC_ROOT_CLASS\=YES_ERROR
    export CLANG_WARN_QUOTED_INCLUDE_IN_FRAMEWORK_HEADER\=NO
    export CLANG_WARN_RANGE_LOOP_ANALYSIS\=YES
    export CLANG_WARN_STRICT_PROTOTYPES\=NO
    export CLANG_WARN_SUSPICIOUS_MOVE\=YES
    export CLANG_WARN_UNGUARDED_AVAILABILITY\=YES_AGGRESSIVE
    export CLANG_WARN_UNREACHABLE_CODE\=YES
    export CLANG_WARN__DUPLICATE_METHOD_MATCH\=YES
    export CLASS_FILE_DIR\=/Users/depoll/Library/Developer/Xcode/DerivedData/iOS-avedbudfywsssrcrcpqwadfjuouo/Build/Intermediates.noindex/Pods.build/Debug-iphonesimulator/gRPC-C++.build/JavaClasses
    export CLEAN_PRECOMPS\=YES
    export CLONE_HEADERS\=NO
    export CODESIGNING_FOLDER_PATH\=/Users/depoll/Library/Developer/Xcode/DerivedData/iOS-avedbudfywsssrcrcpqwadfjuouo/Build/Products/Debug-iphonesimulator/gRPC-C++/grpcpp.framework
    export CODE_SIGNING_ALLOWED\=YES
    export CODE_SIGNING_REQUIRED\=NO
    export CODE_SIGNING_REQUIRES_TEAM\=YES
    export CODE_SIGN_CONTEXT_CLASS\=XCiPhoneSimulatorCodeSignContext
    export CODE_SIGN_IDENTITY\=-
    export CODE_SIGN_INJECT_BASE_ENTITLEMENTS\=YES
    export COLOR_DIAGNOSTICS\=NO
    export COMBINE_HIDPI_IMAGES\=NO
    export COMPILATION_CACHE_CAS_PATH\=/Users/depoll/Library/Developer/Xcode/DerivedData/CompilationCache.noindex
    export COMPILATION_CACHE_KEEP_CAS_DIRECTORY\=YES
    export COMPILER_INDEX_STORE_ENABLE\=Default
    export COMPOSITE_SDK_DIRS\=/Users/depoll/Library/Developer/Xcode/DerivedData/iOS-avedbudfywsssrcrcpqwadfjuouo/Build/Intermediates.noindex/CompositeSDKs
    export COMPRESS_PNG_FILES\=YES
    export CONFIGURATION\=Debug
    export CONFIGURATION_BUILD_DIR\=/Users/depoll/Library/Developer/Xcode/DerivedData/iOS-avedbudfywsssrcrcpqwadfjuouo/Build/Products/Debug-iphonesimulator/gRPC-C++
    export CONFIGURATION_TEMP_DIR\=/Users/depoll/Library/Developer/Xcode/DerivedData/iOS-avedbudfywsssrcrcpqwadfjuouo/Build/Intermediates.noindex/Pods.build/Debug-iphonesimulator
    export CONTENTS_FOLDER_PATH\=grpcpp.framework
    export CONTENTS_FOLDER_PATH_SHALLOW_BUNDLE_NO\=grpcpp.framework/A
    export CONTENTS_FOLDER_PATH_SHALLOW_BUNDLE_YES\=grpcpp.framework
    export COPYING_PRESERVES_HFS_DATA\=NO
    export COPY_HEADERS_RUN_UNIFDEF\=NO
    export COPY_PHASE_STRIP\=NO
    export CORRESPONDING_DEVICE_PLATFORM_DIR\=/Applications/Xcode.app/Contents/Developer/Platforms/iPhoneOS.platform
    export CORRESPONDING_DEVICE_PLATFORM_NAME\=iphoneos
    export CORRESPONDING_DEVICE_SDK_DIR\=/Applications/Xcode.app/Contents/Developer/Platforms/iPhoneOS.platform/Developer/SDKs/iPhoneOS26.1.sdk
    export CORRESPONDING_DEVICE_SDK_NAME\=iphoneos26.1
    export CP\=/bin/cp
    export CREATE_INFOPLIST_SECTION_IN_BINARY\=NO
    export CURRENT_ARCH\=undefined_arch
    export CURRENT_PROJECT_VERSION\=1
    export CURRENT_VARIANT\=normal
    export CURRENT_VERSION\=Current
    export DEAD_CODE_STRIPPING\=YES
    export DEBUGGING_SYMBOLS\=YES
    export DEBUG_INFORMATION_FORMAT\=dwarf
    export DEBUG_INFORMATION_VERSION\=compiler-default
    export DEFAULT_COMPILER\=com.apple.compilers.llvm.clang.1_0
    export DEFAULT_DEXT_INSTALL_PATH\=/System/Library/DriverExtensions
    export DEFAULT_KEXT_INSTALL_PATH\=/System/Library/Extensions
    export DEFINES_MODULE\=YES
    export DEPLOYMENT_LOCATION\=NO
    export DEPLOYMENT_POSTPROCESSING\=NO
    export DEPLOYMENT_TARGET_SETTING_NAME\=IPHONEOS_DEPLOYMENT_TARGET
    export DEPLOYMENT_TARGET_SUGGESTED_VALUES\=12.0\ 12.1\ 12.2\ 12.3\ 12.4\ 13.0\ 13.1\ 13.2\ 13.3\ 13.4\ 13.5\ 13.6\ 14.0\ 14.1\ 14.2\ 14.3\ 14.4\ 14.5\ 14.6\ 14.7\ 15.0\ 15.1\ 15.2\ 15.3\ 15.4\ 15.5\ 15.6\ 16.0\ 16.1\ 16.2\ 16.3\ 16.4\ 16.5\ 16.6\ 17.0\ 17.1\ 17.2\ 17.3\ 17.4\ 17.5\ 17.6\ 18.0\ 18.1\ 18.2\ 18.3\ 18.4\ 18.5\ 18.6\ 26.0\ 26.1
    export DERIVED_FILES_DIR\=/Users/depoll/Library/Developer/Xcode/DerivedData/iOS-avedbudfywsssrcrcpqwadfjuouo/Build/Intermediates.noindex/Pods.build/Debug-iphonesimulator/gRPC-C++.build/DerivedSources
    export DERIVED_FILE_DIR\=/Users/depoll/Library/Developer/Xcode/DerivedData/iOS-avedbudfywsssrcrcpqwadfjuouo/Build/Intermediates.noindex/Pods.build/Debug-iphonesimulator/gRPC-C++.build/DerivedSources
    export DERIVED_SOURCES_DIR\=/Users/depoll/Library/Developer/Xcode/DerivedData/iOS-avedbudfywsssrcrcpqwadfjuouo/Build/Intermediates.noindex/Pods.build/Debug-iphonesimulator/gRPC-C++.build/DerivedSources
    export DEVELOPER_APPLICATIONS_DIR\=/Applications/Xcode.app/Contents/Developer/Applications
    export DEVELOPER_BIN_DIR\=/Applications/Xcode.app/Contents/Developer/usr/bin
    export DEVELOPER_DIR\=/Applications/Xcode.app/Contents/Developer
    export DEVELOPER_FRAMEWORKS_DIR\=/Applications/Xcode.app/Contents/Developer/Library/Frameworks
    export DEVELOPER_FRAMEWORKS_DIR_QUOTED\=/Applications/Xcode.app/Contents/Developer/Library/Frameworks
    export DEVELOPER_LIBRARY_DIR\=/Applications/Xcode.app/Contents/Developer/Library
    export DEVELOPER_SDK_DIR\=/Applications/Xcode.app/Contents/Developer/Platforms/MacOSX.platform/Developer/SDKs
    export DEVELOPER_TOOLS_DIR\=/Applications/Xcode.app/Contents/Developer/Tools
    export DEVELOPER_USR_DIR\=/Applications/Xcode.app/Contents/Developer/usr
    export DEVELOPMENT_LANGUAGE\=en
    export DIAGNOSE_MISSING_TARGET_DEPENDENCIES\=YES
    export DIFF\=/usr/bin/diff
    export DOCUMENTATION_FOLDER_PATH\=grpcpp.framework/en.lproj/Documentation
    export DONT_GENERATE_INFOPLIST_FILE\=NO
    export DSTROOT\=/tmp/Pods.dst
    export DT_TOOLCHAIN_DIR\=/Applications/Xcode.app/Contents/Developer/Toolchains/XcodeDefault.xctoolchain
    export DWARF_DSYM_FILE_NAME\=grpcpp.framework.dSYM
    export DWARF_DSYM_FILE_SHOULD_ACCOMPANY_PRODUCT\=NO
    export DWARF_DSYM_FOLDER_PATH\=/Users/depoll/Library/Developer/Xcode/DerivedData/iOS-avedbudfywsssrcrcpqwadfjuouo/Build/Products/Debug-iphonesimulator/gRPC-C++
    export DYLIB_COMPATIBILITY_VERSION\=1
    export DYLIB_CURRENT_VERSION\=1
    export DYLIB_INSTALL_NAME_BASE\=@rpath
    export DYNAMIC_LIBRARY_EXTENSION\=dylib
    export EAGER_COMPILATION_ALLOW_SCRIPTS\=NO
    export EAGER_LINKING\=NO
    export EFFECTIVE_PLATFORM_NAME\=-iphonesimulator
    export EMBEDDED_CONTENT_CONTAINS_SWIFT\=NO
    export EMBED_ASSET_PACKS_IN_PRODUCT_BUNDLE\=NO
    export ENABLE_APP_SANDBOX\=NO
    export ENABLE_CODE_COVERAGE\=YES
    export ENABLE_CPLUSPLUS_BOUNDS_SAFE_BUFFERS\=NO
    export ENABLE_C_BOUNDS_SAFETY\=NO
    export ENABLE_DEFAULT_HEADER_SEARCH_PATHS\=YES
    export ENABLE_DEFAULT_SEARCH_PATHS\=YES
    export ENABLE_ENHANCED_SECURITY\=NO
    export ENABLE_HARDENED_RUNTIME\=NO
    export ENABLE_HEADER_DEPENDENCIES\=YES
    export ENABLE_INCOMING_NETWORK_CONNECTIONS\=NO
    export ENABLE_MODULE_VERIFIER\=NO
    export ENABLE_ON_DEMAND_RESOURCES\=NO
    export ENABLE_OUTGOING_NETWORK_CONNECTIONS\=NO
    export ENABLE_POINTER_AUTHENTICATION\=NO
    export ENABLE_PREVIEWS\=NO
    export ENABLE_RESOURCE_ACCESS_AUDIO_INPUT\=NO
    export ENABLE_RESOURCE_ACCESS_BLUETOOTH\=NO
    export ENABLE_RESOURCE_ACCESS_CALENDARS\=NO
    export ENABLE_RESOURCE_ACCESS_CAMERA\=NO
    export ENABLE_RESOURCE_ACCESS_CONTACTS\=NO
    export ENABLE_RESOURCE_ACCESS_LOCATION\=NO
    export ENABLE_RESOURCE_ACCESS_PHOTO_LIBRARY\=NO
    export ENABLE_RESOURCE_ACCESS_PRINTING\=NO
    export ENABLE_RESOURCE_ACCESS_USB\=NO
    export ENABLE_SDK_IMPORTS\=NO
    export ENABLE_SECURITY_COMPILER_WARNINGS\=NO
    export ENABLE_STRICT_OBJC_MSGSEND\=YES
    export ENABLE_TESTABILITY\=YES
    export ENABLE_TESTING_SEARCH_PATHS\=NO
    export ENABLE_USER_SCRIPT_SANDBOXING\=NO
    export ENABLE_XOJIT_PREVIEWS\=YES
    export ENFORCE_VALID_ARCHS\=YES
    export ENTITLEMENTS_DESTINATION\=__entitlements
    export ENTITLEMENTS_REQUIRED\=NO
    export EXCLUDED_ARCHS\=x86_64
    export EXCLUDED_INSTALLSRC_SUBDIRECTORY_PATTERNS\=.DS_Store\ .svn\ .git\ .hg\ CVS
    export EXCLUDED_RECURSIVE_SEARCH_PATH_SUBDIRECTORIES\=\*.nib\ \*.lproj\ \*.framework\ \*.gch\ \*.xcode\*\ \*.xcassets\ \*.icon\ \(\*\)\ .DS_Store\ CVS\ .svn\ .git\ .hg\ \*.pbproj\ \*.pbxproj
    export EXECUTABLES_FOLDER_PATH\=grpcpp.framework/en.lproj
    export EXECUTABLE_FOLDER_PATH\=grpcpp.framework
    export EXECUTABLE_FOLDER_PATH_SHALLOW_BUNDLE_NO\=grpcpp.framework
    export EXECUTABLE_FOLDER_PATH_SHALLOW_BUNDLE_YES\=grpcpp.framework
    export EXECUTABLE_NAME\=grpcpp
    export EXECUTABLE_PATH\=grpcpp.framework/grpcpp
    export EXPANDED_CODE_SIGN_IDENTITY\=-
    export EXPANDED_CODE_SIGN_IDENTITY_NAME\=Sign\ to\ Run\ Locally
    export EXTENSIONS_FOLDER_PATH\=grpcpp.framework/Extensions
    export FILE_LIST\=/Users/depoll/Library/Developer/Xcode/DerivedData/iOS-avedbudfywsssrcrcpqwadfjuouo/Build/Intermediates.noindex/Pods.build/Debug-iphonesimulator/gRPC-C++.build/Objects/LinkFileList
    export FIXED_FILES_DIR\=/Users/depoll/Library/Developer/Xcode/DerivedData/iOS-avedbudfywsssrcrcpqwadfjuouo/Build/Intermediates.noindex/Pods.build/Debug-iphonesimulator/gRPC-C++.build/FixedFiles
    export FRAMEWORKS_FOLDER_PATH\=grpcpp.framework/Frameworks
    export FRAMEWORK_FLAG_PREFIX\=-framework
    export FRAMEWORK_SEARCH_PATHS\=/Users/depoll/Library/Developer/Xcode/DerivedData/iOS-avedbudfywsssrcrcpqwadfjuouo/Build/Products/Debug-iphonesimulator/gRPC-C++\ \ \"/Users/depoll/Library/Developer/Xcode/DerivedData/iOS-avedbudfywsssrcrcpqwadfjuouo/Build/Products/Debug-iphonesimulator/BoringSSL-GRPC\"\ \"/Users/depoll/Library/Developer/Xcode/DerivedData/iOS-avedbudfywsssrcrcpqwadfjuouo/Build/Products/Debug-iphonesimulator/abseil\"\ \"/Users/depoll/Library/Developer/Xcode/DerivedData/iOS-avedbudfywsssrcrcpqwadfjuouo/Build/Products/Debug-iphonesimulator/gRPC-Core\"
    export FRAMEWORK_VERSION\=A
    export FULL_PRODUCT_NAME\=grpcpp.framework
    export FUSE_BUILD_PHASES\=YES
    export FUSE_BUILD_SCRIPT_PHASES\=NO
    export GCC3_VERSION\=3.3
    export GCC_C_LANGUAGE_STANDARD\=gnu11
    export GCC_DYNAMIC_NO_PIC\=NO
    export GCC_INLINES_ARE_PRIVATE_EXTERN\=YES
    export GCC_NO_COMMON_BLOCKS\=YES
    export GCC_OBJC_LEGACY_DISPATCH\=YES
    export GCC_OPTIMIZATION_LEVEL\=0
    export GCC_PFE_FILE_C_DIALECTS\=c\ objective-c\ c++\ objective-c++
    export GCC_PREFIX_HEADER\=Target\ Support\ Files/gRPC-C++/gRPC-C++-prefix.pch
    export GCC_PREPROCESSOR_DEFINITIONS\=POD_CONFIGURATION_DEBUG\=1\ DEBUG\=1\ \ COCOAPODS\=1
    export GCC_TREAT_WARNINGS_AS_ERRORS\=NO
    export GCC_VERSION\=com.apple.compilers.llvm.clang.1_0
    export GCC_VERSION_IDENTIFIER\=com_apple_compilers_llvm_clang_1_0
    export GCC_WARN_64_TO_32_BIT_CONVERSION\=YES
    export GCC_WARN_ABOUT_RETURN_TYPE\=YES_ERROR
    export GCC_WARN_UNDECLARED_SELECTOR\=YES
    export GCC_WARN_UNINITIALIZED_AUTOS\=YES_AGGRESSIVE
    export GCC_WARN_UNUSED_FUNCTION\=YES
    export GCC_WARN_UNUSED_VARIABLE\=YES
    export GENERATED_MODULEMAP_DIR\=/Users/depoll/Library/Developer/Xcode/DerivedData/iOS-avedbudfywsssrcrcpqwadfjuouo/Build/Intermediates.noindex/GeneratedModuleMaps-iphonesimulator
    export GENERATE_INFOPLIST_FILE\=NO
    export GENERATE_INTERMEDIATE_TEXT_BASED_STUBS\=YES
    export GENERATE_PKGINFO_FILE\=NO
    export GENERATE_PRELINK_OBJECT_FILE\=NO
    export GENERATE_PROFILING_CODE\=NO
    export GENERATE_TEXT_BASED_STUBS\=NO
    export GID\=20
    export GROUP\=staff
    export HEADERMAP_INCLUDES_FLAT_ENTRIES_FOR_TARGET_BEING_BUILT\=YES
    export HEADERMAP_INCLUDES_FRAMEWORK_ENTRIES_FOR_ALL_PRODUCT_TYPES\=YES
    export HEADERMAP_INCLUDES_FRAMEWORK_ENTRIES_FOR_TARGETS_NOT_BEING_BUILT\=YES
    export HEADERMAP_INCLUDES_NONPUBLIC_NONPRIVATE_HEADERS\=YES
    export HEADERMAP_INCLUDES_PROJECT_HEADERS\=YES
    export HEADERMAP_USES_FRAMEWORK_PREFIX_ENTRIES\=YES
    export HEADERMAP_USES_VFS\=YES
    export HEADER_SEARCH_PATHS\=/Users/depoll/Library/Developer/Xcode/DerivedData/iOS-avedbudfywsssrcrcpqwadfjuouo/Build/Products/Debug-iphonesimulator/gRPC-C++/include\ \"\"\ \"/Users/depoll/Code/depollsoft/iOS/Pods/gRPC-C++/include\"\ \"/Users/depoll/Code/depollsoft/iOS/Pods/gRPC-C++/third_party/address_sorting/include\"
    export HOME\=/Users/depoll
    export HOST_ARCH\=arm64
    export HOST_PLATFORM\=macosx
    export ICONV\=/usr/bin/iconv
    export IMPLICIT_DEPENDENCY_DOMAIN\=default
    export INFOPLIST_ENABLE_CFBUNDLEICONS_MERGE\=YES
    export INFOPLIST_EXPAND_BUILD_SETTINGS\=YES
    export INFOPLIST_FILE\=Target\ Support\ Files/gRPC-C++/gRPC-C++-Info.plist
    export INFOPLIST_OUTPUT_FORMAT\=binary
    export INFOPLIST_PATH\=grpcpp.framework/Info.plist
    export INFOPLIST_PREPROCESS\=NO
    export INFOSTRINGS_PATH\=grpcpp.framework/en.lproj/InfoPlist.strings
    export INLINE_PRIVATE_FRAMEWORKS\=NO
    export INSTALLAPI_IGNORE_SKIP_INSTALL\=YES
    export INSTALLHDRS_COPY_PHASE\=NO
    export INSTALLHDRS_SCRIPT_PHASE\=NO
    export INSTALL_DIR\=/tmp/Pods.dst/Library/Frameworks
    export INSTALL_GROUP\=staff
    export INSTALL_MODE_FLAG\=u+w,go-w,a+rX
    export INSTALL_OWNER\=depoll
    export INSTALL_PATH\=/Library/Frameworks
    export INSTALL_ROOT\=/tmp/Pods.dst
    export IPHONEOS_DEPLOYMENT_TARGET\=13.0
    export IS_UNOPTIMIZED_BUILD\=YES
    export JAVAC_DEFAULT_FLAGS\=-J-Xms64m\ -J-XX:NewSize\=4M\ -J-Dfile.encoding\=UTF8
    export JAVA_APP_STUB\=/System/Library/Frameworks/JavaVM.framework/Resources/MacOS/JavaApplicationStub
    export JAVA_ARCHIVE_CLASSES\=YES
    export JAVA_ARCHIVE_TYPE\=JAR
    export JAVA_COMPILER\=/usr/bin/javac
    export JAVA_FOLDER_PATH\=grpcpp.framework/Java
    export JAVA_FRAMEWORK_RESOURCES_DIRS\=Resources
    export JAVA_JAR_FLAGS\=cv
    export JAVA_SOURCE_SUBDIR\=.
    export JAVA_USE_DEPENDENCIES\=YES
    export JAVA_ZIP_FLAGS\=-urg
    export JIKES_DEFAULT_FLAGS\=+E\ +OLDCSO
    export KEEP_PRIVATE_EXTERNS\=NO
    export LD_DEPENDENCY_INFO_FILE\=/Users/depoll/Library/Developer/Xcode/DerivedData/iOS-avedbudfywsssrcrcpqwadfjuouo/Build/Intermediates.noindex/Pods.build/Debug-iphonesimulator/gRPC-C++.build/Objects-normal/undefined_arch/grpcpp_dependency_info.dat
    export LD_DYLIB_INSTALL_NAME\=@rpath/grpcpp.framework/grpcpp
    export LD_EXPORT_SYMBOLS\=YES
    export LD_GENERATE_MAP_FILE\=NO
    export LD_MAP_FILE_PATH\=/Users/depoll/Library/Developer/Xcode/DerivedData/iOS-avedbudfywsssrcrcpqwadfjuouo/Build/Intermediates.noindex/Pods.build/Debug-iphonesimulator/gRPC-C++.build/grpcpp-LinkMap-normal-undefined_arch.txt
    export LD_NO_PIE\=NO
    export LD_QUOTE_LINKER_ARGUMENTS_FOR_COMPILER_DRIVER\=YES
    export LD_RUNPATH_SEARCH_PATHS\=\ @executable_path/Frameworks\ @loader_path/Frameworks
    export LD_SHARED_CACHE_ELIGIBLE\=Automatic
    export LD_WARN_DUPLICATE_LIBRARIES\=NO
    export LD_WARN_UNUSED_DYLIBS\=NO
    export LEGACY_DEVELOPER_DIR\=/Applications/Xcode.app/Contents/PlugIns/Xcode3Core.ideplugin/Contents/SharedSupport/Developer
    export LEX\=lex
    export LIBRARY_DEXT_INSTALL_PATH\=/Library/DriverExtensions
    export LIBRARY_FLAG_NOSPACE\=YES
    export LIBRARY_FLAG_PREFIX\=-l
    export LIBRARY_KEXT_INSTALL_PATH\=/Library/Extensions
    export LIBRARY_SEARCH_PATHS\=/Users/depoll/Library/Developer/Xcode/DerivedData/iOS-avedbudfywsssrcrcpqwadfjuouo/Build/Products/Debug-iphonesimulator/gRPC-C++\ 
    export LINKER_DISPLAYS_MANGLED_NAMES\=NO
    export LINK_FILE_LIST_normal_arm64\=/Users/depoll/Library/Developer/Xcode/DerivedData/iOS-avedbudfywsssrcrcpqwadfjuouo/Build/Intermediates.noindex/Pods.build/Debug-iphonesimulator/gRPC-C++.build/Objects-normal/arm64/grpcpp.LinkFileList
    export LINK_OBJC_RUNTIME\=YES
    export LINK_WITH_STANDARD_LIBRARIES\=YES
    export LLVM_TARGET_TRIPLE_OS_VERSION\=ios13.0
    export LLVM_TARGET_TRIPLE_SUFFIX\=-simulator
    export LLVM_TARGET_TRIPLE_VENDOR\=apple
    export LM_AUX_CONST_METADATA_LIST_PATH_normal_arm64\=/Users/depoll/Library/Developer/Xcode/DerivedData/iOS-avedbudfywsssrcrcpqwadfjuouo/Build/Intermediates.noindex/Pods.build/Debug-iphonesimulator/gRPC-C++.build/Objects-normal/arm64/grpcpp.SwiftConstValuesFileList
    export LOCALIZATION_EXPORT_SUPPORTED\=YES
    export LOCALIZATION_PREFERS_STRING_CATALOGS\=NO
    export LOCALIZED_RESOURCES_FOLDER_PATH\=grpcpp.framework/en.lproj
    export LOCALIZED_STRING_MACRO_NAMES\=NSLocalizedString\ CFCopyLocalizedString
    export LOCALIZED_STRING_SWIFTUI_SUPPORT\=YES
    export LOCAL_ADMIN_APPS_DIR\=/Applications/Utilities
    export LOCAL_APPS_DIR\=/Applications
    export LOCAL_DEVELOPER_DIR\=/Library/Developer
    export LOCAL_LIBRARY_DIR\=/Library
    export LOCROOT\=/Users/depoll/Code/depollsoft/iOS/Pods
    export LOCSYMROOT\=/Users/depoll/Code/depollsoft/iOS/Pods
    export MACH_O_TYPE\=mh_dylib
    export MAC_OS_X_PRODUCT_BUILD_VERSION\=25B78
    export MAC_OS_X_VERSION_ACTUAL\=260100
    export MAC_OS_X_VERSION_MAJOR\=260000
    export MAC_OS_X_VERSION_MINOR\=260100
    export MAKE_MERGEABLE\=NO
    export MERGEABLE_LIBRARY\=NO
    export MERGED_BINARY_TYPE\=none
    export MERGE_LINKED_LIBRARIES\=NO
    export METAL_LIBRARY_FILE_BASE\=default
    export METAL_LIBRARY_OUTPUT_DIR\=/Users/depoll/Library/Developer/Xcode/DerivedData/iOS-avedbudfywsssrcrcpqwadfjuouo/Build/Products/Debug-iphonesimulator/gRPC-C++/grpcpp.framework
    export MODULEMAP_FILE\=Target\ Support\ Files/gRPC-C++/gRPC-C++.modulemap
    export MODULES_FOLDER_PATH\=grpcpp.framework/Modules
    export MODULE_CACHE_DIR\=/Users/depoll/Library/Developer/Xcode/DerivedData/ModuleCache.noindex
    export MTL_ENABLE_DEBUG_INFO\=INCLUDE_SOURCE
    export MTL_FAST_MATH\=YES
    export NATIVE_ARCH\=arm64
    export NATIVE_ARCH_32_BIT\=arm
    export NATIVE_ARCH_64_BIT\=arm64
    export NATIVE_ARCH_ACTUAL\=arm64
    export NO_COMMON\=YES
    export OBJC_ABI_VERSION\=2
    export OBJECT_FILE_DIR\=/Users/depoll/Library/Developer/Xcode/DerivedData/iOS-avedbudfywsssrcrcpqwadfjuouo/Build/Intermediates.noindex/Pods.build/Debug-iphonesimulator/gRPC-C++.build/Objects
    export OBJECT_FILE_DIR_normal\=/Users/depoll/Library/Developer/Xcode/DerivedData/iOS-avedbudfywsssrcrcpqwadfjuouo/Build/Intermediates.noindex/Pods.build/Debug-iphonesimulator/gRPC-C++.build/Objects-normal
    export OBJROOT\=/Users/depoll/Library/Developer/Xcode/DerivedData/iOS-avedbudfywsssrcrcpqwadfjuouo/Build/Intermediates.noindex
    export ONLY_ACTIVE_ARCH\=YES
    export OS\=MACOS
    export OSAC\=/usr/bin/osacompile
    export OTHER_LDFLAGS\=\ -l\"c++\"\ -framework\ \"absl\"\ -framework\ \"grpc\"
    export PACKAGE_TYPE\=com.apple.package-type.wrapper.framework
    export PASCAL_STRINGS\=YES
    export PATH\=/Applications/Xcode.app/Contents/SharedFrameworks/SwiftBuild.framework/Versions/A/PlugIns/SWBBuildService.bundle/Contents/PlugIns/SWBUniversalPlatformPlugin.bundle/Contents/Frameworks/SWBUniversalPlatform.framework/Resources:/Applications/Xcode.app/Contents/Developer/Toolchains/XcodeDefault.xctoolchain/usr/bin:/Applications/Xcode.app/Contents/Developer/Toolchains/XcodeDefault.xctoolchain/usr/local/bin:/Applications/Xcode.app/Contents/Developer/Toolchains/XcodeDefault.xctoolchain/usr/libexec:/Applications/Xcode.app/Contents/Developer/Platforms/iPhoneSimulator.platform/usr/bin:/Applications/Xcode.app/Contents/Developer/Platforms/iPhoneSimulator.platform/usr/local/bin:/Applications/Xcode.app/Contents/Developer/Platforms/iPhoneSimulator.platform/Developer/usr/bin:/Applications/Xcode.app/Contents/Developer/Platforms/iPhoneSimulator.platform/Developer/usr/local/bin:/Applications/Xcode.app/Contents/Developer/usr/bin:/Applications/Xcode.app/Contents/Developer/usr/local/bin:/Users/depoll/.rbenv/shims:/opt/homebrew/opt/openjdk/bin:/Users/depoll/opt/anaconda3/bin:/Users/depoll/opt/anaconda3/condabin:/opt/homebrew/bin:/opt/homebrew/sbin:/usr/local/bin:/System/Cryptexes/App/usr/bin:/usr/bin:/bin:/usr/sbin:/sbin:/var/run/com.apple.security.cryptexd/codex.system/bootstrap/usr/local/bin:/var/run/com.apple.security.cryptexd/codex.system/bootstrap/usr/bin:/var/run/com.apple.security.cryptexd/codex.system/bootstrap/usr/appleinternal/bin:/opt/pmk/env/global/bin:/Library/Apple/usr/bin:/usr/local/MacGPG2/bin:/Users/depoll/.cargo/bin:/Users/depoll/Library/Android/sdk/platform-tools:/Users/depoll/.local/bin:/Users/depoll/.lmstudio/bin
    export PATH_PREFIXES_EXCLUDED_FROM_HEADER_DEPENDENCIES\=/usr/include\ /usr/local/include\ /System/Library/Frameworks\ /System/Library/PrivateFrameworks\ /Applications/Xcode.app/Contents/Developer/Headers\ /Applications/Xcode.app/Contents/Developer/SDKs\ /Applications/Xcode.app/Contents/Developer/Platforms
    export PBDEVELOPMENTPLIST_PATH\=grpcpp.framework/pbdevelopment.plist
    export PER_ARCH_MODULE_FILE_DIR\=/Users/depoll/Library/Developer/Xcode/DerivedData/iOS-avedbudfywsssrcrcpqwadfjuouo/Build/Intermediates.noindex/Pods.build/Debug-iphonesimulator/gRPC-C++.build/Objects-normal/undefined_arch
    export PER_ARCH_OBJECT_FILE_DIR\=/Users/depoll/Library/Developer/Xcode/DerivedData/iOS-avedbudfywsssrcrcpqwadfjuouo/Build/Intermediates.noindex/Pods.build/Debug-iphonesimulator/gRPC-C++.build/Objects-normal/undefined_arch
    export PER_VARIANT_OBJECT_FILE_DIR\=/Users/depoll/Library/Developer/Xcode/DerivedData/iOS-avedbudfywsssrcrcpqwadfjuouo/Build/Intermediates.noindex/Pods.build/Debug-iphonesimulator/gRPC-C++.build/Objects-normal
    export PKGINFO_FILE_PATH\=/Users/depoll/Library/Developer/Xcode/DerivedData/iOS-avedbudfywsssrcrcpqwadfjuouo/Build/Intermediates.noindex/Pods.build/Debug-iphonesimulator/gRPC-C++.build/PkgInfo
    export PKGINFO_PATH\=grpcpp.framework/PkgInfo
    export PLATFORM_DEVELOPER_APPLICATIONS_DIR\=/Applications/Xcode.app/Contents/Developer/Platforms/iPhoneSimulator.platform/Developer/Applications
    export PLATFORM_DEVELOPER_BIN_DIR\=/Applications/Xcode.app/Contents/Developer/Platforms/iPhoneSimulator.platform/Developer/usr/bin
    export PLATFORM_DEVELOPER_LIBRARY_DIR\=/Applications/Xcode.app/Contents/Developer/Platforms/iPhoneSimulator.platform/Developer/Library
    export PLATFORM_DEVELOPER_SDK_DIR\=/Applications/Xcode.app/Contents/Developer/Platforms/iPhoneSimulator.platform/Developer/SDKs
    export PLATFORM_DEVELOPER_TOOLS_DIR\=/Applications/Xcode.app/Contents/Developer/Platforms/iPhoneSimulator.platform/Developer/Tools
    export PLATFORM_DEVELOPER_USR_DIR\=/Applications/Xcode.app/Contents/Developer/Platforms/iPhoneSimulator.platform/Developer/usr
    export PLATFORM_DIR\=/Applications/Xcode.app/Contents/Developer/Platforms/iPhoneSimulator.platform
    export PLATFORM_DISPLAY_NAME\=iOS\ Simulator
    export PLATFORM_FAMILY_NAME\=iOS
    export PLATFORM_NAME\=iphonesimulator
    export PLATFORM_PREFERRED_ARCH\=x86_64
    export PLATFORM_PRODUCT_BUILD_VERSION\=23B77
    export PLATFORM_REQUIRES_SWIFT_AUTOLINK_EXTRACT\=NO
    export PLATFORM_REQUIRES_SWIFT_MODULEWRAP\=NO
    export PLIST_FILE_OUTPUT_FORMAT\=binary
    export PLUGINS_FOLDER_PATH\=grpcpp.framework/PlugIns
    export PODS_BUILD_DIR\=/Users/depoll/Library/Developer/Xcode/DerivedData/iOS-avedbudfywsssrcrcpqwadfjuouo/Build/Products
    export PODS_CONFIGURATION_BUILD_DIR\=/Users/depoll/Library/Developer/Xcode/DerivedData/iOS-avedbudfywsssrcrcpqwadfjuouo/Build/Products/Debug-iphonesimulator
    export PODS_DEVELOPMENT_LANGUAGE\=en
    export PODS_ROOT\=/Users/depoll/Code/depollsoft/iOS/Pods
    export PODS_TARGET_SRCROOT\=/Users/depoll/Code/depollsoft/iOS/Pods/gRPC-C++
    export PODS_XCFRAMEWORKS_BUILD_DIR\=/Users/depoll/Library/Developer/Xcode/DerivedData/iOS-avedbudfywsssrcrcpqwadfjuouo/Build/Products/Debug-iphonesimulator/XCFrameworkIntermediates
    export PRECOMPS_INCLUDE_HEADERS_FROM_BUILT_PRODUCTS_DIR\=YES
    export PRECOMP_DESTINATION_DIR\=/Users/depoll/Library/Developer/Xcode/DerivedData/iOS-avedbudfywsssrcrcpqwadfjuouo/Build/Intermediates.noindex/Pods.build/Debug-iphonesimulator/gRPC-C++.build/PrefixHeaders
    export PRIVATE_HEADERS_FOLDER_PATH\=grpcpp.framework/PrivateHeaders
    export PROCESSED_INFOPLIST_PATH\=/Users/depoll/Library/Developer/Xcode/DerivedData/iOS-avedbudfywsssrcrcpqwadfjuouo/Build/Intermediates.noindex/Pods.build/Debug-iphonesimulator/gRPC-C++.build/Objects-normal/undefined_arch/Processed-Info.plist
    export PRODUCT_BUNDLE_IDENTIFIER\=org.cocoapods.grpcpp
    export PRODUCT_BUNDLE_PACKAGE_TYPE\=FMWK
    export PRODUCT_MODULE_NAME\=grpcpp
    export PRODUCT_NAME\=grpcpp
    export PRODUCT_SETTINGS_PATH\=/Users/depoll/Code/depollsoft/iOS/Pods/Target\ Support\ Files/gRPC-C++/gRPC-C++-Info.plist
    export PRODUCT_TYPE\=com.apple.product-type.framework
    export PROFILING_CODE\=NO
    export PROJECT\=Pods
    export PROJECT_DERIVED_FILE_DIR\=/Users/depoll/Library/Developer/Xcode/DerivedData/iOS-avedbudfywsssrcrcpqwadfjuouo/Build/Intermediates.noindex/Pods.build/DerivedSources
    export PROJECT_DIR\=/Users/depoll/Code/depollsoft/iOS/Pods
    export PROJECT_FILE_PATH\=/Users/depoll/Code/depollsoft/iOS/Pods/Pods.xcodeproj
    export PROJECT_GUID\=8699adb1dd336b26511df848a716bd42
    export PROJECT_NAME\=Pods
    export PROJECT_TEMP_DIR\=/Users/depoll/Library/Developer/Xcode/DerivedData/iOS-avedbudfywsssrcrcpqwadfjuouo/Build/Intermediates.noindex/Pods.build
    export PROJECT_TEMP_ROOT\=/Users/depoll/Library/Developer/Xcode/DerivedData/iOS-avedbudfywsssrcrcpqwadfjuouo/Build/Intermediates.noindex
    export PUBLIC_HEADERS_FOLDER_PATH\=grpcpp.framework/Headers
    export RECOMMENDED_IPHONEOS_DEPLOYMENT_TARGET\=15.0
    export RECURSIVE_SEARCH_PATHS_FOLLOW_SYMLINKS\=YES
    export REMOVE_CVS_FROM_RESOURCES\=YES
    export REMOVE_GIT_FROM_RESOURCES\=YES
    export REMOVE_HEADERS_FROM_EMBEDDED_BUNDLES\=YES
    export REMOVE_HG_FROM_RESOURCES\=YES
    export REMOVE_STATIC_EXECUTABLES_FROM_EMBEDDED_BUNDLES\=YES
    export REMOVE_SVN_FROM_RESOURCES\=YES
    export RESCHEDULE_INDEPENDENT_HEADERS_PHASES\=YES
    export REZ_COLLECTOR_DIR\=/Users/depoll/Library/Developer/Xcode/DerivedData/iOS-avedbudfywsssrcrcpqwadfjuouo/Build/Intermediates.noindex/Pods.build/Debug-iphonesimulator/gRPC-C++.build/ResourceManagerResources
    export REZ_OBJECTS_DIR\=/Users/depoll/Library/Developer/Xcode/DerivedData/iOS-avedbudfywsssrcrcpqwadfjuouo/Build/Intermediates.noindex/Pods.build/Debug-iphonesimulator/gRPC-C++.build/ResourceManagerResources/Objects
    export REZ_SEARCH_PATHS\=/Users/depoll/Library/Developer/Xcode/DerivedData/iOS-avedbudfywsssrcrcpqwadfjuouo/Build/Products/Debug-iphonesimulator/gRPC-C++\ 
    export RUNTIME_EXCEPTION_ALLOW_DYLD_ENVIRONMENT_VARIABLES\=NO
    export RUNTIME_EXCEPTION_ALLOW_JIT\=NO
    export RUNTIME_EXCEPTION_ALLOW_UNSIGNED_EXECUTABLE_MEMORY\=NO
    export RUNTIME_EXCEPTION_DEBUGGING_TOOL\=NO
    export RUNTIME_EXCEPTION_DISABLE_EXECUTABLE_PAGE_PROTECTION\=NO
    export RUNTIME_EXCEPTION_DISABLE_LIBRARY_VALIDATION\=NO
    export SCAN_ALL_SOURCE_FILES_FOR_INCLUDES\=NO
    export SCRIPTS_FOLDER_PATH\=grpcpp.framework/Scripts
    export SCRIPT_INPUT_FILE_COUNT\=0
    export SCRIPT_INPUT_FILE_LIST_COUNT\=0
    export SCRIPT_OUTPUT_FILE_COUNT\=0
    export SCRIPT_OUTPUT_FILE_LIST_COUNT\=0
    export SDKROOT\=/Applications/Xcode.app/Contents/Developer/Platforms/iPhoneSimulator.platform/Developer/SDKs/iPhoneSimulator26.1.sdk
    export SDK_DIR\=/Applications/Xcode.app/Contents/Developer/Platforms/iPhoneSimulator.platform/Developer/SDKs/iPhoneSimulator26.1.sdk
    export SDK_DIR_iphonesimulator\=/Applications/Xcode.app/Contents/Developer/Platforms/iPhoneSimulator.platform/Developer/SDKs/iPhoneSimulator26.1.sdk
    export SDK_DIR_iphonesimulator26_1\=/Applications/Xcode.app/Contents/Developer/Platforms/iPhoneSimulator.platform/Developer/SDKs/iPhoneSimulator26.1.sdk
    export SDK_NAME\=iphonesimulator26.1
    export SDK_NAMES\=iphonesimulator26.1
    export SDK_PRODUCT_BUILD_VERSION\=23B77
    export SDK_STAT_CACHE_DIR\=/Users/depoll/Library/Developer/Xcode/DerivedData
    export SDK_STAT_CACHE_ENABLE\=YES
    export SDK_STAT_CACHE_PATH\=/Users/depoll/Library/Developer/Xcode/DerivedData/SDKStatCaches.noindex/iphonesimulator26.1-23B77-90cf18a4295e390e64c810bc6bd7acbc.sdkstatcache
    export SDK_VERSION\=26.1
    export SDK_VERSION_ACTUAL\=260100
    export SDK_VERSION_MAJOR\=260000
    export SDK_VERSION_MINOR\=260100
    export SED\=/usr/bin/sed
    export SEPARATE_STRIP\=NO
    export SEPARATE_SYMBOL_EDIT\=NO
    export SET_DIR_MODE_OWNER_GROUP\=YES
    export SET_FILE_MODE_OWNER_GROUP\=NO
    export SHALLOW_BUNDLE\=YES
    export SHALLOW_BUNDLE_TRIPLE\=ios-simulator
    export SHALLOW_BUNDLE_ios_macabi\=NO
    export SHALLOW_BUNDLE_macos\=NO
    export SHARED_DERIVED_FILE_DIR\=/Users/depoll/Library/Developer/Xcode/DerivedData/iOS-avedbudfywsssrcrcpqwadfjuouo/Build/Products/Debug-iphonesimulator/gRPC-C++/DerivedSources
    export SHARED_FRAMEWORKS_FOLDER_PATH\=grpcpp.framework/SharedFrameworks
    export SHARED_PRECOMPS_DIR\=/Users/depoll/Library/Developer/Xcode/DerivedData/iOS-avedbudfywsssrcrcpqwadfjuouo/Build/Intermediates.noindex/PrecompiledHeaders
    export SHARED_SUPPORT_FOLDER_PATH\=grpcpp.framework
    export SKIP_INSTALL\=YES
    export SOURCE_ROOT\=/Users/depoll/Code/depollsoft/iOS/Pods
    export SRCROOT\=/Users/depoll/Code/depollsoft/iOS/Pods
    export STRINGSDATA_DIR\=/Users/depoll/Library/Developer/Xcode/DerivedData/iOS-avedbudfywsssrcrcpqwadfjuouo/Build/Intermediates.noindex/Pods.build/Debug-iphonesimulator/gRPC-C++.build/Objects-normal/undefined_arch
    export STRINGSDATA_ROOT\=/Users/depoll/Library/Developer/Xcode/DerivedData/iOS-avedbudfywsssrcrcpqwadfjuouo/Build/Intermediates.noindex/Pods.build/Debug-iphonesimulator/gRPC-C++.build
    export STRINGS_FILE_INFOPLIST_RENAME\=YES
    export STRINGS_FILE_OUTPUT_ENCODING\=binary
    export STRING_CATALOG_GENERATE_SYMBOLS\=NO
    export STRIP_BITCODE_FROM_COPIED_FILES\=NO
    export STRIP_INSTALLED_PRODUCT\=NO
    export STRIP_STYLE\=debugging
    export STRIP_SWIFT_SYMBOLS\=YES
    export SUPPORTED_DEVICE_FAMILIES\=1,2
    export SUPPORTED_PLATFORMS\=iphoneos\ iphonesimulator
    export SUPPORTS_TEXT_BASED_API\=NO
    export SUPPRESS_WARNINGS\=NO
    export SWIFT_ACTIVE_COMPILATION_CONDITIONS\=DEBUG\ 
    export SWIFT_EMIT_CONST_VALUE_PROTOCOLS\=AppIntent\ EntityQuery\ AppEntity\ TransientEntity\ AppEnum\ AppShortcutProviding\ AppShortcutsProvider\ AnyResolverProviding\ AppIntentsPackage\ DynamicOptionsProvider\ _IntentValueRepresentable\ _AssistantIntentsProvider\ _GenerativeFunctionExtractable\ IntentValueQuery\ Resolver\ AppExtension\ ExtensionPointDefining
    export SWIFT_EMIT_LOC_STRINGS\=NO
    export SWIFT_ENABLE_EXPLICIT_MODULES\=YES
    export SWIFT_INSTALL_MODULE_FOR_DEPLOYMENT\=YES
    export SWIFT_INSTALL_OBJC_HEADER\=YES
    export SWIFT_OPTIMIZATION_LEVEL\=-Onone
    export SWIFT_PLATFORM_TARGET_PREFIX\=ios
    export SWIFT_RESPONSE_FILE_PATH_normal_arm64\=/Users/depoll/Library/Developer/Xcode/DerivedData/iOS-avedbudfywsssrcrcpqwadfjuouo/Build/Intermediates.noindex/Pods.build/Debug-iphonesimulator/gRPC-C++.build/Objects-normal/arm64/grpcpp.SwiftFileList
    export SWIFT_VERSION\=5.0
    export SYMROOT\=/Users/depoll/Library/Developer/Xcode/DerivedData/iOS-avedbudfywsssrcrcpqwadfjuouo/Build/Products
    export SYSTEM_ADMIN_APPS_DIR\=/Applications/Utilities
    export SYSTEM_APPS_DIR\=/Applications
    export SYSTEM_CORE_SERVICES_DIR\=/System/Library/CoreServices
    export SYSTEM_DEMOS_DIR\=/Applications/Extras
    export SYSTEM_DEVELOPER_APPS_DIR\=/Applications/Xcode.app/Contents/Developer/Applications
    export SYSTEM_DEVELOPER_BIN_DIR\=/Applications/Xcode.app/Contents/Developer/usr/bin
    export SYSTEM_DEVELOPER_DEMOS_DIR\=/Applications/Xcode.app/Contents/Developer/Applications/Utilities/Built\ Examples
    export SYSTEM_DEVELOPER_DIR\=/Applications/Xcode.app/Contents/Developer
    export SYSTEM_DEVELOPER_DOC_DIR\=/Applications/Xcode.app/Contents/Developer/ADC\ Reference\ Library
    export SYSTEM_DEVELOPER_GRAPHICS_TOOLS_DIR\=/Applications/Xcode.app/Contents/Developer/Applications/Graphics\ Tools
    export SYSTEM_DEVELOPER_JAVA_TOOLS_DIR\=/Applications/Xcode.app/Contents/Developer/Applications/Java\ Tools
    export SYSTEM_DEVELOPER_PERFORMANCE_TOOLS_DIR\=/Applications/Xcode.app/Contents/Developer/Applications/Performance\ Tools
    export SYSTEM_DEVELOPER_RELEASENOTES_DIR\=/Applications/Xcode.app/Contents/Developer/ADC\ Reference\ Library/releasenotes
    export SYSTEM_DEVELOPER_TOOLS\=/Applications/Xcode.app/Contents/Developer/Tools
    export SYSTEM_DEVELOPER_TOOLS_DOC_DIR\=/Applications/Xcode.app/Contents/Developer/ADC\ Reference\ Library/documentation/DeveloperTools
    export SYSTEM_DEVELOPER_TOOLS_RELEASENOTES_DIR\=/Applications/Xcode.app/Contents/Developer/ADC\ Reference\ Library/releasenotes/DeveloperTools
    export SYSTEM_DEVELOPER_USR_DIR\=/Applications/Xcode.app/Contents/Developer/usr
    export SYSTEM_DEVELOPER_UTILITIES_DIR\=/Applications/Xcode.app/Contents/Developer/Applications/Utilities
    export SYSTEM_DEXT_INSTALL_PATH\=/System/Library/DriverExtensions
    export SYSTEM_DOCUMENTATION_DIR\=/Library/Documentation
    export SYSTEM_EXTENSIONS_FOLDER_PATH\=grpcpp.framework/SystemExtensions
    export SYSTEM_EXTENSIONS_FOLDER_PATH_SHALLOW_BUNDLE_NO\=grpcpp.framework/Library/SystemExtensions
    export SYSTEM_EXTENSIONS_FOLDER_PATH_SHALLOW_BUNDLE_YES\=grpcpp.framework/SystemExtensions
    export SYSTEM_KEXT_INSTALL_PATH\=/System/Library/Extensions
    export SYSTEM_LIBRARY_DIR\=/System/Library
    export TAPI_DEMANGLE\=YES
    export TAPI_ENABLE_PROJECT_HEADERS\=NO
    export TAPI_LANGUAGE\=objective-c
    export TAPI_LANGUAGE_STANDARD\=compiler-default
    export TAPI_USE_SRCROOT\=YES
    export TAPI_VERIFY_MODE\=Pedantic
    export TARGETED_DEVICE_FAMILY\=1,2
    export TARGETNAME\=gRPC-C++
    export TARGET_BUILD_DIR\=/Users/depoll/Library/Developer/Xcode/DerivedData/iOS-avedbudfywsssrcrcpqwadfjuouo/Build/Products/Debug-iphonesimulator/gRPC-C++
    export TARGET_DEVICE_IDENTIFIER\=D30C932C-87F7-40EA-BE73-1BADE34A55F2
    export TARGET_DEVICE_MODEL\=iPhone17,3
    export TARGET_DEVICE_OS_VERSION\=18.6
    export TARGET_DEVICE_PLATFORM_NAME\=iphonesimulator
    export TARGET_NAME\=gRPC-C++
    export TARGET_TEMP_DIR\=/Users/depoll/Library/Developer/Xcode/DerivedData/iOS-avedbudfywsssrcrcpqwadfjuouo/Build/Intermediates.noindex/Pods.build/Debug-iphonesimulator/gRPC-C++.build
    export TEMP_DIR\=/Users/depoll/Library/Developer/Xcode/DerivedData/iOS-avedbudfywsssrcrcpqwadfjuouo/Build/Intermediates.noindex/Pods.build/Debug-iphonesimulator/gRPC-C++.build
    export TEMP_FILES_DIR\=/Users/depoll/Library/Developer/Xcode/DerivedData/iOS-avedbudfywsssrcrcpqwadfjuouo/Build/Intermediates.noindex/Pods.build/Debug-iphonesimulator/gRPC-C++.build
    export TEMP_FILE_DIR\=/Users/depoll/Library/Developer/Xcode/DerivedData/iOS-avedbudfywsssrcrcpqwadfjuouo/Build/Intermediates.noindex/Pods.build/Debug-iphonesimulator/gRPC-C++.build
    export TEMP_ROOT\=/Users/depoll/Library/Developer/Xcode/DerivedData/iOS-avedbudfywsssrcrcpqwadfjuouo/Build/Intermediates.noindex
    export TEMP_SANDBOX_DIR\=/Users/depoll/Library/Developer/Xcode/DerivedData/iOS-avedbudfywsssrcrcpqwadfjuouo/Build/Intermediates.noindex/TemporaryTaskSandboxes
    export TEST_FRAMEWORK_SEARCH_PATHS\=\ /Applications/Xcode.app/Contents/Developer/Platforms/iPhoneSimulator.platform/Developer/Library/Frameworks\ /Applications/Xcode.app/Contents/Developer/Platforms/iPhoneSimulator.platform/Developer/SDKs/iPhoneSimulator26.1.sdk/Developer/Library/Frameworks
    export TEST_LIBRARY_SEARCH_PATHS\=\ /Applications/Xcode.app/Contents/Developer/Platforms/iPhoneSimulator.platform/Developer/usr/lib
    export TOOLCHAINS\=com.apple.dt.toolchain.XcodeDefault
    export TOOLCHAIN_DIR\=/Applications/Xcode.app/Contents/Developer/Toolchains/XcodeDefault.xctoolchain
    export TREAT_MISSING_BASELINES_AS_TEST_FAILURES\=NO
    export TREAT_MISSING_SCRIPT_PHASE_OUTPUTS_AS_ERRORS\=NO
    export TeamIdentifierPrefix\=FAKETEAMID.
    export UID\=501
    export UNINSTALLED_PRODUCTS_DIR\=/Users/depoll/Library/Developer/Xcode/DerivedData/iOS-avedbudfywsssrcrcpqwadfjuouo/Build/Intermediates.noindex/UninstalledProducts
    export UNLOCALIZED_RESOURCES_FOLDER_PATH\=grpcpp.framework
    export UNLOCALIZED_RESOURCES_FOLDER_PATH_SHALLOW_BUNDLE_NO\=grpcpp.framework/Resources
    export UNLOCALIZED_RESOURCES_FOLDER_PATH_SHALLOW_BUNDLE_YES\=grpcpp.framework
    export UNSTRIPPED_PRODUCT\=NO
    export USER\=depoll
    export USER_APPS_DIR\=/Users/depoll/Applications
    export USER_HEADER_SEARCH_PATHS\=\"/Users/depoll/Code/depollsoft/iOS/Pods/gRPC-C++\"\ \"/Users/depoll/Code/depollsoft/iOS/Pods/gRPC-C++/src/core/ext/upb-gen\"\ \"/Users/depoll/Code/depollsoft/iOS/Pods/gRPC-C++/src/core/ext/upbdefs-gen\"\ \"/Users/depoll/Code/depollsoft/iOS/Pods/gRPC-C++/third_party/re2\"\ \"/Users/depoll/Code/depollsoft/iOS/Pods/gRPC-C++/third_party/upb\"\ \"/Users/depoll/Code/depollsoft/iOS/Pods/gRPC-C++/third_party/xxhash\"
    export USER_LIBRARY_DIR\=/Users/depoll/Library
    export USE_DYNAMIC_NO_PIC\=YES
    export USE_HEADERMAP\=NO
    export USE_HEADER_SYMLINKS\=NO
    export USE_RECURSIVE_SCRIPT_INPUTS_IN_SCRIPT_PHASES\=YES
    export VALIDATE_DEVELOPMENT_ASSET_PATHS\=YES_ERROR
    export VALIDATE_PRODUCT\=NO
    export VALID_ARCHS\=arm64\ x86_64
    export VERBOSE_PBXCP\=NO
    export VERSIONING_SYSTEM\=apple-generic
    export VERSIONPLIST_PATH\=grpcpp.framework/version.plist
    export VERSIONS_FOLDER_PATH\=grpcpp.framework
    export VERSIONS_FOLDER_PATH_SHALLOW_BUNDLE_NO\=grpcpp.framework/Versions
    export VERSIONS_FOLDER_PATH_SHALLOW_BUNDLE_YES\=grpcpp.framework
    export VERSION_INFO_BUILDER\=depoll
    export VERSION_INFO_FILE\=grpcpp_vers.c
    export VERSION_INFO_STRING\=\"@\(\#\)PROGRAM:grpcpp\ \ PROJECT:Pods-1\"
    export WORKSPACE_DIR\=/Users/depoll/Code/depollsoft/iOS
    export WRAPPER_EXTENSION\=framework
    export WRAPPER_NAME\=grpcpp.framework
    export WRAPPER_SUFFIX\=.framework
    export WRAP_ASSET_PACKS_IN_SEPARATE_DIRECTORIES\=NO
    export XCODE_APP_SUPPORT_DIR\=/Applications/Xcode.app/Contents/Developer/Library/Xcode
    export XCODE_PRODUCT_BUILD_VERSION\=17B100
    export XCODE_VERSION_ACTUAL\=2611
    export XCODE_VERSION_MAJOR\=2600
    export XCODE_VERSION_MINOR\=2610
    export XPCSERVICES_FOLDER_PATH\=grpcpp.framework/XPCServices
    export YACC\=yacc
    export _DISCOVER_COMMAND_LINE_LINKER_INPUTS\=YES
    export _DISCOVER_COMMAND_LINE_LINKER_INPUTS_INCLUDE_WL\=YES
    export _LD_MULTIARCH\=YES
    export _WRAPPER_CONTENTS_DIR_SHALLOW_BUNDLE_NO\=/Contents
    export _WRAPPER_PARENT_PATH_SHALLOW_BUNDLE_NO\=/..
    export _WRAPPER_RESOURCES_DIR_SHALLOW_BUNDLE_NO\=/Resources
    export __DIAGNOSE_DEPRECATED_ARCHS\=YES
    export arch\=undefined_arch
    export variant\=normal
    /bin/sh -c /Users/depoll/Library/Developer/Xcode/DerivedData/iOS-avedbudfywsssrcrcpqwadfjuouo/Build/Intermediates.noindex/Pods.build/Debug-iphonesimulator/gRPC-C++.build/Script-46EB2E00032ED0.sh

WriteAuxiliaryFile /Users/depoll/Library/Developer/Xcode/DerivedData/iOS-avedbudfywsssrcrcpqwadfjuouo/Build/Intermediates.noindex/Pods.build/Debug-iphonesimulator/FirebaseCore-FirebaseCore_Privacy.build/FirebaseCore_Privacy-all-non-framework-target-headers.hmap (in target 'FirebaseCore-FirebaseCore_Privacy' from project 'Pods')
    cd /Users/depoll/Code/depollsoft/iOS/Pods
    write-file /Users/depoll/Library/Developer/Xcode/DerivedData/iOS-avedbudfywsssrcrcpqwadfjuouo/Build/Intermediates.noindex/Pods.build/Debug-iphonesimulator/FirebaseCore-FirebaseCore_Privacy.build/FirebaseCore_Privacy-all-non-framework-target-headers.hmap

WriteAuxiliaryFile /Users/depoll/Library/Developer/Xcode/DerivedData/iOS-avedbudfywsssrcrcpqwadfjuouo/Build/Intermediates.noindex/Pods.build/Debug-iphonesimulator/FirebaseFirestore.build/FirebaseFirestore-all-non-framework-target-headers.hmap (in target 'FirebaseFirestore' from project 'Pods')
    cd /Users/depoll/Code/depollsoft/iOS/Pods
    write-file /Users/depoll/Library/Developer/Xcode/DerivedData/iOS-avedbudfywsssrcrcpqwadfjuouo/Build/Intermediates.noindex/Pods.build/Debug-iphonesimulator/FirebaseFirestore.build/FirebaseFirestore-all-non-framework-target-headers.hmap

WriteAuxiliaryFile /Users/depoll/Library/Developer/Xcode/DerivedData/iOS-avedbudfywsssrcrcpqwadfjuouo/Build/Intermediates.noindex/Pods.build/Debug-iphonesimulator/FirebaseFirestoreInternal.build/FirebaseFirestoreInternal-all-non-framework-target-headers.hmap (in target 'FirebaseFirestoreInternal' from project 'Pods')
    cd /Users/depoll/Code/depollsoft/iOS/Pods
    write-file /Users/depoll/Library/Developer/Xcode/DerivedData/iOS-avedbudfywsssrcrcpqwadfjuouo/Build/Intermediates.noindex/Pods.build/Debug-iphonesimulator/FirebaseFirestoreInternal.build/FirebaseFirestoreInternal-all-non-framework-target-headers.hmap

SwiftDriver FirebaseFunctions normal arm64 com.apple.xcode.tools.swift.compiler (in target 'FirebaseFunctions' from project 'Pods')
    cd /Users/depoll/Code/depollsoft/iOS/Pods
    builtin-SwiftDriver -- /Applications/Xcode.app/Contents/Developer/Toolchains/XcodeDefault.xctoolchain/usr/bin/swiftc -module-name FirebaseFunctions -Onone -enforce-exclusivity\=checked @/Users/depoll/Library/Developer/Xcode/DerivedData/iOS-avedbudfywsssrcrcpqwadfjuouo/Build/Intermediates.noindex/Pods.build/Debug-iphonesimulator/FirebaseFunctions.build/Objects-normal/arm64/FirebaseFunctions.SwiftFileList -DDEBUG -D COCOAPODS -suppress-warnings -enable-bare-slash-regex -enable-experimental-feature DebugDescriptionMacro -sdk /Applications/Xcode.app/Contents/Developer/Platforms/iPhoneSimulator.platform/Developer/SDKs/iPhoneSimulator26.1.sdk -target arm64-apple-ios15.0-simulator -g -module-cache-path /Users/depoll/Library/Developer/Xcode/DerivedData/ModuleCache.noindex -Xfrontend -serialize-debugging-options -profile-coverage-mapping -profile-generate -enable-testing -index-store-path /Users/depoll/Library/Developer/Xcode/DerivedData/iOS-avedbudfywsssrcrcpqwadfjuouo/Index.noindex/DataStore -Xcc -D_LIBCPP_HARDENING_MODE\=_LIBCPP_HARDENING_MODE_DEBUG -swift-version 5 -I /Users/depoll/Library/Developer/Xcode/DerivedData/iOS-avedbudfywsssrcrcpqwadfjuouo/Build/Products/Debug-iphonesimulator/FirebaseFunctions -F /Users/depoll/Library/Developer/Xcode/DerivedData/iOS-avedbudfywsssrcrcpqwadfjuouo/Build/Products/Debug-iphonesimulator/FirebaseFunctions -F /Users/depoll/Library/Developer/Xcode/DerivedData/iOS-avedbudfywsssrcrcpqwadfjuouo/Build/Products/Debug-iphonesimulator/FirebaseAppCheckInterop -F /Users/depoll/Library/Developer/Xcode/DerivedData/iOS-avedbudfywsssrcrcpqwadfjuouo/Build/Products/Debug-iphonesimulator/FirebaseAuthInterop -F /Users/depoll/Library/Developer/Xcode/DerivedData/iOS-avedbudfywsssrcrcpqwadfjuouo/Build/Products/Debug-iphonesimulator/FirebaseCore -F /Users/depoll/Library/Developer/Xcode/DerivedData/iOS-avedbudfywsssrcrcpqwadfjuouo/Build/Products/Debug-iphonesimulator/FirebaseCoreExtension -F /Users/depoll/Library/Developer/Xcode/DerivedData/iOS-avedbudfywsssrcrcpqwadfjuouo/Build/Products/Debug-iphonesimulator/FirebaseCoreInternal -F /Users/depoll/Library/Developer/Xcode/DerivedData/iOS-avedbudfywsssrcrcpqwadfjuouo/Build/Products/Debug-iphonesimulator/FirebaseMessagingInterop -F /Users/depoll/Library/Developer/Xcode/DerivedData/iOS-avedbudfywsssrcrcpqwadfjuouo/Build/Products/Debug-iphonesimulator/FirebaseSharedSwift -F /Users/depoll/Library/Developer/Xcode/DerivedData/iOS-avedbudfywsssrcrcpqwadfjuouo/Build/Products/Debug-iphonesimulator/GTMSessionFetcher -F /Users/depoll/Library/Developer/Xcode/DerivedData/iOS-avedbudfywsssrcrcpqwadfjuouo/Build/Products/Debug-iphonesimulator/GoogleUtilities -c -j10 -enable-batch-mode -incremental -Xcc -ivfsstatcache -Xcc /Users/depoll/Library/Developer/Xcode/DerivedData/SDKStatCaches.noindex/iphonesimulator26.1-23B77-90cf18a4295e390e64c810bc6bd7acbc.sdkstatcache -output-file-map /Users/depoll/Library/Developer/Xcode/DerivedData/iOS-avedbudfywsssrcrcpqwadfjuouo/Build/Intermediates.noindex/Pods.build/Debug-iphonesimulator/FirebaseFunctions.build/Objects-normal/arm64/FirebaseFunctions-OutputFileMap.json -use-frontend-parseable-output -save-temps -no-color-diagnostics -explicit-module-build -module-cache-path /Users/depoll/Library/Developer/Xcode/DerivedData/iOS-avedbudfywsssrcrcpqwadfjuouo/Build/Intermediates.noindex/SwiftExplicitPrecompiledModules -clang-scanner-module-cache-path /Users/depoll/Library/Developer/Xcode/DerivedData/ModuleCache.noindex -sdk-module-cache-path /Users/depoll/Library/Developer/Xcode/DerivedData/ModuleCache.noindex -serialize-diagnostics -emit-dependencies -emit-module -emit-module-path /Users/depoll/Library/Developer/Xcode/DerivedData/iOS-avedbudfywsssrcrcpqwadfjuouo/Build/Intermediates.noindex/Pods.build/Debug-iphonesimulator/FirebaseFunctions.build/Objects-normal/arm64/FirebaseFunctions.swiftmodule -validate-clang-modules-once -clang-build-session-file /Users/depoll/Library/Developer/Xcode/DerivedData/ModuleCache.noindex/Session.modulevalidation -Xcc -I/Users/depoll/Library/Developer/Xcode/DerivedData/iOS-avedbudfywsssrcrcpqwadfjuouo/Build/Intermediates.noindex/Pods.build/Debug-iphonesimulator/FirebaseFunctions.build/swift-overrides.hmap -emit-const-values -Xfrontend -const-gather-protocols-file -Xfrontend /Users/depoll/Library/Developer/Xcode/DerivedData/iOS-avedbudfywsssrcrcpqwadfjuouo/Build/Intermediates.noindex/Pods.build/Debug-iphonesimulator/FirebaseFunctions.build/Objects-normal/arm64/FirebaseFunctions_const_extract_protocols.json -Xcc -iquote -Xcc /Users/depoll/Library/Developer/Xcode/DerivedData/iOS-avedbudfywsssrcrcpqwadfjuouo/Build/Intermediates.noindex/Pods.build/Debug-iphonesimulator/FirebaseFunctions.build/FirebaseFunctions-generated-files.hmap -Xcc -I/Users/depoll/Library/Developer/Xcode/DerivedData/iOS-avedbudfywsssrcrcpqwadfjuouo/Build/Intermediates.noindex/Pods.build/Debug-iphonesimulator/FirebaseFunctions.build/FirebaseFunctions-own-target-headers.hmap -Xcc -I/Users/depoll/Library/Developer/Xcode/DerivedData/iOS-avedbudfywsssrcrcpqwadfjuouo/Build/Intermediates.noindex/Pods.build/Debug-iphonesimulator/FirebaseFunctions.build/FirebaseFunctions-all-non-framework-target-headers.hmap -Xcc -ivfsoverlay -Xcc /Users/depoll/Library/Developer/Xcode/DerivedData/iOS-avedbudfywsssrcrcpqwadfjuouo/Build/Intermediates.noindex/Pods.build/Debug-iphonesimulator/Pods-8699adb1dd336b26511df848a716bd42-VFS-iphonesimulator/all-product-headers.yaml -Xcc -iquote -Xcc /Users/depoll/Library/Developer/Xcode/DerivedData/iOS-avedbudfywsssrcrcpqwadfjuouo/Build/Intermediates.noindex/Pods.build/Debug-iphonesimulator/FirebaseFunctions.build/FirebaseFunctions-project-headers.hmap -Xcc -I/Users/depoll/Library/Developer/Xcode/DerivedData/iOS-avedbudfywsssrcrcpqwadfjuouo/Build/Products/Debug-iphonesimulator/FirebaseFunctions/include -Xcc -I/Users/depoll/Library/Developer/Xcode/DerivedData/iOS-avedbudfywsssrcrcpqwadfjuouo/Build/Intermediates.noindex/Pods.build/Debug-iphonesimulator/FirebaseFunctions.build/DerivedSources-normal/arm64 -Xcc -I/Users/depoll/Library/Developer/Xcode/DerivedData/iOS-avedbudfywsssrcrcpqwadfjuouo/Build/Intermediates.noindex/Pods.build/Debug-iphonesimulator/FirebaseFunctions.build/DerivedSources/arm64 -Xcc -I/Users/depoll/Library/Developer/Xcode/DerivedData/iOS-avedbudfywsssrcrcpqwadfjuouo/Build/Intermediates.noindex/Pods.build/Debug-iphonesimulator/FirebaseFunctions.build/DerivedSources -Xcc -DPOD_CONFIGURATION_DEBUG\=1 -Xcc -DDEBUG\=1 -Xcc -DCOCOAPODS\=1 -emit-objc-header -emit-objc-header-path /Users/depoll/Library/Developer/Xcode/DerivedData/iOS-avedbudfywsssrcrcpqwadfjuouo/Build/Intermediates.noindex/Pods.build/Debug-iphonesimulator/FirebaseFunctions.build/Objects-normal/arm64/FirebaseFunctions-Swift.h -import-underlying-module -Xcc -ivfsoverlay -Xcc /Users/depoll/Library/Developer/Xcode/DerivedData/iOS-avedbudfywsssrcrcpqwadfjuouo/Build/Intermediates.noindex/Pods.build/Debug-iphonesimulator/FirebaseFunctions.build/unextended-module-overlay.yaml -working-directory /Users/depoll/Code/depollsoft/iOS/Pods -experimental-emit-module-separately -disable-cmo

ProcessInfoPlistFile /Users/depoll/Library/Developer/Xcode/DerivedData/iOS-avedbudfywsssrcrcpqwadfjuouo/Build/Products/Debug-iphonesimulator/FirebaseCore/FirebaseCore_Privacy.bundle/Info.plist /Users/depoll/Code/depollsoft/iOS/Pods/Target\ Support\ Files/FirebaseCore/ResourceBundle-FirebaseCore_Privacy-FirebaseCore-Info.plist (in target 'FirebaseCore-FirebaseCore_Privacy' from project 'Pods')
    cd /Users/depoll/Code/depollsoft/iOS/Pods
    builtin-infoPlistUtility /Users/depoll/Code/depollsoft/iOS/Pods/Target\ Support\ Files/FirebaseCore/ResourceBundle-FirebaseCore_Privacy-FirebaseCore-Info.plist -producttype com.apple.product-type.bundle -expandbuildsettings -format binary -platform iphonesimulator -o /Users/depoll/Library/Developer/Xcode/DerivedData/iOS-avedbudfywsssrcrcpqwadfjuouo/Build/Products/Debug-iphonesimulator/FirebaseCore/FirebaseCore_Privacy.bundle/Info.plist

SwiftDriver FirebaseFirestore normal arm64 com.apple.xcode.tools.swift.compiler (in target 'FirebaseFirestore' from project 'Pods')
    cd /Users/depoll/Code/depollsoft/iOS/Pods
    builtin-SwiftDriver -- /Applications/Xcode.app/Contents/Developer/Toolchains/XcodeDefault.xctoolchain/usr/bin/swiftc -module-name FirebaseFirestore -Onone -enforce-exclusivity\=checked @/Users/depoll/Library/Developer/Xcode/DerivedData/iOS-avedbudfywsssrcrcpqwadfjuouo/Build/Intermediates.noindex/Pods.build/Debug-iphonesimulator/FirebaseFirestore.build/Objects-normal/arm64/FirebaseFirestore.SwiftFileList -DDEBUG -D COCOAPODS -suppress-warnings -enable-bare-slash-regex -enable-experimental-feature DebugDescriptionMacro -sdk /Applications/Xcode.app/Contents/Developer/Platforms/iPhoneSimulator.platform/Developer/SDKs/iPhoneSimulator26.1.sdk -target arm64-apple-ios15.0-simulator -g -module-cache-path /Users/depoll/Library/Developer/Xcode/DerivedData/ModuleCache.noindex -Xfrontend -serialize-debugging-options -profile-coverage-mapping -profile-generate -enable-testing -index-store-path /Users/depoll/Library/Developer/Xcode/DerivedData/iOS-avedbudfywsssrcrcpqwadfjuouo/Index.noindex/DataStore -Xcc -D_LIBCPP_HARDENING_MODE\=_LIBCPP_HARDENING_MODE_DEBUG -swift-version 5 -I /Users/depoll/Library/Developer/Xcode/DerivedData/iOS-avedbudfywsssrcrcpqwadfjuouo/Build/Products/Debug-iphonesimulator/FirebaseFirestore -F /Users/depoll/Library/Developer/Xcode/DerivedData/iOS-avedbudfywsssrcrcpqwadfjuouo/Build/Products/Debug-iphonesimulator/FirebaseFirestore -F /Users/depoll/Library/Developer/Xcode/DerivedData/iOS-avedbudfywsssrcrcpqwadfjuouo/Build/Products/Debug-iphonesimulator/BoringSSL-GRPC -F /Users/depoll/Library/Developer/Xcode/DerivedData/iOS-avedbudfywsssrcrcpqwadfjuouo/Build/Products/Debug-iphonesimulator/FirebaseAppCheckInterop -F /Users/depoll/Library/Developer/Xcode/DerivedData/iOS-avedbudfywsssrcrcpqwadfjuouo/Build/Products/Debug-iphonesimulator/FirebaseCore -F /Users/depoll/Library/Developer/Xcode/DerivedData/iOS-avedbudfywsssrcrcpqwadfjuouo/Build/Products/Debug-iphonesimulator/FirebaseCoreExtension -F /Users/depoll/Library/Developer/Xcode/DerivedData/iOS-avedbudfywsssrcrcpqwadfjuouo/Build/Products/Debug-iphonesimulator/FirebaseCoreInternal -F /Users/depoll/Library/Developer/Xcode/DerivedData/iOS-avedbudfywsssrcrcpqwadfjuouo/Build/Products/Debug-iphonesimulator/FirebaseFirestoreInternal -F /Users/depoll/Library/Developer/Xcode/DerivedData/iOS-avedbudfywsssrcrcpqwadfjuouo/Build/Products/Debug-iphonesimulator/FirebaseSharedSwift -F /Users/depoll/Library/Developer/Xcode/DerivedData/iOS-avedbudfywsssrcrcpqwadfjuouo/Build/Products/Debug-iphonesimulator/GoogleUtilities -F /Users/depoll/Library/Developer/Xcode/DerivedData/iOS-avedbudfywsssrcrcpqwadfjuouo/Build/Products/Debug-iphonesimulator/abseil -F /Users/depoll/Library/Developer/Xcode/DerivedData/iOS-avedbudfywsssrcrcpqwadfjuouo/Build/Products/Debug-iphonesimulator/gRPC-C++ -F /Users/depoll/Library/Developer/Xcode/DerivedData/iOS-avedbudfywsssrcrcpqwadfjuouo/Build/Products/Debug-iphonesimulator/gRPC-Core -F /Users/depoll/Library/Developer/Xcode/DerivedData/iOS-avedbudfywsssrcrcpqwadfjuouo/Build/Products/Debug-iphonesimulator/leveldb-library -F /Users/depoll/Library/Developer/Xcode/DerivedData/iOS-avedbudfywsssrcrcpqwadfjuouo/Build/Products/Debug-iphonesimulator/nanopb -c -j10 -enable-batch-mode -incremental -Xcc -ivfsstatcache -Xcc /Users/depoll/Library/Developer/Xcode/DerivedData/SDKStatCaches.noindex/iphonesimulator26.1-23B77-90cf18a4295e390e64c810bc6bd7acbc.sdkstatcache -output-file-map /Users/depoll/Library/Developer/Xcode/DerivedData/iOS-avedbudfywsssrcrcpqwadfjuouo/Build/Intermediates.noindex/Pods.build/Debug-iphonesimulator/FirebaseFirestore.build/Objects-normal/arm64/FirebaseFirestore-OutputFileMap.json -use-frontend-parseable-output -save-temps -no-color-diagnostics -explicit-module-build -module-cache-path /Users/depoll/Library/Developer/Xcode/DerivedData/iOS-avedbudfywsssrcrcpqwadfjuouo/Build/Intermediates.noindex/SwiftExplicitPrecompiledModules -clang-scanner-module-cache-path /Users/depoll/Library/Developer/Xcode/DerivedData/ModuleCache.noindex -sdk-module-cache-path /Users/depoll/Library/Developer/Xcode/DerivedData/ModuleCache.noindex -serialize-diagnostics -emit-dependencies -emit-module -emit-module-path /Users/depoll/Library/Developer/Xcode/DerivedData/iOS-avedbudfywsssrcrcpqwadfjuouo/Build/Intermediates.noindex/Pods.build/Debug-iphonesimulator/FirebaseFirestore.build/Objects-normal/arm64/FirebaseFirestore.swiftmodule -validate-clang-modules-once -clang-build-session-file /Users/depoll/Library/Developer/Xcode/DerivedData/ModuleCache.noindex/Session.modulevalidation -Xcc -I/Users/depoll/Library/Developer/Xcode/DerivedData/iOS-avedbudfywsssrcrcpqwadfjuouo/Build/Intermediates.noindex/Pods.build/Debug-iphonesimulator/FirebaseFirestore.build/swift-overrides.hmap -emit-const-values -Xfrontend -const-gather-protocols-file -Xfrontend /Users/depoll/Library/Developer/Xcode/DerivedData/iOS-avedbudfywsssrcrcpqwadfjuouo/Build/Intermediates.noindex/Pods.build/Debug-iphonesimulator/FirebaseFirestore.build/Objects-normal/arm64/FirebaseFirestore_const_extract_protocols.json -Xcc -iquote -Xcc /Users/depoll/Library/Developer/Xcode/DerivedData/iOS-avedbudfywsssrcrcpqwadfjuouo/Build/Intermediates.noindex/Pods.build/Debug-iphonesimulator/FirebaseFirestore.build/FirebaseFirestore-generated-files.hmap -Xcc -I/Users/depoll/Library/Developer/Xcode/DerivedData/iOS-avedbudfywsssrcrcpqwadfjuouo/Build/Intermediates.noindex/Pods.build/Debug-iphonesimulator/FirebaseFirestore.build/FirebaseFirestore-own-target-headers.hmap -Xcc -I/Users/depoll/Library/Developer/Xcode/DerivedData/iOS-avedbudfywsssrcrcpqwadfjuouo/Build/Intermediates.noindex/Pods.build/Debug-iphonesimulator/FirebaseFirestore.build/FirebaseFirestore-all-non-framework-target-headers.hmap -Xcc -ivfsoverlay -Xcc /Users/depoll/Library/Developer/Xcode/DerivedData/iOS-avedbudfywsssrcrcpqwadfjuouo/Build/Intermediates.noindex/Pods.build/Debug-iphonesimulator/Pods-8699adb1dd336b26511df848a716bd42-VFS-iphonesimulator/all-product-headers.yaml -Xcc -iquote -Xcc /Users/depoll/Library/Developer/Xcode/DerivedData/iOS-avedbudfywsssrcrcpqwadfjuouo/Build/Intermediates.noindex/Pods.build/Debug-iphonesimulator/FirebaseFirestore.build/FirebaseFirestore-project-headers.hmap -Xcc -I/Users/depoll/Library/Developer/Xcode/DerivedData/iOS-avedbudfywsssrcrcpqwadfjuouo/Build/Products/Debug-iphonesimulator/FirebaseFirestore/include -Xcc -I/Users/depoll/Library/Developer/Xcode/DerivedData/iOS-avedbudfywsssrcrcpqwadfjuouo/Build/Intermediates.noindex/Pods.build/Debug-iphonesimulator/FirebaseFirestore.build/DerivedSources-normal/arm64 -Xcc -I/Users/depoll/Library/Developer/Xcode/DerivedData/iOS-avedbudfywsssrcrcpqwadfjuouo/Build/Intermediates.noindex/Pods.build/Debug-iphonesimulator/FirebaseFirestore.build/DerivedSources/arm64 -Xcc -I/Users/depoll/Library/Developer/Xcode/DerivedData/iOS-avedbudfywsssrcrcpqwadfjuouo/Build/Intermediates.noindex/Pods.build/Debug-iphonesimulator/FirebaseFirestore.build/DerivedSources -Xcc -DPOD_CONFIGURATION_DEBUG\=1 -Xcc -DDEBUG\=1 -Xcc -DCOCOAPODS\=1 -emit-objc-header -emit-objc-header-path /Users/depoll/Library/Developer/Xcode/DerivedData/iOS-avedbudfywsssrcrcpqwadfjuouo/Build/Intermediates.noindex/Pods.build/Debug-iphonesimulator/FirebaseFirestore.build/Objects-normal/arm64/FirebaseFirestore-Swift.h -import-underlying-module -Xcc -ivfsoverlay -Xcc /Users/depoll/Library/Developer/Xcode/DerivedData/iOS-avedbudfywsssrcrcpqwadfjuouo/Build/Intermediates.noindex/Pods.build/Debug-iphonesimulator/FirebaseFirestore.build/unextended-module-overlay.yaml -working-directory /Users/depoll/Code/depollsoft/iOS/Pods -experimental-emit-module-separately -disable-cmo

ProcessInfoPlistFile /Users/depoll/Library/Developer/Xcode/DerivedData/iOS-avedbudfywsssrcrcpqwadfjuouo/Build/Products/Debug-iphonesimulator/FirebaseCore/FirebaseCore.framework/Info.plist /Users/depoll/Code/depollsoft/iOS/Pods/Target\ Support\ Files/FirebaseCore/FirebaseCore-Info.plist (in target 'FirebaseCore' from project 'Pods')
    cd /Users/depoll/Code/depollsoft/iOS/Pods
    builtin-infoPlistUtility /Users/depoll/Code/depollsoft/iOS/Pods/Target\ Support\ Files/FirebaseCore/FirebaseCore-Info.plist -producttype com.apple.product-type.framework -expandbuildsettings -format binary -platform iphonesimulator -o /Users/depoll/Library/Developer/Xcode/DerivedData/iOS-avedbudfywsssrcrcpqwadfjuouo/Build/Products/Debug-iphonesimulator/FirebaseCore/FirebaseCore.framework/Info.plist

WriteAuxiliaryFile /Users/depoll/Library/Developer/Xcode/DerivedData/iOS-avedbudfywsssrcrcpqwadfjuouo/Build/Intermediates.noindex/Pods.build/Debug-iphonesimulator/FirebaseCoreExtension-FirebaseCoreExtension_Privacy.build/FirebaseCoreExtension_Privacy-all-non-framework-target-headers.hmap (in target 'FirebaseCoreExtension-FirebaseCoreExtension_Privacy' from project 'Pods')
    cd /Users/depoll/Code/depollsoft/iOS/Pods
    write-file /Users/depoll/Library/Developer/Xcode/DerivedData/iOS-avedbudfywsssrcrcpqwadfjuouo/Build/Intermediates.noindex/Pods.build/Debug-iphonesimulator/FirebaseCoreExtension-FirebaseCoreExtension_Privacy.build/FirebaseCoreExtension_Privacy-all-non-framework-target-headers.hmap

WriteAuxiliaryFile /Users/depoll/Library/Developer/Xcode/DerivedData/iOS-avedbudfywsssrcrcpqwadfjuouo/Build/Intermediates.noindex/Pods.build/Debug-iphonesimulator/FirebaseFirestoreInternal-FirebaseFirestoreInternal_Privacy.build/FirebaseFirestoreInternal_Privacy-all-non-framework-target-headers.hmap (in target 'FirebaseFirestoreInternal-FirebaseFirestoreInternal_Privacy' from project 'Pods')
    cd /Users/depoll/Code/depollsoft/iOS/Pods
    write-file /Users/depoll/Library/Developer/Xcode/DerivedData/iOS-avedbudfywsssrcrcpqwadfjuouo/Build/Intermediates.noindex/Pods.build/Debug-iphonesimulator/FirebaseFirestoreInternal-FirebaseFirestoreInternal_Privacy.build/FirebaseFirestoreInternal_Privacy-all-non-framework-target-headers.hmap

ProcessInfoPlistFile /Users/depoll/Library/Developer/Xcode/DerivedData/iOS-avedbudfywsssrcrcpqwadfjuouo/Build/Products/Debug-iphonesimulator/FirebaseCoreExtension/FirebaseCoreExtension_Privacy.bundle/Info.plist /Users/depoll/Code/depollsoft/iOS/Pods/Target\ Support\ Files/FirebaseCoreExtension/ResourceBundle-FirebaseCoreExtension_Privacy-FirebaseCoreExtension-Info.plist (in target 'FirebaseCoreExtension-FirebaseCoreExtension_Privacy' from project 'Pods')
    cd /Users/depoll/Code/depollsoft/iOS/Pods
    builtin-infoPlistUtility /Users/depoll/Code/depollsoft/iOS/Pods/Target\ Support\ Files/FirebaseCoreExtension/ResourceBundle-FirebaseCoreExtension_Privacy-FirebaseCoreExtension-Info.plist -producttype com.apple.product-type.bundle -expandbuildsettings -format binary -platform iphonesimulator -o /Users/depoll/Library/Developer/Xcode/DerivedData/iOS-avedbudfywsssrcrcpqwadfjuouo/Build/Products/Debug-iphonesimulator/FirebaseCoreExtension/FirebaseCoreExtension_Privacy.bundle/Info.plist

ProcessInfoPlistFile /Users/depoll/Library/Developer/Xcode/DerivedData/iOS-avedbudfywsssrcrcpqwadfjuouo/Build/Products/Debug-iphonesimulator/FirebaseFirestoreInternal/FirebaseFirestoreInternal_Privacy.bundle/Info.plist /Users/depoll/Code/depollsoft/iOS/Pods/Target\ Support\ Files/FirebaseFirestoreInternal/ResourceBundle-FirebaseFirestoreInternal_Privacy-FirebaseFirestoreInternal-Info.plist (in target 'FirebaseFirestoreInternal-FirebaseFirestoreInternal_Privacy' from project 'Pods')
    cd /Users/depoll/Code/depollsoft/iOS/Pods
    builtin-infoPlistUtility /Users/depoll/Code/depollsoft/iOS/Pods/Target\ Support\ Files/FirebaseFirestoreInternal/ResourceBundle-FirebaseFirestoreInternal_Privacy-FirebaseFirestoreInternal-Info.plist -producttype com.apple.product-type.bundle -expandbuildsettings -format binary -platform iphonesimulator -o /Users/depoll/Library/Developer/Xcode/DerivedData/iOS-avedbudfywsssrcrcpqwadfjuouo/Build/Products/Debug-iphonesimulator/FirebaseFirestoreInternal/FirebaseFirestoreInternal_Privacy.bundle/Info.plist

ProcessInfoPlistFile /Users/depoll/Library/Developer/Xcode/DerivedData/iOS-avedbudfywsssrcrcpqwadfjuouo/Build/Products/Debug-iphonesimulator/FirebaseCoreExtension/FirebaseCoreExtension.framework/Info.plist /Users/depoll/Code/depollsoft/iOS/Pods/Target\ Support\ Files/FirebaseCoreExtension/FirebaseCoreExtension-Info.plist (in target 'FirebaseCoreExtension' from project 'Pods')
    cd /Users/depoll/Code/depollsoft/iOS/Pods
    builtin-infoPlistUtility /Users/depoll/Code/depollsoft/iOS/Pods/Target\ Support\ Files/FirebaseCoreExtension/FirebaseCoreExtension-Info.plist -producttype com.apple.product-type.framework -expandbuildsettings -format binary -platform iphonesimulator -o /Users/depoll/Library/Developer/Xcode/DerivedData/iOS-avedbudfywsssrcrcpqwadfjuouo/Build/Products/Debug-iphonesimulator/FirebaseCoreExtension/FirebaseCoreExtension.framework/Info.plist

ProcessInfoPlistFile /Users/depoll/Library/Developer/Xcode/DerivedData/iOS-avedbudfywsssrcrcpqwadfjuouo/Build/Products/Debug-iphonesimulator/FirebaseFirestoreInternal/FirebaseFirestoreInternal.framework/Info.plist /Users/depoll/Code/depollsoft/iOS/Pods/Target\ Support\ Files/FirebaseFirestoreInternal/FirebaseFirestoreInternal-Info.plist (in target 'FirebaseFirestoreInternal' from project 'Pods')
    cd /Users/depoll/Code/depollsoft/iOS/Pods
    builtin-infoPlistUtility /Users/depoll/Code/depollsoft/iOS/Pods/Target\ Support\ Files/FirebaseFirestoreInternal/FirebaseFirestoreInternal-Info.plist -producttype com.apple.product-type.framework -expandbuildsettings -format binary -platform iphonesimulator -o /Users/depoll/Library/Developer/Xcode/DerivedData/iOS-avedbudfywsssrcrcpqwadfjuouo/Build/Products/Debug-iphonesimulator/FirebaseFirestoreInternal/FirebaseFirestoreInternal.framework/Info.plist

WriteAuxiliaryFile /Users/depoll/Library/Developer/Xcode/DerivedData/iOS-avedbudfywsssrcrcpqwadfjuouo/Build/Intermediates.noindex/Pods.build/Debug-iphonesimulator/FirebaseAuth-FirebaseAuth_Privacy.build/FirebaseAuth_Privacy-all-non-framework-target-headers.hmap (in target 'FirebaseAuth-FirebaseAuth_Privacy' from project 'Pods')
    cd /Users/depoll/Code/depollsoft/iOS/Pods
    write-file /Users/depoll/Library/Developer/Xcode/DerivedData/iOS-avedbudfywsssrcrcpqwadfjuouo/Build/Intermediates.noindex/Pods.build/Debug-iphonesimulator/FirebaseAuth-FirebaseAuth_Privacy.build/FirebaseAuth_Privacy-all-non-framework-target-headers.hmap

WriteAuxiliaryFile /Users/depoll/Library/Developer/Xcode/DerivedData/iOS-avedbudfywsssrcrcpqwadfjuouo/Build/Intermediates.noindex/Pods.build/Debug-iphonesimulator/FirebaseFirestore-FirebaseFirestore_Privacy.build/FirebaseFirestore_Privacy-all-non-framework-target-headers.hmap (in target 'FirebaseFirestore-FirebaseFirestore_Privacy' from project 'Pods')
    cd /Users/depoll/Code/depollsoft/iOS/Pods
    write-file /Users/depoll/Library/Developer/Xcode/DerivedData/iOS-avedbudfywsssrcrcpqwadfjuouo/Build/Intermediates.noindex/Pods.build/Debug-iphonesimulator/FirebaseFirestore-FirebaseFirestore_Privacy.build/FirebaseFirestore_Privacy-all-non-framework-target-headers.hmap

ProcessInfoPlistFile /Users/depoll/Library/Developer/Xcode/DerivedData/iOS-avedbudfywsssrcrcpqwadfjuouo/Build/Products/Debug-iphonesimulator/FirebaseFunctions/FirebaseFunctions.framework/Info.plist /Users/depoll/Code/depollsoft/iOS/Pods/Target\ Support\ Files/FirebaseFunctions/FirebaseFunctions-Info.plist (in target 'FirebaseFunctions' from project 'Pods')
    cd /Users/depoll/Code/depollsoft/iOS/Pods
    builtin-infoPlistUtility /Users/depoll/Code/depollsoft/iOS/Pods/Target\ Support\ Files/FirebaseFunctions/FirebaseFunctions-Info.plist -producttype com.apple.product-type.framework -expandbuildsettings -format binary -platform iphonesimulator -o /Users/depoll/Library/Developer/Xcode/DerivedData/iOS-avedbudfywsssrcrcpqwadfjuouo/Build/Products/Debug-iphonesimulator/FirebaseFunctions/FirebaseFunctions.framework/Info.plist

ProcessInfoPlistFile /Users/depoll/Library/Developer/Xcode/DerivedData/iOS-avedbudfywsssrcrcpqwadfjuouo/Build/Products/Debug-iphonesimulator/FirebaseAuth/FirebaseAuth_Privacy.bundle/Info.plist /Users/depoll/Code/depollsoft/iOS/Pods/Target\ Support\ Files/FirebaseAuth/ResourceBundle-FirebaseAuth_Privacy-FirebaseAuth-Info.plist (in target 'FirebaseAuth-FirebaseAuth_Privacy' from project 'Pods')
    cd /Users/depoll/Code/depollsoft/iOS/Pods
    builtin-infoPlistUtility /Users/depoll/Code/depollsoft/iOS/Pods/Target\ Support\ Files/FirebaseAuth/ResourceBundle-FirebaseAuth_Privacy-FirebaseAuth-Info.plist -producttype com.apple.product-type.bundle -expandbuildsettings -format binary -platform iphonesimulator -o /Users/depoll/Library/Developer/Xcode/DerivedData/iOS-avedbudfywsssrcrcpqwadfjuouo/Build/Products/Debug-iphonesimulator/FirebaseAuth/FirebaseAuth_Privacy.bundle/Info.plist

ProcessInfoPlistFile /Users/depoll/Library/Developer/Xcode/DerivedData/iOS-avedbudfywsssrcrcpqwadfjuouo/Build/Products/Debug-iphonesimulator/FirebaseFirestore/FirebaseFirestore_Privacy.bundle/Info.plist /Users/depoll/Code/depollsoft/iOS/Pods/Target\ Support\ Files/FirebaseFirestore/ResourceBundle-FirebaseFirestore_Privacy-FirebaseFirestore-Info.plist (in target 'FirebaseFirestore-FirebaseFirestore_Privacy' from project 'Pods')
    cd /Users/depoll/Code/depollsoft/iOS/Pods
    builtin-infoPlistUtility /Users/depoll/Code/depollsoft/iOS/Pods/Target\ Support\ Files/FirebaseFirestore/ResourceBundle-FirebaseFirestore_Privacy-FirebaseFirestore-Info.plist -producttype com.apple.product-type.bundle -expandbuildsettings -format binary -platform iphonesimulator -o /Users/depoll/Library/Developer/Xcode/DerivedData/iOS-avedbudfywsssrcrcpqwadfjuouo/Build/Products/Debug-iphonesimulator/FirebaseFirestore/FirebaseFirestore_Privacy.bundle/Info.plist

ProcessInfoPlistFile /Users/depoll/Library/Developer/Xcode/DerivedData/iOS-avedbudfywsssrcrcpqwadfjuouo/Build/Products/Debug-iphonesimulator/FirebaseFirestore/FirebaseFirestore.framework/Info.plist /Users/depoll/Code/depollsoft/iOS/Pods/Target\ Support\ Files/FirebaseFirestore/FirebaseFirestore-Info.plist (in target 'FirebaseFirestore' from project 'Pods')
    cd /Users/depoll/Code/depollsoft/iOS/Pods
    builtin-infoPlistUtility /Users/depoll/Code/depollsoft/iOS/Pods/Target\ Support\ Files/FirebaseFirestore/FirebaseFirestore-Info.plist -producttype com.apple.product-type.framework -expandbuildsettings -format binary -platform iphonesimulator -o /Users/depoll/Library/Developer/Xcode/DerivedData/iOS-avedbudfywsssrcrcpqwadfjuouo/Build/Products/Debug-iphonesimulator/FirebaseFirestore/FirebaseFirestore.framework/Info.plist

ProcessInfoPlistFile /Users/depoll/Library/Developer/Xcode/DerivedData/iOS-avedbudfywsssrcrcpqwadfjuouo/Build/Products/Debug-iphonesimulator/FirebaseAuth/FirebaseAuth.framework/Info.plist /Users/depoll/Code/depollsoft/iOS/Pods/Target\ Support\ Files/FirebaseAuth/FirebaseAuth-Info.plist (in target 'FirebaseAuth' from project 'Pods')
    cd /Users/depoll/Code/depollsoft/iOS/Pods
    builtin-infoPlistUtility /Users/depoll/Code/depollsoft/iOS/Pods/Target\ Support\ Files/FirebaseAuth/FirebaseAuth-Info.plist -producttype com.apple.product-type.framework -expandbuildsettings -format binary -platform iphonesimulator -o /Users/depoll/Library/Developer/Xcode/DerivedData/iOS-avedbudfywsssrcrcpqwadfjuouo/Build/Products/Debug-iphonesimulator/FirebaseAuth/FirebaseAuth.framework/Info.plist

SwiftDriver\ Compilation\ Requirements FirebaseFunctions normal arm64 com.apple.xcode.tools.swift.compiler (in target 'FirebaseFunctions' from project 'Pods')
    cd /Users/depoll/Code/depollsoft/iOS/Pods
    builtin-Swift-Compilation-Requirements -- /Applications/Xcode.app/Contents/Developer/Toolchains/XcodeDefault.xctoolchain/usr/bin/swiftc -module-name FirebaseFunctions -Onone -enforce-exclusivity\=checked @/Users/depoll/Library/Developer/Xcode/DerivedData/iOS-avedbudfywsssrcrcpqwadfjuouo/Build/Intermediates.noindex/Pods.build/Debug-iphonesimulator/FirebaseFunctions.build/Objects-normal/arm64/FirebaseFunctions.SwiftFileList -DDEBUG -D COCOAPODS -suppress-warnings -enable-bare-slash-regex -enable-experimental-feature DebugDescriptionMacro -sdk /Applications/Xcode.app/Contents/Developer/Platforms/iPhoneSimulator.platform/Developer/SDKs/iPhoneSimulator26.1.sdk -target arm64-apple-ios15.0-simulator -g -module-cache-path /Users/depoll/Library/Developer/Xcode/DerivedData/ModuleCache.noindex -Xfrontend -serialize-debugging-options -profile-coverage-mapping -profile-generate -enable-testing -index-store-path /Users/depoll/Library/Developer/Xcode/DerivedData/iOS-avedbudfywsssrcrcpqwadfjuouo/Index.noindex/DataStore -Xcc -D_LIBCPP_HARDENING_MODE\=_LIBCPP_HARDENING_MODE_DEBUG -swift-version 5 -I /Users/depoll/Library/Developer/Xcode/DerivedData/iOS-avedbudfywsssrcrcpqwadfjuouo/Build/Products/Debug-iphonesimulator/FirebaseFunctions -F /Users/depoll/Library/Developer/Xcode/DerivedData/iOS-avedbudfywsssrcrcpqwadfjuouo/Build/Products/Debug-iphonesimulator/FirebaseFunctions -F /Users/depoll/Library/Developer/Xcode/DerivedData/iOS-avedbudfywsssrcrcpqwadfjuouo/Build/Products/Debug-iphonesimulator/FirebaseAppCheckInterop -F /Users/depoll/Library/Developer/Xcode/DerivedData/iOS-avedbudfywsssrcrcpqwadfjuouo/Build/Products/Debug-iphonesimulator/FirebaseAuthInterop -F /Users/depoll/Library/Developer/Xcode/DerivedData/iOS-avedbudfywsssrcrcpqwadfjuouo/Build/Products/Debug-iphonesimulator/FirebaseCore -F /Users/depoll/Library/Developer/Xcode/DerivedData/iOS-avedbudfywsssrcrcpqwadfjuouo/Build/Products/Debug-iphonesimulator/FirebaseCoreExtension -F /Users/depoll/Library/Developer/Xcode/DerivedData/iOS-avedbudfywsssrcrcpqwadfjuouo/Build/Products/Debug-iphonesimulator/FirebaseCoreInternal -F /Users/depoll/Library/Developer/Xcode/DerivedData/iOS-avedbudfywsssrcrcpqwadfjuouo/Build/Products/Debug-iphonesimulator/FirebaseMessagingInterop -F /Users/depoll/Library/Developer/Xcode/DerivedData/iOS-avedbudfywsssrcrcpqwadfjuouo/Build/Products/Debug-iphonesimulator/FirebaseSharedSwift -F /Users/depoll/Library/Developer/Xcode/DerivedData/iOS-avedbudfywsssrcrcpqwadfjuouo/Build/Products/Debug-iphonesimulator/GTMSessionFetcher -F /Users/depoll/Library/Developer/Xcode/DerivedData/iOS-avedbudfywsssrcrcpqwadfjuouo/Build/Products/Debug-iphonesimulator/GoogleUtilities -c -j10 -enable-batch-mode -incremental -Xcc -ivfsstatcache -Xcc /Users/depoll/Library/Developer/Xcode/DerivedData/SDKStatCaches.noindex/iphonesimulator26.1-23B77-90cf18a4295e390e64c810bc6bd7acbc.sdkstatcache -output-file-map /Users/depoll/Library/Developer/Xcode/DerivedData/iOS-avedbudfywsssrcrcpqwadfjuouo/Build/Intermediates.noindex/Pods.build/Debug-iphonesimulator/FirebaseFunctions.build/Objects-normal/arm64/FirebaseFunctions-OutputFileMap.json -use-frontend-parseable-output -save-temps -no-color-diagnostics -explicit-module-build -module-cache-path /Users/depoll/Library/Developer/Xcode/DerivedData/iOS-avedbudfywsssrcrcpqwadfjuouo/Build/Intermediates.noindex/SwiftExplicitPrecompiledModules -clang-scanner-module-cache-path /Users/depoll/Library/Developer/Xcode/DerivedData/ModuleCache.noindex -sdk-module-cache-path /Users/depoll/Library/Developer/Xcode/DerivedData/ModuleCache.noindex -serialize-diagnostics -emit-dependencies -emit-module -emit-module-path /Users/depoll/Library/Developer/Xcode/DerivedData/iOS-avedbudfywsssrcrcpqwadfjuouo/Build/Intermediates.noindex/Pods.build/Debug-iphonesimulator/FirebaseFunctions.build/Objects-normal/arm64/FirebaseFunctions.swiftmodule -validate-clang-modules-once -clang-build-session-file /Users/depoll/Library/Developer/Xcode/DerivedData/ModuleCache.noindex/Session.modulevalidation -Xcc -I/Users/depoll/Library/Developer/Xcode/DerivedData/iOS-avedbudfywsssrcrcpqwadfjuouo/Build/Intermediates.noindex/Pods.build/Debug-iphonesimulator/FirebaseFunctions.build/swift-overrides.hmap -emit-const-values -Xfrontend -const-gather-protocols-file -Xfrontend /Users/depoll/Library/Developer/Xcode/DerivedData/iOS-avedbudfywsssrcrcpqwadfjuouo/Build/Intermediates.noindex/Pods.build/Debug-iphonesimulator/FirebaseFunctions.build/Objects-normal/arm64/FirebaseFunctions_const_extract_protocols.json -Xcc -iquote -Xcc /Users/depoll/Library/Developer/Xcode/DerivedData/iOS-avedbudfywsssrcrcpqwadfjuouo/Build/Intermediates.noindex/Pods.build/Debug-iphonesimulator/FirebaseFunctions.build/FirebaseFunctions-generated-files.hmap -Xcc -I/Users/depoll/Library/Developer/Xcode/DerivedData/iOS-avedbudfywsssrcrcpqwadfjuouo/Build/Intermediates.noindex/Pods.build/Debug-iphonesimulator/FirebaseFunctions.build/FirebaseFunctions-own-target-headers.hmap -Xcc -I/Users/depoll/Library/Developer/Xcode/DerivedData/iOS-avedbudfywsssrcrcpqwadfjuouo/Build/Intermediates.noindex/Pods.build/Debug-iphonesimulator/FirebaseFunctions.build/FirebaseFunctions-all-non-framework-target-headers.hmap -Xcc -ivfsoverlay -Xcc /Users/depoll/Library/Developer/Xcode/DerivedData/iOS-avedbudfywsssrcrcpqwadfjuouo/Build/Intermediates.noindex/Pods.build/Debug-iphonesimulator/Pods-8699adb1dd336b26511df848a716bd42-VFS-iphonesimulator/all-product-headers.yaml -Xcc -iquote -Xcc /Users/depoll/Library/Developer/Xcode/DerivedData/iOS-avedbudfywsssrcrcpqwadfjuouo/Build/Intermediates.noindex/Pods.build/Debug-iphonesimulator/FirebaseFunctions.build/FirebaseFunctions-project-headers.hmap -Xcc -I/Users/depoll/Library/Developer/Xcode/DerivedData/iOS-avedbudfywsssrcrcpqwadfjuouo/Build/Products/Debug-iphonesimulator/FirebaseFunctions/include -Xcc -I/Users/depoll/Library/Developer/Xcode/DerivedData/iOS-avedbudfywsssrcrcpqwadfjuouo/Build/Intermediates.noindex/Pods.build/Debug-iphonesimulator/FirebaseFunctions.build/DerivedSources-normal/arm64 -Xcc -I/Users/depoll/Library/Developer/Xcode/DerivedData/iOS-avedbudfywsssrcrcpqwadfjuouo/Build/Intermediates.noindex/Pods.build/Debug-iphonesimulator/FirebaseFunctions.build/DerivedSources/arm64 -Xcc -I/Users/depoll/Library/Developer/Xcode/DerivedData/iOS-avedbudfywsssrcrcpqwadfjuouo/Build/Intermediates.noindex/Pods.build/Debug-iphonesimulator/FirebaseFunctions.build/DerivedSources -Xcc -DPOD_CONFIGURATION_DEBUG\=1 -Xcc -DDEBUG\=1 -Xcc -DCOCOAPODS\=1 -emit-objc-header -emit-objc-header-path /Users/depoll/Library/Developer/Xcode/DerivedData/iOS-avedbudfywsssrcrcpqwadfjuouo/Build/Intermediates.noindex/Pods.build/Debug-iphonesimulator/FirebaseFunctions.build/Objects-normal/arm64/FirebaseFunctions-Swift.h -import-underlying-module -Xcc -ivfsoverlay -Xcc /Users/depoll/Library/Developer/Xcode/DerivedData/iOS-avedbudfywsssrcrcpqwadfjuouo/Build/Intermediates.noindex/Pods.build/Debug-iphonesimulator/FirebaseFunctions.build/unextended-module-overlay.yaml -working-directory /Users/depoll/Code/depollsoft/iOS/Pods -experimental-emit-module-separately -disable-cmo

SwiftDriver\ Compilation FirebaseFunctions normal arm64 com.apple.xcode.tools.swift.compiler (in target 'FirebaseFunctions' from project 'Pods')
    cd /Users/depoll/Code/depollsoft/iOS/Pods
    builtin-Swift-Compilation -- /Applications/Xcode.app/Contents/Developer/Toolchains/XcodeDefault.xctoolchain/usr/bin/swiftc -module-name FirebaseFunctions -Onone -enforce-exclusivity\=checked @/Users/depoll/Library/Developer/Xcode/DerivedData/iOS-avedbudfywsssrcrcpqwadfjuouo/Build/Intermediates.noindex/Pods.build/Debug-iphonesimulator/FirebaseFunctions.build/Objects-normal/arm64/FirebaseFunctions.SwiftFileList -DDEBUG -D COCOAPODS -suppress-warnings -enable-bare-slash-regex -enable-experimental-feature DebugDescriptionMacro -sdk /Applications/Xcode.app/Contents/Developer/Platforms/iPhoneSimulator.platform/Developer/SDKs/iPhoneSimulator26.1.sdk -target arm64-apple-ios15.0-simulator -g -module-cache-path /Users/depoll/Library/Developer/Xcode/DerivedData/ModuleCache.noindex -Xfrontend -serialize-debugging-options -profile-coverage-mapping -profile-generate -enable-testing -index-store-path /Users/depoll/Library/Developer/Xcode/DerivedData/iOS-avedbudfywsssrcrcpqwadfjuouo/Index.noindex/DataStore -Xcc -D_LIBCPP_HARDENING_MODE\=_LIBCPP_HARDENING_MODE_DEBUG -swift-version 5 -I /Users/depoll/Library/Developer/Xcode/DerivedData/iOS-avedbudfywsssrcrcpqwadfjuouo/Build/Products/Debug-iphonesimulator/FirebaseFunctions -F /Users/depoll/Library/Developer/Xcode/DerivedData/iOS-avedbudfywsssrcrcpqwadfjuouo/Build/Products/Debug-iphonesimulator/FirebaseFunctions -F /Users/depoll/Library/Developer/Xcode/DerivedData/iOS-avedbudfywsssrcrcpqwadfjuouo/Build/Products/Debug-iphonesimulator/FirebaseAppCheckInterop -F /Users/depoll/Library/Developer/Xcode/DerivedData/iOS-avedbudfywsssrcrcpqwadfjuouo/Build/Products/Debug-iphonesimulator/FirebaseAuthInterop -F /Users/depoll/Library/Developer/Xcode/DerivedData/iOS-avedbudfywsssrcrcpqwadfjuouo/Build/Products/Debug-iphonesimulator/FirebaseCore -F /Users/depoll/Library/Developer/Xcode/DerivedData/iOS-avedbudfywsssrcrcpqwadfjuouo/Build/Products/Debug-iphonesimulator/FirebaseCoreExtension -F /Users/depoll/Library/Developer/Xcode/DerivedData/iOS-avedbudfywsssrcrcpqwadfjuouo/Build/Products/Debug-iphonesimulator/FirebaseCoreInternal -F /Users/depoll/Library/Developer/Xcode/DerivedData/iOS-avedbudfywsssrcrcpqwadfjuouo/Build/Products/Debug-iphonesimulator/FirebaseMessagingInterop -F /Users/depoll/Library/Developer/Xcode/DerivedData/iOS-avedbudfywsssrcrcpqwadfjuouo/Build/Products/Debug-iphonesimulator/FirebaseSharedSwift -F /Users/depoll/Library/Developer/Xcode/DerivedData/iOS-avedbudfywsssrcrcpqwadfjuouo/Build/Products/Debug-iphonesimulator/GTMSessionFetcher -F /Users/depoll/Library/Developer/Xcode/DerivedData/iOS-avedbudfywsssrcrcpqwadfjuouo/Build/Products/Debug-iphonesimulator/GoogleUtilities -c -j10 -enable-batch-mode -incremental -Xcc -ivfsstatcache -Xcc /Users/depoll/Library/Developer/Xcode/DerivedData/SDKStatCaches.noindex/iphonesimulator26.1-23B77-90cf18a4295e390e64c810bc6bd7acbc.sdkstatcache -output-file-map /Users/depoll/Library/Developer/Xcode/DerivedData/iOS-avedbudfywsssrcrcpqwadfjuouo/Build/Intermediates.noindex/Pods.build/Debug-iphonesimulator/FirebaseFunctions.build/Objects-normal/arm64/FirebaseFunctions-OutputFileMap.json -use-frontend-parseable-output -save-temps -no-color-diagnostics -explicit-module-build -module-cache-path /Users/depoll/Library/Developer/Xcode/DerivedData/iOS-avedbudfywsssrcrcpqwadfjuouo/Build/Intermediates.noindex/SwiftExplicitPrecompiledModules -clang-scanner-module-cache-path /Users/depoll/Library/Developer/Xcode/DerivedData/ModuleCache.noindex -sdk-module-cache-path /Users/depoll/Library/Developer/Xcode/DerivedData/ModuleCache.noindex -serialize-diagnostics -emit-dependencies -emit-module -emit-module-path /Users/depoll/Library/Developer/Xcode/DerivedData/iOS-avedbudfywsssrcrcpqwadfjuouo/Build/Intermediates.noindex/Pods.build/Debug-iphonesimulator/FirebaseFunctions.build/Objects-normal/arm64/FirebaseFunctions.swiftmodule -validate-clang-modules-once -clang-build-session-file /Users/depoll/Library/Developer/Xcode/DerivedData/ModuleCache.noindex/Session.modulevalidation -Xcc -I/Users/depoll/Library/Developer/Xcode/DerivedData/iOS-avedbudfywsssrcrcpqwadfjuouo/Build/Intermediates.noindex/Pods.build/Debug-iphonesimulator/FirebaseFunctions.build/swift-overrides.hmap -emit-const-values -Xfrontend -const-gather-protocols-file -Xfrontend /Users/depoll/Library/Developer/Xcode/DerivedData/iOS-avedbudfywsssrcrcpqwadfjuouo/Build/Intermediates.noindex/Pods.build/Debug-iphonesimulator/FirebaseFunctions.build/Objects-normal/arm64/FirebaseFunctions_const_extract_protocols.json -Xcc -iquote -Xcc /Users/depoll/Library/Developer/Xcode/DerivedData/iOS-avedbudfywsssrcrcpqwadfjuouo/Build/Intermediates.noindex/Pods.build/Debug-iphonesimulator/FirebaseFunctions.build/FirebaseFunctions-generated-files.hmap -Xcc -I/Users/depoll/Library/Developer/Xcode/DerivedData/iOS-avedbudfywsssrcrcpqwadfjuouo/Build/Intermediates.noindex/Pods.build/Debug-iphonesimulator/FirebaseFunctions.build/FirebaseFunctions-own-target-headers.hmap -Xcc -I/Users/depoll/Library/Developer/Xcode/DerivedData/iOS-avedbudfywsssrcrcpqwadfjuouo/Build/Intermediates.noindex/Pods.build/Debug-iphonesimulator/FirebaseFunctions.build/FirebaseFunctions-all-non-framework-target-headers.hmap -Xcc -ivfsoverlay -Xcc /Users/depoll/Library/Developer/Xcode/DerivedData/iOS-avedbudfywsssrcrcpqwadfjuouo/Build/Intermediates.noindex/Pods.build/Debug-iphonesimulator/Pods-8699adb1dd336b26511df848a716bd42-VFS-iphonesimulator/all-product-headers.yaml -Xcc -iquote -Xcc /Users/depoll/Library/Developer/Xcode/DerivedData/iOS-avedbudfywsssrcrcpqwadfjuouo/Build/Intermediates.noindex/Pods.build/Debug-iphonesimulator/FirebaseFunctions.build/FirebaseFunctions-project-headers.hmap -Xcc -I/Users/depoll/Library/Developer/Xcode/DerivedData/iOS-avedbudfywsssrcrcpqwadfjuouo/Build/Products/Debug-iphonesimulator/FirebaseFunctions/include -Xcc -I/Users/depoll/Library/Developer/Xcode/DerivedData/iOS-avedbudfywsssrcrcpqwadfjuouo/Build/Intermediates.noindex/Pods.build/Debug-iphonesimulator/FirebaseFunctions.build/DerivedSources-normal/arm64 -Xcc -I/Users/depoll/Library/Developer/Xcode/DerivedData/iOS-avedbudfywsssrcrcpqwadfjuouo/Build/Intermediates.noindex/Pods.build/Debug-iphonesimulator/FirebaseFunctions.build/DerivedSources/arm64 -Xcc -I/Users/depoll/Library/Developer/Xcode/DerivedData/iOS-avedbudfywsssrcrcpqwadfjuouo/Build/Intermediates.noindex/Pods.build/Debug-iphonesimulator/FirebaseFunctions.build/DerivedSources -Xcc -DPOD_CONFIGURATION_DEBUG\=1 -Xcc -DDEBUG\=1 -Xcc -DCOCOAPODS\=1 -emit-objc-header -emit-objc-header-path /Users/depoll/Library/Developer/Xcode/DerivedData/iOS-avedbudfywsssrcrcpqwadfjuouo/Build/Intermediates.noindex/Pods.build/Debug-iphonesimulator/FirebaseFunctions.build/Objects-normal/arm64/FirebaseFunctions-Swift.h -import-underlying-module -Xcc -ivfsoverlay -Xcc /Users/depoll/Library/Developer/Xcode/DerivedData/iOS-avedbudfywsssrcrcpqwadfjuouo/Build/Intermediates.noindex/Pods.build/Debug-iphonesimulator/FirebaseFunctions.build/unextended-module-overlay.yaml -working-directory /Users/depoll/Code/depollsoft/iOS/Pods -experimental-emit-module-separately -disable-cmo

SwiftDriver\ Compilation\ Requirements FirebaseFirestore normal arm64 com.apple.xcode.tools.swift.compiler (in target 'FirebaseFirestore' from project 'Pods')
    cd /Users/depoll/Code/depollsoft/iOS/Pods
    builtin-Swift-Compilation-Requirements -- /Applications/Xcode.app/Contents/Developer/Toolchains/XcodeDefault.xctoolchain/usr/bin/swiftc -module-name FirebaseFirestore -Onone -enforce-exclusivity\=checked @/Users/depoll/Library/Developer/Xcode/DerivedData/iOS-avedbudfywsssrcrcpqwadfjuouo/Build/Intermediates.noindex/Pods.build/Debug-iphonesimulator/FirebaseFirestore.build/Objects-normal/arm64/FirebaseFirestore.SwiftFileList -DDEBUG -D COCOAPODS -suppress-warnings -enable-bare-slash-regex -enable-experimental-feature DebugDescriptionMacro -sdk /Applications/Xcode.app/Contents/Developer/Platforms/iPhoneSimulator.platform/Developer/SDKs/iPhoneSimulator26.1.sdk -target arm64-apple-ios15.0-simulator -g -module-cache-path /Users/depoll/Library/Developer/Xcode/DerivedData/ModuleCache.noindex -Xfrontend -serialize-debugging-options -profile-coverage-mapping -profile-generate -enable-testing -index-store-path /Users/depoll/Library/Developer/Xcode/DerivedData/iOS-avedbudfywsssrcrcpqwadfjuouo/Index.noindex/DataStore -Xcc -D_LIBCPP_HARDENING_MODE\=_LIBCPP_HARDENING_MODE_DEBUG -swift-version 5 -I /Users/depoll/Library/Developer/Xcode/DerivedData/iOS-avedbudfywsssrcrcpqwadfjuouo/Build/Products/Debug-iphonesimulator/FirebaseFirestore -F /Users/depoll/Library/Developer/Xcode/DerivedData/iOS-avedbudfywsssrcrcpqwadfjuouo/Build/Products/Debug-iphonesimulator/FirebaseFirestore -F /Users/depoll/Library/Developer/Xcode/DerivedData/iOS-avedbudfywsssrcrcpqwadfjuouo/Build/Products/Debug-iphonesimulator/BoringSSL-GRPC -F /Users/depoll/Library/Developer/Xcode/DerivedData/iOS-avedbudfywsssrcrcpqwadfjuouo/Build/Products/Debug-iphonesimulator/FirebaseAppCheckInterop -F /Users/depoll/Library/Developer/Xcode/DerivedData/iOS-avedbudfywsssrcrcpqwadfjuouo/Build/Products/Debug-iphonesimulator/FirebaseCore -F /Users/depoll/Library/Developer/Xcode/DerivedData/iOS-avedbudfywsssrcrcpqwadfjuouo/Build/Products/Debug-iphonesimulator/FirebaseCoreExtension -F /Users/depoll/Library/Developer/Xcode/DerivedData/iOS-avedbudfywsssrcrcpqwadfjuouo/Build/Products/Debug-iphonesimulator/FirebaseCoreInternal -F /Users/depoll/Library/Developer/Xcode/DerivedData/iOS-avedbudfywsssrcrcpqwadfjuouo/Build/Products/Debug-iphonesimulator/FirebaseFirestoreInternal -F /Users/depoll/Library/Developer/Xcode/DerivedData/iOS-avedbudfywsssrcrcpqwadfjuouo/Build/Products/Debug-iphonesimulator/FirebaseSharedSwift -F /Users/depoll/Library/Developer/Xcode/DerivedData/iOS-avedbudfywsssrcrcpqwadfjuouo/Build/Products/Debug-iphonesimulator/GoogleUtilities -F /Users/depoll/Library/Developer/Xcode/DerivedData/iOS-avedbudfywsssrcrcpqwadfjuouo/Build/Products/Debug-iphonesimulator/abseil -F /Users/depoll/Library/Developer/Xcode/DerivedData/iOS-avedbudfywsssrcrcpqwadfjuouo/Build/Products/Debug-iphonesimulator/gRPC-C++ -F /Users/depoll/Library/Developer/Xcode/DerivedData/iOS-avedbudfywsssrcrcpqwadfjuouo/Build/Products/Debug-iphonesimulator/gRPC-Core -F /Users/depoll/Library/Developer/Xcode/DerivedData/iOS-avedbudfywsssrcrcpqwadfjuouo/Build/Products/Debug-iphonesimulator/leveldb-library -F /Users/depoll/Library/Developer/Xcode/DerivedData/iOS-avedbudfywsssrcrcpqwadfjuouo/Build/Products/Debug-iphonesimulator/nanopb -c -j10 -enable-batch-mode -incremental -Xcc -ivfsstatcache -Xcc /Users/depoll/Library/Developer/Xcode/DerivedData/SDKStatCaches.noindex/iphonesimulator26.1-23B77-90cf18a4295e390e64c810bc6bd7acbc.sdkstatcache -output-file-map /Users/depoll/Library/Developer/Xcode/DerivedData/iOS-avedbudfywsssrcrcpqwadfjuouo/Build/Intermediates.noindex/Pods.build/Debug-iphonesimulator/FirebaseFirestore.build/Objects-normal/arm64/FirebaseFirestore-OutputFileMap.json -use-frontend-parseable-output -save-temps -no-color-diagnostics -explicit-module-build -module-cache-path /Users/depoll/Library/Developer/Xcode/DerivedData/iOS-avedbudfywsssrcrcpqwadfjuouo/Build/Intermediates.noindex/SwiftExplicitPrecompiledModules -clang-scanner-module-cache-path /Users/depoll/Library/Developer/Xcode/DerivedData/ModuleCache.noindex -sdk-module-cache-path /Users/depoll/Library/Developer/Xcode/DerivedData/ModuleCache.noindex -serialize-diagnostics -emit-dependencies -emit-module -emit-module-path /Users/depoll/Library/Developer/Xcode/DerivedData/iOS-avedbudfywsssrcrcpqwadfjuouo/Build/Intermediates.noindex/Pods.build/Debug-iphonesimulator/FirebaseFirestore.build/Objects-normal/arm64/FirebaseFirestore.swiftmodule -validate-clang-modules-once -clang-build-session-file /Users/depoll/Library/Developer/Xcode/DerivedData/ModuleCache.noindex/Session.modulevalidation -Xcc -I/Users/depoll/Library/Developer/Xcode/DerivedData/iOS-avedbudfywsssrcrcpqwadfjuouo/Build/Intermediates.noindex/Pods.build/Debug-iphonesimulator/FirebaseFirestore.build/swift-overrides.hmap -emit-const-values -Xfrontend -const-gather-protocols-file -Xfrontend /Users/depoll/Library/Developer/Xcode/DerivedData/iOS-avedbudfywsssrcrcpqwadfjuouo/Build/Intermediates.noindex/Pods.build/Debug-iphonesimulator/FirebaseFirestore.build/Objects-normal/arm64/FirebaseFirestore_const_extract_protocols.json -Xcc -iquote -Xcc /Users/depoll/Library/Developer/Xcode/DerivedData/iOS-avedbudfywsssrcrcpqwadfjuouo/Build/Intermediates.noindex/Pods.build/Debug-iphonesimulator/FirebaseFirestore.build/FirebaseFirestore-generated-files.hmap -Xcc -I/Users/depoll/Library/Developer/Xcode/DerivedData/iOS-avedbudfywsssrcrcpqwadfjuouo/Build/Intermediates.noindex/Pods.build/Debug-iphonesimulator/FirebaseFirestore.build/FirebaseFirestore-own-target-headers.hmap -Xcc -I/Users/depoll/Library/Developer/Xcode/DerivedData/iOS-avedbudfywsssrcrcpqwadfjuouo/Build/Intermediates.noindex/Pods.build/Debug-iphonesimulator/FirebaseFirestore.build/FirebaseFirestore-all-non-framework-target-headers.hmap -Xcc -ivfsoverlay -Xcc /Users/depoll/Library/Developer/Xcode/DerivedData/iOS-avedbudfywsssrcrcpqwadfjuouo/Build/Intermediates.noindex/Pods.build/Debug-iphonesimulator/Pods-8699adb1dd336b26511df848a716bd42-VFS-iphonesimulator/all-product-headers.yaml -Xcc -iquote -Xcc /Users/depoll/Library/Developer/Xcode/DerivedData/iOS-avedbudfywsssrcrcpqwadfjuouo/Build/Intermediates.noindex/Pods.build/Debug-iphonesimulator/FirebaseFirestore.build/FirebaseFirestore-project-headers.hmap -Xcc -I/Users/depoll/Library/Developer/Xcode/DerivedData/iOS-avedbudfywsssrcrcpqwadfjuouo/Build/Products/Debug-iphonesimulator/FirebaseFirestore/include -Xcc -I/Users/depoll/Library/Developer/Xcode/DerivedData/iOS-avedbudfywsssrcrcpqwadfjuouo/Build/Intermediates.noindex/Pods.build/Debug-iphonesimulator/FirebaseFirestore.build/DerivedSources-normal/arm64 -Xcc -I/Users/depoll/Library/Developer/Xcode/DerivedData/iOS-avedbudfywsssrcrcpqwadfjuouo/Build/Intermediates.noindex/Pods.build/Debug-iphonesimulator/FirebaseFirestore.build/DerivedSources/arm64 -Xcc -I/Users/depoll/Library/Developer/Xcode/DerivedData/iOS-avedbudfywsssrcrcpqwadfjuouo/Build/Intermediates.noindex/Pods.build/Debug-iphonesimulator/FirebaseFirestore.build/DerivedSources -Xcc -DPOD_CONFIGURATION_DEBUG\=1 -Xcc -DDEBUG\=1 -Xcc -DCOCOAPODS\=1 -emit-objc-header -emit-objc-header-path /Users/depoll/Library/Developer/Xcode/DerivedData/iOS-avedbudfywsssrcrcpqwadfjuouo/Build/Intermediates.noindex/Pods.build/Debug-iphonesimulator/FirebaseFirestore.build/Objects-normal/arm64/FirebaseFirestore-Swift.h -import-underlying-module -Xcc -ivfsoverlay -Xcc /Users/depoll/Library/Developer/Xcode/DerivedData/iOS-avedbudfywsssrcrcpqwadfjuouo/Build/Intermediates.noindex/Pods.build/Debug-iphonesimulator/FirebaseFirestore.build/unextended-module-overlay.yaml -working-directory /Users/depoll/Code/depollsoft/iOS/Pods -experimental-emit-module-separately -disable-cmo

SwiftDriver\ Compilation FirebaseFirestore normal arm64 com.apple.xcode.tools.swift.compiler (in target 'FirebaseFirestore' from project 'Pods')
    cd /Users/depoll/Code/depollsoft/iOS/Pods
    builtin-Swift-Compilation -- /Applications/Xcode.app/Contents/Developer/Toolchains/XcodeDefault.xctoolchain/usr/bin/swiftc -module-name FirebaseFirestore -Onone -enforce-exclusivity\=checked @/Users/depoll/Library/Developer/Xcode/DerivedData/iOS-avedbudfywsssrcrcpqwadfjuouo/Build/Intermediates.noindex/Pods.build/Debug-iphonesimulator/FirebaseFirestore.build/Objects-normal/arm64/FirebaseFirestore.SwiftFileList -DDEBUG -D COCOAPODS -suppress-warnings -enable-bare-slash-regex -enable-experimental-feature DebugDescriptionMacro -sdk /Applications/Xcode.app/Contents/Developer/Platforms/iPhoneSimulator.platform/Developer/SDKs/iPhoneSimulator26.1.sdk -target arm64-apple-ios15.0-simulator -g -module-cache-path /Users/depoll/Library/Developer/Xcode/DerivedData/ModuleCache.noindex -Xfrontend -serialize-debugging-options -profile-coverage-mapping -profile-generate -enable-testing -index-store-path /Users/depoll/Library/Developer/Xcode/DerivedData/iOS-avedbudfywsssrcrcpqwadfjuouo/Index.noindex/DataStore -Xcc -D_LIBCPP_HARDENING_MODE\=_LIBCPP_HARDENING_MODE_DEBUG -swift-version 5 -I /Users/depoll/Library/Developer/Xcode/DerivedData/iOS-avedbudfywsssrcrcpqwadfjuouo/Build/Products/Debug-iphonesimulator/FirebaseFirestore -F /Users/depoll/Library/Developer/Xcode/DerivedData/iOS-avedbudfywsssrcrcpqwadfjuouo/Build/Products/Debug-iphonesimulator/FirebaseFirestore -F /Users/depoll/Library/Developer/Xcode/DerivedData/iOS-avedbudfywsssrcrcpqwadfjuouo/Build/Products/Debug-iphonesimulator/BoringSSL-GRPC -F /Users/depoll/Library/Developer/Xcode/DerivedData/iOS-avedbudfywsssrcrcpqwadfjuouo/Build/Products/Debug-iphonesimulator/FirebaseAppCheckInterop -F /Users/depoll/Library/Developer/Xcode/DerivedData/iOS-avedbudfywsssrcrcpqwadfjuouo/Build/Products/Debug-iphonesimulator/FirebaseCore -F /Users/depoll/Library/Developer/Xcode/DerivedData/iOS-avedbudfywsssrcrcpqwadfjuouo/Build/Products/Debug-iphonesimulator/FirebaseCoreExtension -F /Users/depoll/Library/Developer/Xcode/DerivedData/iOS-avedbudfywsssrcrcpqwadfjuouo/Build/Products/Debug-iphonesimulator/FirebaseCoreInternal -F /Users/depoll/Library/Developer/Xcode/DerivedData/iOS-avedbudfywsssrcrcpqwadfjuouo/Build/Products/Debug-iphonesimulator/FirebaseFirestoreInternal -F /Users/depoll/Library/Developer/Xcode/DerivedData/iOS-avedbudfywsssrcrcpqwadfjuouo/Build/Products/Debug-iphonesimulator/FirebaseSharedSwift -F /Users/depoll/Library/Developer/Xcode/DerivedData/iOS-avedbudfywsssrcrcpqwadfjuouo/Build/Products/Debug-iphonesimulator/GoogleUtilities -F /Users/depoll/Library/Developer/Xcode/DerivedData/iOS-avedbudfywsssrcrcpqwadfjuouo/Build/Products/Debug-iphonesimulator/abseil -F /Users/depoll/Library/Developer/Xcode/DerivedData/iOS-avedbudfywsssrcrcpqwadfjuouo/Build/Products/Debug-iphonesimulator/gRPC-C++ -F /Users/depoll/Library/Developer/Xcode/DerivedData/iOS-avedbudfywsssrcrcpqwadfjuouo/Build/Products/Debug-iphonesimulator/gRPC-Core -F /Users/depoll/Library/Developer/Xcode/DerivedData/iOS-avedbudfywsssrcrcpqwadfjuouo/Build/Products/Debug-iphonesimulator/leveldb-library -F /Users/depoll/Library/Developer/Xcode/DerivedData/iOS-avedbudfywsssrcrcpqwadfjuouo/Build/Products/Debug-iphonesimulator/nanopb -c -j10 -enable-batch-mode -incremental -Xcc -ivfsstatcache -Xcc /Users/depoll/Library/Developer/Xcode/DerivedData/SDKStatCaches.noindex/iphonesimulator26.1-23B77-90cf18a4295e390e64c810bc6bd7acbc.sdkstatcache -output-file-map /Users/depoll/Library/Developer/Xcode/DerivedData/iOS-avedbudfywsssrcrcpqwadfjuouo/Build/Intermediates.noindex/Pods.build/Debug-iphonesimulator/FirebaseFirestore.build/Objects-normal/arm64/FirebaseFirestore-OutputFileMap.json -use-frontend-parseable-output -save-temps -no-color-diagnostics -explicit-module-build -module-cache-path /Users/depoll/Library/Developer/Xcode/DerivedData/iOS-avedbudfywsssrcrcpqwadfjuouo/Build/Intermediates.noindex/SwiftExplicitPrecompiledModules -clang-scanner-module-cache-path /Users/depoll/Library/Developer/Xcode/DerivedData/ModuleCache.noindex -sdk-module-cache-path /Users/depoll/Library/Developer/Xcode/DerivedData/ModuleCache.noindex -serialize-diagnostics -emit-dependencies -emit-module -emit-module-path /Users/depoll/Library/Developer/Xcode/DerivedData/iOS-avedbudfywsssrcrcpqwadfjuouo/Build/Intermediates.noindex/Pods.build/Debug-iphonesimulator/FirebaseFirestore.build/Objects-normal/arm64/FirebaseFirestore.swiftmodule -validate-clang-modules-once -clang-build-session-file /Users/depoll/Library/Developer/Xcode/DerivedData/ModuleCache.noindex/Session.modulevalidation -Xcc -I/Users/depoll/Library/Developer/Xcode/DerivedData/iOS-avedbudfywsssrcrcpqwadfjuouo/Build/Intermediates.noindex/Pods.build/Debug-iphonesimulator/FirebaseFirestore.build/swift-overrides.hmap -emit-const-values -Xfrontend -const-gather-protocols-file -Xfrontend /Users/depoll/Library/Developer/Xcode/DerivedData/iOS-avedbudfywsssrcrcpqwadfjuouo/Build/Intermediates.noindex/Pods.build/Debug-iphonesimulator/FirebaseFirestore.build/Objects-normal/arm64/FirebaseFirestore_const_extract_protocols.json -Xcc -iquote -Xcc /Users/depoll/Library/Developer/Xcode/DerivedData/iOS-avedbudfywsssrcrcpqwadfjuouo/Build/Intermediates.noindex/Pods.build/Debug-iphonesimulator/FirebaseFirestore.build/FirebaseFirestore-generated-files.hmap -Xcc -I/Users/depoll/Library/Developer/Xcode/DerivedData/iOS-avedbudfywsssrcrcpqwadfjuouo/Build/Intermediates.noindex/Pods.build/Debug-iphonesimulator/FirebaseFirestore.build/FirebaseFirestore-own-target-headers.hmap -Xcc -I/Users/depoll/Library/Developer/Xcode/DerivedData/iOS-avedbudfywsssrcrcpqwadfjuouo/Build/Intermediates.noindex/Pods.build/Debug-iphonesimulator/FirebaseFirestore.build/FirebaseFirestore-all-non-framework-target-headers.hmap -Xcc -ivfsoverlay -Xcc /Users/depoll/Library/Developer/Xcode/DerivedData/iOS-avedbudfywsssrcrcpqwadfjuouo/Build/Intermediates.noindex/Pods.build/Debug-iphonesimulator/Pods-8699adb1dd336b26511df848a716bd42-VFS-iphonesimulator/all-product-headers.yaml -Xcc -iquote -Xcc /Users/depoll/Library/Developer/Xcode/DerivedData/iOS-avedbudfywsssrcrcpqwadfjuouo/Build/Intermediates.noindex/Pods.build/Debug-iphonesimulator/FirebaseFirestore.build/FirebaseFirestore-project-headers.hmap -Xcc -I/Users/depoll/Library/Developer/Xcode/DerivedData/iOS-avedbudfywsssrcrcpqwadfjuouo/Build/Products/Debug-iphonesimulator/FirebaseFirestore/include -Xcc -I/Users/depoll/Library/Developer/Xcode/DerivedData/iOS-avedbudfywsssrcrcpqwadfjuouo/Build/Intermediates.noindex/Pods.build/Debug-iphonesimulator/FirebaseFirestore.build/DerivedSources-normal/arm64 -Xcc -I/Users/depoll/Library/Developer/Xcode/DerivedData/iOS-avedbudfywsssrcrcpqwadfjuouo/Build/Intermediates.noindex/Pods.build/Debug-iphonesimulator/FirebaseFirestore.build/DerivedSources/arm64 -Xcc -I/Users/depoll/Library/Developer/Xcode/DerivedData/iOS-avedbudfywsssrcrcpqwadfjuouo/Build/Intermediates.noindex/Pods.build/Debug-iphonesimulator/FirebaseFirestore.build/DerivedSources -Xcc -DPOD_CONFIGURATION_DEBUG\=1 -Xcc -DDEBUG\=1 -Xcc -DCOCOAPODS\=1 -emit-objc-header -emit-objc-header-path /Users/depoll/Library/Developer/Xcode/DerivedData/iOS-avedbudfywsssrcrcpqwadfjuouo/Build/Intermediates.noindex/Pods.build/Debug-iphonesimulator/FirebaseFirestore.build/Objects-normal/arm64/FirebaseFirestore-Swift.h -import-underlying-module -Xcc -ivfsoverlay -Xcc /Users/depoll/Library/Developer/Xcode/DerivedData/iOS-avedbudfywsssrcrcpqwadfjuouo/Build/Intermediates.noindex/Pods.build/Debug-iphonesimulator/FirebaseFirestore.build/unextended-module-overlay.yaml -working-directory /Users/depoll/Code/depollsoft/iOS/Pods -experimental-emit-module-separately -disable-cmo

SwiftDriver\ Compilation\ Requirements FirebaseAuth normal arm64 com.apple.xcode.tools.swift.compiler (in target 'FirebaseAuth' from project 'Pods')
    cd /Users/depoll/Code/depollsoft/iOS/Pods
    builtin-Swift-Compilation-Requirements -- /Applications/Xcode.app/Contents/Developer/Toolchains/XcodeDefault.xctoolchain/usr/bin/swiftc -module-name FirebaseAuth -Onone -enforce-exclusivity\=checked @/Users/depoll/Library/Developer/Xcode/DerivedData/iOS-avedbudfywsssrcrcpqwadfjuouo/Build/Intermediates.noindex/Pods.build/Debug-iphonesimulator/FirebaseAuth.build/Objects-normal/arm64/FirebaseAuth.SwiftFileList -DDEBUG -D COCOAPODS -suppress-warnings -enable-bare-slash-regex -enable-experimental-feature DebugDescriptionMacro -sdk /Applications/Xcode.app/Contents/Developer/Platforms/iPhoneSimulator.platform/Developer/SDKs/iPhoneSimulator26.1.sdk -target arm64-apple-ios15.0-simulator -g -module-cache-path /Users/depoll/Library/Developer/Xcode/DerivedData/ModuleCache.noindex -Xfrontend -serialize-debugging-options -profile-coverage-mapping -profile-generate -enable-testing -index-store-path /Users/depoll/Library/Developer/Xcode/DerivedData/iOS-avedbudfywsssrcrcpqwadfjuouo/Index.noindex/DataStore -Xcc -D_LIBCPP_HARDENING_MODE\=_LIBCPP_HARDENING_MODE_DEBUG -swift-version 5 -I /Users/depoll/Library/Developer/Xcode/DerivedData/iOS-avedbudfywsssrcrcpqwadfjuouo/Build/Products/Debug-iphonesimulator/FirebaseAuth -F /Users/depoll/Library/Developer/Xcode/DerivedData/iOS-avedbudfywsssrcrcpqwadfjuouo/Build/Products/Debug-iphonesimulator/FirebaseAuth -F /Users/depoll/Library/Developer/Xcode/DerivedData/iOS-avedbudfywsssrcrcpqwadfjuouo/Build/Products/Debug-iphonesimulator/FirebaseAppCheckInterop -F /Users/depoll/Library/Developer/Xcode/DerivedData/iOS-avedbudfywsssrcrcpqwadfjuouo/Build/Products/Debug-iphonesimulator/FirebaseAuthInterop -F /Users/depoll/Library/Developer/Xcode/DerivedData/iOS-avedbudfywsssrcrcpqwadfjuouo/Build/Products/Debug-iphonesimulator/FirebaseCore -F /Users/depoll/Library/Developer/Xcode/DerivedData/iOS-avedbudfywsssrcrcpqwadfjuouo/Build/Products/Debug-iphonesimulator/FirebaseCoreExtension -F /Users/depoll/Library/Developer/Xcode/DerivedData/iOS-avedbudfywsssrcrcpqwadfjuouo/Build/Products/Debug-iphonesimulator/FirebaseCoreInternal -F /Users/depoll/Library/Developer/Xcode/DerivedData/iOS-avedbudfywsssrcrcpqwadfjuouo/Build/Products/Debug-iphonesimulator/GTMSessionFetcher -F /Users/depoll/Library/Developer/Xcode/DerivedData/iOS-avedbudfywsssrcrcpqwadfjuouo/Build/Products/Debug-iphonesimulator/GoogleUtilities -F /Users/depoll/Library/Developer/Xcode/DerivedData/iOS-avedbudfywsssrcrcpqwadfjuouo/Build/Products/Debug-iphonesimulator/RecaptchaInterop -c -j10 -enable-batch-mode -incremental -Xcc -ivfsstatcache -Xcc /Users/depoll/Library/Developer/Xcode/DerivedData/SDKStatCaches.noindex/iphonesimulator26.1-23B77-90cf18a4295e390e64c810bc6bd7acbc.sdkstatcache -output-file-map /Users/depoll/Library/Developer/Xcode/DerivedData/iOS-avedbudfywsssrcrcpqwadfjuouo/Build/Intermediates.noindex/Pods.build/Debug-iphonesimulator/FirebaseAuth.build/Objects-normal/arm64/FirebaseAuth-OutputFileMap.json -use-frontend-parseable-output -save-temps -no-color-diagnostics -explicit-module-build -module-cache-path /Users/depoll/Library/Developer/Xcode/DerivedData/iOS-avedbudfywsssrcrcpqwadfjuouo/Build/Intermediates.noindex/SwiftExplicitPrecompiledModules -clang-scanner-module-cache-path /Users/depoll/Library/Developer/Xcode/DerivedData/ModuleCache.noindex -sdk-module-cache-path /Users/depoll/Library/Developer/Xcode/DerivedData/ModuleCache.noindex -serialize-diagnostics -emit-dependencies -emit-module -emit-module-path /Users/depoll/Library/Developer/Xcode/DerivedData/iOS-avedbudfywsssrcrcpqwadfjuouo/Build/Intermediates.noindex/Pods.build/Debug-iphonesimulator/FirebaseAuth.build/Objects-normal/arm64/FirebaseAuth.swiftmodule -validate-clang-modules-once -clang-build-session-file /Users/depoll/Library/Developer/Xcode/DerivedData/ModuleCache.noindex/Session.modulevalidation -Xcc -I/Users/depoll/Library/Developer/Xcode/DerivedData/iOS-avedbudfywsssrcrcpqwadfjuouo/Build/Intermediates.noindex/Pods.build/Debug-iphonesimulator/FirebaseAuth.build/swift-overrides.hmap -emit-const-values -Xfrontend -const-gather-protocols-file -Xfrontend /Users/depoll/Library/Developer/Xcode/DerivedData/iOS-avedbudfywsssrcrcpqwadfjuouo/Build/Intermediates.noindex/Pods.build/Debug-iphonesimulator/FirebaseAuth.build/Objects-normal/arm64/FirebaseAuth_const_extract_protocols.json -Xcc -iquote -Xcc /Users/depoll/Library/Developer/Xcode/DerivedData/iOS-avedbudfywsssrcrcpqwadfjuouo/Build/Intermediates.noindex/Pods.build/Debug-iphonesimulator/FirebaseAuth.build/FirebaseAuth-generated-files.hmap -Xcc -I/Users/depoll/Library/Developer/Xcode/DerivedData/iOS-avedbudfywsssrcrcpqwadfjuouo/Build/Intermediates.noindex/Pods.build/Debug-iphonesimulator/FirebaseAuth.build/FirebaseAuth-own-target-headers.hmap -Xcc -I/Users/depoll/Library/Developer/Xcode/DerivedData/iOS-avedbudfywsssrcrcpqwadfjuouo/Build/Intermediates.noindex/Pods.build/Debug-iphonesimulator/FirebaseAuth.build/FirebaseAuth-all-non-framework-target-headers.hmap -Xcc -ivfsoverlay -Xcc /Users/depoll/Library/Developer/Xcode/DerivedData/iOS-avedbudfywsssrcrcpqwadfjuouo/Build/Intermediates.noindex/Pods.build/Debug-iphonesimulator/Pods-8699adb1dd336b26511df848a716bd42-VFS-iphonesimulator/all-product-headers.yaml -Xcc -iquote -Xcc /Users/depoll/Library/Developer/Xcode/DerivedData/iOS-avedbudfywsssrcrcpqwadfjuouo/Build/Intermediates.noindex/Pods.build/Debug-iphonesimulator/FirebaseAuth.build/FirebaseAuth-project-headers.hmap -Xcc -I/Users/depoll/Library/Developer/Xcode/DerivedData/iOS-avedbudfywsssrcrcpqwadfjuouo/Build/Products/Debug-iphonesimulator/FirebaseAuth/include -Xcc -I/Users/depoll/Code/depollsoft/iOS/Pods/FirebaseAuth -Xcc -I/Users/depoll/Library/Developer/Xcode/DerivedData/iOS-avedbudfywsssrcrcpqwadfjuouo/Build/Intermediates.noindex/Pods.build/Debug-iphonesimulator/FirebaseAuth.build/Objects-normal/arm64 -Xcc -I/Users/depoll/Library/Developer/Xcode/DerivedData/iOS-avedbudfywsssrcrcpqwadfjuouo/Build/Intermediates.noindex/Pods.build/Debug-iphonesimulator/FirebaseAuth.build/DerivedSources-normal/arm64 -Xcc -I/Users/depoll/Library/Developer/Xcode/DerivedData/iOS-avedbudfywsssrcrcpqwadfjuouo/Build/Intermediates.noindex/Pods.build/Debug-iphonesimulator/FirebaseAuth.build/DerivedSources/arm64 -Xcc -I/Users/depoll/Library/Developer/Xcode/DerivedData/iOS-avedbudfywsssrcrcpqwadfjuouo/Build/Intermediates.noindex/Pods.build/Debug-iphonesimulator/FirebaseAuth.build/DerivedSources -Xcc -DPOD_CONFIGURATION_DEBUG\=1 -Xcc -DDEBUG\=1 -Xcc -DCOCOAPODS\=1 -emit-objc-header -emit-objc-header-path /Users/depoll/Library/Developer/Xcode/DerivedData/iOS-avedbudfywsssrcrcpqwadfjuouo/Build/Intermediates.noindex/Pods.build/Debug-iphonesimulator/FirebaseAuth.build/Objects-normal/arm64/FirebaseAuth-Swift.h -import-underlying-module -Xcc -ivfsoverlay -Xcc /Users/depoll/Library/Developer/Xcode/DerivedData/iOS-avedbudfywsssrcrcpqwadfjuouo/Build/Intermediates.noindex/Pods.build/Debug-iphonesimulator/FirebaseAuth.build/unextended-module-overlay.yaml -working-directory /Users/depoll/Code/depollsoft/iOS/Pods -experimental-emit-module-separately -disable-cmo

SwiftDriver\ Compilation FirebaseAuth normal arm64 com.apple.xcode.tools.swift.compiler (in target 'FirebaseAuth' from project 'Pods')
    cd /Users/depoll/Code/depollsoft/iOS/Pods
    builtin-Swift-Compilation -- /Applications/Xcode.app/Contents/Developer/Toolchains/XcodeDefault.xctoolchain/usr/bin/swiftc -module-name FirebaseAuth -Onone -enforce-exclusivity\=checked @/Users/depoll/Library/Developer/Xcode/DerivedData/iOS-avedbudfywsssrcrcpqwadfjuouo/Build/Intermediates.noindex/Pods.build/Debug-iphonesimulator/FirebaseAuth.build/Objects-normal/arm64/FirebaseAuth.SwiftFileList -DDEBUG -D COCOAPODS -suppress-warnings -enable-bare-slash-regex -enable-experimental-feature DebugDescriptionMacro -sdk /Applications/Xcode.app/Contents/Developer/Platforms/iPhoneSimulator.platform/Developer/SDKs/iPhoneSimulator26.1.sdk -target arm64-apple-ios15.0-simulator -g -module-cache-path /Users/depoll/Library/Developer/Xcode/DerivedData/ModuleCache.noindex -Xfrontend -serialize-debugging-options -profile-coverage-mapping -profile-generate -enable-testing -index-store-path /Users/depoll/Library/Developer/Xcode/DerivedData/iOS-avedbudfywsssrcrcpqwadfjuouo/Index.noindex/DataStore -Xcc -D_LIBCPP_HARDENING_MODE\=_LIBCPP_HARDENING_MODE_DEBUG -swift-version 5 -I /Users/depoll/Library/Developer/Xcode/DerivedData/iOS-avedbudfywsssrcrcpqwadfjuouo/Build/Products/Debug-iphonesimulator/FirebaseAuth -F /Users/depoll/Library/Developer/Xcode/DerivedData/iOS-avedbudfywsssrcrcpqwadfjuouo/Build/Products/Debug-iphonesimulator/FirebaseAuth -F /Users/depoll/Library/Developer/Xcode/DerivedData/iOS-avedbudfywsssrcrcpqwadfjuouo/Build/Products/Debug-iphonesimulator/FirebaseAppCheckInterop -F /Users/depoll/Library/Developer/Xcode/DerivedData/iOS-avedbudfywsssrcrcpqwadfjuouo/Build/Products/Debug-iphonesimulator/FirebaseAuthInterop -F /Users/depoll/Library/Developer/Xcode/DerivedData/iOS-avedbudfywsssrcrcpqwadfjuouo/Build/Products/Debug-iphonesimulator/FirebaseCore -F /Users/depoll/Library/Developer/Xcode/DerivedData/iOS-avedbudfywsssrcrcpqwadfjuouo/Build/Products/Debug-iphonesimulator/FirebaseCoreExtension -F /Users/depoll/Library/Developer/Xcode/DerivedData/iOS-avedbudfywsssrcrcpqwadfjuouo/Build/Products/Debug-iphonesimulator/FirebaseCoreInternal -F /Users/depoll/Library/Developer/Xcode/DerivedData/iOS-avedbudfywsssrcrcpqwadfjuouo/Build/Products/Debug-iphonesimulator/GTMSessionFetcher -F /Users/depoll/Library/Developer/Xcode/DerivedData/iOS-avedbudfywsssrcrcpqwadfjuouo/Build/Products/Debug-iphonesimulator/GoogleUtilities -F /Users/depoll/Library/Developer/Xcode/DerivedData/iOS-avedbudfywsssrcrcpqwadfjuouo/Build/Products/Debug-iphonesimulator/RecaptchaInterop -c -j10 -enable-batch-mode -incremental -Xcc -ivfsstatcache -Xcc /Users/depoll/Library/Developer/Xcode/DerivedData/SDKStatCaches.noindex/iphonesimulator26.1-23B77-90cf18a4295e390e64c810bc6bd7acbc.sdkstatcache -output-file-map /Users/depoll/Library/Developer/Xcode/DerivedData/iOS-avedbudfywsssrcrcpqwadfjuouo/Build/Intermediates.noindex/Pods.build/Debug-iphonesimulator/FirebaseAuth.build/Objects-normal/arm64/FirebaseAuth-OutputFileMap.json -use-frontend-parseable-output -save-temps -no-color-diagnostics -explicit-module-build -module-cache-path /Users/depoll/Library/Developer/Xcode/DerivedData/iOS-avedbudfywsssrcrcpqwadfjuouo/Build/Intermediates.noindex/SwiftExplicitPrecompiledModules -clang-scanner-module-cache-path /Users/depoll/Library/Developer/Xcode/DerivedData/ModuleCache.noindex -sdk-module-cache-path /Users/depoll/Library/Developer/Xcode/DerivedData/ModuleCache.noindex -serialize-diagnostics -emit-dependencies -emit-module -emit-module-path /Users/depoll/Library/Developer/Xcode/DerivedData/iOS-avedbudfywsssrcrcpqwadfjuouo/Build/Intermediates.noindex/Pods.build/Debug-iphonesimulator/FirebaseAuth.build/Objects-normal/arm64/FirebaseAuth.swiftmodule -validate-clang-modules-once -clang-build-session-file /Users/depoll/Library/Developer/Xcode/DerivedData/ModuleCache.noindex/Session.modulevalidation -Xcc -I/Users/depoll/Library/Developer/Xcode/DerivedData/iOS-avedbudfywsssrcrcpqwadfjuouo/Build/Intermediates.noindex/Pods.build/Debug-iphonesimulator/FirebaseAuth.build/swift-overrides.hmap -emit-const-values -Xfrontend -const-gather-protocols-file -Xfrontend /Users/depoll/Library/Developer/Xcode/DerivedData/iOS-avedbudfywsssrcrcpqwadfjuouo/Build/Intermediates.noindex/Pods.build/Debug-iphonesimulator/FirebaseAuth.build/Objects-normal/arm64/FirebaseAuth_const_extract_protocols.json -Xcc -iquote -Xcc /Users/depoll/Library/Developer/Xcode/DerivedData/iOS-avedbudfywsssrcrcpqwadfjuouo/Build/Intermediates.noindex/Pods.build/Debug-iphonesimulator/FirebaseAuth.build/FirebaseAuth-generated-files.hmap -Xcc -I/Users/depoll/Library/Developer/Xcode/DerivedData/iOS-avedbudfywsssrcrcpqwadfjuouo/Build/Intermediates.noindex/Pods.build/Debug-iphonesimulator/FirebaseAuth.build/FirebaseAuth-own-target-headers.hmap -Xcc -I/Users/depoll/Library/Developer/Xcode/DerivedData/iOS-avedbudfywsssrcrcpqwadfjuouo/Build/Intermediates.noindex/Pods.build/Debug-iphonesimulator/FirebaseAuth.build/FirebaseAuth-all-non-framework-target-headers.hmap -Xcc -ivfsoverlay -Xcc /Users/depoll/Library/Developer/Xcode/DerivedData/iOS-avedbudfywsssrcrcpqwadfjuouo/Build/Intermediates.noindex/Pods.build/Debug-iphonesimulator/Pods-8699adb1dd336b26511df848a716bd42-VFS-iphonesimulator/all-product-headers.yaml -Xcc -iquote -Xcc /Users/depoll/Library/Developer/Xcode/DerivedData/iOS-avedbudfywsssrcrcpqwadfjuouo/Build/Intermediates.noindex/Pods.build/Debug-iphonesimulator/FirebaseAuth.build/FirebaseAuth-project-headers.hmap -Xcc -I/Users/depoll/Library/Developer/Xcode/DerivedData/iOS-avedbudfywsssrcrcpqwadfjuouo/Build/Products/Debug-iphonesimulator/FirebaseAuth/include -Xcc -I/Users/depoll/Code/depollsoft/iOS/Pods/FirebaseAuth -Xcc -I/Users/depoll/Library/Developer/Xcode/DerivedData/iOS-avedbudfywsssrcrcpqwadfjuouo/Build/Intermediates.noindex/Pods.build/Debug-iphonesimulator/FirebaseAuth.build/Objects-normal/arm64 -Xcc -I/Users/depoll/Library/Developer/Xcode/DerivedData/iOS-avedbudfywsssrcrcpqwadfjuouo/Build/Intermediates.noindex/Pods.build/Debug-iphonesimulator/FirebaseAuth.build/DerivedSources-normal/arm64 -Xcc -I/Users/depoll/Library/Developer/Xcode/DerivedData/iOS-avedbudfywsssrcrcpqwadfjuouo/Build/Intermediates.noindex/Pods.build/Debug-iphonesimulator/FirebaseAuth.build/DerivedSources/arm64 -Xcc -I/Users/depoll/Library/Developer/Xcode/DerivedData/iOS-avedbudfywsssrcrcpqwadfjuouo/Build/Intermediates.noindex/Pods.build/Debug-iphonesimulator/FirebaseAuth.build/DerivedSources -Xcc -DPOD_CONFIGURATION_DEBUG\=1 -Xcc -DDEBUG\=1 -Xcc -DCOCOAPODS\=1 -emit-objc-header -emit-objc-header-path /Users/depoll/Library/Developer/Xcode/DerivedData/iOS-avedbudfywsssrcrcpqwadfjuouo/Build/Intermediates.noindex/Pods.build/Debug-iphonesimulator/FirebaseAuth.build/Objects-normal/arm64/FirebaseAuth-Swift.h -import-underlying-module -Xcc -ivfsoverlay -Xcc /Users/depoll/Library/Developer/Xcode/DerivedData/iOS-avedbudfywsssrcrcpqwadfjuouo/Build/Intermediates.noindex/Pods.build/Debug-iphonesimulator/FirebaseAuth.build/unextended-module-overlay.yaml -working-directory /Users/depoll/Code/depollsoft/iOS/Pods -experimental-emit-module-separately -disable-cmo

WriteAuxiliaryFile /Users/depoll/Library/Developer/Xcode/DerivedData/iOS-avedbudfywsssrcrcpqwadfjuouo/Build/Intermediates.noindex/Pods.build/Debug-iphonesimulator/FirebaseEmailAuthUI.build/FirebaseEmailAuthUI-all-non-framework-target-headers.hmap (in target 'FirebaseEmailAuthUI' from project 'Pods')
    cd /Users/depoll/Code/depollsoft/iOS/Pods
    write-file /Users/depoll/Library/Developer/Xcode/DerivedData/iOS-avedbudfywsssrcrcpqwadfjuouo/Build/Intermediates.noindex/Pods.build/Debug-iphonesimulator/FirebaseEmailAuthUI.build/FirebaseEmailAuthUI-all-non-framework-target-headers.hmap

WriteAuxiliaryFile /Users/depoll/Library/Developer/Xcode/DerivedData/iOS-avedbudfywsssrcrcpqwadfjuouo/Build/Intermediates.noindex/Pods.build/Debug-iphonesimulator/FirebaseEmailAuthUI-FirebaseEmailAuthUI.build/FirebaseEmailAuthUI-all-non-framework-target-headers.hmap (in target 'FirebaseEmailAuthUI-FirebaseEmailAuthUI' from project 'Pods')
    cd /Users/depoll/Code/depollsoft/iOS/Pods
    write-file /Users/depoll/Library/Developer/Xcode/DerivedData/iOS-avedbudfywsssrcrcpqwadfjuouo/Build/Intermediates.noindex/Pods.build/Debug-iphonesimulator/FirebaseEmailAuthUI-FirebaseEmailAuthUI.build/FirebaseEmailAuthUI-all-non-framework-target-headers.hmap

WriteAuxiliaryFile /Users/depoll/Library/Developer/Xcode/DerivedData/iOS-avedbudfywsssrcrcpqwadfjuouo/Build/Intermediates.noindex/Pods.build/Debug-iphonesimulator/FirebaseAuthUI.build/FirebaseAuthUI-all-non-framework-target-headers.hmap (in target 'FirebaseAuthUI' from project 'Pods')
    cd /Users/depoll/Code/depollsoft/iOS/Pods
    write-file /Users/depoll/Library/Developer/Xcode/DerivedData/iOS-avedbudfywsssrcrcpqwadfjuouo/Build/Intermediates.noindex/Pods.build/Debug-iphonesimulator/FirebaseAuthUI.build/FirebaseAuthUI-all-non-framework-target-headers.hmap

WriteAuxiliaryFile /Users/depoll/Library/Developer/Xcode/DerivedData/iOS-avedbudfywsssrcrcpqwadfjuouo/Build/Intermediates.noindex/Pods.build/Debug-iphonesimulator/FirebaseAuthUI-FirebaseAuthUI.build/FirebaseAuthUI-all-non-framework-target-headers.hmap (in target 'FirebaseAuthUI-FirebaseAuthUI' from project 'Pods')
    cd /Users/depoll/Code/depollsoft/iOS/Pods
    write-file /Users/depoll/Library/Developer/Xcode/DerivedData/iOS-avedbudfywsssrcrcpqwadfjuouo/Build/Intermediates.noindex/Pods.build/Debug-iphonesimulator/FirebaseAuthUI-FirebaseAuthUI.build/FirebaseAuthUI-all-non-framework-target-headers.hmap

ProcessInfoPlistFile /Users/depoll/Library/Developer/Xcode/DerivedData/iOS-avedbudfywsssrcrcpqwadfjuouo/Build/Products/Debug-iphonesimulator/FirebaseAuthUI/FirebaseAuthUI.bundle/Info.plist /Users/depoll/Code/depollsoft/iOS/Pods/Target\ Support\ Files/FirebaseAuthUI/ResourceBundle-FirebaseAuthUI-FirebaseAuthUI-Info.plist (in target 'FirebaseAuthUI-FirebaseAuthUI' from project 'Pods')
    cd /Users/depoll/Code/depollsoft/iOS/Pods
    builtin-infoPlistUtility /Users/depoll/Code/depollsoft/iOS/Pods/Target\ Support\ Files/FirebaseAuthUI/ResourceBundle-FirebaseAuthUI-FirebaseAuthUI-Info.plist -producttype com.apple.product-type.bundle -expandbuildsettings -format binary -platform iphonesimulator -additionalcontentfile /Users/depoll/Library/Developer/Xcode/DerivedData/iOS-avedbudfywsssrcrcpqwadfjuouo/Build/Intermediates.noindex/Pods.build/Debug-iphonesimulator/FirebaseAuthUI-FirebaseAuthUI.build/FUIAccountSettingsViewController-PartialInfo.plist -additionalcontentfile /Users/depoll/Library/Developer/Xcode/DerivedData/iOS-avedbudfywsssrcrcpqwadfjuouo/Build/Intermediates.noindex/Pods.build/Debug-iphonesimulator/FirebaseAuthUI-FirebaseAuthUI.build/FUIAuthPickerViewController-PartialInfo.plist -additionalcontentfile /Users/depoll/Library/Developer/Xcode/DerivedData/iOS-avedbudfywsssrcrcpqwadfjuouo/Build/Intermediates.noindex/Pods.build/Debug-iphonesimulator/FirebaseAuthUI-FirebaseAuthUI.build/FUIAuthTableViewCell-PartialInfo.plist -additionalcontentfile /Users/depoll/Library/Developer/Xcode/DerivedData/iOS-avedbudfywsssrcrcpqwadfjuouo/Build/Intermediates.noindex/Pods.build/Debug-iphonesimulator/FirebaseAuthUI-FirebaseAuthUI.build/FUIInputTableViewCell-PartialInfo.plist -additionalcontentfile /Users/depoll/Library/Developer/Xcode/DerivedData/iOS-avedbudfywsssrcrcpqwadfjuouo/Build/Intermediates.noindex/Pods.build/Debug-iphonesimulator/FirebaseAuthUI-FirebaseAuthUI.build/FUIPasswordTableViewCell-PartialInfo.plist -additionalcontentfile /Users/depoll/Library/Developer/Xcode/DerivedData/iOS-avedbudfywsssrcrcpqwadfjuouo/Build/Intermediates.noindex/Pods.build/Debug-iphonesimulator/FirebaseAuthUI-FirebaseAuthUI.build/FUIStaticContentTableViewController-PartialInfo.plist -o /Users/depoll/Library/Developer/Xcode/DerivedData/iOS-avedbudfywsssrcrcpqwadfjuouo/Build/Products/Debug-iphonesimulator/FirebaseAuthUI/FirebaseAuthUI.bundle/Info.plist

ProcessInfoPlistFile /Users/depoll/Library/Developer/Xcode/DerivedData/iOS-avedbudfywsssrcrcpqwadfjuouo/Build/Products/Debug-iphonesimulator/FirebaseAuthUI/FirebaseAuthUI.framework/Info.plist /Users/depoll/Code/depollsoft/iOS/Pods/Target\ Support\ Files/FirebaseAuthUI/FirebaseAuthUI-Info.plist (in target 'FirebaseAuthUI' from project 'Pods')
    cd /Users/depoll/Code/depollsoft/iOS/Pods
    builtin-infoPlistUtility /Users/depoll/Code/depollsoft/iOS/Pods/Target\ Support\ Files/FirebaseAuthUI/FirebaseAuthUI-Info.plist -producttype com.apple.product-type.framework -expandbuildsettings -format binary -platform iphonesimulator -o /Users/depoll/Library/Developer/Xcode/DerivedData/iOS-avedbudfywsssrcrcpqwadfjuouo/Build/Products/Debug-iphonesimulator/FirebaseAuthUI/FirebaseAuthUI.framework/Info.plist

ProcessInfoPlistFile /Users/depoll/Library/Developer/Xcode/DerivedData/iOS-avedbudfywsssrcrcpqwadfjuouo/Build/Products/Debug-iphonesimulator/FirebaseEmailAuthUI/FirebaseEmailAuthUI.bundle/Info.plist /Users/depoll/Code/depollsoft/iOS/Pods/Target\ Support\ Files/FirebaseEmailAuthUI/ResourceBundle-FirebaseEmailAuthUI-FirebaseEmailAuthUI-Info.plist (in target 'FirebaseEmailAuthUI-FirebaseEmailAuthUI' from project 'Pods')
    cd /Users/depoll/Code/depollsoft/iOS/Pods
    builtin-infoPlistUtility /Users/depoll/Code/depollsoft/iOS/Pods/Target\ Support\ Files/FirebaseEmailAuthUI/ResourceBundle-FirebaseEmailAuthUI-FirebaseEmailAuthUI-Info.plist -producttype com.apple.product-type.bundle -expandbuildsettings -format binary -platform iphonesimulator -additionalcontentfile /Users/depoll/Library/Developer/Xcode/DerivedData/iOS-avedbudfywsssrcrcpqwadfjuouo/Build/Intermediates.noindex/Pods.build/Debug-iphonesimulator/FirebaseEmailAuthUI-FirebaseEmailAuthUI.build/FUIConfirmEmailViewController-PartialInfo.plist -additionalcontentfile /Users/depoll/Library/Developer/Xcode/DerivedData/iOS-avedbudfywsssrcrcpqwadfjuouo/Build/Intermediates.noindex/Pods.build/Debug-iphonesimulator/FirebaseEmailAuthUI-FirebaseEmailAuthUI.build/FUIEmailEntryViewController-PartialInfo.plist -additionalcontentfile /Users/depoll/Library/Developer/Xcode/DerivedData/iOS-avedbudfywsssrcrcpqwadfjuouo/Build/Intermediates.noindex/Pods.build/Debug-iphonesimulator/FirebaseEmailAuthUI-FirebaseEmailAuthUI.build/FUIPasswordRecoveryViewController-PartialInfo.plist -additionalcontentfile /Users/depoll/Library/Developer/Xcode/DerivedData/iOS-avedbudfywsssrcrcpqwadfjuouo/Build/Intermediates.noindex/Pods.build/Debug-iphonesimulator/FirebaseEmailAuthUI-FirebaseEmailAuthUI.build/FUIPasswordSignInViewController-PartialInfo.plist -additionalcontentfile /Users/depoll/Library/Developer/Xcode/DerivedData/iOS-avedbudfywsssrcrcpqwadfjuouo/Build/Intermediates.noindex/Pods.build/Debug-iphonesimulator/FirebaseEmailAuthUI-FirebaseEmailAuthUI.build/FUIPasswordSignUpViewController-PartialInfo.plist -additionalcontentfile /Users/depoll/Library/Developer/Xcode/DerivedData/iOS-avedbudfywsssrcrcpqwadfjuouo/Build/Intermediates.noindex/Pods.build/Debug-iphonesimulator/FirebaseEmailAuthUI-FirebaseEmailAuthUI.build/FUIPasswordVerificationViewController-PartialInfo.plist -o /Users/depoll/Library/Developer/Xcode/DerivedData/iOS-avedbudfywsssrcrcpqwadfjuouo/Build/Products/Debug-iphonesimulator/FirebaseEmailAuthUI/FirebaseEmailAuthUI.bundle/Info.plist

ProcessInfoPlistFile /Users/depoll/Library/Developer/Xcode/DerivedData/iOS-avedbudfywsssrcrcpqwadfjuouo/Build/Products/Debug-iphonesimulator/FirebaseEmailAuthUI/FirebaseEmailAuthUI.framework/Info.plist /Users/depoll/Code/depollsoft/iOS/Pods/Target\ Support\ Files/FirebaseEmailAuthUI/FirebaseEmailAuthUI-Info.plist (in target 'FirebaseEmailAuthUI' from project 'Pods')
    cd /Users/depoll/Code/depollsoft/iOS/Pods
    builtin-infoPlistUtility /Users/depoll/Code/depollsoft/iOS/Pods/Target\ Support\ Files/FirebaseEmailAuthUI/FirebaseEmailAuthUI-Info.plist -producttype com.apple.product-type.framework -expandbuildsettings -format binary -platform iphonesimulator -o /Users/depoll/Library/Developer/Xcode/DerivedData/iOS-avedbudfywsssrcrcpqwadfjuouo/Build/Products/Debug-iphonesimulator/FirebaseEmailAuthUI/FirebaseEmailAuthUI.framework/Info.plist

warning: Run script build phase 'Run Script' will be run during every build because it does not specify any outputs. To address this issue, either add output dependencies to the script phase, or configure it to run in every build by unchecking "Based on dependency analysis" in the script phase. (in target 'tagmaster' from project 'tagmaster')
SwiftDriver tagmaster normal arm64 com.apple.xcode.tools.swift.compiler (in target 'tagmaster' from project 'tagmaster')
    cd /Users/depoll/Code/depollsoft/iOS/tagmaster
    builtin-SwiftDriver -- /Applications/Xcode.app/Contents/Developer/Toolchains/XcodeDefault.xctoolchain/usr/bin/swiftc -module-name tagmaster -Onone -enforce-exclusivity\=checked @/Users/depoll/Library/Developer/Xcode/DerivedData/iOS-avedbudfywsssrcrcpqwadfjuouo/Build/Intermediates.noindex/tagmaster.build/Debug-iphonesimulator/tagmaster.build/Objects-normal/arm64/tagmaster.SwiftFileList -D COCOAPODS -enable-bare-slash-regex -enable-experimental-feature DebugDescriptionMacro -sdk /Applications/Xcode.app/Contents/Developer/Platforms/iPhoneSimulator.platform/Developer/SDKs/iPhoneSimulator26.1.sdk -target arm64-apple-ios15.0-simulator -g -module-cache-path /Users/depoll/Library/Developer/Xcode/DerivedData/ModuleCache.noindex -Xfrontend -serialize-debugging-options -profile-coverage-mapping -profile-generate -enable-testing -index-store-path /Users/depoll/Library/Developer/Xcode/DerivedData/iOS-avedbudfywsssrcrcpqwadfjuouo/Index.noindex/DataStore -Xcc -D_LIBCPP_HARDENING_MODE\=_LIBCPP_HARDENING_MODE_DEBUG -swift-version 5 -I /Users/depoll/Library/Developer/Xcode/DerivedData/iOS-avedbudfywsssrcrcpqwadfjuouo/Build/Products/Debug-iphonesimulator -F /Users/depoll/Library/Developer/Xcode/DerivedData/iOS-avedbudfywsssrcrcpqwadfjuouo/Build/Products/Debug-iphonesimulator -F /Users/depoll/Library/Developer/Xcode/DerivedData/iOS-avedbudfywsssrcrcpqwadfjuouo/Build/Products/Debug-iphonesimulator/AppAuth -F /Users/depoll/Library/Developer/Xcode/DerivedData/iOS-avedbudfywsssrcrcpqwadfjuouo/Build/Products/Debug-iphonesimulator/Bolts -F /Users/depoll/Library/Developer/Xcode/DerivedData/iOS-avedbudfywsssrcrcpqwadfjuouo/Build/Products/Debug-iphonesimulator/BoringSSL-GRPC -F /Users/depoll/Library/Developer/Xcode/DerivedData/iOS-avedbudfywsssrcrcpqwadfjuouo/Build/Products/Debug-iphonesimulator/FirebaseAppCheckInterop -F /Users/depoll/Library/Developer/Xcode/DerivedData/iOS-avedbudfywsssrcrcpqwadfjuouo/Build/Products/Debug-iphonesimulator/FirebaseAuth -F /Users/depoll/Library/Developer/Xcode/DerivedData/iOS-avedbudfywsssrcrcpqwadfjuouo/Build/Products/Debug-iphonesimulator/FirebaseAuthInterop -F /Users/depoll/Library/Developer/Xcode/DerivedData/iOS-avedbudfywsssrcrcpqwadfjuouo/Build/Products/Debug-iphonesimulator/FirebaseAuthUI -F /Users/depoll/Library/Developer/Xcode/DerivedData/iOS-avedbudfywsssrcrcpqwadfjuouo/Build/Products/Debug-iphonesimulator/FirebaseCore -F /Users/depoll/Library/Developer/Xcode/DerivedData/iOS-avedbudfywsssrcrcpqwadfjuouo/Build/Products/Debug-iphonesimulator/FirebaseCoreExtension -F /Users/depoll/Library/Developer/Xcode/DerivedData/iOS-avedbudfywsssrcrcpqwadfjuouo/Build/Products/Debug-iphonesimulator/FirebaseCoreInternal -F /Users/depoll/Library/Developer/Xcode/DerivedData/iOS-avedbudfywsssrcrcpqwadfjuouo/Build/Products/Debug-iphonesimulator/FirebaseEmailAuthUI -F /Users/depoll/Library/Developer/Xcode/DerivedData/iOS-avedbudfywsssrcrcpqwadfjuouo/Build/Products/Debug-iphonesimulator/FirebaseFirestore -F /Users/depoll/Library/Developer/Xcode/DerivedData/iOS-avedbudfywsssrcrcpqwadfjuouo/Build/Products/Debug-iphonesimulator/FirebaseFirestoreInternal -F /Users/depoll/Library/Developer/Xcode/DerivedData/iOS-avedbudfywsssrcrcpqwadfjuouo/Build/Products/Debug-iphonesimulator/FirebaseFunctions -F /Users/depoll/Library/Developer/Xcode/DerivedData/iOS-avedbudfywsssrcrcpqwadfjuouo/Build/Products/Debug-iphonesimulator/FirebaseMessagingInterop -F /Users/depoll/Library/Developer/Xcode/DerivedData/iOS-avedbudfywsssrcrcpqwadfjuouo/Build/Products/Debug-iphonesimulator/FirebaseSharedSwift -F /Users/depoll/Library/Developer/Xcode/DerivedData/iOS-avedbudfywsssrcrcpqwadfjuouo/Build/Products/Debug-iphonesimulator/GTMAppAuth -F /Users/depoll/Library/Developer/Xcode/DerivedData/iOS-avedbudfywsssrcrcpqwadfjuouo/Build/Products/Debug-iphonesimulator/GTMSessionFetcher -F /Users/depoll/Library/Developer/Xcode/DerivedData/iOS-avedbudfywsssrcrcpqwadfjuouo/Build/Products/Debug-iphonesimulator/GoogleUtilities -F /Users/depoll/Library/Developer/Xcode/DerivedData/iOS-avedbudfywsssrcrcpqwadfjuouo/Build/Products/Debug-iphonesimulator/Parse -F /Users/depoll/Library/Developer/Xcode/DerivedData/iOS-avedbudfywsssrcrcpqwadfjuouo/Build/Products/Debug-iphonesimulator/Protobuf -F /Users/depoll/Library/Developer/Xcode/DerivedData/iOS-avedbudfywsssrcrcpqwadfjuouo/Build/Products/Debug-iphonesimulator/RecaptchaInterop -F /Users/depoll/Library/Developer/Xcode/DerivedData/iOS-avedbudfywsssrcrcpqwadfjuouo/Build/Products/Debug-iphonesimulator/abseil -F /Users/depoll/Library/Developer/Xcode/DerivedData/iOS-avedbudfywsssrcrcpqwadfjuouo/Build/Products/Debug-iphonesimulator/gRPC-C++ -F /Users/depoll/Library/Developer/Xcode/DerivedData/iOS-avedbudfywsssrcrcpqwadfjuouo/Build/Products/Debug-iphonesimulator/gRPC-Core -F /Users/depoll/Library/Developer/Xcode/DerivedData/iOS-avedbudfywsssrcrcpqwadfjuouo/Build/Products/Debug-iphonesimulator/leveldb-library -F /Users/depoll/Library/Developer/Xcode/DerivedData/iOS-avedbudfywsssrcrcpqwadfjuouo/Build/Products/Debug-iphonesimulator/nanopb -F /Users/depoll/Code/depollsoft/iOS/tagmaster -c -j10 -enable-batch-mode -incremental -Xcc -ivfsstatcache -Xcc /Users/depoll/Library/Developer/Xcode/DerivedData/SDKStatCaches.noindex/iphonesimulator26.1-23B77-90cf18a4295e390e64c810bc6bd7acbc.sdkstatcache -output-file-map /Users/depoll/Library/Developer/Xcode/DerivedData/iOS-avedbudfywsssrcrcpqwadfjuouo/Build/Intermediates.noindex/tagmaster.build/Debug-iphonesimulator/tagmaster.build/Objects-normal/arm64/tagmaster-OutputFileMap.json -use-frontend-parseable-output -save-temps -no-color-diagnostics -explicit-module-build -module-cache-path /Users/depoll/Library/Developer/Xcode/DerivedData/iOS-avedbudfywsssrcrcpqwadfjuouo/Build/Intermediates.noindex/SwiftExplicitPrecompiledModules -clang-scanner-module-cache-path /Users/depoll/Library/Developer/Xcode/DerivedData/ModuleCache.noindex -sdk-module-cache-path /Users/depoll/Library/Developer/Xcode/DerivedData/ModuleCache.noindex -serialize-diagnostics -emit-dependencies -emit-module -emit-module-path /Users/depoll/Library/Developer/Xcode/DerivedData/iOS-avedbudfywsssrcrcpqwadfjuouo/Build/Intermediates.noindex/tagmaster.build/Debug-iphonesimulator/tagmaster.build/Objects-normal/arm64/tagmaster.swiftmodule -validate-clang-modules-once -clang-build-session-file /Users/depoll/Library/Developer/Xcode/DerivedData/ModuleCache.noindex/Session.modulevalidation -Xcc -I/Users/depoll/Library/Developer/Xcode/DerivedData/iOS-avedbudfywsssrcrcpqwadfjuouo/Build/Intermediates.noindex/tagmaster.build/Debug-iphonesimulator/tagmaster.build/swift-overrides.hmap -emit-const-values -Xfrontend -const-gather-protocols-file -Xfrontend /Users/depoll/Library/Developer/Xcode/DerivedData/iOS-avedbudfywsssrcrcpqwadfjuouo/Build/Intermediates.noindex/tagmaster.build/Debug-iphonesimulator/tagmaster.build/Objects-normal/arm64/tagmaster_const_extract_protocols.json -Xcc -iquote -Xcc /Users/depoll/Library/Developer/Xcode/DerivedData/iOS-avedbudfywsssrcrcpqwadfjuouo/Build/Intermediates.noindex/tagmaster.build/Debug-iphonesimulator/tagmaster.build/tagmaster-generated-files.hmap -Xcc -I/Users/depoll/Library/Developer/Xcode/DerivedData/iOS-avedbudfywsssrcrcpqwadfjuouo/Build/Intermediates.noindex/tagmaster.build/Debug-iphonesimulator/tagmaster.build/tagmaster-own-target-headers.hmap -Xcc -I/Users/depoll/Library/Developer/Xcode/DerivedData/iOS-avedbudfywsssrcrcpqwadfjuouo/Build/Intermediates.noindex/tagmaster.build/Debug-iphonesimulator/tagmaster.build/tagmaster-all-non-framework-target-headers.hmap -Xcc -ivfsoverlay -Xcc /Users/depoll/Library/Developer/Xcode/DerivedData/iOS-avedbudfywsssrcrcpqwadfjuouo/Build/Intermediates.noindex/tagmaster.build/Debug-iphonesimulator/tagmaster-85bdfcdf5e55a9673c632043f2056190-VFS-iphonesimulator/all-product-headers.yaml -Xcc -iquote -Xcc /Users/depoll/Library/Developer/Xcode/DerivedData/iOS-avedbudfywsssrcrcpqwadfjuouo/Build/Intermediates.noindex/tagmaster.build/Debug-iphonesimulator/tagmaster.build/tagmaster-project-headers.hmap -Xcc -I../depolllib -Xcc -I../depolllib/build -Xcc -I../depolllib/depolllib -Xcc -I../depolllib/depolllibTests -Xcc -I../depolllib/build/Debug-iphonesimulator -Xcc -I../depolllib/build/EagerLinkingTBDs -Xcc -I../depolllib/build/ExplicitPrecompiledModules -Xcc -I../depolllib/build/SharedPrecompiledHeaders -Xcc -I../depolllib/build/XCBuildData -Xcc -I../depolllib/build/depolllib.build -Xcc -I../depolllib/depolllib/analytics -Xcc -I../depolllib/depolllib/filecache -Xcc -I../depolllib/depolllib/json -Xcc -I../depolllib/depolllib/utils -Xcc -I../depolllib/build/Debug-iphonesimulator/depolllib.swiftmodule -Xcc -I../depolllib/build/Debug-iphonesimulator/depolllibTests.xctest -Xcc -I../depolllib/build/Debug-iphonesimulator/depolllibTests.xctest.dSYM -Xcc -I../depolllib/build/EagerLinkingTBDs/Debug-iphonesimulator -Xcc -I../depolllib/build/SharedPrecompiledHeaders/SharedPrecompiledHeaders -Xcc -I../depolllib/build/XCBuildData/0fbf9f083b9783016a33f8f6ce76c409.xcbuilddata -Xcc -I../depolllib/build/XCBuildData/5e63341ff850183923de97beffc0b79b.xcbuilddata -Xcc -I../depolllib/build/XCBuildData/647c82bc6eaa44d42556156265c64cab.xcbuilddata -Xcc -I../depolllib/build/XCBuildData/e8e93760c216b6f47c66e7b95b0eae5f.xcbuilddata -Xcc -I../depolllib/build/depolllib.build/Debug-iphonesimulator -Xcc -I../depolllib/build/Debug-iphonesimulator/depolllib.swiftmodule/Project -Xcc -I../depolllib/build/Debug-iphonesimulator/depolllibTests.xctest/_CodeSignature -Xcc -I../depolllib/build/Debug-iphonesimulator/depolllibTests.xctest.dSYM/Contents -Xcc -I../depolllib/build/SharedPrecompiledHeaders/SharedPrecompiledHeaders/14585454978199131518 -Xcc -I../depolllib/build/SharedPrecompiledHeaders/SharedPrecompiledHeaders/15409566561035903364 -Xcc -I../depolllib/build/XCBuildData/0fbf9f083b9783016a33f8f6ce76c409.xcbuilddata/attachments -Xcc -I../depolllib/build/XCBuildData/5e63341ff850183923de97beffc0b79b.xcbuilddata/attachments -Xcc -I../depolllib/build/XCBuildData/647c82bc6eaa44d42556156265c64cab.xcbuilddata/attachments -Xcc -I../depolllib/build/XCBuildData/e8e93760c216b6f47c66e7b95b0eae5f.xcbuilddata/attachments -Xcc -I../depolllib/build/depolllib.build/Debug-iphonesimulator/depolllib-b99c6a332af852df18ece60a63ca3f40-VFS-iphonesimulator -Xcc -I../depolllib/build/depolllib.build/Debug-iphonesimulator/depolllib-ff86392cddef2ed4671ee94241143919-VFS-iphonesimulator -Xcc -I../depolllib/build/depolllib.build/Debug-iphonesimulator/depolllib.build -Xcc -I../depolllib/build/depolllib.build/Debug-iphonesimulator/depolllibTests.build -Xcc -I../depolllib/build/Debug-iphonesimulator/depolllibTests.xctest.dSYM/Contents/Resources -Xcc -I../depolllib/build/depolllib.build/Debug-iphonesimulator/depolllib.build/DerivedSources -Xcc -I../depolllib/build/depolllib.build/Debug-iphonesimulator/depolllib.build/Objects-normal -Xcc -I../depolllib/build/depolllib.build/Debug-iphonesimulator/depolllibTests.build/Objects-normal -Xcc -I../depolllib/build/Debug-iphonesimulator/depolllibTests.xctest.dSYM/Contents/Resources/DWARF -Xcc -I../depolllib/build/Debug-iphonesimulator/depolllibTests.xctest.dSYM/Contents/Resources/Relocations -Xcc -I../depolllib/build/depolllib.build/Debug-iphonesimulator/depolllib.build/Objects-normal/x86_64 -Xcc -I../depolllib/build/depolllib.build/Debug-iphonesimulator/depolllibTests.build/Objects-normal/x86_64 -Xcc -I../depolllib/build/Debug-iphonesimulator/depolllibTests.xctest.dSYM/Contents/Resources/Relocations/x86_64 -Xcc -I../pitchperfect/pitchperfectlib -Xcc -I../pitchperfect/pitchperfectlib/build -Xcc -I../pitchperfect/pitchperfectlib/pitchperfectlib -Xcc -I../pitchperfect/pitchperfectlib/pitchperfectlibTests -Xcc -I../pitchperfect/pitchperfectlib/build/Debug-iphonesimulator -Xcc -I../pitchperfect/pitchperfectlib/build/EagerLinkingTBDs -Xcc -I../pitchperfect/pitchperfectlib/build/SharedPrecompiledHeaders -Xcc -I../pitchperfect/pitchperfectlib/build/pitchperfectlib.build -Xcc -I../pitchperfect/pitchperfectlib/build/Debug-iphonesimulator/pitchperfectlibTests.xctest -Xcc -I../pitchperfect/pitchperfectlib/build/EagerLinkingTBDs/Debug-iphonesimulator -Xcc -I../pitchperfect/pitchperfectlib/build/SharedPrecompiledHeaders/SharedPrecompiledHeaders -Xcc -I../pitchperfect/pitchperfectlib/build/pitchperfectlib.build/Debug-iphonesimulator -Xcc -I../pitchperfect/pitchperfectlib/build/SharedPrecompiledHeaders/SharedPrecompiledHeaders/11015294860662074425 -Xcc -I../pitchperfect/pitchperfectlib/build/SharedPrecompiledHeaders/SharedPrecompiledHeaders/11112979652799671619 -Xcc -I../pitchperfect/pitchperfectlib/build/SharedPrecompiledHeaders/SharedPrecompiledHeaders/14526517552322041750 -Xcc -I../pitchperfect/pitchperfectlib/build/SharedPrecompiledHeaders/SharedPrecompiledHeaders/4845431266831879257 -Xcc -I../pitchperfect/pitchperfectlib/build/pitchperfectlib.build/Debug-iphonesimulator/pitchperfectlib-a8900bce0d19abbfbf4ee5218b0f750f-VFS-iphonesimulator -Xcc -I../pitchperfect/pitchperfectlib/build/pitchperfectlib.build/Debug-iphonesimulator/pitchperfectlib.build -Xcc -I../pitchperfect/pitchperfectlib/build/pitchperfectlib.build/Debug-iphonesimulator/pitchperfectlibTests.build -Xcc -I../pitchperfect/pitchperfectlib/build/pitchperfectlib.build/Debug-iphonesimulator/pitchperfectlib.build/Objects-normal -Xcc -I../pitchperfect/pitchperfectlib/build/pitchperfectlib.build/Debug-iphonesimulator/pitchperfectlibTests.build/Objects-normal -Xcc -I../pitchperfect/pitchperfectlib/build/pitchperfectlib.build/Debug-iphonesimulator/pitchperfectlib.build/Objects-normal/x86_64 -Xcc -I../pitchperfect/pitchperfectlib/build/pitchperfectlib.build/Debug-iphonesimulator/pitchperfectlibTests.build/Objects-normal/arm64 -Xcc -I../pitchperfect/pitchperfectlib/build/pitchperfectlib.build/Debug-iphonesimulator/pitchperfectlibTests.build/Objects-normal/x86_64 -Xcc -I../pitchperfect/pitchperfectlib/build/pitchperfectlib.build/Debug-iphonesimulator/pitchperfectlibTests.build/Objects-normal/arm64/Binary -Xcc -I../pitchperfect/pitchperfectlib/build/pitchperfectlib.build/Debug-iphonesimulator/pitchperfectlibTests.build/Objects-normal/x86_64/Binary -Xcc -I/Users/depoll/Library/Developer/Xcode/DerivedData/iOS-avedbudfywsssrcrcpqwadfjuouo/Build/Products/Debug-iphonesimulator/include -Xcc -I/Users/depoll/Library/Developer/Xcode/DerivedData/iOS-avedbudfywsssrcrcpqwadfjuouo/Build/Products/Debug-iphonesimulator/AppAuth/AppAuth.framework/Headers -Xcc -I/Users/depoll/Library/Developer/Xcode/DerivedData/iOS-avedbudfywsssrcrcpqwadfjuouo/Build/Products/Debug-iphonesimulator/Bolts/Bolts.framework/Headers -Xcc -I/Users/depoll/Library/Developer/Xcode/DerivedData/iOS-avedbudfywsssrcrcpqwadfjuouo/Build/Products/Debug-iphonesimulator/BoringSSL-GRPC/openssl_grpc.framework/Headers -Xcc -I/Users/depoll/Library/Developer/Xcode/DerivedData/iOS-avedbudfywsssrcrcpqwadfjuouo/Build/Products/Debug-iphonesimulator/FirebaseAppCheckInterop/FirebaseAppCheckInterop.framework/Headers -Xcc -I/Users/depoll/Library/Developer/Xcode/DerivedData/iOS-avedbudfywsssrcrcpqwadfjuouo/Build/Products/Debug-iphonesimulator/FirebaseAuth/FirebaseAuth.framework/Headers -Xcc -I/Users/depoll/Library/Developer/Xcode/DerivedData/iOS-avedbudfywsssrcrcpqwadfjuouo/Build/Products/Debug-iphonesimulator/FirebaseAuthInterop/FirebaseAuthInterop.framework/Headers -Xcc -I/Users/depoll/Library/Developer/Xcode/DerivedData/iOS-avedbudfywsssrcrcpqwadfjuouo/Build/Products/Debug-iphonesimulator/FirebaseAuthUI/FirebaseAuthUI.framework/Headers -Xcc -I/Users/depoll/Library/Developer/Xcode/DerivedData/iOS-avedbudfywsssrcrcpqwadfjuouo/Build/Products/Debug-iphonesimulator/FirebaseCore/FirebaseCore.framework/Headers -Xcc -I/Users/depoll/Library/Developer/Xcode/DerivedData/iOS-avedbudfywsssrcrcpqwadfjuouo/Build/Products/Debug-iphonesimulator/FirebaseCoreExtension/FirebaseCoreExtension.framework/Headers -Xcc -I/Users/depoll/Library/Developer/Xcode/DerivedData/iOS-avedbudfywsssrcrcpqwadfjuouo/Build/Products/Debug-iphonesimulator/FirebaseCoreInternal/FirebaseCoreInternal.framework/Headers -Xcc -I/Users/depoll/Library/Developer/Xcode/DerivedData/iOS-avedbudfywsssrcrcpqwadfjuouo/Build/Products/Debug-iphonesimulator/FirebaseEmailAuthUI/FirebaseEmailAuthUI.framework/Headers -Xcc -I/Users/depoll/Library/Developer/Xcode/DerivedData/iOS-avedbudfywsssrcrcpqwadfjuouo/Build/Products/Debug-iphonesimulator/FirebaseFirestore/FirebaseFirestore.framework/Headers -Xcc -I/Users/depoll/Library/Developer/Xcode/DerivedData/iOS-avedbudfywsssrcrcpqwadfjuouo/Build/Products/Debug-iphonesimulator/FirebaseFirestoreInternal/FirebaseFirestoreInternal.framework/Headers -Xcc -I/Users/depoll/Library/Developer/Xcode/DerivedData/iOS-avedbudfywsssrcrcpqwadfjuouo/Build/Products/Debug-iphonesimulator/FirebaseFunctions/FirebaseFunctions.framework/Headers -Xcc -I/Users/depoll/Library/Developer/Xcode/DerivedData/iOS-avedbudfywsssrcrcpqwadfjuouo/Build/Products/Debug-iphonesimulator/FirebaseMessagingInterop/FirebaseMessagingInterop.framework/Headers -Xcc -I/Users/depoll/Library/Developer/Xcode/DerivedData/iOS-avedbudfywsssrcrcpqwadfjuouo/Build/Products/Debug-iphonesimulator/FirebaseSharedSwift/FirebaseSharedSwift.framework/Headers -Xcc -I/Users/depoll/Library/Developer/Xcode/DerivedData/iOS-avedbudfywsssrcrcpqwadfjuouo/Build/Products/Debug-iphonesimulator/GTMAppAuth/GTMAppAuth.framework/Headers -Xcc -I/Users/depoll/Library/Developer/Xcode/DerivedData/iOS-avedbudfywsssrcrcpqwadfjuouo/Build/Products/Debug-iphonesimulator/GTMSessionFetcher/GTMSessionFetcher.framework/Headers -Xcc -I/Users/depoll/Library/Developer/Xcode/DerivedData/iOS-avedbudfywsssrcrcpqwadfjuouo/Build/Products/Debug-iphonesimulator/GoogleUtilities/GoogleUtilities.framework/Headers -Xcc -I/Users/depoll/Library/Developer/Xcode/DerivedData/iOS-avedbudfywsssrcrcpqwadfjuouo/Build/Products/Debug-iphonesimulator/Parse/Parse.framework/Headers -Xcc -I/Users/depoll/Library/Developer/Xcode/DerivedData/iOS-avedbudfywsssrcrcpqwadfjuouo/Build/Products/Debug-iphonesimulator/Protobuf/Protobuf.framework/Headers -Xcc -I/Users/depoll/Library/Developer/Xcode/DerivedData/iOS-avedbudfywsssrcrcpqwadfjuouo/Build/Products/Debug-iphonesimulator/RecaptchaInterop/RecaptchaInterop.framework/Headers -Xcc -I/Users/depoll/Library/Developer/Xcode/DerivedData/iOS-avedbudfywsssrcrcpqwadfjuouo/Build/Products/Debug-iphonesimulator/abseil/absl.framework/Headers -Xcc -I/Users/depoll/Library/Developer/Xcode/DerivedData/iOS-avedbudfywsssrcrcpqwadfjuouo/Build/Products/Debug-iphonesimulator/gRPC-C++/grpcpp.framework/Headers -Xcc -I/Users/depoll/Library/Developer/Xcode/DerivedData/iOS-avedbudfywsssrcrcpqwadfjuouo/Build/Products/Debug-iphonesimulator/gRPC-Core/grpc.framework/Headers -Xcc -I/Users/depoll/Library/Developer/Xcode/DerivedData/iOS-avedbudfywsssrcrcpqwadfjuouo/Build/Products/Debug-iphonesimulator/leveldb-library/leveldb.framework/Headers -Xcc -I/Users/depoll/Library/Developer/Xcode/DerivedData/iOS-avedbudfywsssrcrcpqwadfjuouo/Build/Products/Debug-iphonesimulator/nanopb/nanopb.framework/Headers -Xcc -I/Users/depoll/Code/depollsoft/iOS/Pods/Headers/Public -Xcc -I/Users/depoll/Code/depollsoft/iOS/Pods/Headers/Public/Firebase -Xcc -I/Users/depoll/Code/depollsoft/iOS/Pods/Firebase/CoreOnly/Sources -Xcc -I/Users/depoll/Code/depollsoft/iOS/Pods/Firebase/CoreOnly/Sources -Xcc -I/Users/depoll/Code/depollsoft/iOS/Pods/FirebaseUI/FirebaseAuthUI -Xcc -I/Users/depoll/Code/depollsoft/iOS/Pods/FirebaseUI/FirebaseEmailAuthUI -Xcc -I/Users/depoll/Code/depollsoft/iOS/Pods/FirebaseUI/FirebaseFacebookAuthUI -Xcc -I/Users/depoll/Code/depollsoft/iOS/Pods/FirebaseUI/FirebaseGoogleAuthUI -Xcc -I/Users/depoll/Code/depollsoft/iOS/Pods/FirebaseUI/FirebaseOAuthUI -Xcc -I/Sources/FBLPromises/include -Xcc -I/Users/depoll/Library/Developer/Xcode/DerivedData/iOS-avedbudfywsssrcrcpqwadfjuouo/Build/Products/Debug-iphonesimulator/Firebase -Xcc -I/Users/depoll/Library/Developer/Xcode/DerivedData/iOS-avedbudfywsssrcrcpqwadfjuouo/Build/Intermediates.noindex/tagmaster.build/Debug-iphonesimulator/tagmaster.build/DerivedSources-normal/arm64 -Xcc -I/Users/depoll/Library/Developer/Xcode/DerivedData/iOS-avedbudfywsssrcrcpqwadfjuouo/Build/Intermediates.noindex/tagmaster.build/Debug-iphonesimulator/tagmaster.build/DerivedSources/arm64 -Xcc -I/Users/depoll/Library/Developer/Xcode/DerivedData/iOS-avedbudfywsssrcrcpqwadfjuouo/Build/Intermediates.noindex/tagmaster.build/Debug-iphonesimulator/tagmaster.build/DerivedSources -Xcc -DDEBUG\=1 -Xcc -DCOCOAPODS\=1 -Xcc -DDEBUG\=1 -Xcc -DGPB_USE_PROTOBUF_FRAMEWORK_IMPORTS\=1 -Xcc -DDEBUG\=1 -Xcc -DPB_FIELD_32BIT\=1 -Xcc -DPB_NO_PACKED_STRUCTS\=1 -Xcc -DPB_ENABLE_MALLOC\=1 -emit-objc-header -emit-objc-header-path /Users/depoll/Library/Developer/Xcode/DerivedData/iOS-avedbudfywsssrcrcpqwadfjuouo/Build/Intermediates.noindex/tagmaster.build/Debug-iphonesimulator/tagmaster.build/Objects-normal/arm64/tagmaster-Swift.h -import-objc-header /Users/depoll/Code/depollsoft/iOS/tagmaster/tagmaster/tagmaster-Bridging-Header.h -working-directory /Users/depoll/Code/depollsoft/iOS/tagmaster -experimental-emit-module-separately -disable-cmo

SwiftDriver\ Compilation tagmaster normal arm64 com.apple.xcode.tools.swift.compiler (in target 'tagmaster' from project 'tagmaster')
    cd /Users/depoll/Code/depollsoft/iOS/tagmaster
    builtin-Swift-Compilation -- /Applications/Xcode.app/Contents/Developer/Toolchains/XcodeDefault.xctoolchain/usr/bin/swiftc -module-name tagmaster -Onone -enforce-exclusivity\=checked @/Users/depoll/Library/Developer/Xcode/DerivedData/iOS-avedbudfywsssrcrcpqwadfjuouo/Build/Intermediates.noindex/tagmaster.build/Debug-iphonesimulator/tagmaster.build/Objects-normal/arm64/tagmaster.SwiftFileList -D COCOAPODS -enable-bare-slash-regex -enable-experimental-feature DebugDescriptionMacro -sdk /Applications/Xcode.app/Contents/Developer/Platforms/iPhoneSimulator.platform/Developer/SDKs/iPhoneSimulator26.1.sdk -target arm64-apple-ios15.0-simulator -g -module-cache-path /Users/depoll/Library/Developer/Xcode/DerivedData/ModuleCache.noindex -Xfrontend -serialize-debugging-options -profile-coverage-mapping -profile-generate -enable-testing -index-store-path /Users/depoll/Library/Developer/Xcode/DerivedData/iOS-avedbudfywsssrcrcpqwadfjuouo/Index.noindex/DataStore -Xcc -D_LIBCPP_HARDENING_MODE\=_LIBCPP_HARDENING_MODE_DEBUG -swift-version 5 -I /Users/depoll/Library/Developer/Xcode/DerivedData/iOS-avedbudfywsssrcrcpqwadfjuouo/Build/Products/Debug-iphonesimulator -F /Users/depoll/Library/Developer/Xcode/DerivedData/iOS-avedbudfywsssrcrcpqwadfjuouo/Build/Products/Debug-iphonesimulator -F /Users/depoll/Library/Developer/Xcode/DerivedData/iOS-avedbudfywsssrcrcpqwadfjuouo/Build/Products/Debug-iphonesimulator/AppAuth -F /Users/depoll/Library/Developer/Xcode/DerivedData/iOS-avedbudfywsssrcrcpqwadfjuouo/Build/Products/Debug-iphonesimulator/Bolts -F /Users/depoll/Library/Developer/Xcode/DerivedData/iOS-avedbudfywsssrcrcpqwadfjuouo/Build/Products/Debug-iphonesimulator/BoringSSL-GRPC -F /Users/depoll/Library/Developer/Xcode/DerivedData/iOS-avedbudfywsssrcrcpqwadfjuouo/Build/Products/Debug-iphonesimulator/FirebaseAppCheckInterop -F /Users/depoll/Library/Developer/Xcode/DerivedData/iOS-avedbudfywsssrcrcpqwadfjuouo/Build/Products/Debug-iphonesimulator/FirebaseAuth -F /Users/depoll/Library/Developer/Xcode/DerivedData/iOS-avedbudfywsssrcrcpqwadfjuouo/Build/Products/Debug-iphonesimulator/FirebaseAuthInterop -F /Users/depoll/Library/Developer/Xcode/DerivedData/iOS-avedbudfywsssrcrcpqwadfjuouo/Build/Products/Debug-iphonesimulator/FirebaseAuthUI -F /Users/depoll/Library/Developer/Xcode/DerivedData/iOS-avedbudfywsssrcrcpqwadfjuouo/Build/Products/Debug-iphonesimulator/FirebaseCore -F /Users/depoll/Library/Developer/Xcode/DerivedData/iOS-avedbudfywsssrcrcpqwadfjuouo/Build/Products/Debug-iphonesimulator/FirebaseCoreExtension -F /Users/depoll/Library/Developer/Xcode/DerivedData/iOS-avedbudfywsssrcrcpqwadfjuouo/Build/Products/Debug-iphonesimulator/FirebaseCoreInternal -F /Users/depoll/Library/Developer/Xcode/DerivedData/iOS-avedbudfywsssrcrcpqwadfjuouo/Build/Products/Debug-iphonesimulator/FirebaseEmailAuthUI -F /Users/depoll/Library/Developer/Xcode/DerivedData/iOS-avedbudfywsssrcrcpqwadfjuouo/Build/Products/Debug-iphonesimulator/FirebaseFirestore -F /Users/depoll/Library/Developer/Xcode/DerivedData/iOS-avedbudfywsssrcrcpqwadfjuouo/Build/Products/Debug-iphonesimulator/FirebaseFirestoreInternal -F /Users/depoll/Library/Developer/Xcode/DerivedData/iOS-avedbudfywsssrcrcpqwadfjuouo/Build/Products/Debug-iphonesimulator/FirebaseFunctions -F /Users/depoll/Library/Developer/Xcode/DerivedData/iOS-avedbudfywsssrcrcpqwadfjuouo/Build/Products/Debug-iphonesimulator/FirebaseMessagingInterop -F /Users/depoll/Library/Developer/Xcode/DerivedData/iOS-avedbudfywsssrcrcpqwadfjuouo/Build/Products/Debug-iphonesimulator/FirebaseSharedSwift -F /Users/depoll/Library/Developer/Xcode/DerivedData/iOS-avedbudfywsssrcrcpqwadfjuouo/Build/Products/Debug-iphonesimulator/GTMAppAuth -F /Users/depoll/Library/Developer/Xcode/DerivedData/iOS-avedbudfywsssrcrcpqwadfjuouo/Build/Products/Debug-iphonesimulator/GTMSessionFetcher -F /Users/depoll/Library/Developer/Xcode/DerivedData/iOS-avedbudfywsssrcrcpqwadfjuouo/Build/Products/Debug-iphonesimulator/GoogleUtilities -F /Users/depoll/Library/Developer/Xcode/DerivedData/iOS-avedbudfywsssrcrcpqwadfjuouo/Build/Products/Debug-iphonesimulator/Parse -F /Users/depoll/Library/Developer/Xcode/DerivedData/iOS-avedbudfywsssrcrcpqwadfjuouo/Build/Products/Debug-iphonesimulator/Protobuf -F /Users/depoll/Library/Developer/Xcode/DerivedData/iOS-avedbudfywsssrcrcpqwadfjuouo/Build/Products/Debug-iphonesimulator/RecaptchaInterop -F /Users/depoll/Library/Developer/Xcode/DerivedData/iOS-avedbudfywsssrcrcpqwadfjuouo/Build/Products/Debug-iphonesimulator/abseil -F /Users/depoll/Library/Developer/Xcode/DerivedData/iOS-avedbudfywsssrcrcpqwadfjuouo/Build/Products/Debug-iphonesimulator/gRPC-C++ -F /Users/depoll/Library/Developer/Xcode/DerivedData/iOS-avedbudfywsssrcrcpqwadfjuouo/Build/Products/Debug-iphonesimulator/gRPC-Core -F /Users/depoll/Library/Developer/Xcode/DerivedData/iOS-avedbudfywsssrcrcpqwadfjuouo/Build/Products/Debug-iphonesimulator/leveldb-library -F /Users/depoll/Library/Developer/Xcode/DerivedData/iOS-avedbudfywsssrcrcpqwadfjuouo/Build/Products/Debug-iphonesimulator/nanopb -F /Users/depoll/Code/depollsoft/iOS/tagmaster -c -j10 -enable-batch-mode -incremental -Xcc -ivfsstatcache -Xcc /Users/depoll/Library/Developer/Xcode/DerivedData/SDKStatCaches.noindex/iphonesimulator26.1-23B77-90cf18a4295e390e64c810bc6bd7acbc.sdkstatcache -output-file-map /Users/depoll/Library/Developer/Xcode/DerivedData/iOS-avedbudfywsssrcrcpqwadfjuouo/Build/Intermediates.noindex/tagmaster.build/Debug-iphonesimulator/tagmaster.build/Objects-normal/arm64/tagmaster-OutputFileMap.json -use-frontend-parseable-output -save-temps -no-color-diagnostics -explicit-module-build -module-cache-path /Users/depoll/Library/Developer/Xcode/DerivedData/iOS-avedbudfywsssrcrcpqwadfjuouo/Build/Intermediates.noindex/SwiftExplicitPrecompiledModules -clang-scanner-module-cache-path /Users/depoll/Library/Developer/Xcode/DerivedData/ModuleCache.noindex -sdk-module-cache-path /Users/depoll/Library/Developer/Xcode/DerivedData/ModuleCache.noindex -serialize-diagnostics -emit-dependencies -emit-module -emit-module-path /Users/depoll/Library/Developer/Xcode/DerivedData/iOS-avedbudfywsssrcrcpqwadfjuouo/Build/Intermediates.noindex/tagmaster.build/Debug-iphonesimulator/tagmaster.build/Objects-normal/arm64/tagmaster.swiftmodule -validate-clang-modules-once -clang-build-session-file /Users/depoll/Library/Developer/Xcode/DerivedData/ModuleCache.noindex/Session.modulevalidation -Xcc -I/Users/depoll/Library/Developer/Xcode/DerivedData/iOS-avedbudfywsssrcrcpqwadfjuouo/Build/Intermediates.noindex/tagmaster.build/Debug-iphonesimulator/tagmaster.build/swift-overrides.hmap -emit-const-values -Xfrontend -const-gather-protocols-file -Xfrontend /Users/depoll/Library/Developer/Xcode/DerivedData/iOS-avedbudfywsssrcrcpqwadfjuouo/Build/Intermediates.noindex/tagmaster.build/Debug-iphonesimulator/tagmaster.build/Objects-normal/arm64/tagmaster_const_extract_protocols.json -Xcc -iquote -Xcc /Users/depoll/Library/Developer/Xcode/DerivedData/iOS-avedbudfywsssrcrcpqwadfjuouo/Build/Intermediates.noindex/tagmaster.build/Debug-iphonesimulator/tagmaster.build/tagmaster-generated-files.hmap -Xcc -I/Users/depoll/Library/Developer/Xcode/DerivedData/iOS-avedbudfywsssrcrcpqwadfjuouo/Build/Intermediates.noindex/tagmaster.build/Debug-iphonesimulator/tagmaster.build/tagmaster-own-target-headers.hmap -Xcc -I/Users/depoll/Library/Developer/Xcode/DerivedData/iOS-avedbudfywsssrcrcpqwadfjuouo/Build/Intermediates.noindex/tagmaster.build/Debug-iphonesimulator/tagmaster.build/tagmaster-all-non-framework-target-headers.hmap -Xcc -ivfsoverlay -Xcc /Users/depoll/Library/Developer/Xcode/DerivedData/iOS-avedbudfywsssrcrcpqwadfjuouo/Build/Intermediates.noindex/tagmaster.build/Debug-iphonesimulator/tagmaster-85bdfcdf5e55a9673c632043f2056190-VFS-iphonesimulator/all-product-headers.yaml -Xcc -iquote -Xcc /Users/depoll/Library/Developer/Xcode/DerivedData/iOS-avedbudfywsssrcrcpqwadfjuouo/Build/Intermediates.noindex/tagmaster.build/Debug-iphonesimulator/tagmaster.build/tagmaster-project-headers.hmap -Xcc -I../depolllib -Xcc -I../depolllib/build -Xcc -I../depolllib/depolllib -Xcc -I../depolllib/depolllibTests -Xcc -I../depolllib/build/Debug-iphonesimulator -Xcc -I../depolllib/build/EagerLinkingTBDs -Xcc -I../depolllib/build/ExplicitPrecompiledModules -Xcc -I../depolllib/build/SharedPrecompiledHeaders -Xcc -I../depolllib/build/XCBuildData -Xcc -I../depolllib/build/depolllib.build -Xcc -I../depolllib/depolllib/analytics -Xcc -I../depolllib/depolllib/filecache -Xcc -I../depolllib/depolllib/json -Xcc -I../depolllib/depolllib/utils -Xcc -I../depolllib/build/Debug-iphonesimulator/depolllib.swiftmodule -Xcc -I../depolllib/build/Debug-iphonesimulator/depolllibTests.xctest -Xcc -I../depolllib/build/Debug-iphonesimulator/depolllibTests.xctest.dSYM -Xcc -I../depolllib/build/EagerLinkingTBDs/Debug-iphonesimulator -Xcc -I../depolllib/build/SharedPrecompiledHeaders/SharedPrecompiledHeaders -Xcc -I../depolllib/build/XCBuildData/0fbf9f083b9783016a33f8f6ce76c409.xcbuilddata -Xcc -I../depolllib/build/XCBuildData/5e63341ff850183923de97beffc0b79b.xcbuilddata -Xcc -I../depolllib/build/XCBuildData/647c82bc6eaa44d42556156265c64cab.xcbuilddata -Xcc -I../depolllib/build/XCBuildData/e8e93760c216b6f47c66e7b95b0eae5f.xcbuilddata -Xcc -I../depolllib/build/depolllib.build/Debug-iphonesimulator -Xcc -I../depolllib/build/Debug-iphonesimulator/depolllib.swiftmodule/Project -Xcc -I../depolllib/build/Debug-iphonesimulator/depolllibTests.xctest/_CodeSignature -Xcc -I../depolllib/build/Debug-iphonesimulator/depolllibTests.xctest.dSYM/Contents -Xcc -I../depolllib/build/SharedPrecompiledHeaders/SharedPrecompiledHeaders/14585454978199131518 -Xcc -I../depolllib/build/SharedPrecompiledHeaders/SharedPrecompiledHeaders/15409566561035903364 -Xcc -I../depolllib/build/XCBuildData/0fbf9f083b9783016a33f8f6ce76c409.xcbuilddata/attachments -Xcc -I../depolllib/build/XCBuildData/5e63341ff850183923de97beffc0b79b.xcbuilddata/attachments -Xcc -I../depolllib/build/XCBuildData/647c82bc6eaa44d42556156265c64cab.xcbuilddata/attachments -Xcc -I../depolllib/build/XCBuildData/e8e93760c216b6f47c66e7b95b0eae5f.xcbuilddata/attachments -Xcc -I../depolllib/build/depolllib.build/Debug-iphonesimulator/depolllib-b99c6a332af852df18ece60a63ca3f40-VFS-iphonesimulator -Xcc -I../depolllib/build/depolllib.build/Debug-iphonesimulator/depolllib-ff86392cddef2ed4671ee94241143919-VFS-iphonesimulator -Xcc -I../depolllib/build/depolllib.build/Debug-iphonesimulator/depolllib.build -Xcc -I../depolllib/build/depolllib.build/Debug-iphonesimulator/depolllibTests.build -Xcc -I../depolllib/build/Debug-iphonesimulator/depolllibTests.xctest.dSYM/Contents/Resources -Xcc -I../depolllib/build/depolllib.build/Debug-iphonesimulator/depolllib.build/DerivedSources -Xcc -I../depolllib/build/depolllib.build/Debug-iphonesimulator/depolllib.build/Objects-normal -Xcc -I../depolllib/build/depolllib.build/Debug-iphonesimulator/depolllibTests.build/Objects-normal -Xcc -I../depolllib/build/Debug-iphonesimulator/depolllibTests.xctest.dSYM/Contents/Resources/DWARF -Xcc -I../depolllib/build/Debug-iphonesimulator/depolllibTests.xctest.dSYM/Contents/Resources/Relocations -Xcc -I../depolllib/build/depolllib.build/Debug-iphonesimulator/depolllib.build/Objects-normal/x86_64 -Xcc -I../depolllib/build/depolllib.build/Debug-iphonesimulator/depolllibTests.build/Objects-normal/x86_64 -Xcc -I../depolllib/build/Debug-iphonesimulator/depolllibTests.xctest.dSYM/Contents/Resources/Relocations/x86_64 -Xcc -I../pitchperfect/pitchperfectlib -Xcc -I../pitchperfect/pitchperfectlib/build -Xcc -I../pitchperfect/pitchperfectlib/pitchperfectlib -Xcc -I../pitchperfect/pitchperfectlib/pitchperfectlibTests -Xcc -I../pitchperfect/pitchperfectlib/build/Debug-iphonesimulator -Xcc -I../pitchperfect/pitchperfectlib/build/EagerLinkingTBDs -Xcc -I../pitchperfect/pitchperfectlib/build/SharedPrecompiledHeaders -Xcc -I../pitchperfect/pitchperfectlib/build/pitchperfectlib.build -Xcc -I../pitchperfect/pitchperfectlib/build/Debug-iphonesimulator/pitchperfectlibTests.xctest -Xcc -I../pitchperfect/pitchperfectlib/build/EagerLinkingTBDs/Debug-iphonesimulator -Xcc -I../pitchperfect/pitchperfectlib/build/SharedPrecompiledHeaders/SharedPrecompiledHeaders -Xcc -I../pitchperfect/pitchperfectlib/build/pitchperfectlib.build/Debug-iphonesimulator -Xcc -I../pitchperfect/pitchperfectlib/build/SharedPrecompiledHeaders/SharedPrecompiledHeaders/11015294860662074425 -Xcc -I../pitchperfect/pitchperfectlib/build/SharedPrecompiledHeaders/SharedPrecompiledHeaders/11112979652799671619 -Xcc -I../pitchperfect/pitchperfectlib/build/SharedPrecompiledHeaders/SharedPrecompiledHeaders/14526517552322041750 -Xcc -I../pitchperfect/pitchperfectlib/build/SharedPrecompiledHeaders/SharedPrecompiledHeaders/4845431266831879257 -Xcc -I../pitchperfect/pitchperfectlib/build/pitchperfectlib.build/Debug-iphonesimulator/pitchperfectlib-a8900bce0d19abbfbf4ee5218b0f750f-VFS-iphonesimulator -Xcc -I../pitchperfect/pitchperfectlib/build/pitchperfectlib.build/Debug-iphonesimulator/pitchperfectlib.build -Xcc -I../pitchperfect/pitchperfectlib/build/pitchperfectlib.build/Debug-iphonesimulator/pitchperfectlibTests.build -Xcc -I../pitchperfect/pitchperfectlib/build/pitchperfectlib.build/Debug-iphonesimulator/pitchperfectlib.build/Objects-normal -Xcc -I../pitchperfect/pitchperfectlib/build/pitchperfectlib.build/Debug-iphonesimulator/pitchperfectlibTests.build/Objects-normal -Xcc -I../pitchperfect/pitchperfectlib/build/pitchperfectlib.build/Debug-iphonesimulator/pitchperfectlib.build/Objects-normal/x86_64 -Xcc -I../pitchperfect/pitchperfectlib/build/pitchperfectlib.build/Debug-iphonesimulator/pitchperfectlibTests.build/Objects-normal/arm64 -Xcc -I../pitchperfect/pitchperfectlib/build/pitchperfectlib.build/Debug-iphonesimulator/pitchperfectlibTests.build/Objects-normal/x86_64 -Xcc -I../pitchperfect/pitchperfectlib/build/pitchperfectlib.build/Debug-iphonesimulator/pitchperfectlibTests.build/Objects-normal/arm64/Binary -Xcc -I../pitchperfect/pitchperfectlib/build/pitchperfectlib.build/Debug-iphonesimulator/pitchperfectlibTests.build/Objects-normal/x86_64/Binary -Xcc -I/Users/depoll/Library/Developer/Xcode/DerivedData/iOS-avedbudfywsssrcrcpqwadfjuouo/Build/Products/Debug-iphonesimulator/include -Xcc -I/Users/depoll/Library/Developer/Xcode/DerivedData/iOS-avedbudfywsssrcrcpqwadfjuouo/Build/Products/Debug-iphonesimulator/AppAuth/AppAuth.framework/Headers -Xcc -I/Users/depoll/Library/Developer/Xcode/DerivedData/iOS-avedbudfywsssrcrcpqwadfjuouo/Build/Products/Debug-iphonesimulator/Bolts/Bolts.framework/Headers -Xcc -I/Users/depoll/Library/Developer/Xcode/DerivedData/iOS-avedbudfywsssrcrcpqwadfjuouo/Build/Products/Debug-iphonesimulator/BoringSSL-GRPC/openssl_grpc.framework/Headers -Xcc -I/Users/depoll/Library/Developer/Xcode/DerivedData/iOS-avedbudfywsssrcrcpqwadfjuouo/Build/Products/Debug-iphonesimulator/FirebaseAppCheckInterop/FirebaseAppCheckInterop.framework/Headers -Xcc -I/Users/depoll/Library/Developer/Xcode/DerivedData/iOS-avedbudfywsssrcrcpqwadfjuouo/Build/Products/Debug-iphonesimulator/FirebaseAuth/FirebaseAuth.framework/Headers -Xcc -I/Users/depoll/Library/Developer/Xcode/DerivedData/iOS-avedbudfywsssrcrcpqwadfjuouo/Build/Products/Debug-iphonesimulator/FirebaseAuthInterop/FirebaseAuthInterop.framework/Headers -Xcc -I/Users/depoll/Library/Developer/Xcode/DerivedData/iOS-avedbudfywsssrcrcpqwadfjuouo/Build/Products/Debug-iphonesimulator/FirebaseAuthUI/FirebaseAuthUI.framework/Headers -Xcc -I/Users/depoll/Library/Developer/Xcode/DerivedData/iOS-avedbudfywsssrcrcpqwadfjuouo/Build/Products/Debug-iphonesimulator/FirebaseCore/FirebaseCore.framework/Headers -Xcc -I/Users/depoll/Library/Developer/Xcode/DerivedData/iOS-avedbudfywsssrcrcpqwadfjuouo/Build/Products/Debug-iphonesimulator/FirebaseCoreExtension/FirebaseCoreExtension.framework/Headers -Xcc -I/Users/depoll/Library/Developer/Xcode/DerivedData/iOS-avedbudfywsssrcrcpqwadfjuouo/Build/Products/Debug-iphonesimulator/FirebaseCoreInternal/FirebaseCoreInternal.framework/Headers -Xcc -I/Users/depoll/Library/Developer/Xcode/DerivedData/iOS-avedbudfywsssrcrcpqwadfjuouo/Build/Products/Debug-iphonesimulator/FirebaseEmailAuthUI/FirebaseEmailAuthUI.framework/Headers -Xcc -I/Users/depoll/Library/Developer/Xcode/DerivedData/iOS-avedbudfywsssrcrcpqwadfjuouo/Build/Products/Debug-iphonesimulator/FirebaseFirestore/FirebaseFirestore.framework/Headers -Xcc -I/Users/depoll/Library/Developer/Xcode/DerivedData/iOS-avedbudfywsssrcrcpqwadfjuouo/Build/Products/Debug-iphonesimulator/FirebaseFirestoreInternal/FirebaseFirestoreInternal.framework/Headers -Xcc -I/Users/depoll/Library/Developer/Xcode/DerivedData/iOS-avedbudfywsssrcrcpqwadfjuouo/Build/Products/Debug-iphonesimulator/FirebaseFunctions/FirebaseFunctions.framework/Headers -Xcc -I/Users/depoll/Library/Developer/Xcode/DerivedData/iOS-avedbudfywsssrcrcpqwadfjuouo/Build/Products/Debug-iphonesimulator/FirebaseMessagingInterop/FirebaseMessagingInterop.framework/Headers -Xcc -I/Users/depoll/Library/Developer/Xcode/DerivedData/iOS-avedbudfywsssrcrcpqwadfjuouo/Build/Products/Debug-iphonesimulator/FirebaseSharedSwift/FirebaseSharedSwift.framework/Headers -Xcc -I/Users/depoll/Library/Developer/Xcode/DerivedData/iOS-avedbudfywsssrcrcpqwadfjuouo/Build/Products/Debug-iphonesimulator/GTMAppAuth/GTMAppAuth.framework/Headers -Xcc -I/Users/depoll/Library/Developer/Xcode/DerivedData/iOS-avedbudfywsssrcrcpqwadfjuouo/Build/Products/Debug-iphonesimulator/GTMSessionFetcher/GTMSessionFetcher.framework/Headers -Xcc -I/Users/depoll/Library/Developer/Xcode/DerivedData/iOS-avedbudfywsssrcrcpqwadfjuouo/Build/Products/Debug-iphonesimulator/GoogleUtilities/GoogleUtilities.framework/Headers -Xcc -I/Users/depoll/Library/Developer/Xcode/DerivedData/iOS-avedbudfywsssrcrcpqwadfjuouo/Build/Products/Debug-iphonesimulator/Parse/Parse.framework/Headers -Xcc -I/Users/depoll/Library/Developer/Xcode/DerivedData/iOS-avedbudfywsssrcrcpqwadfjuouo/Build/Products/Debug-iphonesimulator/Protobuf/Protobuf.framework/Headers -Xcc -I/Users/depoll/Library/Developer/Xcode/DerivedData/iOS-avedbudfywsssrcrcpqwadfjuouo/Build/Products/Debug-iphonesimulator/RecaptchaInterop/RecaptchaInterop.framework/Headers -Xcc -I/Users/depoll/Library/Developer/Xcode/DerivedData/iOS-avedbudfywsssrcrcpqwadfjuouo/Build/Products/Debug-iphonesimulator/abseil/absl.framework/Headers -Xcc -I/Users/depoll/Library/Developer/Xcode/DerivedData/iOS-avedbudfywsssrcrcpqwadfjuouo/Build/Products/Debug-iphonesimulator/gRPC-C++/grpcpp.framework/Headers -Xcc -I/Users/depoll/Library/Developer/Xcode/DerivedData/iOS-avedbudfywsssrcrcpqwadfjuouo/Build/Products/Debug-iphonesimulator/gRPC-Core/grpc.framework/Headers -Xcc -I/Users/depoll/Library/Developer/Xcode/DerivedData/iOS-avedbudfywsssrcrcpqwadfjuouo/Build/Products/Debug-iphonesimulator/leveldb-library/leveldb.framework/Headers -Xcc -I/Users/depoll/Library/Developer/Xcode/DerivedData/iOS-avedbudfywsssrcrcpqwadfjuouo/Build/Products/Debug-iphonesimulator/nanopb/nanopb.framework/Headers -Xcc -I/Users/depoll/Code/depollsoft/iOS/Pods/Headers/Public -Xcc -I/Users/depoll/Code/depollsoft/iOS/Pods/Headers/Public/Firebase -Xcc -I/Users/depoll/Code/depollsoft/iOS/Pods/Firebase/CoreOnly/Sources -Xcc -I/Users/depoll/Code/depollsoft/iOS/Pods/Firebase/CoreOnly/Sources -Xcc -I/Users/depoll/Code/depollsoft/iOS/Pods/FirebaseUI/FirebaseAuthUI -Xcc -I/Users/depoll/Code/depollsoft/iOS/Pods/FirebaseUI/FirebaseEmailAuthUI -Xcc -I/Users/depoll/Code/depollsoft/iOS/Pods/FirebaseUI/FirebaseFacebookAuthUI -Xcc -I/Users/depoll/Code/depollsoft/iOS/Pods/FirebaseUI/FirebaseGoogleAuthUI -Xcc -I/Users/depoll/Code/depollsoft/iOS/Pods/FirebaseUI/FirebaseOAuthUI -Xcc -I/Sources/FBLPromises/include -Xcc -I/Users/depoll/Library/Developer/Xcode/DerivedData/iOS-avedbudfywsssrcrcpqwadfjuouo/Build/Products/Debug-iphonesimulator/Firebase -Xcc -I/Users/depoll/Library/Developer/Xcode/DerivedData/iOS-avedbudfywsssrcrcpqwadfjuouo/Build/Intermediates.noindex/tagmaster.build/Debug-iphonesimulator/tagmaster.build/DerivedSources-normal/arm64 -Xcc -I/Users/depoll/Library/Developer/Xcode/DerivedData/iOS-avedbudfywsssrcrcpqwadfjuouo/Build/Intermediates.noindex/tagmaster.build/Debug-iphonesimulator/tagmaster.build/DerivedSources/arm64 -Xcc -I/Users/depoll/Library/Developer/Xcode/DerivedData/iOS-avedbudfywsssrcrcpqwadfjuouo/Build/Intermediates.noindex/tagmaster.build/Debug-iphonesimulator/tagmaster.build/DerivedSources -Xcc -DDEBUG\=1 -Xcc -DCOCOAPODS\=1 -Xcc -DDEBUG\=1 -Xcc -DGPB_USE_PROTOBUF_FRAMEWORK_IMPORTS\=1 -Xcc -DDEBUG\=1 -Xcc -DPB_FIELD_32BIT\=1 -Xcc -DPB_NO_PACKED_STRUCTS\=1 -Xcc -DPB_ENABLE_MALLOC\=1 -emit-objc-header -emit-objc-header-path /Users/depoll/Library/Developer/Xcode/DerivedData/iOS-avedbudfywsssrcrcpqwadfjuouo/Build/Intermediates.noindex/tagmaster.build/Debug-iphonesimulator/tagmaster.build/Objects-normal/arm64/tagmaster-Swift.h -import-objc-header /Users/depoll/Code/depollsoft/iOS/tagmaster/tagmaster/tagmaster-Bridging-Header.h -working-directory /Users/depoll/Code/depollsoft/iOS/tagmaster -experimental-emit-module-separately -disable-cmo

SwiftGeneratePch normal arm64 Compiling\ bridging\ header (in target 'tagmaster' from project 'tagmaster')

SwiftDriverJobDiscovery normal arm64 Compiling bridging header (in target 'tagmaster' from project 'tagmaster')

SwiftEmitModule normal arm64 Emitting\ module\ for\ tagmaster (in target 'tagmaster' from project 'tagmaster')

EmitSwiftModule normal arm64 (in target 'tagmaster' from project 'tagmaster')
    cd /Users/depoll/Code/depollsoft/iOS/tagmaster
    

SwiftDriverJobDiscovery normal arm64 Emitting module for tagmaster (in target 'tagmaster' from project 'tagmaster')

SwiftDriver\ Compilation\ Requirements tagmaster normal arm64 com.apple.xcode.tools.swift.compiler (in target 'tagmaster' from project 'tagmaster')
    cd /Users/depoll/Code/depollsoft/iOS/tagmaster
    builtin-Swift-Compilation-Requirements -- /Applications/Xcode.app/Contents/Developer/Toolchains/XcodeDefault.xctoolchain/usr/bin/swiftc -module-name tagmaster -Onone -enforce-exclusivity\=checked @/Users/depoll/Library/Developer/Xcode/DerivedData/iOS-avedbudfywsssrcrcpqwadfjuouo/Build/Intermediates.noindex/tagmaster.build/Debug-iphonesimulator/tagmaster.build/Objects-normal/arm64/tagmaster.SwiftFileList -D COCOAPODS -enable-bare-slash-regex -enable-experimental-feature DebugDescriptionMacro -sdk /Applications/Xcode.app/Contents/Developer/Platforms/iPhoneSimulator.platform/Developer/SDKs/iPhoneSimulator26.1.sdk -target arm64-apple-ios15.0-simulator -g -module-cache-path /Users/depoll/Library/Developer/Xcode/DerivedData/ModuleCache.noindex -Xfrontend -serialize-debugging-options -profile-coverage-mapping -profile-generate -enable-testing -index-store-path /Users/depoll/Library/Developer/Xcode/DerivedData/iOS-avedbudfywsssrcrcpqwadfjuouo/Index.noindex/DataStore -Xcc -D_LIBCPP_HARDENING_MODE\=_LIBCPP_HARDENING_MODE_DEBUG -swift-version 5 -I /Users/depoll/Library/Developer/Xcode/DerivedData/iOS-avedbudfywsssrcrcpqwadfjuouo/Build/Products/Debug-iphonesimulator -F /Users/depoll/Library/Developer/Xcode/DerivedData/iOS-avedbudfywsssrcrcpqwadfjuouo/Build/Products/Debug-iphonesimulator -F /Users/depoll/Library/Developer/Xcode/DerivedData/iOS-avedbudfywsssrcrcpqwadfjuouo/Build/Products/Debug-iphonesimulator/AppAuth -F /Users/depoll/Library/Developer/Xcode/DerivedData/iOS-avedbudfywsssrcrcpqwadfjuouo/Build/Products/Debug-iphonesimulator/Bolts -F /Users/depoll/Library/Developer/Xcode/DerivedData/iOS-avedbudfywsssrcrcpqwadfjuouo/Build/Products/Debug-iphonesimulator/BoringSSL-GRPC -F /Users/depoll/Library/Developer/Xcode/DerivedData/iOS-avedbudfywsssrcrcpqwadfjuouo/Build/Products/Debug-iphonesimulator/FirebaseAppCheckInterop -F /Users/depoll/Library/Developer/Xcode/DerivedData/iOS-avedbudfywsssrcrcpqwadfjuouo/Build/Products/Debug-iphonesimulator/FirebaseAuth -F /Users/depoll/Library/Developer/Xcode/DerivedData/iOS-avedbudfywsssrcrcpqwadfjuouo/Build/Products/Debug-iphonesimulator/FirebaseAuthInterop -F /Users/depoll/Library/Developer/Xcode/DerivedData/iOS-avedbudfywsssrcrcpqwadfjuouo/Build/Products/Debug-iphonesimulator/FirebaseAuthUI -F /Users/depoll/Library/Developer/Xcode/DerivedData/iOS-avedbudfywsssrcrcpqwadfjuouo/Build/Products/Debug-iphonesimulator/FirebaseCore -F /Users/depoll/Library/Developer/Xcode/DerivedData/iOS-avedbudfywsssrcrcpqwadfjuouo/Build/Products/Debug-iphonesimulator/FirebaseCoreExtension -F /Users/depoll/Library/Developer/Xcode/DerivedData/iOS-avedbudfywsssrcrcpqwadfjuouo/Build/Products/Debug-iphonesimulator/FirebaseCoreInternal -F /Users/depoll/Library/Developer/Xcode/DerivedData/iOS-avedbudfywsssrcrcpqwadfjuouo/Build/Products/Debug-iphonesimulator/FirebaseEmailAuthUI -F /Users/depoll/Library/Developer/Xcode/DerivedData/iOS-avedbudfywsssrcrcpqwadfjuouo/Build/Products/Debug-iphonesimulator/FirebaseFirestore -F /Users/depoll/Library/Developer/Xcode/DerivedData/iOS-avedbudfywsssrcrcpqwadfjuouo/Build/Products/Debug-iphonesimulator/FirebaseFirestoreInternal -F /Users/depoll/Library/Developer/Xcode/DerivedData/iOS-avedbudfywsssrcrcpqwadfjuouo/Build/Products/Debug-iphonesimulator/FirebaseFunctions -F /Users/depoll/Library/Developer/Xcode/DerivedData/iOS-avedbudfywsssrcrcpqwadfjuouo/Build/Products/Debug-iphonesimulator/FirebaseMessagingInterop -F /Users/depoll/Library/Developer/Xcode/DerivedData/iOS-avedbudfywsssrcrcpqwadfjuouo/Build/Products/Debug-iphonesimulator/FirebaseSharedSwift -F /Users/depoll/Library/Developer/Xcode/DerivedData/iOS-avedbudfywsssrcrcpqwadfjuouo/Build/Products/Debug-iphonesimulator/GTMAppAuth -F /Users/depoll/Library/Developer/Xcode/DerivedData/iOS-avedbudfywsssrcrcpqwadfjuouo/Build/Products/Debug-iphonesimulator/GTMSessionFetcher -F /Users/depoll/Library/Developer/Xcode/DerivedData/iOS-avedbudfywsssrcrcpqwadfjuouo/Build/Products/Debug-iphonesimulator/GoogleUtilities -F /Users/depoll/Library/Developer/Xcode/DerivedData/iOS-avedbudfywsssrcrcpqwadfjuouo/Build/Products/Debug-iphonesimulator/Parse -F /Users/depoll/Library/Developer/Xcode/DerivedData/iOS-avedbudfywsssrcrcpqwadfjuouo/Build/Products/Debug-iphonesimulator/Protobuf -F /Users/depoll/Library/Developer/Xcode/DerivedData/iOS-avedbudfywsssrcrcpqwadfjuouo/Build/Products/Debug-iphonesimulator/RecaptchaInterop -F /Users/depoll/Library/Developer/Xcode/DerivedData/iOS-avedbudfywsssrcrcpqwadfjuouo/Build/Products/Debug-iphonesimulator/abseil -F /Users/depoll/Library/Developer/Xcode/DerivedData/iOS-avedbudfywsssrcrcpqwadfjuouo/Build/Products/Debug-iphonesimulator/gRPC-C++ -F /Users/depoll/Library/Developer/Xcode/DerivedData/iOS-avedbudfywsssrcrcpqwadfjuouo/Build/Products/Debug-iphonesimulator/gRPC-Core -F /Users/depoll/Library/Developer/Xcode/DerivedData/iOS-avedbudfywsssrcrcpqwadfjuouo/Build/Products/Debug-iphonesimulator/leveldb-library -F /Users/depoll/Library/Developer/Xcode/DerivedData/iOS-avedbudfywsssrcrcpqwadfjuouo/Build/Products/Debug-iphonesimulator/nanopb -F /Users/depoll/Code/depollsoft/iOS/tagmaster -c -j10 -enable-batch-mode -incremental -Xcc -ivfsstatcache -Xcc /Users/depoll/Library/Developer/Xcode/DerivedData/SDKStatCaches.noindex/iphonesimulator26.1-23B77-90cf18a4295e390e64c810bc6bd7acbc.sdkstatcache -output-file-map /Users/depoll/Library/Developer/Xcode/DerivedData/iOS-avedbudfywsssrcrcpqwadfjuouo/Build/Intermediates.noindex/tagmaster.build/Debug-iphonesimulator/tagmaster.build/Objects-normal/arm64/tagmaster-OutputFileMap.json -use-frontend-parseable-output -save-temps -no-color-diagnostics -explicit-module-build -module-cache-path /Users/depoll/Library/Developer/Xcode/DerivedData/iOS-avedbudfywsssrcrcpqwadfjuouo/Build/Intermediates.noindex/SwiftExplicitPrecompiledModules -clang-scanner-module-cache-path /Users/depoll/Library/Developer/Xcode/DerivedData/ModuleCache.noindex -sdk-module-cache-path /Users/depoll/Library/Developer/Xcode/DerivedData/ModuleCache.noindex -serialize-diagnostics -emit-dependencies -emit-module -emit-module-path /Users/depoll/Library/Developer/Xcode/DerivedData/iOS-avedbudfywsssrcrcpqwadfjuouo/Build/Intermediates.noindex/tagmaster.build/Debug-iphonesimulator/tagmaster.build/Objects-normal/arm64/tagmaster.swiftmodule -validate-clang-modules-once -clang-build-session-file /Users/depoll/Library/Developer/Xcode/DerivedData/ModuleCache.noindex/Session.modulevalidation -Xcc -I/Users/depoll/Library/Developer/Xcode/DerivedData/iOS-avedbudfywsssrcrcpqwadfjuouo/Build/Intermediates.noindex/tagmaster.build/Debug-iphonesimulator/tagmaster.build/swift-overrides.hmap -emit-const-values -Xfrontend -const-gather-protocols-file -Xfrontend /Users/depoll/Library/Developer/Xcode/DerivedData/iOS-avedbudfywsssrcrcpqwadfjuouo/Build/Intermediates.noindex/tagmaster.build/Debug-iphonesimulator/tagmaster.build/Objects-normal/arm64/tagmaster_const_extract_protocols.json -Xcc -iquote -Xcc /Users/depoll/Library/Developer/Xcode/DerivedData/iOS-avedbudfywsssrcrcpqwadfjuouo/Build/Intermediates.noindex/tagmaster.build/Debug-iphonesimulator/tagmaster.build/tagmaster-generated-files.hmap -Xcc -I/Users/depoll/Library/Developer/Xcode/DerivedData/iOS-avedbudfywsssrcrcpqwadfjuouo/Build/Intermediates.noindex/tagmaster.build/Debug-iphonesimulator/tagmaster.build/tagmaster-own-target-headers.hmap -Xcc -I/Users/depoll/Library/Developer/Xcode/DerivedData/iOS-avedbudfywsssrcrcpqwadfjuouo/Build/Intermediates.noindex/tagmaster.build/Debug-iphonesimulator/tagmaster.build/tagmaster-all-non-framework-target-headers.hmap -Xcc -ivfsoverlay -Xcc /Users/depoll/Library/Developer/Xcode/DerivedData/iOS-avedbudfywsssrcrcpqwadfjuouo/Build/Intermediates.noindex/tagmaster.build/Debug-iphonesimulator/tagmaster-85bdfcdf5e55a9673c632043f2056190-VFS-iphonesimulator/all-product-headers.yaml -Xcc -iquote -Xcc /Users/depoll/Library/Developer/Xcode/DerivedData/iOS-avedbudfywsssrcrcpqwadfjuouo/Build/Intermediates.noindex/tagmaster.build/Debug-iphonesimulator/tagmaster.build/tagmaster-project-headers.hmap -Xcc -I../depolllib -Xcc -I../depolllib/build -Xcc -I../depolllib/depolllib -Xcc -I../depolllib/depolllibTests -Xcc -I../depolllib/build/Debug-iphonesimulator -Xcc -I../depolllib/build/EagerLinkingTBDs -Xcc -I../depolllib/build/ExplicitPrecompiledModules -Xcc -I../depolllib/build/SharedPrecompiledHeaders -Xcc -I../depolllib/build/XCBuildData -Xcc -I../depolllib/build/depolllib.build -Xcc -I../depolllib/depolllib/analytics -Xcc -I../depolllib/depolllib/filecache -Xcc -I../depolllib/depolllib/json -Xcc -I../depolllib/depolllib/utils -Xcc -I../depolllib/build/Debug-iphonesimulator/depolllib.swiftmodule -Xcc -I../depolllib/build/Debug-iphonesimulator/depolllibTests.xctest -Xcc -I../depolllib/build/Debug-iphonesimulator/depolllibTests.xctest.dSYM -Xcc -I../depolllib/build/EagerLinkingTBDs/Debug-iphonesimulator -Xcc -I../depolllib/build/SharedPrecompiledHeaders/SharedPrecompiledHeaders -Xcc -I../depolllib/build/XCBuildData/0fbf9f083b9783016a33f8f6ce76c409.xcbuilddata -Xcc -I../depolllib/build/XCBuildData/5e63341ff850183923de97beffc0b79b.xcbuilddata -Xcc -I../depolllib/build/XCBuildData/647c82bc6eaa44d42556156265c64cab.xcbuilddata -Xcc -I../depolllib/build/XCBuildData/e8e93760c216b6f47c66e7b95b0eae5f.xcbuilddata -Xcc -I../depolllib/build/depolllib.build/Debug-iphonesimulator -Xcc -I../depolllib/build/Debug-iphonesimulator/depolllib.swiftmodule/Project -Xcc -I../depolllib/build/Debug-iphonesimulator/depolllibTests.xctest/_CodeSignature -Xcc -I../depolllib/build/Debug-iphonesimulator/depolllibTests.xctest.dSYM/Contents -Xcc -I../depolllib/build/SharedPrecompiledHeaders/SharedPrecompiledHeaders/14585454978199131518 -Xcc -I../depolllib/build/SharedPrecompiledHeaders/SharedPrecompiledHeaders/15409566561035903364 -Xcc -I../depolllib/build/XCBuildData/0fbf9f083b9783016a33f8f6ce76c409.xcbuilddata/attachments -Xcc -I../depolllib/build/XCBuildData/5e63341ff850183923de97beffc0b79b.xcbuilddata/attachments -Xcc -I../depolllib/build/XCBuildData/647c82bc6eaa44d42556156265c64cab.xcbuilddata/attachments -Xcc -I../depolllib/build/XCBuildData/e8e93760c216b6f47c66e7b95b0eae5f.xcbuilddata/attachments -Xcc -I../depolllib/build/depolllib.build/Debug-iphonesimulator/depolllib-b99c6a332af852df18ece60a63ca3f40-VFS-iphonesimulator -Xcc -I../depolllib/build/depolllib.build/Debug-iphonesimulator/depolllib-ff86392cddef2ed4671ee94241143919-VFS-iphonesimulator -Xcc -I../depolllib/build/depolllib.build/Debug-iphonesimulator/depolllib.build -Xcc -I../depolllib/build/depolllib.build/Debug-iphonesimulator/depolllibTests.build -Xcc -I../depolllib/build/Debug-iphonesimulator/depolllibTests.xctest.dSYM/Contents/Resources -Xcc -I../depolllib/build/depolllib.build/Debug-iphonesimulator/depolllib.build/DerivedSources -Xcc -I../depolllib/build/depolllib.build/Debug-iphonesimulator/depolllib.build/Objects-normal -Xcc -I../depolllib/build/depolllib.build/Debug-iphonesimulator/depolllibTests.build/Objects-normal -Xcc -I../depolllib/build/Debug-iphonesimulator/depolllibTests.xctest.dSYM/Contents/Resources/DWARF -Xcc -I../depolllib/build/Debug-iphonesimulator/depolllibTests.xctest.dSYM/Contents/Resources/Relocations -Xcc -I../depolllib/build/depolllib.build/Debug-iphonesimulator/depolllib.build/Objects-normal/x86_64 -Xcc -I../depolllib/build/depolllib.build/Debug-iphonesimulator/depolllibTests.build/Objects-normal/x86_64 -Xcc -I../depolllib/build/Debug-iphonesimulator/depolllibTests.xctest.dSYM/Contents/Resources/Relocations/x86_64 -Xcc -I../pitchperfect/pitchperfectlib -Xcc -I../pitchperfect/pitchperfectlib/build -Xcc -I../pitchperfect/pitchperfectlib/pitchperfectlib -Xcc -I../pitchperfect/pitchperfectlib/pitchperfectlibTests -Xcc -I../pitchperfect/pitchperfectlib/build/Debug-iphonesimulator -Xcc -I../pitchperfect/pitchperfectlib/build/EagerLinkingTBDs -Xcc -I../pitchperfect/pitchperfectlib/build/SharedPrecompiledHeaders -Xcc -I../pitchperfect/pitchperfectlib/build/pitchperfectlib.build -Xcc -I../pitchperfect/pitchperfectlib/build/Debug-iphonesimulator/pitchperfectlibTests.xctest -Xcc -I../pitchperfect/pitchperfectlib/build/EagerLinkingTBDs/Debug-iphonesimulator -Xcc -I../pitchperfect/pitchperfectlib/build/SharedPrecompiledHeaders/SharedPrecompiledHeaders -Xcc -I../pitchperfect/pitchperfectlib/build/pitchperfectlib.build/Debug-iphonesimulator -Xcc -I../pitchperfect/pitchperfectlib/build/SharedPrecompiledHeaders/SharedPrecompiledHeaders/11015294860662074425 -Xcc -I../pitchperfect/pitchperfectlib/build/SharedPrecompiledHeaders/SharedPrecompiledHeaders/11112979652799671619 -Xcc -I../pitchperfect/pitchperfectlib/build/SharedPrecompiledHeaders/SharedPrecompiledHeaders/14526517552322041750 -Xcc -I../pitchperfect/pitchperfectlib/build/SharedPrecompiledHeaders/SharedPrecompiledHeaders/4845431266831879257 -Xcc -I../pitchperfect/pitchperfectlib/build/pitchperfectlib.build/Debug-iphonesimulator/pitchperfectlib-a8900bce0d19abbfbf4ee5218b0f750f-VFS-iphonesimulator -Xcc -I../pitchperfect/pitchperfectlib/build/pitchperfectlib.build/Debug-iphonesimulator/pitchperfectlib.build -Xcc -I../pitchperfect/pitchperfectlib/build/pitchperfectlib.build/Debug-iphonesimulator/pitchperfectlibTests.build -Xcc -I../pitchperfect/pitchperfectlib/build/pitchperfectlib.build/Debug-iphonesimulator/pitchperfectlib.build/Objects-normal -Xcc -I../pitchperfect/pitchperfectlib/build/pitchperfectlib.build/Debug-iphonesimulator/pitchperfectlibTests.build/Objects-normal -Xcc -I../pitchperfect/pitchperfectlib/build/pitchperfectlib.build/Debug-iphonesimulator/pitchperfectlib.build/Objects-normal/x86_64 -Xcc -I../pitchperfect/pitchperfectlib/build/pitchperfectlib.build/Debug-iphonesimulator/pitchperfectlibTests.build/Objects-normal/arm64 -Xcc -I../pitchperfect/pitchperfectlib/build/pitchperfectlib.build/Debug-iphonesimulator/pitchperfectlibTests.build/Objects-normal/x86_64 -Xcc -I../pitchperfect/pitchperfectlib/build/pitchperfectlib.build/Debug-iphonesimulator/pitchperfectlibTests.build/Objects-normal/arm64/Binary -Xcc -I../pitchperfect/pitchperfectlib/build/pitchperfectlib.build/Debug-iphonesimulator/pitchperfectlibTests.build/Objects-normal/x86_64/Binary -Xcc -I/Users/depoll/Library/Developer/Xcode/DerivedData/iOS-avedbudfywsssrcrcpqwadfjuouo/Build/Products/Debug-iphonesimulator/include -Xcc -I/Users/depoll/Library/Developer/Xcode/DerivedData/iOS-avedbudfywsssrcrcpqwadfjuouo/Build/Products/Debug-iphonesimulator/AppAuth/AppAuth.framework/Headers -Xcc -I/Users/depoll/Library/Developer/Xcode/DerivedData/iOS-avedbudfywsssrcrcpqwadfjuouo/Build/Products/Debug-iphonesimulator/Bolts/Bolts.framework/Headers -Xcc -I/Users/depoll/Library/Developer/Xcode/DerivedData/iOS-avedbudfywsssrcrcpqwadfjuouo/Build/Products/Debug-iphonesimulator/BoringSSL-GRPC/openssl_grpc.framework/Headers -Xcc -I/Users/depoll/Library/Developer/Xcode/DerivedData/iOS-avedbudfywsssrcrcpqwadfjuouo/Build/Products/Debug-iphonesimulator/FirebaseAppCheckInterop/FirebaseAppCheckInterop.framework/Headers -Xcc -I/Users/depoll/Library/Developer/Xcode/DerivedData/iOS-avedbudfywsssrcrcpqwadfjuouo/Build/Products/Debug-iphonesimulator/FirebaseAuth/FirebaseAuth.framework/Headers -Xcc -I/Users/depoll/Library/Developer/Xcode/DerivedData/iOS-avedbudfywsssrcrcpqwadfjuouo/Build/Products/Debug-iphonesimulator/FirebaseAuthInterop/FirebaseAuthInterop.framework/Headers -Xcc -I/Users/depoll/Library/Developer/Xcode/DerivedData/iOS-avedbudfywsssrcrcpqwadfjuouo/Build/Products/Debug-iphonesimulator/FirebaseAuthUI/FirebaseAuthUI.framework/Headers -Xcc -I/Users/depoll/Library/Developer/Xcode/DerivedData/iOS-avedbudfywsssrcrcpqwadfjuouo/Build/Products/Debug-iphonesimulator/FirebaseCore/FirebaseCore.framework/Headers -Xcc -I/Users/depoll/Library/Developer/Xcode/DerivedData/iOS-avedbudfywsssrcrcpqwadfjuouo/Build/Products/Debug-iphonesimulator/FirebaseCoreExtension/FirebaseCoreExtension.framework/Headers -Xcc -I/Users/depoll/Library/Developer/Xcode/DerivedData/iOS-avedbudfywsssrcrcpqwadfjuouo/Build/Products/Debug-iphonesimulator/FirebaseCoreInternal/FirebaseCoreInternal.framework/Headers -Xcc -I/Users/depoll/Library/Developer/Xcode/DerivedData/iOS-avedbudfywsssrcrcpqwadfjuouo/Build/Products/Debug-iphonesimulator/FirebaseEmailAuthUI/FirebaseEmailAuthUI.framework/Headers -Xcc -I/Users/depoll/Library/Developer/Xcode/DerivedData/iOS-avedbudfywsssrcrcpqwadfjuouo/Build/Products/Debug-iphonesimulator/FirebaseFirestore/FirebaseFirestore.framework/Headers -Xcc -I/Users/depoll/Library/Developer/Xcode/DerivedData/iOS-avedbudfywsssrcrcpqwadfjuouo/Build/Products/Debug-iphonesimulator/FirebaseFirestoreInternal/FirebaseFirestoreInternal.framework/Headers -Xcc -I/Users/depoll/Library/Developer/Xcode/DerivedData/iOS-avedbudfywsssrcrcpqwadfjuouo/Build/Products/Debug-iphonesimulator/FirebaseFunctions/FirebaseFunctions.framework/Headers -Xcc -I/Users/depoll/Library/Developer/Xcode/DerivedData/iOS-avedbudfywsssrcrcpqwadfjuouo/Build/Products/Debug-iphonesimulator/FirebaseMessagingInterop/FirebaseMessagingInterop.framework/Headers -Xcc -I/Users/depoll/Library/Developer/Xcode/DerivedData/iOS-avedbudfywsssrcrcpqwadfjuouo/Build/Products/Debug-iphonesimulator/FirebaseSharedSwift/FirebaseSharedSwift.framework/Headers -Xcc -I/Users/depoll/Library/Developer/Xcode/DerivedData/iOS-avedbudfywsssrcrcpqwadfjuouo/Build/Products/Debug-iphonesimulator/GTMAppAuth/GTMAppAuth.framework/Headers -Xcc -I/Users/depoll/Library/Developer/Xcode/DerivedData/iOS-avedbudfywsssrcrcpqwadfjuouo/Build/Products/Debug-iphonesimulator/GTMSessionFetcher/GTMSessionFetcher.framework/Headers -Xcc -I/Users/depoll/Library/Developer/Xcode/DerivedData/iOS-avedbudfywsssrcrcpqwadfjuouo/Build/Products/Debug-iphonesimulator/GoogleUtilities/GoogleUtilities.framework/Headers -Xcc -I/Users/depoll/Library/Developer/Xcode/DerivedData/iOS-avedbudfywsssrcrcpqwadfjuouo/Build/Products/Debug-iphonesimulator/Parse/Parse.framework/Headers -Xcc -I/Users/depoll/Library/Developer/Xcode/DerivedData/iOS-avedbudfywsssrcrcpqwadfjuouo/Build/Products/Debug-iphonesimulator/Protobuf/Protobuf.framework/Headers -Xcc -I/Users/depoll/Library/Developer/Xcode/DerivedData/iOS-avedbudfywsssrcrcpqwadfjuouo/Build/Products/Debug-iphonesimulator/RecaptchaInterop/RecaptchaInterop.framework/Headers -Xcc -I/Users/depoll/Library/Developer/Xcode/DerivedData/iOS-avedbudfywsssrcrcpqwadfjuouo/Build/Products/Debug-iphonesimulator/abseil/absl.framework/Headers -Xcc -I/Users/depoll/Library/Developer/Xcode/DerivedData/iOS-avedbudfywsssrcrcpqwadfjuouo/Build/Products/Debug-iphonesimulator/gRPC-C++/grpcpp.framework/Headers -Xcc -I/Users/depoll/Library/Developer/Xcode/DerivedData/iOS-avedbudfywsssrcrcpqwadfjuouo/Build/Products/Debug-iphonesimulator/gRPC-Core/grpc.framework/Headers -Xcc -I/Users/depoll/Library/Developer/Xcode/DerivedData/iOS-avedbudfywsssrcrcpqwadfjuouo/Build/Products/Debug-iphonesimulator/leveldb-library/leveldb.framework/Headers -Xcc -I/Users/depoll/Library/Developer/Xcode/DerivedData/iOS-avedbudfywsssrcrcpqwadfjuouo/Build/Products/Debug-iphonesimulator/nanopb/nanopb.framework/Headers -Xcc -I/Users/depoll/Code/depollsoft/iOS/Pods/Headers/Public -Xcc -I/Users/depoll/Code/depollsoft/iOS/Pods/Headers/Public/Firebase -Xcc -I/Users/depoll/Code/depollsoft/iOS/Pods/Firebase/CoreOnly/Sources -Xcc -I/Users/depoll/Code/depollsoft/iOS/Pods/Firebase/CoreOnly/Sources -Xcc -I/Users/depoll/Code/depollsoft/iOS/Pods/FirebaseUI/FirebaseAuthUI -Xcc -I/Users/depoll/Code/depollsoft/iOS/Pods/FirebaseUI/FirebaseEmailAuthUI -Xcc -I/Users/depoll/Code/depollsoft/iOS/Pods/FirebaseUI/FirebaseFacebookAuthUI -Xcc -I/Users/depoll/Code/depollsoft/iOS/Pods/FirebaseUI/FirebaseGoogleAuthUI -Xcc -I/Users/depoll/Code/depollsoft/iOS/Pods/FirebaseUI/FirebaseOAuthUI -Xcc -I/Sources/FBLPromises/include -Xcc -I/Users/depoll/Library/Developer/Xcode/DerivedData/iOS-avedbudfywsssrcrcpqwadfjuouo/Build/Products/Debug-iphonesimulator/Firebase -Xcc -I/Users/depoll/Library/Developer/Xcode/DerivedData/iOS-avedbudfywsssrcrcpqwadfjuouo/Build/Intermediates.noindex/tagmaster.build/Debug-iphonesimulator/tagmaster.build/DerivedSources-normal/arm64 -Xcc -I/Users/depoll/Library/Developer/Xcode/DerivedData/iOS-avedbudfywsssrcrcpqwadfjuouo/Build/Intermediates.noindex/tagmaster.build/Debug-iphonesimulator/tagmaster.build/DerivedSources/arm64 -Xcc -I/Users/depoll/Library/Developer/Xcode/DerivedData/iOS-avedbudfywsssrcrcpqwadfjuouo/Build/Intermediates.noindex/tagmaster.build/Debug-iphonesimulator/tagmaster.build/DerivedSources -Xcc -DDEBUG\=1 -Xcc -DCOCOAPODS\=1 -Xcc -DDEBUG\=1 -Xcc -DGPB_USE_PROTOBUF_FRAMEWORK_IMPORTS\=1 -Xcc -DDEBUG\=1 -Xcc -DPB_FIELD_32BIT\=1 -Xcc -DPB_NO_PACKED_STRUCTS\=1 -Xcc -DPB_ENABLE_MALLOC\=1 -emit-objc-header -emit-objc-header-path /Users/depoll/Library/Developer/Xcode/DerivedData/iOS-avedbudfywsssrcrcpqwadfjuouo/Build/Intermediates.noindex/tagmaster.build/Debug-iphonesimulator/tagmaster.build/Objects-normal/arm64/tagmaster-Swift.h -import-objc-header /Users/depoll/Code/depollsoft/iOS/tagmaster/tagmaster/tagmaster-Bridging-Header.h -working-directory /Users/depoll/Code/depollsoft/iOS/tagmaster -experimental-emit-module-separately -disable-cmo

Copy /Users/depoll/Library/Developer/Xcode/DerivedData/iOS-avedbudfywsssrcrcpqwadfjuouo/Build/Products/Debug-iphonesimulator/tagmaster.swiftmodule/arm64-apple-ios-simulator.abi.json /Users/depoll/Library/Developer/Xcode/DerivedData/iOS-avedbudfywsssrcrcpqwadfjuouo/Build/Intermediates.noindex/tagmaster.build/Debug-iphonesimulator/tagmaster.build/Objects-normal/arm64/tagmaster.abi.json (in target 'tagmaster' from project 'tagmaster')
    cd /Users/depoll/Code/depollsoft/iOS/tagmaster
    builtin-copy -exclude .DS_Store -exclude CVS -exclude .svn -exclude .git -exclude .hg -resolve-src-symlinks -rename /Users/depoll/Library/Developer/Xcode/DerivedData/iOS-avedbudfywsssrcrcpqwadfjuouo/Build/Intermediates.noindex/tagmaster.build/Debug-iphonesimulator/tagmaster.build/Objects-normal/arm64/tagmaster.abi.json /Users/depoll/Library/Developer/Xcode/DerivedData/iOS-avedbudfywsssrcrcpqwadfjuouo/Build/Products/Debug-iphonesimulator/tagmaster.swiftmodule/arm64-apple-ios-simulator.abi.json

PhaseScriptExecution Run\ Script /Users/depoll/Library/Developer/Xcode/DerivedData/iOS-avedbudfywsssrcrcpqwadfjuouo/Build/Intermediates.noindex/tagmaster.build/Debug-iphonesimulator/tagmaster.build/Script-1E6943E01F1EDA3100B7B425.sh (in target 'tagmaster' from project 'tagmaster')
    cd /Users/depoll/Code/depollsoft/iOS/tagmaster
    export ACTION\=build
    export AD_HOC_CODE_SIGNING_ALLOWED\=YES
    export AGGREGATE_TRACKED_DOMAINS\=YES
    export ALLOW_BUILD_REQUEST_OVERRIDES\=NO
    export ALLOW_TARGET_PLATFORM_SPECIALIZATION\=NO
    export ALTERNATE_GROUP\=staff
    export ALTERNATE_MODE\=u+w,go-w,a+rX
    export ALTERNATE_OWNER\=depoll
    export ALTERNATIVE_DISTRIBUTION_WEB\=NO
    export ALWAYS_EMBED_SWIFT_STANDARD_LIBRARIES\=YES
    export ALWAYS_SEARCH_USER_PATHS\=YES
    export ALWAYS_USE_SEPARATE_HEADERMAPS\=NO
    export APPLICATION_EXTENSION_API_ONLY\=NO
    export APPLY_RULES_IN_COPY_FILES\=NO
    export APPLY_RULES_IN_COPY_HEADERS\=NO
    export APP_SHORTCUTS_ENABLE_FLEXIBLE_MATCHING\=YES
    export ARCHS\=arm64
    export ARCHS_STANDARD\=arm64\ x86_64
    export ARCHS_STANDARD_32_64_BIT\=arm64\ x86_64
    export ARCHS_STANDARD_64_BIT\=arm64\ x86_64
    export ARCHS_STANDARD_INCLUDING_64_BIT\=arm64\ x86_64
    export ARCHS_UNIVERSAL_IPHONE_OS\=arm64\ x86_64
    export ASSETCATALOG_COMPILER_APPICON_NAME\=AppIcon
    export ASSETCATALOG_COMPILER_LAUNCHIMAGE_NAME\=LaunchImage
    export ASSETCATALOG_FILTER_FOR_DEVICE_MODEL\=iPhone17,3
    export ASSETCATALOG_FILTER_FOR_DEVICE_OS_VERSION\=18.6
    export ASSETCATALOG_FILTER_FOR_THINNING_DEVICE_CONFIGURATION\=iPhone17,3
    export AUTOMATICALLY_MERGE_DEPENDENCIES\=NO
    export AUTOMATION_APPLE_EVENTS\=NO
    export AVAILABLE_PLATFORMS\=android\ appletvos\ appletvsimulator\ driverkit\ iphoneos\ iphonesimulator\ macosx\ qnx\ watchos\ watchsimulator\ webassembly\ xros\ xrsimulator
    export AppIdentifierPrefix\=43AWMS3YJX.
    export BUILD_ACTIVE_RESOURCES_ONLY\=YES
    export BUILD_COMPONENTS\=headers\ build
    export BUILD_DIR\=/Users/depoll/Library/Developer/Xcode/DerivedData/iOS-avedbudfywsssrcrcpqwadfjuouo/Build/Products
    export BUILD_LIBRARY_FOR_DISTRIBUTION\=NO
    export BUILD_ROOT\=/Users/depoll/Library/Developer/Xcode/DerivedData/iOS-avedbudfywsssrcrcpqwadfjuouo/Build/Products
    export BUILD_STYLE\=
    export BUILD_VARIANTS\=normal
    export BUILT_PRODUCTS_DIR\=/Users/depoll/Library/Developer/Xcode/DerivedData/iOS-avedbudfywsssrcrcpqwadfjuouo/Build/Products/Debug-iphonesimulator
    export BUNDLE_CONTENTS_FOLDER_PATH_deep\=Contents/
    export BUNDLE_EXECUTABLE_FOLDER_NAME_deep\=MacOS
    export BUNDLE_EXTENSIONS_FOLDER_PATH\=Extensions
    export BUNDLE_FORMAT\=shallow
    export BUNDLE_FRAMEWORKS_FOLDER_PATH\=Frameworks
    export BUNDLE_PLUGINS_FOLDER_PATH\=PlugIns
    export BUNDLE_PRIVATE_HEADERS_FOLDER_PATH\=PrivateHeaders
    export BUNDLE_PUBLIC_HEADERS_FOLDER_PATH\=Headers
    export CACHE_ROOT\=/var/folders/t3/74hfljcd1bsc2k0mwj3tx1j00000gn/C/com.apple.DeveloperTools/26.1.1-17B100/Xcode
    export CCHROOT\=/var/folders/t3/74hfljcd1bsc2k0mwj3tx1j00000gn/C/com.apple.DeveloperTools/26.1.1-17B100/Xcode
    export CHMOD\=/bin/chmod
    export CHOWN\=/usr/sbin/chown
    export CLANG_ANALYZER_LOCALIZABILITY_NONLOCALIZED\=YES
    export CLANG_CACHE_FINE_GRAINED_OUTPUTS\=YES
    export CLANG_COVERAGE_MAPPING\=YES
    export CLANG_ENABLE_EXPLICIT_MODULES\=YES
    export CLANG_ENABLE_MODULES\=YES
    export CLANG_ENABLE_OBJC_ARC\=YES
    export CLANG_MODULES_BUILD_SESSION_FILE\=/Users/depoll/Library/Developer/Xcode/DerivedData/ModuleCache.noindex/Session.modulevalidation
    export CLANG_PROFILE_DATA_DIRECTORY\=/Users/depoll/Library/Developer/Xcode/DerivedData/iOS-avedbudfywsssrcrcpqwadfjuouo/Build/ProfileData
    export CLANG_WARN_BLOCK_CAPTURE_AUTORELEASING\=YES
    export CLANG_WARN_BOOL_CONVERSION\=YES
    export CLANG_WARN_COMMA\=YES
    export CLANG_WARN_CONSTANT_CONVERSION\=YES
    export CLANG_WARN_DEPRECATED_OBJC_IMPLEMENTATIONS\=YES
    export CLANG_WARN_EMPTY_BODY\=YES
    export CLANG_WARN_ENUM_CONVERSION\=YES
    export CLANG_WARN_INFINITE_RECURSION\=YES
    export CLANG_WARN_INT_CONVERSION\=YES
    export CLANG_WARN_NON_LITERAL_NULL_CONVERSION\=YES
    export CLANG_WARN_OBJC_IMPLICIT_RETAIN_SELF\=YES
    export CLANG_WARN_OBJC_LITERAL_CONVERSION\=YES
    export CLANG_WARN_QUOTED_INCLUDE_IN_FRAMEWORK_HEADER\=NO
    export CLANG_WARN_RANGE_LOOP_ANALYSIS\=YES
    export CLANG_WARN_STRICT_PROTOTYPES\=YES
    export CLANG_WARN_SUSPICIOUS_MOVE\=YES
    export CLANG_WARN_UNREACHABLE_CODE\=YES
    export CLANG_WARN__DUPLICATE_METHOD_MATCH\=YES
    export CLASS_FILE_DIR\=/Users/depoll/Library/Developer/Xcode/DerivedData/iOS-avedbudfywsssrcrcpqwadfjuouo/Build/Intermediates.noindex/tagmaster.build/Debug-iphonesimulator/tagmaster.build/JavaClasses
    export CLEAN_PRECOMPS\=YES
    export CLONE_HEADERS\=NO
    export CODESIGNING_FOLDER_PATH\=/Users/depoll/Library/Developer/Xcode/DerivedData/iOS-avedbudfywsssrcrcpqwadfjuouo/Build/Products/Debug-iphonesimulator/tagmaster.app
    export CODE_SIGNING_ALLOWED\=YES
    export CODE_SIGNING_REQUIRED\=YES
    export CODE_SIGN_CONTEXT_CLASS\=XCiPhoneSimulatorCodeSignContext
    export CODE_SIGN_ENTITLEMENTS\=tagmaster/tagmaster.entitlements
    export CODE_SIGN_IDENTITY\=-
    export CODE_SIGN_INJECT_BASE_ENTITLEMENTS\=YES
    export COLOR_DIAGNOSTICS\=NO
    export COMBINE_HIDPI_IMAGES\=NO
    export COMPILATION_CACHE_CAS_PATH\=/Users/depoll/Library/Developer/Xcode/DerivedData/CompilationCache.noindex
    export COMPILATION_CACHE_KEEP_CAS_DIRECTORY\=YES
    export COMPILER_INDEX_STORE_ENABLE\=Default
    export COMPOSITE_SDK_DIRS\=/Users/depoll/Library/Developer/Xcode/DerivedData/iOS-avedbudfywsssrcrcpqwadfjuouo/Build/Intermediates.noindex/CompositeSDKs
    export COMPRESS_PNG_FILES\=YES
    export CONFIGURATION\=Debug
    export CONFIGURATION_BUILD_DIR\=/Users/depoll/Library/Developer/Xcode/DerivedData/iOS-avedbudfywsssrcrcpqwadfjuouo/Build/Products/Debug-iphonesimulator
    export CONFIGURATION_TEMP_DIR\=/Users/depoll/Library/Developer/Xcode/DerivedData/iOS-avedbudfywsssrcrcpqwadfjuouo/Build/Intermediates.noindex/tagmaster.build/Debug-iphonesimulator
    export CONTENTS_FOLDER_PATH\=tagmaster.app
    export CONTENTS_FOLDER_PATH_SHALLOW_BUNDLE_NO\=tagmaster.app/Contents
    export CONTENTS_FOLDER_PATH_SHALLOW_BUNDLE_YES\=tagmaster.app
    export COPYING_PRESERVES_HFS_DATA\=NO
    export COPY_HEADERS_RUN_UNIFDEF\=NO
    export COPY_PHASE_STRIP\=NO
    export CORRESPONDING_DEVICE_PLATFORM_DIR\=/Applications/Xcode.app/Contents/Developer/Platforms/iPhoneOS.platform
    export CORRESPONDING_DEVICE_PLATFORM_NAME\=iphoneos
    export CORRESPONDING_DEVICE_SDK_DIR\=/Applications/Xcode.app/Contents/Developer/Platforms/iPhoneOS.platform/Developer/SDKs/iPhoneOS26.1.sdk
    export CORRESPONDING_DEVICE_SDK_NAME\=iphoneos26.1
    export CP\=/bin/cp
    export CREATE_INFOPLIST_SECTION_IN_BINARY\=NO
    export CURRENT_ARCH\=undefined_arch
    export CURRENT_PROJECT_VERSION\=2.0.5
    export CURRENT_VARIANT\=normal
    export DEAD_CODE_STRIPPING\=YES
    export DEBUGGING_SYMBOLS\=YES
    export DEBUG_INFORMATION_FORMAT\=dwarf-with-dsym
    export DEBUG_INFORMATION_VERSION\=compiler-default
    export DEFAULT_COMPILER\=com.apple.compilers.llvm.clang.1_0
    export DEFAULT_DEXT_INSTALL_PATH\=/System/Library/DriverExtensions
    export DEFAULT_KEXT_INSTALL_PATH\=/System/Library/Extensions
    export DEFINES_MODULE\=YES
    export DEPLOYMENT_LOCATION\=NO
    export DEPLOYMENT_POSTPROCESSING\=NO
    export DEPLOYMENT_TARGET_SETTING_NAME\=IPHONEOS_DEPLOYMENT_TARGET
    export DEPLOYMENT_TARGET_SUGGESTED_VALUES\=12.0\ 12.1\ 12.2\ 12.3\ 12.4\ 13.0\ 13.1\ 13.2\ 13.3\ 13.4\ 13.5\ 13.6\ 14.0\ 14.1\ 14.2\ 14.3\ 14.4\ 14.5\ 14.6\ 14.7\ 15.0\ 15.1\ 15.2\ 15.3\ 15.4\ 15.5\ 15.6\ 16.0\ 16.1\ 16.2\ 16.3\ 16.4\ 16.5\ 16.6\ 17.0\ 17.1\ 17.2\ 17.3\ 17.4\ 17.5\ 17.6\ 18.0\ 18.1\ 18.2\ 18.3\ 18.4\ 18.5\ 18.6\ 26.0\ 26.1
    export DERIVED_FILES_DIR\=/Users/depoll/Library/Developer/Xcode/DerivedData/iOS-avedbudfywsssrcrcpqwadfjuouo/Build/Intermediates.noindex/tagmaster.build/Debug-iphonesimulator/tagmaster.build/DerivedSources
    export DERIVED_FILE_DIR\=/Users/depoll/Library/Developer/Xcode/DerivedData/iOS-avedbudfywsssrcrcpqwadfjuouo/Build/Intermediates.noindex/tagmaster.build/Debug-iphonesimulator/tagmaster.build/DerivedSources
    export DERIVED_SOURCES_DIR\=/Users/depoll/Library/Developer/Xcode/DerivedData/iOS-avedbudfywsssrcrcpqwadfjuouo/Build/Intermediates.noindex/tagmaster.build/Debug-iphonesimulator/tagmaster.build/DerivedSources
    export DEVELOPER_APPLICATIONS_DIR\=/Applications/Xcode.app/Contents/Developer/Applications
    export DEVELOPER_BIN_DIR\=/Applications/Xcode.app/Contents/Developer/usr/bin
    export DEVELOPER_DIR\=/Applications/Xcode.app/Contents/Developer
    export DEVELOPER_FRAMEWORKS_DIR\=/Applications/Xcode.app/Contents/Developer/Library/Frameworks
    export DEVELOPER_FRAMEWORKS_DIR_QUOTED\=/Applications/Xcode.app/Contents/Developer/Library/Frameworks
    export DEVELOPER_LIBRARY_DIR\=/Applications/Xcode.app/Contents/Developer/Library
    export DEVELOPER_SDK_DIR\=/Applications/Xcode.app/Contents/Developer/Platforms/MacOSX.platform/Developer/SDKs
    export DEVELOPER_TOOLS_DIR\=/Applications/Xcode.app/Contents/Developer/Tools
    export DEVELOPER_USR_DIR\=/Applications/Xcode.app/Contents/Developer/usr
    export DEVELOPMENT_LANGUAGE\=en
    export DEVELOPMENT_TEAM\=43AWMS3YJX
    export DIAGNOSE_MISSING_TARGET_DEPENDENCIES\=YES
    export DIFF\=/usr/bin/diff
    export DOCUMENTATION_FOLDER_PATH\=tagmaster.app/en.lproj/Documentation
    export DONT_GENERATE_INFOPLIST_FILE\=NO
    export DSTROOT\=/tmp/tagmaster.dst
    export DT_TOOLCHAIN_DIR\=/Applications/Xcode.app/Contents/Developer/Toolchains/XcodeDefault.xctoolchain
    export DWARF_DSYM_FILE_NAME\=tagmaster.app.dSYM
    export DWARF_DSYM_FILE_SHOULD_ACCOMPANY_PRODUCT\=NO
    export DWARF_DSYM_FOLDER_PATH\=/Users/depoll/Library/Developer/Xcode/DerivedData/iOS-avedbudfywsssrcrcpqwadfjuouo/Build/Products/Debug-iphonesimulator
    export DYNAMIC_LIBRARY_EXTENSION\=dylib
    export EAGER_COMPILATION_ALLOW_SCRIPTS\=NO
    export EAGER_LINKING\=NO
    export EFFECTIVE_PLATFORM_NAME\=-iphonesimulator
    export EMBEDDED_CONTENT_CONTAINS_SWIFT\=NO
    export EMBED_ASSET_PACKS_IN_PRODUCT_BUNDLE\=NO
    export ENABLE_APP_SANDBOX\=NO
    export ENABLE_CODE_COVERAGE\=YES
    export ENABLE_CPLUSPLUS_BOUNDS_SAFE_BUFFERS\=NO
    export ENABLE_C_BOUNDS_SAFETY\=NO
    export ENABLE_DEBUG_DYLIB\=YES
    export ENABLE_DEFAULT_HEADER_SEARCH_PATHS\=YES
    export ENABLE_DEFAULT_SEARCH_PATHS\=YES
    export ENABLE_ENHANCED_SECURITY\=NO
    export ENABLE_HARDENED_RUNTIME\=NO
    export ENABLE_HEADER_DEPENDENCIES\=YES
    export ENABLE_INCOMING_NETWORK_CONNECTIONS\=NO
    export ENABLE_ON_DEMAND_RESOURCES\=YES
    export ENABLE_OUTGOING_NETWORK_CONNECTIONS\=NO
    export ENABLE_POINTER_AUTHENTICATION\=NO
    export ENABLE_PREVIEWS\=NO
    export ENABLE_RESOURCE_ACCESS_AUDIO_INPUT\=NO
    export ENABLE_RESOURCE_ACCESS_BLUETOOTH\=NO
    export ENABLE_RESOURCE_ACCESS_CALENDARS\=NO
    export ENABLE_RESOURCE_ACCESS_CAMERA\=NO
    export ENABLE_RESOURCE_ACCESS_CONTACTS\=NO
    export ENABLE_RESOURCE_ACCESS_LOCATION\=NO
    export ENABLE_RESOURCE_ACCESS_PHOTO_LIBRARY\=NO
    export ENABLE_RESOURCE_ACCESS_PRINTING\=NO
    export ENABLE_RESOURCE_ACCESS_USB\=NO
    export ENABLE_SDK_IMPORTS\=NO
    export ENABLE_SECURITY_COMPILER_WARNINGS\=NO
    export ENABLE_STRICT_OBJC_MSGSEND\=YES
    export ENABLE_TESTABILITY\=YES
    export ENABLE_TESTING_SEARCH_PATHS\=NO
    export ENABLE_USER_SCRIPT_SANDBOXING\=NO
    export ENABLE_XOJIT_PREVIEWS\=YES
    export ENFORCE_VALID_ARCHS\=YES
    export ENTITLEMENTS_ALLOWED\=NO
    export ENTITLEMENTS_DESTINATION\=__entitlements
    export ENTITLEMENTS_REQUIRED\=NO
    export EXCLUDED_ARCHS\=x86_64
    export EXCLUDED_INSTALLSRC_SUBDIRECTORY_PATTERNS\=.DS_Store\ .svn\ .git\ .hg\ CVS
    export EXCLUDED_RECURSIVE_SEARCH_PATH_SUBDIRECTORIES\=\*.nib\ \*.lproj\ \*.framework\ \*.gch\ \*.xcode\*\ \*.xcassets\ \*.icon\ \(\*\)\ .DS_Store\ CVS\ .svn\ .git\ .hg\ \*.pbproj\ \*.pbxproj
    export EXECUTABLES_FOLDER_PATH\=tagmaster.app/Executables
    export EXECUTABLE_BLANK_INJECTION_DYLIB_PATH\=tagmaster.app/__preview.dylib
    export EXECUTABLE_DEBUG_DYLIB_INSTALL_NAME\=@rpath/tagmaster.debug.dylib
    export EXECUTABLE_DEBUG_DYLIB_PATH\=tagmaster.app/tagmaster.debug.dylib
    export EXECUTABLE_FOLDER_PATH\=tagmaster.app
    export EXECUTABLE_FOLDER_PATH_SHALLOW_BUNDLE_NO\=tagmaster.app/MacOS
    export EXECUTABLE_FOLDER_PATH_SHALLOW_BUNDLE_YES\=tagmaster.app
    export EXECUTABLE_NAME\=tagmaster
    export EXECUTABLE_PATH\=tagmaster.app/tagmaster
    export EXPANDED_CODE_SIGN_IDENTITY\=-
    export EXPANDED_CODE_SIGN_IDENTITY_NAME\=Sign\ to\ Run\ Locally
    export EXTENSIONS_FOLDER_PATH\=tagmaster.app/Extensions
    export FILE_LIST\=/Users/depoll/Library/Developer/Xcode/DerivedData/iOS-avedbudfywsssrcrcpqwadfjuouo/Build/Intermediates.noindex/tagmaster.build/Debug-iphonesimulator/tagmaster.build/Objects/LinkFileList
    export FIXED_FILES_DIR\=/Users/depoll/Library/Developer/Xcode/DerivedData/iOS-avedbudfywsssrcrcpqwadfjuouo/Build/Intermediates.noindex/tagmaster.build/Debug-iphonesimulator/tagmaster.build/FixedFiles
    export FRAMEWORKS_FOLDER_PATH\=tagmaster.app/Frameworks
    export FRAMEWORK_FLAG_PREFIX\=-framework
    export FRAMEWORK_SEARCH_PATHS\=/Users/depoll/Library/Developer/Xcode/DerivedData/iOS-avedbudfywsssrcrcpqwadfjuouo/Build/Products/Debug-iphonesimulator\ \ \"/Users/depoll/Library/Developer/Xcode/DerivedData/iOS-avedbudfywsssrcrcpqwadfjuouo/Build/Products/Debug-iphonesimulator/AppAuth\"\ \"/Users/depoll/Library/Developer/Xcode/DerivedData/iOS-avedbudfywsssrcrcpqwadfjuouo/Build/Products/Debug-iphonesimulator/Bolts\"\ \"/Users/depoll/Library/Developer/Xcode/DerivedData/iOS-avedbudfywsssrcrcpqwadfjuouo/Build/Products/Debug-iphonesimulator/BoringSSL-GRPC\"\ \"/Users/depoll/Library/Developer/Xcode/DerivedData/iOS-avedbudfywsssrcrcpqwadfjuouo/Build/Products/Debug-iphonesimulator/FirebaseAppCheckInterop\"\ \"/Users/depoll/Library/Developer/Xcode/DerivedData/iOS-avedbudfywsssrcrcpqwadfjuouo/Build/Products/Debug-iphonesimulator/FirebaseAuth\"\ \"/Users/depoll/Library/Developer/Xcode/DerivedData/iOS-avedbudfywsssrcrcpqwadfjuouo/Build/Products/Debug-iphonesimulator/FirebaseAuthInterop\"\ \"/Users/depoll/Library/Developer/Xcode/DerivedData/iOS-avedbudfywsssrcrcpqwadfjuouo/Build/Products/Debug-iphonesimulator/FirebaseAuthUI\"\ \"/Users/depoll/Library/Developer/Xcode/DerivedData/iOS-avedbudfywsssrcrcpqwadfjuouo/Build/Products/Debug-iphonesimulator/FirebaseCore\"\ \"/Users/depoll/Library/Developer/Xcode/DerivedData/iOS-avedbudfywsssrcrcpqwadfjuouo/Build/Products/Debug-iphonesimulator/FirebaseCoreExtension\"\ \"/Users/depoll/Library/Developer/Xcode/DerivedData/iOS-avedbudfywsssrcrcpqwadfjuouo/Build/Products/Debug-iphonesimulator/FirebaseCoreInternal\"\ \"/Users/depoll/Library/Developer/Xcode/DerivedData/iOS-avedbudfywsssrcrcpqwadfjuouo/Build/Products/Debug-iphonesimulator/FirebaseEmailAuthUI\"\ \"/Users/depoll/Library/Developer/Xcode/DerivedData/iOS-avedbudfywsssrcrcpqwadfjuouo/Build/Products/Debug-iphonesimulator/FirebaseFirestore\"\ \"/Users/depoll/Library/Developer/Xcode/DerivedData/iOS-avedbudfywsssrcrcpqwadfjuouo/Build/Products/Debug-iphonesimulator/FirebaseFirestoreInternal\"\ \"/Users/depoll/Library/Developer/Xcode/DerivedData/iOS-avedbudfywsssrcrcpqwadfjuouo/Build/Products/Debug-iphonesimulator/FirebaseFunctions\"\ \"/Users/depoll/Library/Developer/Xcode/DerivedData/iOS-avedbudfywsssrcrcpqwadfjuouo/Build/Products/Debug-iphonesimulator/FirebaseMessagingInterop\"\ \"/Users/depoll/Library/Developer/Xcode/DerivedData/iOS-avedbudfywsssrcrcpqwadfjuouo/Build/Products/Debug-iphonesimulator/FirebaseSharedSwift\"\ \"/Users/depoll/Library/Developer/Xcode/DerivedData/iOS-avedbudfywsssrcrcpqwadfjuouo/Build/Products/Debug-iphonesimulator/GTMAppAuth\"\ \"/Users/depoll/Library/Developer/Xcode/DerivedData/iOS-avedbudfywsssrcrcpqwadfjuouo/Build/Products/Debug-iphonesimulator/GTMSessionFetcher\"\ \"/Users/depoll/Library/Developer/Xcode/DerivedData/iOS-avedbudfywsssrcrcpqwadfjuouo/Build/Products/Debug-iphonesimulator/GoogleUtilities\"\ \"/Users/depoll/Library/Developer/Xcode/DerivedData/iOS-avedbudfywsssrcrcpqwadfjuouo/Build/Products/Debug-iphonesimulator/Parse\"\ \"/Users/depoll/Library/Developer/Xcode/DerivedData/iOS-avedbudfywsssrcrcpqwadfjuouo/Build/Products/Debug-iphonesimulator/Protobuf\"\ \"/Users/depoll/Library/Developer/Xcode/DerivedData/iOS-avedbudfywsssrcrcpqwadfjuouo/Build/Products/Debug-iphonesimulator/RecaptchaInterop\"\ \"/Users/depoll/Library/Developer/Xcode/DerivedData/iOS-avedbudfywsssrcrcpqwadfjuouo/Build/Products/Debug-iphonesimulator/abseil\"\ \"/Users/depoll/Library/Developer/Xcode/DerivedData/iOS-avedbudfywsssrcrcpqwadfjuouo/Build/Products/Debug-iphonesimulator/gRPC-C++\"\ \"/Users/depoll/Library/Developer/Xcode/DerivedData/iOS-avedbudfywsssrcrcpqwadfjuouo/Build/Products/Debug-iphonesimulator/gRPC-Core\"\ \"/Users/depoll/Library/Developer/Xcode/DerivedData/iOS-avedbudfywsssrcrcpqwadfjuouo/Build/Products/Debug-iphonesimulator/leveldb-library\"\ \"/Users/depoll/Library/Developer/Xcode/DerivedData/iOS-avedbudfywsssrcrcpqwadfjuouo/Build/Products/Debug-iphonesimulator/nanopb\"\ /Users/depoll/Code/depollsoft/iOS/tagmaster
    export FRAMEWORK_VERSION\=A
    export FULL_PRODUCT_NAME\=tagmaster.app
    export FUSE_BUILD_PHASES\=YES
    export FUSE_BUILD_SCRIPT_PHASES\=NO
    export GCC3_VERSION\=3.3
    export GCC_C_LANGUAGE_STANDARD\=gnu99
    export GCC_DYNAMIC_NO_PIC\=NO
    export GCC_INLINES_ARE_PRIVATE_EXTERN\=YES
    export GCC_NO_COMMON_BLOCKS\=YES
    export GCC_OBJC_LEGACY_DISPATCH\=YES
    export GCC_OPTIMIZATION_LEVEL\=0
    export GCC_PFE_FILE_C_DIALECTS\=c\ objective-c\ c++\ objective-c++
    export GCC_PRECOMPILE_PREFIX_HEADER\=YES
    export GCC_PREFIX_HEADER\=tagmaster/tagmaster-Prefix.pch
    export GCC_PREPROCESSOR_DEFINITIONS\=DEBUG\=1\ \ COCOAPODS\=1\ DEBUG\=1\ \ GPB_USE_PROTOBUF_FRAMEWORK_IMPORTS\=1\ DEBUG\=1\ \ PB_FIELD_32BIT\=1\ PB_NO_PACKED_STRUCTS\=1\ PB_ENABLE_MALLOC\=1
    export GCC_SYMBOLS_PRIVATE_EXTERN\=NO
    export GCC_TREAT_WARNINGS_AS_ERRORS\=NO
    export GCC_VERSION\=com.apple.compilers.llvm.clang.1_0
    export GCC_VERSION_IDENTIFIER\=com_apple_compilers_llvm_clang_1_0
    export GCC_WARN_64_TO_32_BIT_CONVERSION\=YES
    export GCC_WARN_ABOUT_MISSING_PROTOTYPES\=YES
    export GCC_WARN_ABOUT_RETURN_TYPE\=YES
    export GCC_WARN_UNDECLARED_SELECTOR\=YES
    export GCC_WARN_UNINITIALIZED_AUTOS\=YES
    export GCC_WARN_UNUSED_FUNCTION\=YES
    export GCC_WARN_UNUSED_VARIABLE\=YES
    export GENERATED_MODULEMAP_DIR\=/Users/depoll/Library/Developer/Xcode/DerivedData/iOS-avedbudfywsssrcrcpqwadfjuouo/Build/Intermediates.noindex/GeneratedModuleMaps-iphonesimulator
    export GENERATE_INFOPLIST_FILE\=NO
    export GENERATE_INTERMEDIATE_TEXT_BASED_STUBS\=YES
    export GENERATE_PKGINFO_FILE\=YES
    export GENERATE_PRELINK_OBJECT_FILE\=NO
    export GENERATE_PROFILING_CODE\=NO
    export GENERATE_TEXT_BASED_STUBS\=NO
    export GID\=20
    export GROUP\=staff
    export HEADERMAP_INCLUDES_FLAT_ENTRIES_FOR_TARGET_BEING_BUILT\=YES
    export HEADERMAP_INCLUDES_FRAMEWORK_ENTRIES_FOR_ALL_PRODUCT_TYPES\=YES
    export HEADERMAP_INCLUDES_FRAMEWORK_ENTRIES_FOR_TARGETS_NOT_BEING_BUILT\=YES
    export HEADERMAP_INCLUDES_NONPUBLIC_NONPRIVATE_HEADERS\=YES
    export HEADERMAP_INCLUDES_PROJECT_HEADERS\=YES
    export HEADERMAP_USES_FRAMEWORK_PREFIX_ENTRIES\=YES
    export HEADERMAP_USES_VFS\=YES
    export HEADER_SEARCH_PATHS\=/Users/depoll/Library/Developer/Xcode/DerivedData/iOS-avedbudfywsssrcrcpqwadfjuouo/Build/Products/Debug-iphonesimulator/include\ \ \"/Users/depoll/Library/Developer/Xcode/DerivedData/iOS-avedbudfywsssrcrcpqwadfjuouo/Build/Products/Debug-iphonesimulator/AppAuth/AppAuth.framework/Headers\"\ \"/Users/depoll/Library/Developer/Xcode/DerivedData/iOS-avedbudfywsssrcrcpqwadfjuouo/Build/Products/Debug-iphonesimulator/Bolts/Bolts.framework/Headers\"\ \"/Users/depoll/Library/Developer/Xcode/DerivedData/iOS-avedbudfywsssrcrcpqwadfjuouo/Build/Products/Debug-iphonesimulator/BoringSSL-GRPC/openssl_grpc.framework/Headers\"\ \"/Users/depoll/Library/Developer/Xcode/DerivedData/iOS-avedbudfywsssrcrcpqwadfjuouo/Build/Products/Debug-iphonesimulator/FirebaseAppCheckInterop/FirebaseAppCheckInterop.framework/Headers\"\ \"/Users/depoll/Library/Developer/Xcode/DerivedData/iOS-avedbudfywsssrcrcpqwadfjuouo/Build/Products/Debug-iphonesimulator/FirebaseAuth/FirebaseAuth.framework/Headers\"\ \"/Users/depoll/Library/Developer/Xcode/DerivedData/iOS-avedbudfywsssrcrcpqwadfjuouo/Build/Products/Debug-iphonesimulator/FirebaseAuthInterop/FirebaseAuthInterop.framework/Headers\"\ \"/Users/depoll/Library/Developer/Xcode/DerivedData/iOS-avedbudfywsssrcrcpqwadfjuouo/Build/Products/Debug-iphonesimulator/FirebaseAuthUI/FirebaseAuthUI.framework/Headers\"\ \"/Users/depoll/Library/Developer/Xcode/DerivedData/iOS-avedbudfywsssrcrcpqwadfjuouo/Build/Products/Debug-iphonesimulator/FirebaseCore/FirebaseCore.framework/Headers\"\ \"/Users/depoll/Library/Developer/Xcode/DerivedData/iOS-avedbudfywsssrcrcpqwadfjuouo/Build/Products/Debug-iphonesimulator/FirebaseCoreExtension/FirebaseCoreExtension.framework/Headers\"\ \"/Users/depoll/Library/Developer/Xcode/DerivedData/iOS-avedbudfywsssrcrcpqwadfjuouo/Build/Products/Debug-iphonesimulator/FirebaseCoreInternal/FirebaseCoreInternal.framework/Headers\"\ \"/Users/depoll/Library/Developer/Xcode/DerivedData/iOS-avedbudfywsssrcrcpqwadfjuouo/Build/Products/Debug-iphonesimulator/FirebaseEmailAuthUI/FirebaseEmailAuthUI.framework/Headers\"\ \"/Users/depoll/Library/Developer/Xcode/DerivedData/iOS-avedbudfywsssrcrcpqwadfjuouo/Build/Products/Debug-iphonesimulator/FirebaseFirestore/FirebaseFirestore.framework/Headers\"\ \"/Users/depoll/Library/Developer/Xcode/DerivedData/iOS-avedbudfywsssrcrcpqwadfjuouo/Build/Products/Debug-iphonesimulator/FirebaseFirestoreInternal/FirebaseFirestoreInternal.framework/Headers\"\ \"/Users/depoll/Library/Developer/Xcode/DerivedData/iOS-avedbudfywsssrcrcpqwadfjuouo/Build/Products/Debug-iphonesimulator/FirebaseFunctions/FirebaseFunctions.framework/Headers\"\ \"/Users/depoll/Library/Developer/Xcode/DerivedData/iOS-avedbudfywsssrcrcpqwadfjuouo/Build/Products/Debug-iphonesimulator/FirebaseMessagingInterop/FirebaseMessagingInterop.framework/Headers\"\ \"/Users/depoll/Library/Developer/Xcode/DerivedData/iOS-avedbudfywsssrcrcpqwadfjuouo/Build/Products/Debug-iphonesimulator/FirebaseSharedSwift/FirebaseSharedSwift.framework/Headers\"\ \"/Users/depoll/Library/Developer/Xcode/DerivedData/iOS-avedbudfywsssrcrcpqwadfjuouo/Build/Products/Debug-iphonesimulator/GTMAppAuth/GTMAppAuth.framework/Headers\"\ \"/Users/depoll/Library/Developer/Xcode/DerivedData/iOS-avedbudfywsssrcrcpqwadfjuouo/Build/Products/Debug-iphonesimulator/GTMSessionFetcher/GTMSessionFetcher.framework/Headers\"\ \"/Users/depoll/Library/Developer/Xcode/DerivedData/iOS-avedbudfywsssrcrcpqwadfjuouo/Build/Products/Debug-iphonesimulator/GoogleUtilities/GoogleUtilities.framework/Headers\"\ \"/Users/depoll/Library/Developer/Xcode/DerivedData/iOS-avedbudfywsssrcrcpqwadfjuouo/Build/Products/Debug-iphonesimulator/Parse/Parse.framework/Headers\"\ \"/Users/depoll/Library/Developer/Xcode/DerivedData/iOS-avedbudfywsssrcrcpqwadfjuouo/Build/Products/Debug-iphonesimulator/Protobuf/Protobuf.framework/Headers\"\ \"/Users/depoll/Library/Developer/Xcode/DerivedData/iOS-avedbudfywsssrcrcpqwadfjuouo/Build/Products/Debug-iphonesimulator/RecaptchaInterop/RecaptchaInterop.framework/Headers\"\ \"/Users/depoll/Library/Developer/Xcode/DerivedData/iOS-avedbudfywsssrcrcpqwadfjuouo/Build/Products/Debug-iphonesimulator/abseil/absl.framework/Headers\"\ \"/Users/depoll/Library/Developer/Xcode/DerivedData/iOS-avedbudfywsssrcrcpqwadfjuouo/Build/Products/Debug-iphonesimulator/gRPC-C++/grpcpp.framework/Headers\"\ \"/Users/depoll/Library/Developer/Xcode/DerivedData/iOS-avedbudfywsssrcrcpqwadfjuouo/Build/Products/Debug-iphonesimulator/gRPC-Core/grpc.framework/Headers\"\ \"/Users/depoll/Library/Developer/Xcode/DerivedData/iOS-avedbudfywsssrcrcpqwadfjuouo/Build/Products/Debug-iphonesimulator/leveldb-library/leveldb.framework/Headers\"\ \"/Users/depoll/Library/Developer/Xcode/DerivedData/iOS-avedbudfywsssrcrcpqwadfjuouo/Build/Products/Debug-iphonesimulator/nanopb/nanopb.framework/Headers\"\ \"/Users/depoll/Code/depollsoft/iOS/tagmaster/../Pods/Headers/Public\"\ \"/Users/depoll/Code/depollsoft/iOS/tagmaster/../Pods/Headers/Public/Firebase\"\ \ /Users/depoll/Code/depollsoft/iOS/tagmaster/../Pods/Firebase/CoreOnly/Sources\ /Users/depoll/Code/depollsoft/iOS/tagmaster/../Pods/Firebase/CoreOnly/Sources\ /Users/depoll/Code/depollsoft/iOS/tagmaster/../Pods/FirebaseUI/FirebaseAuthUI\ /Users/depoll/Code/depollsoft/iOS/tagmaster/../Pods/FirebaseUI/FirebaseEmailAuthUI\ /Users/depoll/Code/depollsoft/iOS/tagmaster/../Pods/FirebaseUI/FirebaseFacebookAuthUI\ /Users/depoll/Code/depollsoft/iOS/tagmaster/../Pods/FirebaseUI/FirebaseGoogleAuthUI\ /Users/depoll/Code/depollsoft/iOS/tagmaster/../Pods/FirebaseUI/FirebaseOAuthUI\ \"/Sources/FBLPromises/include\"\ /Users/depoll/Library/Developer/Xcode/DerivedData/iOS-avedbudfywsssrcrcpqwadfjuouo/Build/Products/Debug-iphonesimulator/Firebase/\*\*
    export HOME\=/Users/depoll
    export HOST_ARCH\=arm64
    export HOST_PLATFORM\=macosx
    export ICONV\=/usr/bin/iconv
    export IMPLICIT_DEPENDENCY_DOMAIN\=default
    export INFOPLIST_ENABLE_CFBUNDLEICONS_MERGE\=YES
    export INFOPLIST_EXPAND_BUILD_SETTINGS\=YES
    export INFOPLIST_FILE\=tagmaster/tagmaster-Info.plist
    export INFOPLIST_OUTPUT_FORMAT\=binary
    export INFOPLIST_PATH\=tagmaster.app/Info.plist
    export INFOPLIST_PREPROCESS\=NO
    export INFOSTRINGS_PATH\=tagmaster.app/en.lproj/InfoPlist.strings
    export INLINE_PRIVATE_FRAMEWORKS\=NO
    export INSTALLAPI_IGNORE_SKIP_INSTALL\=YES
    export INSTALLHDRS_COPY_PHASE\=NO
    export INSTALLHDRS_SCRIPT_PHASE\=NO
    export INSTALL_DIR\=/tmp/tagmaster.dst/Applications
    export INSTALL_GROUP\=staff
    export INSTALL_MODE_FLAG\=u+w,go-w,a+rX
    export INSTALL_OWNER\=depoll
    export INSTALL_PATH\=/Applications
    export INSTALL_ROOT\=/tmp/tagmaster.dst
    export IPHONEOS_DEPLOYMENT_TARGET\=15.0
    export IS_UNOPTIMIZED_BUILD\=YES
    export JAVAC_DEFAULT_FLAGS\=-J-Xms64m\ -J-XX:NewSize\=4M\ -J-Dfile.encoding\=UTF8
    export JAVA_APP_STUB\=/System/Library/Frameworks/JavaVM.framework/Resources/MacOS/JavaApplicationStub
    export JAVA_ARCHIVE_CLASSES\=YES
    export JAVA_ARCHIVE_TYPE\=JAR
    export JAVA_COMPILER\=/usr/bin/javac
    export JAVA_FOLDER_PATH\=tagmaster.app/Java
    export JAVA_FRAMEWORK_RESOURCES_DIRS\=Resources
    export JAVA_JAR_FLAGS\=cv
    export JAVA_SOURCE_SUBDIR\=.
    export JAVA_USE_DEPENDENCIES\=YES
    export JAVA_ZIP_FLAGS\=-urg
    export JIKES_DEFAULT_FLAGS\=+E\ +OLDCSO
    export KEEP_PRIVATE_EXTERNS\=NO
    export LD_DEPENDENCY_INFO_FILE\=/Users/depoll/Library/Developer/Xcode/DerivedData/iOS-avedbudfywsssrcrcpqwadfjuouo/Build/Intermediates.noindex/tagmaster.build/Debug-iphonesimulator/tagmaster.build/Objects-normal/undefined_arch/tagmaster_dependency_info.dat
    export LD_ENTITLEMENTS_SECTION\=/Users/depoll/Library/Developer/Xcode/DerivedData/iOS-avedbudfywsssrcrcpqwadfjuouo/Build/Intermediates.noindex/tagmaster.build/Debug-iphonesimulator/tagmaster.build/tagmaster.app-Simulated.xcent
    export LD_ENTITLEMENTS_SECTION_DER\=/Users/depoll/Library/Developer/Xcode/DerivedData/iOS-avedbudfywsssrcrcpqwadfjuouo/Build/Intermediates.noindex/tagmaster.build/Debug-iphonesimulator/tagmaster.build/tagmaster.app-Simulated.xcent.der
    export LD_EXPORT_SYMBOLS\=YES
    export LD_GENERATE_MAP_FILE\=NO
    export LD_MAP_FILE_PATH\=/Users/depoll/Library/Developer/Xcode/DerivedData/iOS-avedbudfywsssrcrcpqwadfjuouo/Build/Intermediates.noindex/tagmaster.build/Debug-iphonesimulator/tagmaster.build/tagmaster-LinkMap-normal-undefined_arch.txt
    export LD_NO_PIE\=NO
    export LD_QUOTE_LINKER_ARGUMENTS_FOR_COMPILER_DRIVER\=YES
    export LD_RUNPATH_SEARCH_PATHS\=\ /usr/lib/swift\ \'@executable_path/Frameworks\'\ \'@loader_path/Frameworks\'\ @executable_path/Frameworks
    export LD_RUNPATH_SEARCH_PATHS_YES\=@loader_path/../Frameworks
    export LD_SHARED_CACHE_ELIGIBLE\=Automatic
    export LD_WARN_DUPLICATE_LIBRARIES\=NO
    export LD_WARN_UNUSED_DYLIBS\=NO
    export LEGACY_DEVELOPER_DIR\=/Applications/Xcode.app/Contents/PlugIns/Xcode3Core.ideplugin/Contents/SharedSupport/Developer
    export LEX\=lex
    export LIBRARY_DEXT_INSTALL_PATH\=/Library/DriverExtensions
    export LIBRARY_FLAG_NOSPACE\=YES
    export LIBRARY_FLAG_PREFIX\=-l
    export LIBRARY_KEXT_INSTALL_PATH\=/Library/Extensions
    export LIBRARY_SEARCH_PATHS\=/Users/depoll/Library/Developer/Xcode/DerivedData/iOS-avedbudfywsssrcrcpqwadfjuouo/Build/Products/Debug-iphonesimulator\ /Applications/Xcode.app/Contents/Developer/Toolchains/XcodeDefault.xctoolchain/usr/lib/swift/iphonesimulator\ /Applications/Xcode.app/Contents/Developer/Platforms/iPhoneSimulator.platform/Developer/SDKs/iPhoneSimulator26.1.sdk/usr/lib/swift
    export LINKER_DISPLAYS_MANGLED_NAMES\=NO
    export LINK_FILE_LIST_normal_arm64\=/Users/depoll/Library/Developer/Xcode/DerivedData/iOS-avedbudfywsssrcrcpqwadfjuouo/Build/Intermediates.noindex/tagmaster.build/Debug-iphonesimulator/tagmaster.build/Objects-normal/arm64/tagmaster.LinkFileList
    export LINK_OBJC_RUNTIME\=YES
    export LINK_WITH_STANDARD_LIBRARIES\=YES
    export LLVM_TARGET_TRIPLE_OS_VERSION\=ios15.0
    export LLVM_TARGET_TRIPLE_SUFFIX\=-simulator
    export LLVM_TARGET_TRIPLE_VENDOR\=apple
    export LM_AUX_CONST_METADATA_LIST_PATH_normal_arm64\=/Users/depoll/Library/Developer/Xcode/DerivedData/iOS-avedbudfywsssrcrcpqwadfjuouo/Build/Intermediates.noindex/tagmaster.build/Debug-iphonesimulator/tagmaster.build/Objects-normal/arm64/tagmaster.SwiftConstValuesFileList
    export LOCALIZATION_EXPORT_SUPPORTED\=YES
    export LOCALIZATION_PREFERS_STRING_CATALOGS\=NO
    export LOCALIZED_RESOURCES_FOLDER_PATH\=tagmaster.app/en.lproj
    export LOCALIZED_STRING_MACRO_NAMES\=NSLocalizedString\ CFCopyLocalizedString
    export LOCALIZED_STRING_SWIFTUI_SUPPORT\=YES
    export LOCAL_ADMIN_APPS_DIR\=/Applications/Utilities
    export LOCAL_APPS_DIR\=/Applications
    export LOCAL_DEVELOPER_DIR\=/Library/Developer
    export LOCAL_LIBRARY_DIR\=/Library
    export LOCROOT\=/Users/depoll/Code/depollsoft/iOS/tagmaster
    export LOCSYMROOT\=/Users/depoll/Code/depollsoft/iOS/tagmaster
    export MACH_O_TYPE\=mh_execute
    export MAC_OS_X_PRODUCT_BUILD_VERSION\=25B78
    export MAC_OS_X_VERSION_ACTUAL\=260100
    export MAC_OS_X_VERSION_MAJOR\=260000
    export MAC_OS_X_VERSION_MINOR\=260100
    export MAKE_MERGEABLE\=NO
    export MARKETING_VERSION\=2.0.2
    export MERGEABLE_LIBRARY\=NO
    export MERGED_BINARY_TYPE\=none
    export MERGE_LINKED_LIBRARIES\=NO
    export METAL_LIBRARY_FILE_BASE\=default
    export METAL_LIBRARY_OUTPUT_DIR\=/Users/depoll/Library/Developer/Xcode/DerivedData/iOS-avedbudfywsssrcrcpqwadfjuouo/Build/Products/Debug-iphonesimulator/tagmaster.app
    export MODULES_FOLDER_PATH\=tagmaster.app/Modules
    export MODULE_CACHE_DIR\=/Users/depoll/Library/Developer/Xcode/DerivedData/ModuleCache.noindex
    export NATIVE_ARCH\=arm64
    export NATIVE_ARCH_32_BIT\=arm
    export NATIVE_ARCH_64_BIT\=arm64
    export NATIVE_ARCH_ACTUAL\=arm64
    export NO_COMMON\=YES
    export OBJC_ABI_VERSION\=2
    export OBJECT_FILE_DIR\=/Users/depoll/Library/Developer/Xcode/DerivedData/iOS-avedbudfywsssrcrcpqwadfjuouo/Build/Intermediates.noindex/tagmaster.build/Debug-iphonesimulator/tagmaster.build/Objects
    export OBJECT_FILE_DIR_normal\=/Users/depoll/Library/Developer/Xcode/DerivedData/iOS-avedbudfywsssrcrcpqwadfjuouo/Build/Intermediates.noindex/tagmaster.build/Debug-iphonesimulator/tagmaster.build/Objects-normal
    export OBJROOT\=/Users/depoll/Library/Developer/Xcode/DerivedData/iOS-avedbudfywsssrcrcpqwadfjuouo/Build/Intermediates.noindex
    export ONLY_ACTIVE_ARCH\=YES
    export OS\=MACOS
    export OSAC\=/usr/bin/osacompile
    export OTHER_CFLAGS\=\ -isystem\ \"/Users/depoll/Library/Developer/Xcode/DerivedData/iOS-avedbudfywsssrcrcpqwadfjuouo/Build/Products/Debug-iphonesimulator/AppAuth/AppAuth.framework/Headers\"\ -isystem\ \"/Users/depoll/Library/Developer/Xcode/DerivedData/iOS-avedbudfywsssrcrcpqwadfjuouo/Build/Products/Debug-iphonesimulator/Bolts/Bolts.framework/Headers\"\ -isystem\ \"/Users/depoll/Library/Developer/Xcode/DerivedData/iOS-avedbudfywsssrcrcpqwadfjuouo/Build/Products/Debug-iphonesimulator/BoringSSL-GRPC/openssl_grpc.framework/Headers\"\ -isystem\ \"/Users/depoll/Code/depollsoft/iOS/tagmaster/../Pods/Headers/Public\"\ -isystem\ \"/Users/depoll/Library/Developer/Xcode/DerivedData/iOS-avedbudfywsssrcrcpqwadfjuouo/Build/Products/Debug-iphonesimulator/FirebaseAppCheckInterop/FirebaseAppCheckInterop.framework/Headers\"\ -isystem\ \"/Users/depoll/Library/Developer/Xcode/DerivedData/iOS-avedbudfywsssrcrcpqwadfjuouo/Build/Products/Debug-iphonesimulator/FirebaseAuth/FirebaseAuth.framework/Headers\"\ -isystem\ \"/Users/depoll/Library/Developer/Xcode/DerivedData/iOS-avedbudfywsssrcrcpqwadfjuouo/Build/Products/Debug-iphonesimulator/FirebaseAuthInterop/FirebaseAuthInterop.framework/Headers\"\ -isystem\ \"/Users/depoll/Library/Developer/Xcode/DerivedData/iOS-avedbudfywsssrcrcpqwadfjuouo/Build/Products/Debug-iphonesimulator/FirebaseAuthUI/FirebaseAuthUI.framework/Headers\"\ -isystem\ \"/Users/depoll/Library/Developer/Xcode/DerivedData/iOS-avedbudfywsssrcrcpqwadfjuouo/Build/Products/Debug-iphonesimulator/FirebaseCore/FirebaseCore.framework/Headers\"\ -isystem\ \"/Users/depoll/Library/Developer/Xcode/DerivedData/iOS-avedbudfywsssrcrcpqwadfjuouo/Build/Products/Debug-iphonesimulator/FirebaseCoreExtension/FirebaseCoreExtension.framework/Headers\"\ -isystem\ \"/Users/depoll/Library/Developer/Xcode/DerivedData/iOS-avedbudfywsssrcrcpqwadfjuouo/Build/Products/Debug-iphonesimulator/FirebaseCoreInternal/FirebaseCoreInternal.framework/Headers\"\ -isystem\ \"/Users/depoll/Library/Developer/Xcode/DerivedData/iOS-avedbudfywsssrcrcpqwadfjuouo/Build/Products/Debug-iphonesimulator/FirebaseEmailAuthUI/FirebaseEmailAuthUI.framework/Headers\"\ -isystem\ \"/Users/depoll/Library/Developer/Xcode/DerivedData/iOS-avedbudfywsssrcrcpqwadfjuouo/Build/Products/Debug-iphonesimulator/FirebaseFirestore/FirebaseFirestore.framework/Headers\"\ -isystem\ \"/Users/depoll/Library/Developer/Xcode/DerivedData/iOS-avedbudfywsssrcrcpqwadfjuouo/Build/Products/Debug-iphonesimulator/FirebaseFirestoreInternal/FirebaseFirestoreInternal.framework/Headers\"\ -isystem\ \"/Users/depoll/Library/Developer/Xcode/DerivedData/iOS-avedbudfywsssrcrcpqwadfjuouo/Build/Products/Debug-iphonesimulator/FirebaseFunctions/FirebaseFunctions.framework/Headers\"\ -isystem\ \"/Users/depoll/Library/Developer/Xcode/DerivedData/iOS-avedbudfywsssrcrcpqwadfjuouo/Build/Products/Debug-iphonesimulator/FirebaseMessagingInterop/FirebaseMessagingInterop.framework/Headers\"\ -isystem\ \"/Users/depoll/Library/Developer/Xcode/DerivedData/iOS-avedbudfywsssrcrcpqwadfjuouo/Build/Products/Debug-iphonesimulator/FirebaseSharedSwift/FirebaseSharedSwift.framework/Headers\"\ -isystem\ \"/Users/depoll/Library/Developer/Xcode/DerivedData/iOS-avedbudfywsssrcrcpqwadfjuouo/Build/Products/Debug-iphonesimulator/GTMAppAuth/GTMAppAuth.framework/Headers\"\ -isystem\ \"/Users/depoll/Library/Developer/Xcode/DerivedData/iOS-avedbudfywsssrcrcpqwadfjuouo/Build/Products/Debug-iphonesimulator/GTMSessionFetcher/GTMSessionFetcher.framework/Headers\"\ -isystem\ \"/Users/depoll/Library/Developer/Xcode/DerivedData/iOS-avedbudfywsssrcrcpqwadfjuouo/Build/Products/Debug-iphonesimulator/GoogleUtilities/GoogleUtilities.framework/Headers\"\ -isystem\ \"/Users/depoll/Library/Developer/Xcode/DerivedData/iOS-avedbudfywsssrcrcpqwadfjuouo/Build/Products/Debug-iphonesimulator/Parse/Parse.framework/Headers\"\ -isystem\ \"/Users/depoll/Library/Developer/Xcode/DerivedData/iOS-avedbudfywsssrcrcpqwadfjuouo/Build/Products/Debug-iphonesimulator/Protobuf/Protobuf.framework/Headers\"\ -isystem\ \"/Users/depoll/Library/Developer/Xcode/DerivedData/iOS-avedbudfywsssrcrcpqwadfjuouo/Build/Products/Debug-iphonesimulator/RecaptchaInterop/RecaptchaInterop.framework/Headers\"\ -isystem\ \"/Users/depoll/Library/Developer/Xcode/DerivedData/iOS-avedbudfywsssrcrcpqwadfjuouo/Build/Products/Debug-iphonesimulator/abseil/absl.framework/Headers\"\ -isystem\ \"/Users/depoll/Library/Developer/Xcode/DerivedData/iOS-avedbudfywsssrcrcpqwadfjuouo/Build/Products/Debug-iphonesimulator/gRPC-C++/grpcpp.framework/Headers\"\ -isystem\ \"/Users/depoll/Library/Developer/Xcode/DerivedData/iOS-avedbudfywsssrcrcpqwadfjuouo/Build/Products/Debug-iphonesimulator/gRPC-Core/grpc.framework/Headers\"\ -isystem\ \"/Users/depoll/Library/Developer/Xcode/DerivedData/iOS-avedbudfywsssrcrcpqwadfjuouo/Build/Products/Debug-iphonesimulator/leveldb-library/leveldb.framework/Headers\"\ -isystem\ \"/Users/depoll/Library/Developer/Xcode/DerivedData/iOS-avedbudfywsssrcrcpqwadfjuouo/Build/Products/Debug-iphonesimulator/nanopb/nanopb.framework/Headers\"\ -iframework\ \"/Users/depoll/Library/Developer/Xcode/DerivedData/iOS-avedbudfywsssrcrcpqwadfjuouo/Build/Products/Debug-iphonesimulator/AppAuth\"\ -iframework\ \"/Users/depoll/Library/Developer/Xcode/DerivedData/iOS-avedbudfywsssrcrcpqwadfjuouo/Build/Products/Debug-iphonesimulator/Bolts\"\ -iframework\ \"/Users/depoll/Library/Developer/Xcode/DerivedData/iOS-avedbudfywsssrcrcpqwadfjuouo/Build/Products/Debug-iphonesimulator/BoringSSL-GRPC\"\ -iframework\ \"/Users/depoll/Library/Developer/Xcode/DerivedData/iOS-avedbudfywsssrcrcpqwadfjuouo/Build/Products/Debug-iphonesimulator/FirebaseAppCheckInterop\"\ -iframework\ \"/Users/depoll/Library/Developer/Xcode/DerivedData/iOS-avedbudfywsssrcrcpqwadfjuouo/Build/Products/Debug-iphonesimulator/FirebaseAuth\"\ -iframework\ \"/Users/depoll/Library/Developer/Xcode/DerivedData/iOS-avedbudfywsssrcrcpqwadfjuouo/Build/Products/Debug-iphonesimulator/FirebaseAuthInterop\"\ -iframework\ \"/Users/depoll/Library/Developer/Xcode/DerivedData/iOS-avedbudfywsssrcrcpqwadfjuouo/Build/Products/Debug-iphonesimulator/FirebaseAuthUI\"\ -iframework\ \"/Users/depoll/Library/Developer/Xcode/DerivedData/iOS-avedbudfywsssrcrcpqwadfjuouo/Build/Products/Debug-iphonesimulator/FirebaseCore\"\ -iframework\ \"/Users/depoll/Library/Developer/Xcode/DerivedData/iOS-avedbudfywsssrcrcpqwadfjuouo/Build/Products/Debug-iphonesimulator/FirebaseCoreExtension\"\ -iframework\ \"/Users/depoll/Library/Developer/Xcode/DerivedData/iOS-avedbudfywsssrcrcpqwadfjuouo/Build/Products/Debug-iphonesimulator/FirebaseCoreInternal\"\ -iframework\ \"/Users/depoll/Library/Developer/Xcode/DerivedData/iOS-avedbudfywsssrcrcpqwadfjuouo/Build/Products/Debug-iphonesimulator/FirebaseEmailAuthUI\"\ -iframework\ \"/Users/depoll/Library/Developer/Xcode/DerivedData/iOS-avedbudfywsssrcrcpqwadfjuouo/Build/Products/Debug-iphonesimulator/FirebaseFirestore\"\ -iframework\ \"/Users/depoll/Library/Developer/Xcode/DerivedData/iOS-avedbudfywsssrcrcpqwadfjuouo/Build/Products/Debug-iphonesimulator/FirebaseFirestoreInternal\"\ -iframework\ \"/Users/depoll/Library/Developer/Xcode/DerivedData/iOS-avedbudfywsssrcrcpqwadfjuouo/Build/Products/Debug-iphonesimulator/FirebaseFunctions\"\ -iframework\ \"/Users/depoll/Library/Developer/Xcode/DerivedData/iOS-avedbudfywsssrcrcpqwadfjuouo/Build/Products/Debug-iphonesimulator/FirebaseMessagingInterop\"\ -iframework\ \"/Users/depoll/Library/Developer/Xcode/DerivedData/iOS-avedbudfywsssrcrcpqwadfjuouo/Build/Products/Debug-iphonesimulator/FirebaseSharedSwift\"\ -iframework\ \"/Users/depoll/Library/Developer/Xcode/DerivedData/iOS-avedbudfywsssrcrcpqwadfjuouo/Build/Products/Debug-iphonesimulator/GTMAppAuth\"\ -iframework\ \"/Users/depoll/Library/Developer/Xcode/DerivedData/iOS-avedbudfywsssrcrcpqwadfjuouo/Build/Products/Debug-iphonesimulator/GTMSessionFetcher\"\ -iframework\ \"/Users/depoll/Library/Developer/Xcode/DerivedData/iOS-avedbudfywsssrcrcpqwadfjuouo/Build/Products/Debug-iphonesimulator/GoogleUtilities\"\ -iframework\ \"/Users/depoll/Library/Developer/Xcode/DerivedData/iOS-avedbudfywsssrcrcpqwadfjuouo/Build/Products/Debug-iphonesimulator/Parse\"\ -iframework\ \"/Users/depoll/Library/Developer/Xcode/DerivedData/iOS-avedbudfywsssrcrcpqwadfjuouo/Build/Products/Debug-iphonesimulator/Protobuf\"\ -iframework\ \"/Users/depoll/Library/Developer/Xcode/DerivedData/iOS-avedbudfywsssrcrcpqwadfjuouo/Build/Products/Debug-iphonesimulator/RecaptchaInterop\"\ -iframework\ \"/Users/depoll/Library/Developer/Xcode/DerivedData/iOS-avedbudfywsssrcrcpqwadfjuouo/Build/Products/Debug-iphonesimulator/abseil\"\ -iframework\ \"/Users/depoll/Library/Developer/Xcode/DerivedData/iOS-avedbudfywsssrcrcpqwadfjuouo/Build/Products/Debug-iphonesimulator/gRPC-C++\"\ -iframework\ \"/Users/depoll/Library/Developer/Xcode/DerivedData/iOS-avedbudfywsssrcrcpqwadfjuouo/Build/Products/Debug-iphonesimulator/gRPC-Core\"\ -iframework\ \"/Users/depoll/Library/Developer/Xcode/DerivedData/iOS-avedbudfywsssrcrcpqwadfjuouo/Build/Products/Debug-iphonesimulator/leveldb-library\"\ -iframework\ \"/Users/depoll/Library/Developer/Xcode/DerivedData/iOS-avedbudfywsssrcrcpqwadfjuouo/Build/Products/Debug-iphonesimulator/nanopb\"
    export OTHER_CPLUSPLUSFLAGS\=\ -isystem\ \"/Users/depoll/Library/Developer/Xcode/DerivedData/iOS-avedbudfywsssrcrcpqwadfjuouo/Build/Products/Debug-iphonesimulator/AppAuth/AppAuth.framework/Headers\"\ -isystem\ \"/Users/depoll/Library/Developer/Xcode/DerivedData/iOS-avedbudfywsssrcrcpqwadfjuouo/Build/Products/Debug-iphonesimulator/Bolts/Bolts.framework/Headers\"\ -isystem\ \"/Users/depoll/Library/Developer/Xcode/DerivedData/iOS-avedbudfywsssrcrcpqwadfjuouo/Build/Products/Debug-iphonesimulator/BoringSSL-GRPC/openssl_grpc.framework/Headers\"\ -isystem\ \"/Users/depoll/Code/depollsoft/iOS/tagmaster/../Pods/Headers/Public\"\ -isystem\ \"/Users/depoll/Library/Developer/Xcode/DerivedData/iOS-avedbudfywsssrcrcpqwadfjuouo/Build/Products/Debug-iphonesimulator/FirebaseAppCheckInterop/FirebaseAppCheckInterop.framework/Headers\"\ -isystem\ \"/Users/depoll/Library/Developer/Xcode/DerivedData/iOS-avedbudfywsssrcrcpqwadfjuouo/Build/Products/Debug-iphonesimulator/FirebaseAuth/FirebaseAuth.framework/Headers\"\ -isystem\ \"/Users/depoll/Library/Developer/Xcode/DerivedData/iOS-avedbudfywsssrcrcpqwadfjuouo/Build/Products/Debug-iphonesimulator/FirebaseAuthInterop/FirebaseAuthInterop.framework/Headers\"\ -isystem\ \"/Users/depoll/Library/Developer/Xcode/DerivedData/iOS-avedbudfywsssrcrcpqwadfjuouo/Build/Products/Debug-iphonesimulator/FirebaseAuthUI/FirebaseAuthUI.framework/Headers\"\ -isystem\ \"/Users/depoll/Library/Developer/Xcode/DerivedData/iOS-avedbudfywsssrcrcpqwadfjuouo/Build/Products/Debug-iphonesimulator/FirebaseCore/FirebaseCore.framework/Headers\"\ -isystem\ \"/Users/depoll/Library/Developer/Xcode/DerivedData/iOS-avedbudfywsssrcrcpqwadfjuouo/Build/Products/Debug-iphonesimulator/FirebaseCoreExtension/FirebaseCoreExtension.framework/Headers\"\ -isystem\ \"/Users/depoll/Library/Developer/Xcode/DerivedData/iOS-avedbudfywsssrcrcpqwadfjuouo/Build/Products/Debug-iphonesimulator/FirebaseCoreInternal/FirebaseCoreInternal.framework/Headers\"\ -isystem\ \"/Users/depoll/Library/Developer/Xcode/DerivedData/iOS-avedbudfywsssrcrcpqwadfjuouo/Build/Products/Debug-iphonesimulator/FirebaseEmailAuthUI/FirebaseEmailAuthUI.framework/Headers\"\ -isystem\ \"/Users/depoll/Library/Developer/Xcode/DerivedData/iOS-avedbudfywsssrcrcpqwadfjuouo/Build/Products/Debug-iphonesimulator/FirebaseFirestore/FirebaseFirestore.framework/Headers\"\ -isystem\ \"/Users/depoll/Library/Developer/Xcode/DerivedData/iOS-avedbudfywsssrcrcpqwadfjuouo/Build/Products/Debug-iphonesimulator/FirebaseFirestoreInternal/FirebaseFirestoreInternal.framework/Headers\"\ -isystem\ \"/Users/depoll/Library/Developer/Xcode/DerivedData/iOS-avedbudfywsssrcrcpqwadfjuouo/Build/Products/Debug-iphonesimulator/FirebaseFunctions/FirebaseFunctions.framework/Headers\"\ -isystem\ \"/Users/depoll/Library/Developer/Xcode/DerivedData/iOS-avedbudfywsssrcrcpqwadfjuouo/Build/Products/Debug-iphonesimulator/FirebaseMessagingInterop/FirebaseMessagingInterop.framework/Headers\"\ -isystem\ \"/Users/depoll/Library/Developer/Xcode/DerivedData/iOS-avedbudfywsssrcrcpqwadfjuouo/Build/Products/Debug-iphonesimulator/FirebaseSharedSwift/FirebaseSharedSwift.framework/Headers\"\ -isystem\ \"/Users/depoll/Library/Developer/Xcode/DerivedData/iOS-avedbudfywsssrcrcpqwadfjuouo/Build/Products/Debug-iphonesimulator/GTMAppAuth/GTMAppAuth.framework/Headers\"\ -isystem\ \"/Users/depoll/Library/Developer/Xcode/DerivedData/iOS-avedbudfywsssrcrcpqwadfjuouo/Build/Products/Debug-iphonesimulator/GTMSessionFetcher/GTMSessionFetcher.framework/Headers\"\ -isystem\ \"/Users/depoll/Library/Developer/Xcode/DerivedData/iOS-avedbudfywsssrcrcpqwadfjuouo/Build/Products/Debug-iphonesimulator/GoogleUtilities/GoogleUtilities.framework/Headers\"\ -isystem\ \"/Users/depoll/Library/Developer/Xcode/DerivedData/iOS-avedbudfywsssrcrcpqwadfjuouo/Build/Products/Debug-iphonesimulator/Parse/Parse.framework/Headers\"\ -isystem\ \"/Users/depoll/Library/Developer/Xcode/DerivedData/iOS-avedbudfywsssrcrcpqwadfjuouo/Build/Products/Debug-iphonesimulator/Protobuf/Protobuf.framework/Headers\"\ -isystem\ \"/Users/depoll/Library/Developer/Xcode/DerivedData/iOS-avedbudfywsssrcrcpqwadfjuouo/Build/Products/Debug-iphonesimulator/RecaptchaInterop/RecaptchaInterop.framework/Headers\"\ -isystem\ \"/Users/depoll/Library/Developer/Xcode/DerivedData/iOS-avedbudfywsssrcrcpqwadfjuouo/Build/Products/Debug-iphonesimulator/abseil/absl.framework/Headers\"\ -isystem\ \"/Users/depoll/Library/Developer/Xcode/DerivedData/iOS-avedbudfywsssrcrcpqwadfjuouo/Build/Products/Debug-iphonesimulator/gRPC-C++/grpcpp.framework/Headers\"\ -isystem\ \"/Users/depoll/Library/Developer/Xcode/DerivedData/iOS-avedbudfywsssrcrcpqwadfjuouo/Build/Products/Debug-iphonesimulator/gRPC-Core/grpc.framework/Headers\"\ -isystem\ \"/Users/depoll/Library/Developer/Xcode/DerivedData/iOS-avedbudfywsssrcrcpqwadfjuouo/Build/Products/Debug-iphonesimulator/leveldb-library/leveldb.framework/Headers\"\ -isystem\ \"/Users/depoll/Library/Developer/Xcode/DerivedData/iOS-avedbudfywsssrcrcpqwadfjuouo/Build/Products/Debug-iphonesimulator/nanopb/nanopb.framework/Headers\"\ -iframework\ \"/Users/depoll/Library/Developer/Xcode/DerivedData/iOS-avedbudfywsssrcrcpqwadfjuouo/Build/Products/Debug-iphonesimulator/AppAuth\"\ -iframework\ \"/Users/depoll/Library/Developer/Xcode/DerivedData/iOS-avedbudfywsssrcrcpqwadfjuouo/Build/Products/Debug-iphonesimulator/Bolts\"\ -iframework\ \"/Users/depoll/Library/Developer/Xcode/DerivedData/iOS-avedbudfywsssrcrcpqwadfjuouo/Build/Products/Debug-iphonesimulator/BoringSSL-GRPC\"\ -iframework\ \"/Users/depoll/Library/Developer/Xcode/DerivedData/iOS-avedbudfywsssrcrcpqwadfjuouo/Build/Products/Debug-iphonesimulator/FirebaseAppCheckInterop\"\ -iframework\ \"/Users/depoll/Library/Developer/Xcode/DerivedData/iOS-avedbudfywsssrcrcpqwadfjuouo/Build/Products/Debug-iphonesimulator/FirebaseAuth\"\ -iframework\ \"/Users/depoll/Library/Developer/Xcode/DerivedData/iOS-avedbudfywsssrcrcpqwadfjuouo/Build/Products/Debug-iphonesimulator/FirebaseAuthInterop\"\ -iframework\ \"/Users/depoll/Library/Developer/Xcode/DerivedData/iOS-avedbudfywsssrcrcpqwadfjuouo/Build/Products/Debug-iphonesimulator/FirebaseAuthUI\"\ -iframework\ \"/Users/depoll/Library/Developer/Xcode/DerivedData/iOS-avedbudfywsssrcrcpqwadfjuouo/Build/Products/Debug-iphonesimulator/FirebaseCore\"\ -iframework\ \"/Users/depoll/Library/Developer/Xcode/DerivedData/iOS-avedbudfywsssrcrcpqwadfjuouo/Build/Products/Debug-iphonesimulator/FirebaseCoreExtension\"\ -iframework\ \"/Users/depoll/Library/Developer/Xcode/DerivedData/iOS-avedbudfywsssrcrcpqwadfjuouo/Build/Products/Debug-iphonesimulator/FirebaseCoreInternal\"\ -iframework\ \"/Users/depoll/Library/Developer/Xcode/DerivedData/iOS-avedbudfywsssrcrcpqwadfjuouo/Build/Products/Debug-iphonesimulator/FirebaseEmailAuthUI\"\ -iframework\ \"/Users/depoll/Library/Developer/Xcode/DerivedData/iOS-avedbudfywsssrcrcpqwadfjuouo/Build/Products/Debug-iphonesimulator/FirebaseFirestore\"\ -iframework\ \"/Users/depoll/Library/Developer/Xcode/DerivedData/iOS-avedbudfywsssrcrcpqwadfjuouo/Build/Products/Debug-iphonesimulator/FirebaseFirestoreInternal\"\ -iframework\ \"/Users/depoll/Library/Developer/Xcode/DerivedData/iOS-avedbudfywsssrcrcpqwadfjuouo/Build/Products/Debug-iphonesimulator/FirebaseFunctions\"\ -iframework\ \"/Users/depoll/Library/Developer/Xcode/DerivedData/iOS-avedbudfywsssrcrcpqwadfjuouo/Build/Products/Debug-iphonesimulator/FirebaseMessagingInterop\"\ -iframework\ \"/Users/depoll/Library/Developer/Xcode/DerivedData/iOS-avedbudfywsssrcrcpqwadfjuouo/Build/Products/Debug-iphonesimulator/FirebaseSharedSwift\"\ -iframework\ \"/Users/depoll/Library/Developer/Xcode/DerivedData/iOS-avedbudfywsssrcrcpqwadfjuouo/Build/Products/Debug-iphonesimulator/GTMAppAuth\"\ -iframework\ \"/Users/depoll/Library/Developer/Xcode/DerivedData/iOS-avedbudfywsssrcrcpqwadfjuouo/Build/Products/Debug-iphonesimulator/GTMSessionFetcher\"\ -iframework\ \"/Users/depoll/Library/Developer/Xcode/DerivedData/iOS-avedbudfywsssrcrcpqwadfjuouo/Build/Products/Debug-iphonesimulator/GoogleUtilities\"\ -iframework\ \"/Users/depoll/Library/Developer/Xcode/DerivedData/iOS-avedbudfywsssrcrcpqwadfjuouo/Build/Products/Debug-iphonesimulator/Parse\"\ -iframework\ \"/Users/depoll/Library/Developer/Xcode/DerivedData/iOS-avedbudfywsssrcrcpqwadfjuouo/Build/Products/Debug-iphonesimulator/Protobuf\"\ -iframework\ \"/Users/depoll/Library/Developer/Xcode/DerivedData/iOS-avedbudfywsssrcrcpqwadfjuouo/Build/Products/Debug-iphonesimulator/RecaptchaInterop\"\ -iframework\ \"/Users/depoll/Library/Developer/Xcode/DerivedData/iOS-avedbudfywsssrcrcpqwadfjuouo/Build/Products/Debug-iphonesimulator/abseil\"\ -iframework\ \"/Users/depoll/Library/Developer/Xcode/DerivedData/iOS-avedbudfywsssrcrcpqwadfjuouo/Build/Products/Debug-iphonesimulator/gRPC-C++\"\ -iframework\ \"/Users/depoll/Library/Developer/Xcode/DerivedData/iOS-avedbudfywsssrcrcpqwadfjuouo/Build/Products/Debug-iphonesimulator/gRPC-Core\"\ -iframework\ \"/Users/depoll/Library/Developer/Xcode/DerivedData/iOS-avedbudfywsssrcrcpqwadfjuouo/Build/Products/Debug-iphonesimulator/leveldb-library\"\ -iframework\ \"/Users/depoll/Library/Developer/Xcode/DerivedData/iOS-avedbudfywsssrcrcpqwadfjuouo/Build/Products/Debug-iphonesimulator/nanopb\"
    export OTHER_LDFLAGS\=\ -l\"c++\"\ -l\"sqlite3\"\ -l\"z\"\ -framework\ \"AppAuth\"\ -framework\ \"AudioToolbox\"\ -framework\ \"Bolts\"\ -framework\ \"CFNetwork\"\ -framework\ \"CoreGraphics\"\ -framework\ \"CoreLocation\"\ -framework\ \"FirebaseAppCheckInterop\"\ -framework\ \"FirebaseAuth\"\ -framework\ \"FirebaseAuthInterop\"\ -framework\ \"FirebaseAuthUI\"\ -framework\ \"FirebaseCore\"\ -framework\ \"FirebaseCoreExtension\"\ -framework\ \"FirebaseCoreInternal\"\ -framework\ \"FirebaseEmailAuthUI\"\ -framework\ \"FirebaseFirestore\"\ -framework\ \"FirebaseFirestoreInternal\"\ -framework\ \"FirebaseFunctions\"\ -framework\ \"FirebaseMessagingInterop\"\ -framework\ \"FirebaseSharedSwift\"\ -framework\ \"Foundation\"\ -framework\ \"GTMAppAuth\"\ -framework\ \"GTMSessionFetcher\"\ -framework\ \"GoogleUtilities\"\ -framework\ \"Parse\"\ -framework\ \"Protobuf\"\ -framework\ \"QuartzCore\"\ -framework\ \"RecaptchaInterop\"\ -framework\ \"SafariServices\"\ -framework\ \"Security\"\ -framework\ \"StoreKit\"\ -framework\ \"SystemConfiguration\"\ -framework\ \"UIKit\"\ -framework\ \"absl\"\ -framework\ \"grpc\"\ -framework\ \"grpcpp\"\ -framework\ \"leveldb\"\ -framework\ \"nanopb\"\ -framework\ \"openssl_grpc\"\ -weak_framework\ \"Accounts\"\ -weak_framework\ \"FirebaseFirestoreInternal\"\ -weak_framework\ \"Social\"\ -ObjC
    export OTHER_MODULE_VERIFIER_FLAGS\=\ \"-F/Users/depoll/Library/Developer/Xcode/DerivedData/iOS-avedbudfywsssrcrcpqwadfjuouo/Build/Products/Debug-iphonesimulator/AppAuth\"\ \"-F/Users/depoll/Library/Developer/Xcode/DerivedData/iOS-avedbudfywsssrcrcpqwadfjuouo/Build/Products/Debug-iphonesimulator/Bolts\"\ \"-F/Users/depoll/Library/Developer/Xcode/DerivedData/iOS-avedbudfywsssrcrcpqwadfjuouo/Build/Products/Debug-iphonesimulator/BoringSSL-GRPC\"\ \"-F/Users/depoll/Library/Developer/Xcode/DerivedData/iOS-avedbudfywsssrcrcpqwadfjuouo/Build/Products/Debug-iphonesimulator/Firebase\"\ \"-F/Users/depoll/Library/Developer/Xcode/DerivedData/iOS-avedbudfywsssrcrcpqwadfjuouo/Build/Products/Debug-iphonesimulator/FirebaseAppCheckInterop\"\ \"-F/Users/depoll/Library/Developer/Xcode/DerivedData/iOS-avedbudfywsssrcrcpqwadfjuouo/Build/Products/Debug-iphonesimulator/FirebaseAuth\"\ \"-F/Users/depoll/Library/Developer/Xcode/DerivedData/iOS-avedbudfywsssrcrcpqwadfjuouo/Build/Products/Debug-iphonesimulator/FirebaseAuthInterop\"\ \"-F/Users/depoll/Library/Developer/Xcode/DerivedData/iOS-avedbudfywsssrcrcpqwadfjuouo/Build/Products/Debug-iphonesimulator/FirebaseAuthUI\"\ \"-F/Users/depoll/Library/Developer/Xcode/DerivedData/iOS-avedbudfywsssrcrcpqwadfjuouo/Build/Products/Debug-iphonesimulator/FirebaseCore\"\ \"-F/Users/depoll/Library/Developer/Xcode/DerivedData/iOS-avedbudfywsssrcrcpqwadfjuouo/Build/Products/Debug-iphonesimulator/FirebaseCoreExtension\"\ \"-F/Users/depoll/Library/Developer/Xcode/DerivedData/iOS-avedbudfywsssrcrcpqwadfjuouo/Build/Products/Debug-iphonesimulator/FirebaseCoreInternal\"\ \"-F/Users/depoll/Library/Developer/Xcode/DerivedData/iOS-avedbudfywsssrcrcpqwadfjuouo/Build/Products/Debug-iphonesimulator/FirebaseEmailAuthUI\"\ \"-F/Users/depoll/Library/Developer/Xcode/DerivedData/iOS-avedbudfywsssrcrcpqwadfjuouo/Build/Products/Debug-iphonesimulator/FirebaseFirestore\"\ \"-F/Users/depoll/Library/Developer/Xcode/DerivedData/iOS-avedbudfywsssrcrcpqwadfjuouo/Build/Products/Debug-iphonesimulator/FirebaseFirestoreInternal\"\ \"-F/Users/depoll/Library/Developer/Xcode/DerivedData/iOS-avedbudfywsssrcrcpqwadfjuouo/Build/Products/Debug-iphonesimulator/FirebaseFunctions\"\ \"-F/Users/depoll/Library/Developer/Xcode/DerivedData/iOS-avedbudfywsssrcrcpqwadfjuouo/Build/Products/Debug-iphonesimulator/FirebaseMessagingInterop\"\ \"-F/Users/depoll/Library/Developer/Xcode/DerivedData/iOS-avedbudfywsssrcrcpqwadfjuouo/Build/Products/Debug-iphonesimulator/FirebaseSharedSwift\"\ \"-F/Users/depoll/Library/Developer/Xcode/DerivedData/iOS-avedbudfywsssrcrcpqwadfjuouo/Build/Products/Debug-iphonesimulator/FirebaseUI\"\ \"-F/Users/depoll/Library/Developer/Xcode/DerivedData/iOS-avedbudfywsssrcrcpqwadfjuouo/Build/Products/Debug-iphonesimulator/GTMAppAuth\"\ \"-F/Users/depoll/Library/Developer/Xcode/DerivedData/iOS-avedbudfywsssrcrcpqwadfjuouo/Build/Products/Debug-iphonesimulator/GTMSessionFetcher\"\ \"-F/Users/depoll/Library/Developer/Xcode/DerivedData/iOS-avedbudfywsssrcrcpqwadfjuouo/Build/Products/Debug-iphonesimulator/GoogleUtilities\"\ \"-F/Users/depoll/Library/Developer/Xcode/DerivedData/iOS-avedbudfywsssrcrcpqwadfjuouo/Build/Products/Debug-iphonesimulator/Parse\"\ \"-F/Users/depoll/Library/Developer/Xcode/DerivedData/iOS-avedbudfywsssrcrcpqwadfjuouo/Build/Products/Debug-iphonesimulator/Protobuf\"\ \"-F/Users/depoll/Library/Developer/Xcode/DerivedData/iOS-avedbudfywsssrcrcpqwadfjuouo/Build/Products/Debug-iphonesimulator/RecaptchaInterop\"\ \"-F/Users/depoll/Library/Developer/Xcode/DerivedData/iOS-avedbudfywsssrcrcpqwadfjuouo/Build/Products/Debug-iphonesimulator/abseil\"\ \"-F/Users/depoll/Library/Developer/Xcode/DerivedData/iOS-avedbudfywsssrcrcpqwadfjuouo/Build/Products/Debug-iphonesimulator/gRPC-C++\"\ \"-F/Users/depoll/Library/Developer/Xcode/DerivedData/iOS-avedbudfywsssrcrcpqwadfjuouo/Build/Products/Debug-iphonesimulator/gRPC-Core\"\ \"-F/Users/depoll/Library/Developer/Xcode/DerivedData/iOS-avedbudfywsssrcrcpqwadfjuouo/Build/Products/Debug-iphonesimulator/leveldb-library\"\ \"-F/Users/depoll/Library/Developer/Xcode/DerivedData/iOS-avedbudfywsssrcrcpqwadfjuouo/Build/Products/Debug-iphonesimulator/nanopb\"
    export OTHER_SWIFT_FLAGS\=\ -D\ COCOAPODS
    export PACKAGE_TYPE\=com.apple.package-type.wrapper.application
    export PASCAL_STRINGS\=YES
    export PATH\=/Applications/Xcode.app/Contents/SharedFrameworks/SwiftBuild.framework/Versions/A/PlugIns/SWBBuildService.bundle/Contents/PlugIns/SWBUniversalPlatformPlugin.bundle/Contents/Frameworks/SWBUniversalPlatform.framework/Resources:/Applications/Xcode.app/Contents/Developer/Toolchains/XcodeDefault.xctoolchain/usr/bin:/Applications/Xcode.app/Contents/Developer/Toolchains/XcodeDefault.xctoolchain/usr/local/bin:/Applications/Xcode.app/Contents/Developer/Toolchains/XcodeDefault.xctoolchain/usr/libexec:/Applications/Xcode.app/Contents/Developer/Platforms/iPhoneSimulator.platform/usr/bin:/Applications/Xcode.app/Contents/Developer/Platforms/iPhoneSimulator.platform/usr/local/bin:/Applications/Xcode.app/Contents/Developer/Platforms/iPhoneSimulator.platform/Developer/usr/bin:/Applications/Xcode.app/Contents/Developer/Platforms/iPhoneSimulator.platform/Developer/usr/local/bin:/Applications/Xcode.app/Contents/Developer/usr/bin:/Applications/Xcode.app/Contents/Developer/usr/local/bin:/Users/depoll/.rbenv/shims:/opt/homebrew/opt/openjdk/bin:/Users/depoll/opt/anaconda3/bin:/Users/depoll/opt/anaconda3/condabin:/opt/homebrew/bin:/opt/homebrew/sbin:/usr/local/bin:/System/Cryptexes/App/usr/bin:/usr/bin:/bin:/usr/sbin:/sbin:/var/run/com.apple.security.cryptexd/codex.system/bootstrap/usr/local/bin:/var/run/com.apple.security.cryptexd/codex.system/bootstrap/usr/bin:/var/run/com.apple.security.cryptexd/codex.system/bootstrap/usr/appleinternal/bin:/opt/pmk/env/global/bin:/Library/Apple/usr/bin:/usr/local/MacGPG2/bin:/Users/depoll/.cargo/bin:/Users/depoll/Library/Android/sdk/platform-tools:/Users/depoll/.local/bin:/Users/depoll/.lmstudio/bin
    export PATH_PREFIXES_EXCLUDED_FROM_HEADER_DEPENDENCIES\=/usr/include\ /usr/local/include\ /System/Library/Frameworks\ /System/Library/PrivateFrameworks\ /Applications/Xcode.app/Contents/Developer/Headers\ /Applications/Xcode.app/Contents/Developer/SDKs\ /Applications/Xcode.app/Contents/Developer/Platforms
    export PBDEVELOPMENTPLIST_PATH\=tagmaster.app/pbdevelopment.plist
    export PER_ARCH_MODULE_FILE_DIR\=/Users/depoll/Library/Developer/Xcode/DerivedData/iOS-avedbudfywsssrcrcpqwadfjuouo/Build/Intermediates.noindex/tagmaster.build/Debug-iphonesimulator/tagmaster.build/Objects-normal/undefined_arch
    export PER_ARCH_OBJECT_FILE_DIR\=/Users/depoll/Library/Developer/Xcode/DerivedData/iOS-avedbudfywsssrcrcpqwadfjuouo/Build/Intermediates.noindex/tagmaster.build/Debug-iphonesimulator/tagmaster.build/Objects-normal/undefined_arch
    export PER_VARIANT_OBJECT_FILE_DIR\=/Users/depoll/Library/Developer/Xcode/DerivedData/iOS-avedbudfywsssrcrcpqwadfjuouo/Build/Intermediates.noindex/tagmaster.build/Debug-iphonesimulator/tagmaster.build/Objects-normal
    export PKGINFO_FILE_PATH\=/Users/depoll/Library/Developer/Xcode/DerivedData/iOS-avedbudfywsssrcrcpqwadfjuouo/Build/Intermediates.noindex/tagmaster.build/Debug-iphonesimulator/tagmaster.build/PkgInfo
    export PKGINFO_PATH\=tagmaster.app/PkgInfo
    export PLATFORM_DEVELOPER_APPLICATIONS_DIR\=/Applications/Xcode.app/Contents/Developer/Platforms/iPhoneSimulator.platform/Developer/Applications
    export PLATFORM_DEVELOPER_BIN_DIR\=/Applications/Xcode.app/Contents/Developer/Platforms/iPhoneSimulator.platform/Developer/usr/bin
    export PLATFORM_DEVELOPER_LIBRARY_DIR\=/Applications/Xcode.app/Contents/Developer/Platforms/iPhoneSimulator.platform/Developer/Library
    export PLATFORM_DEVELOPER_SDK_DIR\=/Applications/Xcode.app/Contents/Developer/Platforms/iPhoneSimulator.platform/Developer/SDKs
    export PLATFORM_DEVELOPER_TOOLS_DIR\=/Applications/Xcode.app/Contents/Developer/Platforms/iPhoneSimulator.platform/Developer/Tools
    export PLATFORM_DEVELOPER_USR_DIR\=/Applications/Xcode.app/Contents/Developer/Platforms/iPhoneSimulator.platform/Developer/usr
    export PLATFORM_DIR\=/Applications/Xcode.app/Contents/Developer/Platforms/iPhoneSimulator.platform
    export PLATFORM_DISPLAY_NAME\=iOS\ Simulator
    export PLATFORM_FAMILY_NAME\=iOS
    export PLATFORM_NAME\=iphonesimulator
    export PLATFORM_PREFERRED_ARCH\=x86_64
    export PLATFORM_PRODUCT_BUILD_VERSION\=23B77
    export PLATFORM_REQUIRES_SWIFT_AUTOLINK_EXTRACT\=NO
    export PLATFORM_REQUIRES_SWIFT_MODULEWRAP\=NO
    export PLIST_FILE_OUTPUT_FORMAT\=binary
    export PLUGINS_FOLDER_PATH\=tagmaster.app/PlugIns
    export PODS_BUILD_DIR\=/Users/depoll/Library/Developer/Xcode/DerivedData/iOS-avedbudfywsssrcrcpqwadfjuouo/Build/Products
    export PODS_CONFIGURATION_BUILD_DIR\=/Users/depoll/Library/Developer/Xcode/DerivedData/iOS-avedbudfywsssrcrcpqwadfjuouo/Build/Products/Debug-iphonesimulator
    export PODS_PODFILE_DIR_PATH\=/Users/depoll/Code/depollsoft/iOS/tagmaster/..
    export PODS_ROOT\=/Users/depoll/Code/depollsoft/iOS/tagmaster/../Pods
    export PODS_XCFRAMEWORKS_BUILD_DIR\=/Users/depoll/Library/Developer/Xcode/DerivedData/iOS-avedbudfywsssrcrcpqwadfjuouo/Build/Products/Debug-iphonesimulator/XCFrameworkIntermediates
    export PRECOMPS_INCLUDE_HEADERS_FROM_BUILT_PRODUCTS_DIR\=YES
    export PRECOMP_DESTINATION_DIR\=/Users/depoll/Library/Developer/Xcode/DerivedData/iOS-avedbudfywsssrcrcpqwadfjuouo/Build/Intermediates.noindex/tagmaster.build/Debug-iphonesimulator/tagmaster.build/PrefixHeaders
    export PRIVATE_HEADERS_FOLDER_PATH\=tagmaster.app/PrivateHeaders
    export PROCESSED_INFOPLIST_PATH\=/Users/depoll/Library/Developer/Xcode/DerivedData/iOS-avedbudfywsssrcrcpqwadfjuouo/Build/Intermediates.noindex/tagmaster.build/Debug-iphonesimulator/tagmaster.build/Objects-normal/undefined_arch/Processed-Info.plist
    export PRODUCT_BUNDLE_IDENTIFIER\=depollsoft.tagmaster
    export PRODUCT_BUNDLE_PACKAGE_TYPE\=APPL
    export PRODUCT_MODULE_NAME\=tagmaster
    export PRODUCT_NAME\=tagmaster
    export PRODUCT_SETTINGS_PATH\=/Users/depoll/Code/depollsoft/iOS/tagmaster/tagmaster/tagmaster-Info.plist
    export PRODUCT_TYPE\=com.apple.product-type.application
    export PROFILING_CODE\=NO
    export PROJECT\=tagmaster
    export PROJECT_DERIVED_FILE_DIR\=/Users/depoll/Library/Developer/Xcode/DerivedData/iOS-avedbudfywsssrcrcpqwadfjuouo/Build/Intermediates.noindex/tagmaster.build/DerivedSources
    export PROJECT_DIR\=/Users/depoll/Code/depollsoft/iOS/tagmaster
    export PROJECT_FILE_PATH\=/Users/depoll/Code/depollsoft/iOS/tagmaster/tagmaster.xcodeproj
    export PROJECT_GUID\=85bdfcdf5e55a9673c632043f2056190
    export PROJECT_NAME\=tagmaster
    export PROJECT_TEMP_DIR\=/Users/depoll/Library/Developer/Xcode/DerivedData/iOS-avedbudfywsssrcrcpqwadfjuouo/Build/Intermediates.noindex/tagmaster.build
    export PROJECT_TEMP_ROOT\=/Users/depoll/Library/Developer/Xcode/DerivedData/iOS-avedbudfywsssrcrcpqwadfjuouo/Build/Intermediates.noindex
    export PROVISIONING_PROFILE_REQUIRED\=NO
    export PROVISIONING_PROFILE_REQUIRED_YES_YES\=YES
    export PROVISIONING_PROFILE_SUPPORTED\=YES
    export PUBLIC_HEADERS_FOLDER_PATH\=tagmaster.app/Headers
    export RECOMMENDED_IPHONEOS_DEPLOYMENT_TARGET\=15.0
    export RECURSIVE_SEARCH_PATHS_FOLLOW_SYMLINKS\=YES
    export REMOVE_CVS_FROM_RESOURCES\=YES
    export REMOVE_GIT_FROM_RESOURCES\=YES
    export REMOVE_HEADERS_FROM_EMBEDDED_BUNDLES\=YES
    export REMOVE_HG_FROM_RESOURCES\=YES
    export REMOVE_STATIC_EXECUTABLES_FROM_EMBEDDED_BUNDLES\=YES
    export REMOVE_SVN_FROM_RESOURCES\=YES
    export RESCHEDULE_INDEPENDENT_HEADERS_PHASES\=YES
    export REZ_COLLECTOR_DIR\=/Users/depoll/Library/Developer/Xcode/DerivedData/iOS-avedbudfywsssrcrcpqwadfjuouo/Build/Intermediates.noindex/tagmaster.build/Debug-iphonesimulator/tagmaster.build/ResourceManagerResources
    export REZ_OBJECTS_DIR\=/Users/depoll/Library/Developer/Xcode/DerivedData/iOS-avedbudfywsssrcrcpqwadfjuouo/Build/Intermediates.noindex/tagmaster.build/Debug-iphonesimulator/tagmaster.build/ResourceManagerResources/Objects
    export REZ_SEARCH_PATHS\=/Users/depoll/Library/Developer/Xcode/DerivedData/iOS-avedbudfywsssrcrcpqwadfjuouo/Build/Products/Debug-iphonesimulator\ 
    export RUNTIME_EXCEPTION_ALLOW_DYLD_ENVIRONMENT_VARIABLES\=NO
    export RUNTIME_EXCEPTION_ALLOW_JIT\=NO
    export RUNTIME_EXCEPTION_ALLOW_UNSIGNED_EXECUTABLE_MEMORY\=NO
    export RUNTIME_EXCEPTION_DEBUGGING_TOOL\=NO
    export RUNTIME_EXCEPTION_DISABLE_EXECUTABLE_PAGE_PROTECTION\=NO
    export RUNTIME_EXCEPTION_DISABLE_LIBRARY_VALIDATION\=NO
    export SCAN_ALL_SOURCE_FILES_FOR_INCLUDES\=NO
    export SCRIPTS_FOLDER_PATH\=tagmaster.app/Scripts
    export SCRIPT_INPUT_FILE_0\=/Users/depoll/Library/Developer/Xcode/DerivedData/iOS-avedbudfywsssrcrcpqwadfjuouo/Build/Products/Debug-iphonesimulator/tagmaster.app.dSYM/Contents/Resources/DWARF/tagmaster
    export SCRIPT_INPUT_FILE_1\=/Users/depoll/Code/depollsoft/iOS/tagmaster/Users/depoll/Library/Developer/Xcode/DerivedData/iOS-avedbudfywsssrcrcpqwadfjuouo/Build/Products/Debug-iphonesimulator/tagmaster.app/Info.plist
    export SCRIPT_INPUT_FILE_COUNT\=2
    export SCRIPT_INPUT_FILE_LIST_COUNT\=0
    export SCRIPT_OUTPUT_FILE_COUNT\=0
    export SCRIPT_OUTPUT_FILE_LIST_COUNT\=0
    export SDKROOT\=/Applications/Xcode.app/Contents/Developer/Platforms/iPhoneSimulator.platform/Developer/SDKs/iPhoneSimulator26.1.sdk
    export SDK_DIR\=/Applications/Xcode.app/Contents/Developer/Platforms/iPhoneSimulator.platform/Developer/SDKs/iPhoneSimulator26.1.sdk
    export SDK_DIR_iphonesimulator\=/Applications/Xcode.app/Contents/Developer/Platforms/iPhoneSimulator.platform/Developer/SDKs/iPhoneSimulator26.1.sdk
    export SDK_DIR_iphonesimulator26_1\=/Applications/Xcode.app/Contents/Developer/Platforms/iPhoneSimulator.platform/Developer/SDKs/iPhoneSimulator26.1.sdk
    export SDK_NAME\=iphonesimulator26.1
    export SDK_NAMES\=iphonesimulator26.1
    export SDK_PRODUCT_BUILD_VERSION\=23B77
    export SDK_STAT_CACHE_DIR\=/Users/depoll/Library/Developer/Xcode/DerivedData
    export SDK_STAT_CACHE_ENABLE\=YES
    export SDK_STAT_CACHE_PATH\=/Users/depoll/Library/Developer/Xcode/DerivedData/SDKStatCaches.noindex/iphonesimulator26.1-23B77-90cf18a4295e390e64c810bc6bd7acbc.sdkstatcache
    export SDK_VERSION\=26.1
    export SDK_VERSION_ACTUAL\=260100
    export SDK_VERSION_MAJOR\=260000
    export SDK_VERSION_MINOR\=260100
    export SED\=/usr/bin/sed
    export SEPARATE_STRIP\=NO
    export SEPARATE_SYMBOL_EDIT\=NO
    export SET_DIR_MODE_OWNER_GROUP\=YES
    export SET_FILE_MODE_OWNER_GROUP\=NO
    export SHALLOW_BUNDLE\=YES
    export SHALLOW_BUNDLE_TRIPLE\=ios-simulator
    export SHALLOW_BUNDLE_ios_macabi\=NO
    export SHALLOW_BUNDLE_macos\=NO
    export SHARED_DERIVED_FILE_DIR\=/Users/depoll/Library/Developer/Xcode/DerivedData/iOS-avedbudfywsssrcrcpqwadfjuouo/Build/Products/Debug-iphonesimulator/DerivedSources
    export SHARED_FRAMEWORKS_FOLDER_PATH\=tagmaster.app/SharedFrameworks
    export SHARED_PRECOMPS_DIR\=/Users/depoll/Library/Developer/Xcode/DerivedData/iOS-avedbudfywsssrcrcpqwadfjuouo/Build/Intermediates.noindex/PrecompiledHeaders
    export SHARED_SUPPORT_FOLDER_PATH\=tagmaster.app/SharedSupport
    export SKIP_INSTALL\=NO
    export SOURCE_ROOT\=/Users/depoll/Code/depollsoft/iOS/tagmaster
    export SRCROOT\=/Users/depoll/Code/depollsoft/iOS/tagmaster
    export STRINGSDATA_DIR\=/Users/depoll/Library/Developer/Xcode/DerivedData/iOS-avedbudfywsssrcrcpqwadfjuouo/Build/Intermediates.noindex/tagmaster.build/Debug-iphonesimulator/tagmaster.build/Objects-normal/undefined_arch
    export STRINGSDATA_ROOT\=/Users/depoll/Library/Developer/Xcode/DerivedData/iOS-avedbudfywsssrcrcpqwadfjuouo/Build/Intermediates.noindex/tagmaster.build/Debug-iphonesimulator/tagmaster.build
    export STRINGS_FILE_INFOPLIST_RENAME\=YES
    export STRINGS_FILE_OUTPUT_ENCODING\=binary
    export STRING_CATALOG_GENERATE_SYMBOLS\=NO
    export STRIP_BITCODE_FROM_COPIED_FILES\=NO
    export STRIP_INSTALLED_PRODUCT\=NO
    export STRIP_STYLE\=all
    export STRIP_SWIFT_SYMBOLS\=YES
    export SUPPORTED_DEVICE_FAMILIES\=1,2
    export SUPPORTED_PLATFORMS\=iphoneos\ iphonesimulator
    export SUPPORTS_MACCATALYST\=YES
    export SUPPORTS_ON_DEMAND_RESOURCES\=YES
    export SUPPORTS_TEXT_BASED_API\=NO
    export SUPPRESS_WARNINGS\=NO
    export SWIFT_EMIT_CONST_VALUE_PROTOCOLS\=AppIntent\ EntityQuery\ AppEntity\ TransientEntity\ AppEnum\ AppShortcutProviding\ AppShortcutsProvider\ AnyResolverProviding\ AppIntentsPackage\ DynamicOptionsProvider\ _IntentValueRepresentable\ _AssistantIntentsProvider\ _GenerativeFunctionExtractable\ IntentValueQuery\ Resolver\ AppExtension\ ExtensionPointDefining
    export SWIFT_EMIT_LOC_STRINGS\=NO
    export SWIFT_ENABLE_EXPLICIT_MODULES\=YES
    export SWIFT_OBJC_BRIDGING_HEADER\=tagmaster/tagmaster-Bridging-Header.h
    export SWIFT_OPTIMIZATION_LEVEL\=-Onone
    export SWIFT_PLATFORM_TARGET_PREFIX\=ios
    export SWIFT_RESPONSE_FILE_PATH_normal_arm64\=/Users/depoll/Library/Developer/Xcode/DerivedData/iOS-avedbudfywsssrcrcpqwadfjuouo/Build/Intermediates.noindex/tagmaster.build/Debug-iphonesimulator/tagmaster.build/Objects-normal/arm64/tagmaster.SwiftFileList
    export SWIFT_VERSION\=5.0
    export SYMROOT\=/Users/depoll/Library/Developer/Xcode/DerivedData/iOS-avedbudfywsssrcrcpqwadfjuouo/Build/Products
    export SYSTEM_ADMIN_APPS_DIR\=/Applications/Utilities
    export SYSTEM_APPS_DIR\=/Applications
    export SYSTEM_CORE_SERVICES_DIR\=/System/Library/CoreServices
    export SYSTEM_DEMOS_DIR\=/Applications/Extras
    export SYSTEM_DEVELOPER_APPS_DIR\=/Applications/Xcode.app/Contents/Developer/Applications
    export SYSTEM_DEVELOPER_BIN_DIR\=/Applications/Xcode.app/Contents/Developer/usr/bin
    export SYSTEM_DEVELOPER_DEMOS_DIR\=/Applications/Xcode.app/Contents/Developer/Applications/Utilities/Built\ Examples
    export SYSTEM_DEVELOPER_DIR\=/Applications/Xcode.app/Contents/Developer
    export SYSTEM_DEVELOPER_DOC_DIR\=/Applications/Xcode.app/Contents/Developer/ADC\ Reference\ Library
    export SYSTEM_DEVELOPER_GRAPHICS_TOOLS_DIR\=/Applications/Xcode.app/Contents/Developer/Applications/Graphics\ Tools
    export SYSTEM_DEVELOPER_JAVA_TOOLS_DIR\=/Applications/Xcode.app/Contents/Developer/Applications/Java\ Tools
    export SYSTEM_DEVELOPER_PERFORMANCE_TOOLS_DIR\=/Applications/Xcode.app/Contents/Developer/Applications/Performance\ Tools
    export SYSTEM_DEVELOPER_RELEASENOTES_DIR\=/Applications/Xcode.app/Contents/Developer/ADC\ Reference\ Library/releasenotes
    export SYSTEM_DEVELOPER_TOOLS\=/Applications/Xcode.app/Contents/Developer/Tools
    export SYSTEM_DEVELOPER_TOOLS_DOC_DIR\=/Applications/Xcode.app/Contents/Developer/ADC\ Reference\ Library/documentation/DeveloperTools
    export SYSTEM_DEVELOPER_TOOLS_RELEASENOTES_DIR\=/Applications/Xcode.app/Contents/Developer/ADC\ Reference\ Library/releasenotes/DeveloperTools
    export SYSTEM_DEVELOPER_USR_DIR\=/Applications/Xcode.app/Contents/Developer/usr
    export SYSTEM_DEVELOPER_UTILITIES_DIR\=/Applications/Xcode.app/Contents/Developer/Applications/Utilities
    export SYSTEM_DEXT_INSTALL_PATH\=/System/Library/DriverExtensions
    export SYSTEM_DOCUMENTATION_DIR\=/Library/Documentation
    export SYSTEM_EXTENSIONS_FOLDER_PATH\=tagmaster.app/SystemExtensions
    export SYSTEM_EXTENSIONS_FOLDER_PATH_SHALLOW_BUNDLE_NO\=tagmaster.app/Library/SystemExtensions
    export SYSTEM_EXTENSIONS_FOLDER_PATH_SHALLOW_BUNDLE_YES\=tagmaster.app/SystemExtensions
    export SYSTEM_KEXT_INSTALL_PATH\=/System/Library/Extensions
    export SYSTEM_LIBRARY_DIR\=/System/Library
    export TAPI_DEMANGLE\=YES
    export TAPI_ENABLE_PROJECT_HEADERS\=NO
    export TAPI_LANGUAGE\=objective-c
    export TAPI_LANGUAGE_STANDARD\=compiler-default
    export TAPI_USE_SRCROOT\=YES
    export TAPI_VERIFY_MODE\=Pedantic
    export TARGETED_DEVICE_FAMILY\=1,2
    export TARGETNAME\=tagmaster
    export TARGET_BUILD_DIR\=/Users/depoll/Library/Developer/Xcode/DerivedData/iOS-avedbudfywsssrcrcpqwadfjuouo/Build/Products/Debug-iphonesimulator
    export TARGET_DEVICE_IDENTIFIER\=D30C932C-87F7-40EA-BE73-1BADE34A55F2
    export TARGET_DEVICE_MODEL\=iPhone17,3
    export TARGET_DEVICE_OS_VERSION\=18.6
    export TARGET_DEVICE_PLATFORM_NAME\=iphonesimulator
    export TARGET_NAME\=tagmaster
    export TARGET_TEMP_DIR\=/Users/depoll/Library/Developer/Xcode/DerivedData/iOS-avedbudfywsssrcrcpqwadfjuouo/Build/Intermediates.noindex/tagmaster.build/Debug-iphonesimulator/tagmaster.build
    export TEMP_DIR\=/Users/depoll/Library/Developer/Xcode/DerivedData/iOS-avedbudfywsssrcrcpqwadfjuouo/Build/Intermediates.noindex/tagmaster.build/Debug-iphonesimulator/tagmaster.build
    export TEMP_FILES_DIR\=/Users/depoll/Library/Developer/Xcode/DerivedData/iOS-avedbudfywsssrcrcpqwadfjuouo/Build/Intermediates.noindex/tagmaster.build/Debug-iphonesimulator/tagmaster.build
    export TEMP_FILE_DIR\=/Users/depoll/Library/Developer/Xcode/DerivedData/iOS-avedbudfywsssrcrcpqwadfjuouo/Build/Intermediates.noindex/tagmaster.build/Debug-iphonesimulator/tagmaster.build
    export TEMP_ROOT\=/Users/depoll/Library/Developer/Xcode/DerivedData/iOS-avedbudfywsssrcrcpqwadfjuouo/Build/Intermediates.noindex
    export TEMP_SANDBOX_DIR\=/Users/depoll/Library/Developer/Xcode/DerivedData/iOS-avedbudfywsssrcrcpqwadfjuouo/Build/Intermediates.noindex/TemporaryTaskSandboxes
    export TEST_FRAMEWORK_SEARCH_PATHS\=\ /Applications/Xcode.app/Contents/Developer/Platforms/iPhoneSimulator.platform/Developer/Library/Frameworks\ /Applications/Xcode.app/Contents/Developer/Platforms/iPhoneSimulator.platform/Developer/SDKs/iPhoneSimulator26.1.sdk/Developer/Library/Frameworks
    export TEST_LIBRARY_SEARCH_PATHS\=\ /Applications/Xcode.app/Contents/Developer/Platforms/iPhoneSimulator.platform/Developer/usr/lib
    export TOOLCHAINS\=com.apple.dt.toolchain.XcodeDefault
    export TOOLCHAIN_DIR\=/Applications/Xcode.app/Contents/Developer/Toolchains/XcodeDefault.xctoolchain
    export TREAT_MISSING_BASELINES_AS_TEST_FAILURES\=NO
    export TREAT_MISSING_SCRIPT_PHASE_OUTPUTS_AS_ERRORS\=NO
    export TeamIdentifierPrefix\=43AWMS3YJX.
    export UID\=501
    export UNINSTALLED_PRODUCTS_DIR\=/Users/depoll/Library/Developer/Xcode/DerivedData/iOS-avedbudfywsssrcrcpqwadfjuouo/Build/Intermediates.noindex/UninstalledProducts
    export UNLOCALIZED_RESOURCES_FOLDER_PATH\=tagmaster.app
    export UNLOCALIZED_RESOURCES_FOLDER_PATH_SHALLOW_BUNDLE_NO\=tagmaster.app/Resources
    export UNLOCALIZED_RESOURCES_FOLDER_PATH_SHALLOW_BUNDLE_YES\=tagmaster.app
    export UNSTRIPPED_PRODUCT\=NO
    export USER\=depoll
    export USER_APPS_DIR\=/Users/depoll/Applications
    export USER_HEADER_SEARCH_PATHS\=../depolllib/\*\*\ ../pitchperfect/pitchperfectlib/\*\*
    export USER_LIBRARY_DIR\=/Users/depoll/Library
    export USE_DYNAMIC_NO_PIC\=YES
    export USE_HEADERMAP\=YES
    export USE_HEADER_SYMLINKS\=NO
    export USE_RECURSIVE_SCRIPT_INPUTS_IN_SCRIPT_PHASES\=YES
    export VALIDATE_DEVELOPMENT_ASSET_PATHS\=YES_ERROR
    export VALIDATE_PRODUCT\=NO
    export VALID_ARCHS\=arm64\ x86_64
    export VERBOSE_PBXCP\=NO
    export VERSIONPLIST_PATH\=tagmaster.app/version.plist
    export VERSION_INFO_BUILDER\=depoll
    export VERSION_INFO_FILE\=tagmaster_vers.c
    export VERSION_INFO_STRING\=\"@\(\#\)PROGRAM:tagmaster\ \ PROJECT:tagmaster-2.0.5\"
    export WORKSPACE_DIR\=/Users/depoll/Code/depollsoft/iOS
    export WRAPPER_EXTENSION\=app
    export WRAPPER_NAME\=tagmaster.app
    export WRAPPER_SUFFIX\=.app
    export WRAP_ASSET_PACKS_IN_SEPARATE_DIRECTORIES\=NO
    export XCODE_APP_SUPPORT_DIR\=/Applications/Xcode.app/Contents/Developer/Library/Xcode
    export XCODE_PRODUCT_BUILD_VERSION\=17B100
    export XCODE_VERSION_ACTUAL\=2611
    export XCODE_VERSION_MAJOR\=2600
    export XCODE_VERSION_MINOR\=2610
    export XPCSERVICES_FOLDER_PATH\=tagmaster.app/XPCServices
    export YACC\=yacc
    export _DISCOVER_COMMAND_LINE_LINKER_INPUTS\=YES
    export _DISCOVER_COMMAND_LINE_LINKER_INPUTS_INCLUDE_WL\=YES
    export _LD_MULTIARCH\=YES
    export _WRAPPER_CONTENTS_DIR_SHALLOW_BUNDLE_NO\=/Contents
    export _WRAPPER_PARENT_PATH_SHALLOW_BUNDLE_NO\=/..
    export _WRAPPER_RESOURCES_DIR_SHALLOW_BUNDLE_NO\=/Resources
    export __DIAGNOSE_DEPRECATED_ARCHS\=YES
    export __IS_NOT_MACOS\=YES
    export __IS_NOT_MACOS_macosx\=NO
    export __IS_NOT_SIMULATOR\=NO
    export __IS_NOT_SIMULATOR_simulator\=NO
    export arch\=undefined_arch
    export variant\=normal
    /bin/sh -c /Users/depoll/Library/Developer/Xcode/DerivedData/iOS-avedbudfywsssrcrcpqwadfjuouo/Build/Intermediates.noindex/tagmaster.build/Debug-iphonesimulator/tagmaster.build/Script-1E6943E01F1EDA3100B7B425.sh

warning: Traditional headermap style is no longer supported; please migrate to using separate headermaps and set 'ALWAYS_SEARCH_USER_PATHS' to NO. (in target 'tagmasterTests' from project 'tagmaster')
CompileC /Users/depoll/Library/Developer/Xcode/DerivedData/iOS-avedbudfywsssrcrcpqwadfjuouo/Build/Intermediates.noindex/tagmaster.build/Debug-iphonesimulator/tagmasterTests.build/Objects-normal/arm64/TagmasterModelsTests.o /Users/depoll/Code/depollsoft/iOS/tagmaster/tagmasterTests/TagmasterModelsTests.m normal arm64 objective-c com.apple.compilers.llvm.clang.1_0.compiler (in target 'tagmasterTests' from project 'tagmaster')
    cd /Users/depoll/Code/depollsoft/iOS/tagmaster
    
    Using response file: /Users/depoll/Library/Developer/Xcode/DerivedData/iOS-avedbudfywsssrcrcpqwadfjuouo/Build/Intermediates.noindex/tagmaster.build/Debug-iphonesimulator/tagmasterTests.build/Objects-normal/arm64/e6072d4f65d7061329687fe24e3d63a7-common-args.resp
    
    /Applications/Xcode.app/Contents/Developer/Toolchains/XcodeDefault.xctoolchain/usr/bin/clang -x objective-c -ivfsstatcache /Users/depoll/Library/Developer/Xcode/DerivedData/SDKStatCaches.noindex/iphonesimulator26.1-23B77-90cf18a4295e390e64c810bc6bd7acbc.sdkstatcache -fmessage-length\=0 -fdiagnostics-show-note-include-stack -fmacro-backtrace-limit\=0 -fno-color-diagnostics -Wno-trigraphs -Wno-missing-field-initializers -Wmissing-prototypes -Wunreachable-code -Wquoted-include-in-framework-header -Wno-implicit-atomic-properties -Wno-objc-interface-ivars -Wno-arc-repeated-use-of-weak -Wimplicit-retain-self -Wduplicate-method-match -Wno-missing-braces -Wparentheses -Wswitch -Wunused-function -Wno-unused-label -Wno-unused-parameter -Wunused-variable -Wunused-value -Wempty-body -Wuninitialized -Wno-unknown-pragmas -Wno-shadow -Wno-four-char-constants -Wno-conversion -Wconstant-conversion -Wint-conversion -Wbool-conversion -Wenum-conversion -Wno-float-conversion -Wnon-literal-null-conversion -Wobjc-literal-conversion -Wshorten-64-to-32 -Wpointer-sign -Wno-newline-eof -Wno-selector -Wno-strict-selector-match -Wundeclared-selector -Wdeprecated-implementations -Wno-implicit-fallthrough -fstrict-aliasing -Wprotocol -Wdeprecated-declarations -Wno-sign-conversion -Winfinite-recursion -Wcomma -Wblock-capture-autoreleasing -Wstrict-prototypes -Wno-semicolon-before-method-body -index-store-path /Users/depoll/Library/Developer/Xcode/DerivedData/iOS-avedbudfywsssrcrcpqwadfjuouo/Index.noindex/DataStore @/Users/depoll/Library/Developer/Xcode/DerivedData/iOS-avedbudfywsssrcrcpqwadfjuouo/Build/Intermediates.noindex/tagmaster.build/Debug-iphonesimulator/tagmasterTests.build/Objects-normal/arm64/e6072d4f65d7061329687fe24e3d63a7-common-args.resp -include /Users/depoll/Library/Developer/Xcode/DerivedData/iOS-avedbudfywsssrcrcpqwadfjuouo/Build/Intermediates.noindex/PrecompiledHeaders/SharedPrecompiledHeaders/4960645799266495354/tagmaster-Prefix.pch -MMD -MT dependencies -MF /Users/depoll/Library/Developer/Xcode/DerivedData/iOS-avedbudfywsssrcrcpqwadfjuouo/Build/Intermediates.noindex/tagmaster.build/Debug-iphonesimulator/tagmasterTests.build/Objects-normal/arm64/TagmasterModelsTests.d --serialize-diagnostics /Users/depoll/Library/Developer/Xcode/DerivedData/iOS-avedbudfywsssrcrcpqwadfjuouo/Build/Intermediates.noindex/tagmaster.build/Debug-iphonesimulator/tagmasterTests.build/Objects-normal/arm64/TagmasterModelsTests.dia -c /Users/depoll/Code/depollsoft/iOS/tagmaster/tagmasterTests/TagmasterModelsTests.m -o /Users/depoll/Library/Developer/Xcode/DerivedData/iOS-avedbudfywsssrcrcpqwadfjuouo/Build/Intermediates.noindex/tagmaster.build/Debug-iphonesimulator/tagmasterTests.build/Objects-normal/arm64/TagmasterModelsTests.o -index-unit-output-path /tagmaster.build/Debug-iphonesimulator/tagmasterTests.build/Objects-normal/arm64/TagmasterModelsTests.o

Ld /Users/depoll/Library/Developer/Xcode/DerivedData/iOS-avedbudfywsssrcrcpqwadfjuouo/Build/Products/Debug-iphonesimulator/tagmaster.app/PlugIns/tagmasterTests.xctest/tagmasterTests normal (in target 'tagmasterTests' from project 'tagmaster')
    cd /Users/depoll/Code/depollsoft/iOS/tagmaster
    /Applications/Xcode.app/Contents/Developer/Toolchains/XcodeDefault.xctoolchain/usr/bin/clang -Xlinker -reproducible -target arm64-apple-ios15.0-simulator -bundle -isysroot /Applications/Xcode.app/Contents/Developer/Platforms/iPhoneSimulator.platform/Developer/SDKs/iPhoneSimulator26.1.sdk -O0 -L/Users/depoll/Library/Developer/Xcode/DerivedData/iOS-avedbudfywsssrcrcpqwadfjuouo/Build/Intermediates.noindex/EagerLinkingTBDs/Debug-iphonesimulator -L/Users/depoll/Library/Developer/Xcode/DerivedData/iOS-avedbudfywsssrcrcpqwadfjuouo/Build/Products/Debug-iphonesimulator -L/Applications/Xcode.app/Contents/Developer/Platforms/iPhoneSimulator.platform/Developer/usr/lib -F/Users/depoll/Library/Developer/Xcode/DerivedData/iOS-avedbudfywsssrcrcpqwadfjuouo/Build/Intermediates.noindex/EagerLinkingTBDs/Debug-iphonesimulator -F/Users/depoll/Library/Developer/Xcode/DerivedData/iOS-avedbudfywsssrcrcpqwadfjuouo/Build/Products/Debug-iphonesimulator -F/Applications/Xcode.app/Contents/Developer/Platforms/iPhoneSimulator.platform/Developer/SDKs/iPhoneSimulator26.1.sdk/Developer/Library/Frameworks -iframework /Applications/Xcode.app/Contents/Developer/Platforms/iPhoneSimulator.platform/Developer/Library/Frameworks -iframework /Applications/Xcode.app/Contents/Developer/Platforms/iPhoneSimulator.platform/Developer/SDKs/iPhoneSimulator26.1.sdk/Developer/Library/Frameworks -filelist /Users/depoll/Library/Developer/Xcode/DerivedData/iOS-avedbudfywsssrcrcpqwadfjuouo/Build/Intermediates.noindex/tagmaster.build/Debug-iphonesimulator/tagmasterTests.build/Objects-normal/arm64/tagmasterTests.LinkFileList -Xlinker -rpath -Xlinker @loader_path/Frameworks -Xlinker -rpath -Xlinker @executable_path/Frameworks -dead_strip -bundle_loader /Users/depoll/Library/Developer/Xcode/DerivedData/iOS-avedbudfywsssrcrcpqwadfjuouo/Build/Products/Debug-iphonesimulator/tagmaster.app/tagmaster -Xlinker -object_path_lto -Xlinker /Users/depoll/Library/Developer/Xcode/DerivedData/iOS-avedbudfywsssrcrcpqwadfjuouo/Build/Intermediates.noindex/tagmaster.build/Debug-iphonesimulator/tagmasterTests.build/Objects-normal/arm64/tagmasterTests_lto.o -rdynamic -Xlinker -no_deduplicate -Xlinker -objc_abi_version -Xlinker 2 -Xlinker -debug_variant -Xlinker -dependency_info -Xlinker /Users/depoll/Library/Developer/Xcode/DerivedData/iOS-avedbudfywsssrcrcpqwadfjuouo/Build/Intermediates.noindex/tagmaster.build/Debug-iphonesimulator/tagmasterTests.build/Objects-normal/arm64/tagmasterTests_dependency_info.dat -fobjc-arc -fobjc-link-runtime -fprofile-instr-generate -ObjC -Xlinker -needed_framework -Xlinker XCTest -framework XCTest -Xlinker -needed-lXCTestSwiftSupport -lXCTestSwiftSupport -framework UIKit -framework Foundation /Users/depoll/Library/Developer/Xcode/DerivedData/iOS-avedbudfywsssrcrcpqwadfjuouo/Build/Products/Debug-iphonesimulator/tagmaster.app/tagmaster.debug.dylib -Xlinker -no_adhoc_codesign -o /Users/depoll/Library/Developer/Xcode/DerivedData/iOS-avedbudfywsssrcrcpqwadfjuouo/Build/Products/Debug-iphonesimulator/tagmaster.app/PlugIns/tagmasterTests.xctest/tagmasterTests

GenerateDSYMFile /Users/depoll/Library/Developer/Xcode/DerivedData/iOS-avedbudfywsssrcrcpqwadfjuouo/Build/Products/Debug-iphonesimulator/tagmaster.app/PlugIns/tagmasterTests.xctest.dSYM /Users/depoll/Library/Developer/Xcode/DerivedData/iOS-avedbudfywsssrcrcpqwadfjuouo/Build/Products/Debug-iphonesimulator/tagmaster.app/PlugIns/tagmasterTests.xctest/tagmasterTests (in target 'tagmasterTests' from project 'tagmaster')
    cd /Users/depoll/Code/depollsoft/iOS/tagmaster
    /Applications/Xcode.app/Contents/Developer/Toolchains/XcodeDefault.xctoolchain/usr/bin/dsymutil /Users/depoll/Library/Developer/Xcode/DerivedData/iOS-avedbudfywsssrcrcpqwadfjuouo/Build/Products/Debug-iphonesimulator/tagmaster.app/PlugIns/tagmasterTests.xctest/tagmasterTests -o /Users/depoll/Library/Developer/Xcode/DerivedData/iOS-avedbudfywsssrcrcpqwadfjuouo/Build/Products/Debug-iphonesimulator/tagmaster.app/PlugIns/tagmasterTests.xctest.dSYM

CopySwiftLibs /Users/depoll/Library/Developer/Xcode/DerivedData/iOS-avedbudfywsssrcrcpqwadfjuouo/Build/Products/Debug-iphonesimulator/tagmaster.app/PlugIns/tagmasterTests.xctest (in target 'tagmasterTests' from project 'tagmaster')
    cd /Users/depoll/Code/depollsoft/iOS/tagmaster
    builtin-swiftStdLibTool --copy --verbose --sign - --scan-executable /Users/depoll/Library/Developer/Xcode/DerivedData/iOS-avedbudfywsssrcrcpqwadfjuouo/Build/Products/Debug-iphonesimulator/tagmaster.app/PlugIns/tagmasterTests.xctest/tagmasterTests --scan-folder /Users/depoll/Library/Developer/Xcode/DerivedData/iOS-avedbudfywsssrcrcpqwadfjuouo/Build/Products/Debug-iphonesimulator/tagmaster.app/PlugIns/tagmasterTests.xctest/Frameworks --scan-folder /Users/depoll/Library/Developer/Xcode/DerivedData/iOS-avedbudfywsssrcrcpqwadfjuouo/Build/Products/Debug-iphonesimulator/tagmaster.app/PlugIns/tagmasterTests.xctest/PlugIns --scan-folder /Users/depoll/Library/Developer/Xcode/DerivedData/iOS-avedbudfywsssrcrcpqwadfjuouo/Build/Products/Debug-iphonesimulator/tagmaster.app/PlugIns/tagmasterTests.xctest/SystemExtensions --scan-folder /Users/depoll/Library/Developer/Xcode/DerivedData/iOS-avedbudfywsssrcrcpqwadfjuouo/Build/Products/Debug-iphonesimulator/tagmaster.app/PlugIns/tagmasterTests.xctest/Extensions --scan-folder /Applications/Xcode.app/Contents/Developer/Platforms/iPhoneSimulator.platform/Developer/SDKs/iPhoneSimulator26.1.sdk/System/Library/Frameworks/UIKit.framework --scan-folder /Applications/Xcode.app/Contents/Developer/Platforms/iPhoneSimulator.platform/Developer/SDKs/iPhoneSimulator26.1.sdk/System/Library/Frameworks/Foundation.framework --platform iphonesimulator --toolchain /Applications/Xcode.app/Contents/Developer/Toolchains/XcodeDefault.xctoolchain --destination /Users/depoll/Library/Developer/Xcode/DerivedData/iOS-avedbudfywsssrcrcpqwadfjuouo/Build/Products/Debug-iphonesimulator/tagmaster.app/PlugIns/tagmasterTests.xctest/Frameworks --strip-bitcode --scan-executable /Applications/Xcode.app/Contents/Developer/Platforms/iPhoneSimulator.platform/Developer/usr/lib/libXCTestSwiftSupport.dylib --strip-bitcode-tool /Applications/Xcode.app/Contents/Developer/Toolchains/XcodeDefault.xctoolchain/usr/bin/bitcode_strip --emit-dependency-info /Users/depoll/Library/Developer/Xcode/DerivedData/iOS-avedbudfywsssrcrcpqwadfjuouo/Build/Intermediates.noindex/tagmaster.build/Debug-iphonesimulator/tagmasterTests.build/SwiftStdLibToolInputDependencies.dep --filter-for-swift-os --back-deploy-swift-span

CodeSign /Users/depoll/Library/Developer/Xcode/DerivedData/iOS-avedbudfywsssrcrcpqwadfjuouo/Build/Products/Debug-iphonesimulator/tagmaster.app/PlugIns/tagmasterTests.xctest (in target 'tagmasterTests' from project 'tagmaster')
    cd /Users/depoll/Code/depollsoft/iOS/tagmaster
    
    Signing Identity:     "Sign to Run Locally"
    
    /usr/bin/codesign --force --sign - --timestamp\=none --generate-entitlement-der /Users/depoll/Library/Developer/Xcode/DerivedData/iOS-avedbudfywsssrcrcpqwadfjuouo/Build/Products/Debug-iphonesimulator/tagmaster.app/PlugIns/tagmasterTests.xctest

CodeSign /Users/depoll/Library/Developer/Xcode/DerivedData/iOS-avedbudfywsssrcrcpqwadfjuouo/Build/Products/Debug-iphonesimulator/tagmaster.app/tagmaster.debug.dylib (in target 'tagmaster' from project 'tagmaster')
    cd /Users/depoll/Code/depollsoft/iOS/tagmaster
    
    Signing Identity:     "Sign to Run Locally"
    
    /usr/bin/codesign --force --sign - --timestamp\=none --generate-entitlement-der /Users/depoll/Library/Developer/Xcode/DerivedData/iOS-avedbudfywsssrcrcpqwadfjuouo/Build/Products/Debug-iphonesimulator/tagmaster.app/tagmaster.debug.dylib
/Users/depoll/Library/Developer/Xcode/DerivedData/iOS-avedbudfywsssrcrcpqwadfjuouo/Build/Products/Debug-iphonesimulator/tagmaster.app/tagmaster.debug.dylib: replacing existing signature

CodeSign /Users/depoll/Library/Developer/Xcode/DerivedData/iOS-avedbudfywsssrcrcpqwadfjuouo/Build/Products/Debug-iphonesimulator/tagmaster.app/__preview.dylib (in target 'tagmaster' from project 'tagmaster')
    cd /Users/depoll/Code/depollsoft/iOS/tagmaster
    
    Signing Identity:     "Sign to Run Locally"
    
    /usr/bin/codesign --force --sign - --timestamp\=none --generate-entitlement-der /Users/depoll/Library/Developer/Xcode/DerivedData/iOS-avedbudfywsssrcrcpqwadfjuouo/Build/Products/Debug-iphonesimulator/tagmaster.app/__preview.dylib
/Users/depoll/Library/Developer/Xcode/DerivedData/iOS-avedbudfywsssrcrcpqwadfjuouo/Build/Products/Debug-iphonesimulator/tagmaster.app/__preview.dylib: replacing existing signature

CodeSign /Users/depoll/Library/Developer/Xcode/DerivedData/iOS-avedbudfywsssrcrcpqwadfjuouo/Build/Products/Debug-iphonesimulator/tagmaster.app (in target 'tagmaster' from project 'tagmaster')
    cd /Users/depoll/Code/depollsoft/iOS/tagmaster
    
    Signing Identity:     "Sign to Run Locally"
    
    /usr/bin/codesign --force --sign - --entitlements /Users/depoll/Library/Developer/Xcode/DerivedData/iOS-avedbudfywsssrcrcpqwadfjuouo/Build/Intermediates.noindex/tagmaster.build/Debug-iphonesimulator/tagmaster.build/tagmaster.app.xcent --timestamp\=none --generate-entitlement-der /Users/depoll/Library/Developer/Xcode/DerivedData/iOS-avedbudfywsssrcrcpqwadfjuouo/Build/Products/Debug-iphonesimulator/tagmaster.app
/Users/depoll/Library/Developer/Xcode/DerivedData/iOS-avedbudfywsssrcrcpqwadfjuouo/Build/Products/Debug-iphonesimulator/tagmaster.app: replacing existing signature

Validate /Users/depoll/Library/Developer/Xcode/DerivedData/iOS-avedbudfywsssrcrcpqwadfjuouo/Build/Products/Debug-iphonesimulator/tagmaster.app (in target 'tagmaster' from project 'tagmaster')
    cd /Users/depoll/Code/depollsoft/iOS/tagmaster
    builtin-validationUtility /Users/depoll/Library/Developer/Xcode/DerivedData/iOS-avedbudfywsssrcrcpqwadfjuouo/Build/Products/Debug-iphonesimulator/tagmaster.app -shallow-bundle -infoplist-subpath Info.plist

warning: Run script build phase 'Create Symlinks to Header Folders' will be run during every build because it does not specify any outputs. To address this issue, either add output dependencies to the script phase, or configure it to run in every build by unchecking "Based on dependency analysis" in the script phase. (in target 'abseil' from project 'Pods')
warning: Run script build phase 'Create Symlinks to Header Folders' will be run during every build because it does not specify any outputs. To address this issue, either add output dependencies to the script phase, or configure it to run in every build by unchecking "Based on dependency analysis" in the script phase. (in target 'BoringSSL-GRPC' from project 'Pods')
warning: Run script build phase 'Create Symlinks to Header Folders' will be run during every build because it does not specify any outputs. To address this issue, either add output dependencies to the script phase, or configure it to run in every build by unchecking "Based on dependency analysis" in the script phase. (in target 'gRPC-C++' from project 'Pods')
Test Suite 'All tests' started at 2025-11-19 12:39:30.275.
Test Suite 'tagmasterTests.xctest' started at 2025-11-19 12:39:30.275.
Test Suite 'DPRemoteLocationTests' started at 2025-11-19 12:39:30.276.
Test Case '-[DPRemoteLocationTests testCacheKeyIncludesSanitizedURLAndType]' started.
Test Case '-[DPRemoteLocationTests testCacheKeyIncludesSanitizedURLAndType]' passed (0.003 seconds).
Test Suite 'DPRemoteLocationTests' passed at 2025-11-19 12:39:30.279.
	 Executed 1 test, with 0 failures (0 unexpected) in 0.003 (0.004) seconds
Test Suite 'DPTagXMLParserTests' started at 2025-11-19 12:39:30.280.
Test Case '-[DPTagXMLParserTests testParseSimpleXMLPayload]' started.
Test Case '-[DPTagXMLParserTests testParseSimpleXMLPayload]' passed (0.003 seconds).
Test Suite 'DPTagXMLParserTests' passed at 2025-11-19 12:39:30.283.
	 Executed 1 test, with 0 failures (0 unexpected) in 0.003 (0.003) seconds
Test Suite 'TagmasterAppLogicTests' started at 2025-11-19 12:39:30.283.
Test Case '-[TagmasterAppLogicTests testFavoritesLifecycle]' started.
Test Case '-[TagmasterAppLogicTests testFavoritesLifecycle]' passed (0.005 seconds).
Test Case '-[TagmasterAppLogicTests testHomeViewControllerNavigationWithRandomTag]' started.
Test Case '-[TagmasterAppLogicTests testHomeViewControllerNavigationWithRandomTag]' passed (0.078 seconds).
Test Case '-[TagmasterAppLogicTests testSearchAndQueryControllersDisplayResults]' started.
2025-11-19 12:39:30.417318-0800 tagmaster[59153:21034161] Unbalanced calls to begin/end appearance transitions for <TestingNavigationController: 0x10a011400>.

Restarting after unexpected exit, crash, or test timeout; summary will include totals from previous launches.

Test Suite 'Selected tests' started at 2025-11-19 12:39:39.937.
Test Suite 'tagmasterTests.xctest' started at 2025-11-19 12:39:39.937.
Test Suite 'TagmasterAppLogicTests' started at 2025-11-19 12:39:39.937.
Test Case '-[TagmasterAppLogicTests testTagComponentControllersRefresh]' started.
Test Case '-[TagmasterAppLogicTests testTagComponentControllersRefresh]' passed (0.051 seconds).
Test Case '-[TagmasterAppLogicTests testTagViewControllerLoadsTag]' started.
Test Case '-[TagmasterAppLogicTests testTagViewControllerLoadsTag]' passed (0.103 seconds).
Test Suite 'TagmasterAppLogicTests' passed at 2025-11-19 12:39:40.092.
	 Executed 2 tests, with 0 failures (0 unexpected) in 0.154 (0.155) seconds
Test Suite 'TagmasterModelsTests' started at 2025-11-19 12:39:40.093.
Test Case '-[TagmasterModelsTests testKeyNoteParsing]' started.
Test Case '-[TagmasterModelsTests testKeyNoteParsing]' passed (0.000 seconds).
Test Case '-[TagmasterModelsTests testTagPropertiesRoundTrip]' started.
Test Case '-[TagmasterModelsTests testTagPropertiesRoundTrip]' passed (0.001 seconds).
Test Case '-[TagmasterModelsTests testTagTracksGeneration]' started.
Test Case '-[TagmasterModelsTests testTagTracksGeneration]' passed (0.000 seconds).
Test Case '-[TagmasterModelsTests testTagUri]' started.
Test Case '-[TagmasterModelsTests testTagUri]' passed (0.000 seconds).
Test Case '-[TagmasterModelsTests testTrackFactorySetsTitleAndSource]' started.
Test Case '-[TagmasterModelsTests testTrackFactorySetsTitleAndSource]' passed (0.000 seconds).
Test Case '-[TagmasterModelsTests testVideoPropertiesRoundTrip]' started.
Test Case '-[TagmasterModelsTests testVideoPropertiesRoundTrip]' passed (0.000 seconds).
Test Suite 'TagmasterModelsTests' passed at 2025-11-19 12:39:40.096.
	 Executed 6 tests, with 0 failures (0 unexpected) in 0.002 (0.003) seconds
Test Suite 'tagmasterTests' started at 2025-11-19 12:39:40.097.
Test Case '-[tagmasterTests testExample]' started.
Test Case '-[tagmasterTests testExample]' passed (0.000 seconds).
Test Suite 'tagmasterTests' passed at 2025-11-19 12:39:40.097.
	 Executed 1 test, with 0 failures (0 unexpected) in 0.000 (0.001) seconds
Test Suite 'tagmasterTests.xctest' passed at 2025-11-19 12:39:40.097.
	 Executed 9 tests, with 0 failures (0 unexpected) in 0.156 (0.161) seconds
Test Suite 'Selected tests' passed at 2025-11-19 12:39:40.098.
	 Executed 9 tests, with 0 failures (0 unexpected) in 0.156 (0.161) seconds
2025-11-19 12:39:40.098167-0800 tagmaster[59455:21036424] Unbalanced calls to begin/end appearance transitions for <UINavigationController: 0x10b821a00>.
2025-11-19 12:39:55.556 xcodebuild[58521:21029794] [MT] IDETestOperationsObserverDebug: 47.499 elapsed -- Testing started completed.
2025-11-19 12:39:55.557 xcodebuild[58521:21029794] [MT] IDETestOperationsObserverDebug: 0.000 sec, +0.000 sec -- start
2025-11-19 12:39:55.557 xcodebuild[58521:21029794] [MT] IDETestOperationsObserverDebug: 47.499 sec, +47.499 sec -- end

Test session results, code coverage, and logs:
	/Users/depoll/Code/depollsoft/iOS/build/coverage/tagmaster.xcresult

** TEST FAILED **

Testing started
