Command line invocation:
    /Applications/Xcode.app/Contents/Developer/usr/bin/xcodebuild -workspace iOS.xcworkspace -scheme tagmaster -configuration Debug -destination "platform=iOS Simulator,id=C8B74E44-94F7-4CED-A47F-DFF98E34237B" -derivedDataPath /tmp/tm-dd build

Resolve Package Graph


Resolved source packages:
  GTMSessionFetcher: https://github.com/google/gtm-session-fetcher.git @ 3.5.0
  AppCheck: https://github.com/google/app-check.git @ 11.3.1
  GoogleUtilities: https://github.com/google/GoogleUtilities.git @ 8.1.3
  SDWebImage: https://github.com/SDWebImage/SDWebImage.git @ 5.21.7
  InteropForGoogle: https://github.com/google/interop-ios-for-google-sdks.git @ 101.0.0
  GoogleAdsOnDeviceConversion: https://github.com/googleads/google-ads-on-device-conversion-ios-sdk @ 3.6.1
  AppAuth: https://github.com/openid/AppAuth-iOS.git @ 1.7.6
  Promises: https://github.com/google/promises.git @ 2.4.1
  GoogleDataTransport: https://github.com/google/GoogleDataTransport.git @ 10.1.1
  leveldb: https://github.com/firebase/leveldb.git @ 1.22.5
  Facebook: https://github.com/facebook/facebook-ios-sdk.git @ 18.1.1
  GoogleSignIn: https://github.com/google/GoogleSignIn-iOS @ 7.1.0
  nanopb: https://github.com/firebase/nanopb.git @ 2.30910.1
  GoogleMobileAds: https://github.com/googleads/swift-package-manager-google-mobile-ads @ 13.9.0
  FirebaseUI: https://github.com/firebase/FirebaseUI-iOS @ 16.1.0
  GTMAppAuth: https://github.com/google/GTMAppAuth.git @ 4.1.1
  gRPC: https://github.com/google/grpc-binary.git @ 1.69.1
  abseil: https://github.com/google/abseil-cpp-binary.git @ 1.2024072200.0
  GoogleAppMeasurement: https://github.com/google/GoogleAppMeasurement.git @ 12.18.0
  Firebase: https://github.com/firebase/firebase-ios-sdk @ 12.18.0
  GoogleUserMessagingPlatform: https://github.com/googleads/swift-package-manager-google-user-messaging-platform.git @ 3.1.0

ComputePackagePrebuildTargetDependencyGraph

Prepare packages

CreateBuildRequest

SendProjectDescription

CreateBuildOperation

ComputeTargetDependencyGraph
note: Building targets in dependency order
note: Target dependency graph (96 targets)
    Target 'tagmaster' in project 'tagmaster'
        ➜ Explicit dependency on target 'depolllib' in project 'depolllib'
        ➜ Implicit dependency on target 'pitchperfectlib' in project 'pitchperfectlib' via file 'libpitchperfectlib.a' in build phase 'Link Binary'
        ➜ Explicit dependency on target 'FirebaseAuth' in project 'Firebase'
        ➜ Explicit dependency on target 'FirebaseFirestore' in project 'Firebase'
        ➜ Explicit dependency on target 'FirebaseAuthSwiftUI' in project 'FirebaseUI'
        ➜ Explicit dependency on target 'FirebaseGoogleSwiftUI' in project 'FirebaseUI'
        ➜ Explicit dependency on target 'FirebaseFacebookSwiftUI' in project 'FirebaseUI'
        ➜ Explicit dependency on target 'FirebaseAppleSwiftUI' in project 'FirebaseUI'
        ➜ Explicit dependency on target 'FirebasePhoneAuthSwiftUI' in project 'FirebaseUI'
    Target 'FirebasePhoneAuthSwiftUI' in project 'FirebaseUI'
        ➜ Explicit dependency on target 'FirebasePhoneAuthSwiftUI' in project 'FirebaseUI'
        ➜ Explicit dependency on target 'FirebaseAuthUIComponents' in project 'FirebaseUI'
        ➜ Explicit dependency on target 'FirebaseAuthSwiftUI' in project 'FirebaseUI'
        ➜ Explicit dependency on target 'FirebaseAuth' in project 'Firebase'
    Target 'FirebasePhoneAuthSwiftUI' in project 'FirebaseUI'
        ➜ Explicit dependency on target 'FirebaseAuthUIComponents' in project 'FirebaseUI'
        ➜ Explicit dependency on target 'FirebaseAuthSwiftUI' in project 'FirebaseUI'
        ➜ Explicit dependency on target 'FirebaseAuth' in project 'Firebase'
    Target 'FirebaseAppleSwiftUI' in project 'FirebaseUI'
        ➜ Explicit dependency on target 'FirebaseAppleSwiftUI' in project 'FirebaseUI'
        ➜ Explicit dependency on target 'FirebaseAuthUIComponents' in project 'FirebaseUI'
        ➜ Explicit dependency on target 'FirebaseAuthSwiftUI' in project 'FirebaseUI'
        ➜ Explicit dependency on target 'FirebaseAuth' in project 'Firebase'
    Target 'FirebaseAppleSwiftUI' in project 'FirebaseUI'
        ➜ Explicit dependency on target 'FirebaseAuthUIComponents' in project 'FirebaseUI'
        ➜ Explicit dependency on target 'FirebaseAuthSwiftUI' in project 'FirebaseUI'
        ➜ Explicit dependency on target 'FirebaseAuth' in project 'Firebase'
    Target 'FirebaseFacebookSwiftUI' in project 'FirebaseUI'
        ➜ Explicit dependency on target 'FirebaseFacebookSwiftUI' in project 'FirebaseUI'
        ➜ Explicit dependency on target 'FirebaseAuthUIComponents' in project 'FirebaseUI'
        ➜ Explicit dependency on target 'FirebaseAuthSwiftUI' in project 'FirebaseUI'
        ➜ Explicit dependency on target 'FirebaseAuth' in project 'Firebase'
        ➜ Explicit dependency on target 'FacebookLogin' in project 'Facebook'
        ➜ Explicit dependency on target 'FacebookCore' in project 'Facebook'
    Target 'FirebaseFacebookSwiftUI' in project 'FirebaseUI'
        ➜ Explicit dependency on target 'FirebaseAuthUIComponents' in project 'FirebaseUI'
        ➜ Explicit dependency on target 'FirebaseAuthSwiftUI' in project 'FirebaseUI'
        ➜ Explicit dependency on target 'FirebaseAuth' in project 'Firebase'
        ➜ Explicit dependency on target 'FacebookLogin' in project 'Facebook'
        ➜ Explicit dependency on target 'FacebookCore' in project 'Facebook'
    Target 'FacebookCore' in project 'Facebook'
        ➜ Explicit dependency on target 'FacebookCore' in project 'Facebook'
        ➜ Explicit dependency on target 'Facebook_FacebookCore' in project 'Facebook'
        ➜ Explicit dependency on target 'FacebookAEM' in project 'Facebook'
    Target 'FacebookLogin' in project 'Facebook'
        ➜ Explicit dependency on target 'FacebookLogin' in project 'Facebook'
        ➜ Explicit dependency on target 'Facebook_FacebookLogin' in project 'Facebook'
        ➜ Explicit dependency on target 'FacebookAEM' in project 'Facebook'
        ➜ Explicit dependency on target 'FacebookCore' in project 'Facebook'
    Target 'FacebookLogin' in project 'Facebook'
        ➜ Explicit dependency on target 'Facebook_FacebookLogin' in project 'Facebook'
        ➜ Explicit dependency on target 'FacebookAEM' in project 'Facebook'
        ➜ Explicit dependency on target 'FacebookCore' in project 'Facebook'
    Target 'FacebookCore' in project 'Facebook'
        ➜ Explicit dependency on target 'Facebook_FacebookCore' in project 'Facebook'
        ➜ Explicit dependency on target 'FacebookAEM' in project 'Facebook'
    Target 'Facebook_FacebookCore' in project 'Facebook' (no dependencies)
    Target 'FacebookAEM' in project 'Facebook'
        ➜ Explicit dependency on target 'Facebook_FacebookAEM' in project 'Facebook'
    Target 'Facebook_FacebookAEM' in project 'Facebook' (no dependencies)
    Target 'Facebook_FacebookLogin' in project 'Facebook' (no dependencies)
    Target 'FirebaseGoogleSwiftUI' in project 'FirebaseUI'
        ➜ Explicit dependency on target 'FirebaseGoogleSwiftUI' in project 'FirebaseUI'
        ➜ Explicit dependency on target 'FirebaseAuthUIComponents' in project 'FirebaseUI'
        ➜ Explicit dependency on target 'FirebaseAuthSwiftUI' in project 'FirebaseUI'
        ➜ Explicit dependency on target 'FirebaseAuth' in project 'Firebase'
        ➜ Explicit dependency on target 'GoogleSignIn' in project 'GoogleSignIn'
        ➜ Explicit dependency on target 'GoogleSignInSwift' in project 'GoogleSignIn'
    Target 'FirebaseGoogleSwiftUI' in project 'FirebaseUI'
        ➜ Explicit dependency on target 'FirebaseAuthUIComponents' in project 'FirebaseUI'
        ➜ Explicit dependency on target 'FirebaseAuthSwiftUI' in project 'FirebaseUI'
        ➜ Explicit dependency on target 'FirebaseAuth' in project 'Firebase'
        ➜ Explicit dependency on target 'GoogleSignIn' in project 'GoogleSignIn'
        ➜ Explicit dependency on target 'GoogleSignInSwift' in project 'GoogleSignIn'
    Target 'GoogleSignInSwift' in project 'GoogleSignIn'
        ➜ Explicit dependency on target 'GoogleSignInSwift' in project 'GoogleSignIn'
        ➜ Explicit dependency on target 'GoogleSignIn_GoogleSignInSwift' in project 'GoogleSignIn'
        ➜ Explicit dependency on target 'GoogleSignIn' in project 'GoogleSignIn'
        ➜ Explicit dependency on target 'AppAuth' in project 'AppAuth'
        ➜ Explicit dependency on target 'GTMAppAuth' in project 'GTMAppAuth'
        ➜ Explicit dependency on target 'GTMSessionFetcherCore' in project 'GTMSessionFetcher'
    Target 'GoogleSignInSwift' in project 'GoogleSignIn'
        ➜ Explicit dependency on target 'GoogleSignIn_GoogleSignInSwift' in project 'GoogleSignIn'
        ➜ Explicit dependency on target 'GoogleSignIn' in project 'GoogleSignIn'
        ➜ Explicit dependency on target 'AppAuth' in project 'AppAuth'
        ➜ Explicit dependency on target 'GTMAppAuth' in project 'GTMAppAuth'
        ➜ Explicit dependency on target 'GTMSessionFetcherCore' in project 'GTMSessionFetcher'
    Target 'GoogleSignIn_GoogleSignInSwift' in project 'GoogleSignIn' (no dependencies)
    Target 'GoogleSignIn' in project 'GoogleSignIn'
        ➜ Explicit dependency on target 'GoogleSignIn' in project 'GoogleSignIn'
        ➜ Explicit dependency on target 'GoogleSignIn_GoogleSignIn' in project 'GoogleSignIn'
        ➜ Explicit dependency on target 'AppAuth' in project 'AppAuth'
        ➜ Explicit dependency on target 'GTMAppAuth' in project 'GTMAppAuth'
        ➜ Explicit dependency on target 'GTMSessionFetcherCore' in project 'GTMSessionFetcher'
    Target 'GoogleSignIn' in project 'GoogleSignIn'
        ➜ Explicit dependency on target 'GoogleSignIn_GoogleSignIn' in project 'GoogleSignIn'
        ➜ Explicit dependency on target 'AppAuth' in project 'AppAuth'
        ➜ Explicit dependency on target 'GTMAppAuth' in project 'GTMAppAuth'
        ➜ Explicit dependency on target 'GTMSessionFetcherCore' in project 'GTMSessionFetcher'
    Target 'GTMAppAuth' in project 'GTMAppAuth'
        ➜ Explicit dependency on target 'GTMAppAuth' in project 'GTMAppAuth'
        ➜ Explicit dependency on target 'GTMAppAuth_GTMAppAuth' in project 'GTMAppAuth'
        ➜ Explicit dependency on target 'GTMSessionFetcherCore' in project 'GTMSessionFetcher'
        ➜ Explicit dependency on target 'AppAuthCore' in project 'AppAuth'
    Target 'GTMAppAuth' in project 'GTMAppAuth'
        ➜ Explicit dependency on target 'GTMAppAuth_GTMAppAuth' in project 'GTMAppAuth'
        ➜ Explicit dependency on target 'GTMSessionFetcherCore' in project 'GTMSessionFetcher'
        ➜ Explicit dependency on target 'AppAuthCore' in project 'AppAuth'
    Target 'AppAuthCore' in project 'AppAuth'
        ➜ Explicit dependency on target 'AppAuthCore' in project 'AppAuth'
        ➜ Explicit dependency on target 'AppAuth_AppAuthCore' in project 'AppAuth'
    Target 'GTMAppAuth_GTMAppAuth' in project 'GTMAppAuth' (no dependencies)
    Target 'AppAuth' in project 'AppAuth'
        ➜ Explicit dependency on target 'AppAuth' in project 'AppAuth'
        ➜ Explicit dependency on target 'AppAuth_AppAuth' in project 'AppAuth'
        ➜ Explicit dependency on target 'AppAuthCore' in project 'AppAuth'
    Target 'AppAuth' in project 'AppAuth'
        ➜ Explicit dependency on target 'AppAuth_AppAuth' in project 'AppAuth'
        ➜ Explicit dependency on target 'AppAuthCore' in project 'AppAuth'
    Target 'AppAuthCore' in project 'AppAuth'
        ➜ Explicit dependency on target 'AppAuth_AppAuthCore' in project 'AppAuth'
    Target 'AppAuth_AppAuthCore' in project 'AppAuth' (no dependencies)
    Target 'AppAuth_AppAuth' in project 'AppAuth' (no dependencies)
    Target 'GoogleSignIn_GoogleSignIn' in project 'GoogleSignIn' (no dependencies)
    Target 'FirebaseAuthSwiftUI' in project 'FirebaseUI'
        ➜ Explicit dependency on target 'FirebaseAuthSwiftUI' in project 'FirebaseUI'
        ➜ Explicit dependency on target 'FirebaseUI_FirebaseAuthSwiftUI' in project 'FirebaseUI'
        ➜ Explicit dependency on target 'FirebaseAuthUIComponents' in project 'FirebaseUI'
        ➜ Explicit dependency on target 'FirebaseAuth' in project 'Firebase'
    Target 'FirebaseAuthSwiftUI' in project 'FirebaseUI'
        ➜ Explicit dependency on target 'FirebaseUI_FirebaseAuthSwiftUI' in project 'FirebaseUI'
        ➜ Explicit dependency on target 'FirebaseAuthUIComponents' in project 'FirebaseUI'
        ➜ Explicit dependency on target 'FirebaseAuth' in project 'Firebase'
    Target 'FirebaseAuthUIComponents' in project 'FirebaseUI'
        ➜ Explicit dependency on target 'FirebaseUI_FirebaseAuthUIComponents' in project 'FirebaseUI'
    Target 'FirebaseUI_FirebaseAuthUIComponents' in project 'FirebaseUI' (no dependencies)
    Target 'FirebaseUI_FirebaseAuthSwiftUI' in project 'FirebaseUI' (no dependencies)
    Target 'FirebaseFirestore' in project 'Firebase'
        ➜ Explicit dependency on target 'FirebaseFirestoreTarget' in project 'Firebase'
        ➜ Explicit dependency on target 'FirebaseFirestoreInternalWrapper' in project 'Firebase'
        ➜ Explicit dependency on target 'FirebaseAppCheckInterop' in project 'Firebase'
        ➜ Explicit dependency on target 'Firebase' in project 'Firebase'
        ➜ Explicit dependency on target 'FirebaseCoreInternal' in project 'Firebase'
        ➜ Explicit dependency on target 'FirebaseCore' in project 'Firebase'
        ➜ Explicit dependency on target 'FirebaseCoreExtension' in project 'Firebase'
        ➜ Explicit dependency on target 'FirebaseSharedSwift' in project 'Firebase'
        ➜ Explicit dependency on target 'FirebaseFirestore' in project 'Firebase'
        ➜ Explicit dependency on target 'GULNSData' in project 'GoogleUtilities'
        ➜ Explicit dependency on target 'GULEnvironment' in project 'GoogleUtilities'
        ➜ Explicit dependency on target 'GULLogger' in project 'GoogleUtilities'
        ➜ Explicit dependency on target 'abseil' in project 'abseil'
        ➜ Explicit dependency on target 'gRPC-C++' in project 'gRPC'
        ➜ Explicit dependency on target 'nanopb' in project 'nanopb'
        ➜ Explicit dependency on target 'leveldb' in project 'leveldb'
    Target 'FirebaseFirestoreTarget' in project 'Firebase'
        ➜ Explicit dependency on target 'FirebaseFirestoreInternalWrapper' in project 'Firebase'
        ➜ Explicit dependency on target 'FirebaseAppCheckInterop' in project 'Firebase'
        ➜ Explicit dependency on target 'Firebase' in project 'Firebase'
        ➜ Explicit dependency on target 'FirebaseCoreInternal' in project 'Firebase'
        ➜ Explicit dependency on target 'FirebaseCore' in project 'Firebase'
        ➜ Explicit dependency on target 'FirebaseCoreExtension' in project 'Firebase'
        ➜ Explicit dependency on target 'FirebaseSharedSwift' in project 'Firebase'
        ➜ Explicit dependency on target 'FirebaseFirestore' in project 'Firebase'
        ➜ Explicit dependency on target 'GULNSData' in project 'GoogleUtilities'
        ➜ Explicit dependency on target 'GULEnvironment' in project 'GoogleUtilities'
        ➜ Explicit dependency on target 'GULLogger' in project 'GoogleUtilities'
        ➜ Explicit dependency on target 'abseil' in project 'abseil'
        ➜ Explicit dependency on target 'gRPC-C++' in project 'gRPC'
        ➜ Explicit dependency on target 'nanopb' in project 'nanopb'
        ➜ Explicit dependency on target 'leveldb' in project 'leveldb'
    Target 'FirebaseFirestore' in project 'Firebase'
        ➜ Explicit dependency on target 'Firebase_FirebaseFirestore' in project 'Firebase'
        ➜ Explicit dependency on target 'FirebaseFirestoreInternalWrapper' in project 'Firebase'
        ➜ Explicit dependency on target 'FirebaseAppCheckInterop' in project 'Firebase'
        ➜ Explicit dependency on target 'Firebase' in project 'Firebase'
        ➜ Explicit dependency on target 'FirebaseCoreInternal' in project 'Firebase'
        ➜ Explicit dependency on target 'FirebaseCore' in project 'Firebase'
        ➜ Explicit dependency on target 'FirebaseCoreExtension' in project 'Firebase'
        ➜ Explicit dependency on target 'FirebaseSharedSwift' in project 'Firebase'
        ➜ Explicit dependency on target 'GULNSData' in project 'GoogleUtilities'
        ➜ Explicit dependency on target 'GULEnvironment' in project 'GoogleUtilities'
        ➜ Explicit dependency on target 'GULLogger' in project 'GoogleUtilities'
        ➜ Explicit dependency on target 'abseil' in project 'abseil'
        ➜ Explicit dependency on target 'gRPC-C++' in project 'gRPC'
        ➜ Explicit dependency on target 'nanopb' in project 'nanopb'
        ➜ Explicit dependency on target 'leveldb' in project 'leveldb'
    Target 'leveldb' in project 'leveldb'
        ➜ Explicit dependency on target 'leveldb' in project 'leveldb'
        ➜ Explicit dependency on target 'leveldb_leveldb' in project 'leveldb'
    Target 'leveldb' in project 'leveldb'
        ➜ Explicit dependency on target 'leveldb_leveldb' in project 'leveldb'
    Target 'leveldb_leveldb' in project 'leveldb' (no dependencies)
    Target 'nanopb' in project 'nanopb'
        ➜ Explicit dependency on target 'nanopb' in project 'nanopb'
        ➜ Explicit dependency on target 'nanopb_nanopb' in project 'nanopb'
    Target 'nanopb' in project 'nanopb'
        ➜ Explicit dependency on target 'nanopb_nanopb' in project 'nanopb'
    Target 'nanopb_nanopb' in project 'nanopb' (no dependencies)
    Target 'gRPC-C++' in project 'gRPC'
        ➜ Explicit dependency on target 'grpcppWrapper' in project 'gRPC'
        ➜ Explicit dependency on target 'gRPC_grpcppWrapper' in project 'gRPC'
        ➜ Explicit dependency on target 'grpcWrapper' in project 'gRPC'
        ➜ Explicit dependency on target 'opensslWrapper' in project 'gRPC'
        ➜ Explicit dependency on target 'abseil' in project 'abseil'
    Target 'grpcppWrapper' in project 'gRPC'
        ➜ Explicit dependency on target 'gRPC_grpcppWrapper' in project 'gRPC'
        ➜ Explicit dependency on target 'grpcWrapper' in project 'gRPC'
        ➜ Explicit dependency on target 'opensslWrapper' in project 'gRPC'
        ➜ Explicit dependency on target 'abseil' in project 'abseil'
    Target 'opensslWrapper' in project 'gRPC'
        ➜ Explicit dependency on target 'gRPC_opensslWrapper' in project 'gRPC'
    Target 'gRPC_opensslWrapper' in project 'gRPC' (no dependencies)
    Target 'grpcWrapper' in project 'gRPC'
        ➜ Explicit dependency on target 'gRPC_grpcWrapper' in project 'gRPC'
    Target 'gRPC_grpcWrapper' in project 'gRPC' (no dependencies)
    Target 'gRPC_grpcppWrapper' in project 'gRPC' (no dependencies)
    Target 'abseil' in project 'abseil'
        ➜ Explicit dependency on target 'abslWrapper' in project 'abseil'
        ➜ Explicit dependency on target 'abseil_abslWrapper' in project 'abseil'
    Target 'abslWrapper' in project 'abseil'
        ➜ Explicit dependency on target 'abseil_abslWrapper' in project 'abseil'
    Target 'abseil_abslWrapper' in project 'abseil' (no dependencies)
    Target 'Firebase_FirebaseFirestore' in project 'Firebase' (no dependencies)
    Target 'FirebaseSharedSwift' in project 'Firebase' (no dependencies)
    Target 'FirebaseFirestoreInternalWrapper' in project 'Firebase' (no dependencies)
    Target 'FirebaseAuth' in project 'Firebase'
        ➜ Explicit dependency on target 'FirebaseAuth' in project 'Firebase'
        ➜ Explicit dependency on target 'Firebase_FirebaseAuth' in project 'Firebase'
        ➜ Explicit dependency on target 'FirebaseAppCheckInterop' in project 'Firebase'
        ➜ Explicit dependency on target 'FirebaseAuthInterop' in project 'Firebase'
        ➜ Explicit dependency on target 'FirebaseAuthInternal' in project 'Firebase'
        ➜ Explicit dependency on target 'Firebase' in project 'Firebase'
        ➜ Explicit dependency on target 'FirebaseCoreInternal' in project 'Firebase'
        ➜ Explicit dependency on target 'FirebaseCore' in project 'Firebase'
        ➜ Explicit dependency on target 'FirebaseCoreExtension' in project 'Firebase'
        ➜ Explicit dependency on target 'RecaptchaInterop' in project 'InteropForGoogle'
        ➜ Explicit dependency on target 'GULNSData' in project 'GoogleUtilities'
        ➜ Explicit dependency on target 'GULEnvironment' in project 'GoogleUtilities'
        ➜ Explicit dependency on target 'GULLogger' in project 'GoogleUtilities'
        ➜ Explicit dependency on target 'GULAppDelegateSwizzler' in project 'GoogleUtilities'
        ➜ Explicit dependency on target 'GTMSessionFetcherCore' in project 'GTMSessionFetcher'
    Target 'FirebaseAuth' in project 'Firebase'
        ➜ Explicit dependency on target 'Firebase_FirebaseAuth' in project 'Firebase'
        ➜ Explicit dependency on target 'FirebaseAppCheckInterop' in project 'Firebase'
        ➜ Explicit dependency on target 'FirebaseAuthInterop' in project 'Firebase'
        ➜ Explicit dependency on target 'FirebaseAuthInternal' in project 'Firebase'
        ➜ Explicit dependency on target 'Firebase' in project 'Firebase'
        ➜ Explicit dependency on target 'FirebaseCoreInternal' in project 'Firebase'
        ➜ Explicit dependency on target 'FirebaseCore' in project 'Firebase'
        ➜ Explicit dependency on target 'FirebaseCoreExtension' in project 'Firebase'
        ➜ Explicit dependency on target 'RecaptchaInterop' in project 'InteropForGoogle'
        ➜ Explicit dependency on target 'GULNSData' in project 'GoogleUtilities'
        ➜ Explicit dependency on target 'GULEnvironment' in project 'GoogleUtilities'
        ➜ Explicit dependency on target 'GULLogger' in project 'GoogleUtilities'
        ➜ Explicit dependency on target 'GULAppDelegateSwizzler' in project 'GoogleUtilities'
        ➜ Explicit dependency on target 'GTMSessionFetcherCore' in project 'GTMSessionFetcher'
    Target 'GTMSessionFetcherCore' in project 'GTMSessionFetcher'
        ➜ Explicit dependency on target 'GTMSessionFetcherCore' in project 'GTMSessionFetcher'
        ➜ Explicit dependency on target 'GTMSessionFetcher_GTMSessionFetcherCore' in project 'GTMSessionFetcher'
    Target 'GTMSessionFetcherCore' in project 'GTMSessionFetcher'
        ➜ Explicit dependency on target 'GTMSessionFetcher_GTMSessionFetcherCore' in project 'GTMSessionFetcher'
    Target 'GTMSessionFetcher_GTMSessionFetcherCore' in project 'GTMSessionFetcher' (no dependencies)
    Target 'GULAppDelegateSwizzler' in project 'GoogleUtilities'
        ➜ Explicit dependency on target 'GoogleUtilities-AppDelegateSwizzler' in project 'GoogleUtilities'
        ➜ Explicit dependency on target 'GoogleUtilities_GoogleUtilities-AppDelegateSwizzler' in project 'GoogleUtilities'
        ➜ Explicit dependency on target 'third-party-IsAppEncrypted' in project 'GoogleUtilities'
        ➜ Explicit dependency on target 'GoogleUtilities-Environment' in project 'GoogleUtilities'
        ➜ Explicit dependency on target 'GoogleUtilities-Logger' in project 'GoogleUtilities'
        ➜ Explicit dependency on target 'GoogleUtilities-NSData' in project 'GoogleUtilities'
        ➜ Explicit dependency on target 'GoogleUtilities-Reachability' in project 'GoogleUtilities'
        ➜ Explicit dependency on target 'GoogleUtilities-Network' in project 'GoogleUtilities'
    Target 'GoogleUtilities-AppDelegateSwizzler' in project 'GoogleUtilities'
        ➜ Explicit dependency on target 'GoogleUtilities_GoogleUtilities-AppDelegateSwizzler' in project 'GoogleUtilities'
        ➜ Explicit dependency on target 'third-party-IsAppEncrypted' in project 'GoogleUtilities'
        ➜ Explicit dependency on target 'GoogleUtilities-Environment' in project 'GoogleUtilities'
        ➜ Explicit dependency on target 'GoogleUtilities-Logger' in project 'GoogleUtilities'
        ➜ Explicit dependency on target 'GoogleUtilities-NSData' in project 'GoogleUtilities'
        ➜ Explicit dependency on target 'GoogleUtilities-Reachability' in project 'GoogleUtilities'
        ➜ Explicit dependency on target 'GoogleUtilities-Network' in project 'GoogleUtilities'
    Target 'GoogleUtilities-Network' in project 'GoogleUtilities'
        ➜ Explicit dependency on target 'GoogleUtilities_GoogleUtilities-Network' in project 'GoogleUtilities'
        ➜ Explicit dependency on target 'third-party-IsAppEncrypted' in project 'GoogleUtilities'
        ➜ Explicit dependency on target 'GoogleUtilities-Environment' in project 'GoogleUtilities'
        ➜ Explicit dependency on target 'GoogleUtilities-Logger' in project 'GoogleUtilities'
        ➜ Explicit dependency on target 'GoogleUtilities-NSData' in project 'GoogleUtilities'
        ➜ Explicit dependency on target 'GoogleUtilities-Reachability' in project 'GoogleUtilities'
    Target 'GoogleUtilities_GoogleUtilities-Network' in project 'GoogleUtilities' (no dependencies)
    Target 'GoogleUtilities-Reachability' in project 'GoogleUtilities'
        ➜ Explicit dependency on target 'GoogleUtilities_GoogleUtilities-Reachability' in project 'GoogleUtilities'
        ➜ Explicit dependency on target 'third-party-IsAppEncrypted' in project 'GoogleUtilities'
        ➜ Explicit dependency on target 'GoogleUtilities-Environment' in project 'GoogleUtilities'
        ➜ Explicit dependency on target 'GoogleUtilities-Logger' in project 'GoogleUtilities'
    Target 'GoogleUtilities_GoogleUtilities-Reachability' in project 'GoogleUtilities' (no dependencies)
    Target 'GoogleUtilities_GoogleUtilities-AppDelegateSwizzler' in project 'GoogleUtilities' (no dependencies)
    Target 'FirebaseCoreExtension' in project 'Firebase'
        ➜ Explicit dependency on target 'Firebase_FirebaseCoreExtension' in project 'Firebase'
    Target 'Firebase_FirebaseCoreExtension' in project 'Firebase' (no dependencies)
    Target 'FirebaseCore' in project 'Firebase'
        ➜ Explicit dependency on target 'Firebase_FirebaseCore' in project 'Firebase'
        ➜ Explicit dependency on target 'Firebase' in project 'Firebase'
        ➜ Explicit dependency on target 'FirebaseCoreInternal' in project 'Firebase'
        ➜ Explicit dependency on target 'GULNSData' in project 'GoogleUtilities'
        ➜ Explicit dependency on target 'GULEnvironment' in project 'GoogleUtilities'
        ➜ Explicit dependency on target 'GULLogger' in project 'GoogleUtilities'
    Target 'GULLogger' in project 'GoogleUtilities'
        ➜ Explicit dependency on target 'GoogleUtilities-Logger' in project 'GoogleUtilities'
        ➜ Explicit dependency on target 'GoogleUtilities_GoogleUtilities-Logger' in project 'GoogleUtilities'
        ➜ Explicit dependency on target 'third-party-IsAppEncrypted' in project 'GoogleUtilities'
        ➜ Explicit dependency on target 'GoogleUtilities-Environment' in project 'GoogleUtilities'
    Target 'GoogleUtilities-Logger' in project 'GoogleUtilities'
        ➜ Explicit dependency on target 'GoogleUtilities_GoogleUtilities-Logger' in project 'GoogleUtilities'
        ➜ Explicit dependency on target 'third-party-IsAppEncrypted' in project 'GoogleUtilities'
        ➜ Explicit dependency on target 'GoogleUtilities-Environment' in project 'GoogleUtilities'
    Target 'GoogleUtilities_GoogleUtilities-Logger' in project 'GoogleUtilities' (no dependencies)
    Target 'GULEnvironment' in project 'GoogleUtilities'
        ➜ Explicit dependency on target 'GoogleUtilities-Environment' in project 'GoogleUtilities'
        ➜ Explicit dependency on target 'GoogleUtilities_GoogleUtilities-Environment' in project 'GoogleUtilities'
        ➜ Explicit dependency on target 'third-party-IsAppEncrypted' in project 'GoogleUtilities'
    Target 'GoogleUtilities-Environment' in project 'GoogleUtilities'
        ➜ Explicit dependency on target 'GoogleUtilities_GoogleUtilities-Environment' in project 'GoogleUtilities'
        ➜ Explicit dependency on target 'third-party-IsAppEncrypted' in project 'GoogleUtilities'
    Target 'third-party-IsAppEncrypted' in project 'GoogleUtilities' (no dependencies)
    Target 'GoogleUtilities_GoogleUtilities-Environment' in project 'GoogleUtilities' (no dependencies)
    Target 'Firebase_FirebaseCore' in project 'Firebase' (no dependencies)
    Target 'FirebaseCoreInternal' in project 'Firebase'
        ➜ Explicit dependency on target 'Firebase_FirebaseCoreInternal' in project 'Firebase'
        ➜ Explicit dependency on target 'GULNSData' in project 'GoogleUtilities'
    Target 'GULNSData' in project 'GoogleUtilities'
        ➜ Explicit dependency on target 'GoogleUtilities-NSData' in project 'GoogleUtilities'
        ➜ Explicit dependency on target 'GoogleUtilities_GoogleUtilities-NSData' in project 'GoogleUtilities'
    Target 'GoogleUtilities-NSData' in project 'GoogleUtilities'
        ➜ Explicit dependency on target 'GoogleUtilities_GoogleUtilities-NSData' in project 'GoogleUtilities'
    Target 'GoogleUtilities_GoogleUtilities-NSData' in project 'GoogleUtilities' (no dependencies)
    Target 'Firebase_FirebaseCoreInternal' in project 'Firebase' (no dependencies)
    Target 'Firebase' in project 'Firebase' (no dependencies)
    Target 'FirebaseAuthInternal' in project 'Firebase'
        ➜ Explicit dependency on target 'RecaptchaInterop' in project 'InteropForGoogle'
    Target 'RecaptchaInterop' in project 'InteropForGoogle'
        ➜ Explicit dependency on target 'RecaptchaInterop' in project 'InteropForGoogle'
    Target 'RecaptchaInterop' in project 'InteropForGoogle' (no dependencies)
    Target 'FirebaseAuthInterop' in project 'Firebase' (no dependencies)
    Target 'FirebaseAppCheckInterop' in project 'Firebase' (no dependencies)
    Target 'Firebase_FirebaseAuth' in project 'Firebase' (no dependencies)
    Target 'pitchperfectlib' in project 'pitchperfectlib'
        ➜ Explicit dependency on target 'depolllib' in project 'depolllib'
    Target 'depolllib' in project 'depolllib' (no dependencies)

GatherProvisioningInputs

CreateBuildDescription

ExecuteExternalTool /Applications/Xcode.app/Contents/Developer/Toolchains/XcodeDefault.xctoolchain/usr/bin/clang -v -E -dM -arch arm64 -isysroot /Applications/Xcode.app/Contents/Developer/Platforms/iPhoneSimulator.platform/Developer/SDKs/iPhoneSimulator26.5.sdk -x objective-c -c /dev/null

ExecuteExternalTool /Applications/Xcode.app/Contents/Developer/Toolchains/XcodeDefault.xctoolchain/usr/bin/swiftc --version

ExecuteExternalTool /Applications/Xcode.app/Contents/Developer/Toolchains/XcodeDefault.xctoolchain/usr/bin/clang -v -E -dM -isysroot /Applications/Xcode.app/Contents/Developer/Platforms/iPhoneSimulator.platform/Developer/SDKs/iPhoneSimulator26.5.sdk -x c -c /dev/null

ExecuteExternalTool /Applications/Xcode.app/Contents/Developer/Toolchains/XcodeDefault.xctoolchain/usr/bin/clang -v -E -dM -arch arm64 -isysroot /Applications/Xcode.app/Contents/Developer/Platforms/iPhoneSimulator.platform/Developer/SDKs/iPhoneSimulator26.5.sdk -x c -c /dev/null

ExecuteExternalTool /Applications/Xcode.app/Contents/Developer/usr/bin/xcstringstool compile --dry-run --output-directory /tmp/tm-dd/Build/Intermediates.noindex/FirebaseUI.build/Debug-iphonesimulator/FirebaseUI_FirebaseAuthSwiftUI.build /tmp/tm-dd/SourcePackages/checkouts/FirebaseUI-iOS/FirebaseSwiftUI/FirebaseAuthSwiftUI/Sources/Strings/Localizable.xcstrings

ExecuteExternalTool /Applications/Xcode.app/Contents/Developer/Toolchains/XcodeDefault.xctoolchain/usr/bin/clang -v -E -dM -arch arm64 -isysroot /Applications/Xcode.app/Contents/Developer/Platforms/iPhoneSimulator.platform/Developer/SDKs/iPhoneSimulator26.5.sdk -x c++ -c /dev/null

ExecuteExternalTool /Applications/Xcode.app/Contents/Developer/usr/bin/actool --version --output-format xml1

ExecuteExternalTool /Applications/Xcode.app/Contents/Developer/Toolchains/XcodeDefault.xctoolchain/usr/bin/ld -version_details

ExecuteExternalTool /Applications/Xcode.app/Contents/Developer/Toolchains/XcodeDefault.xctoolchain/usr/bin/libtool -V

ExecuteExternalTool /Applications/Xcode.app/Contents/Developer/usr/bin/ibtool --version --output-format xml1

ExecuteExternalTool /Applications/Xcode.app/Contents/Developer/Toolchains/XcodeDefault.xctoolchain/usr/bin/clang -v -E -dM -arch x86_64 -isysroot /Applications/Xcode.app/Contents/Developer/Platforms/iPhoneSimulator.platform/Developer/SDKs/iPhoneSimulator26.5.sdk -x objective-c -c /dev/null

ExecuteExternalTool /Applications/Xcode.app/Contents/Developer/usr/bin/actool --print-asset-tag-combinations --output-format xml1 /Users/depoll/.local/share/pi-worktrees/20260907070801/fable-audit-ux-worktree-20260907/iOS/tagmaster/tagmaster/Images.xcassets

ExecuteExternalTool /Applications/Xcode.app/Contents/Developer/Toolchains/XcodeDefault.xctoolchain/usr/bin/clang -v -E -dM -arch x86_64 -isysroot /Applications/Xcode.app/Contents/Developer/Platforms/iPhoneSimulator.platform/Developer/SDKs/iPhoneSimulator26.5.sdk -x c -c /dev/null

Build description signature: 091c2fcb30636ceba0bb35d669293061
Build description path: /tmp/tm-dd/Build/Intermediates.noindex/XCBuildData/091c2fcb30636ceba0bb35d669293061.xcbuilddata
ClangStatCache /Applications/Xcode.app/Contents/Developer/Toolchains/XcodeDefault.xctoolchain/usr/bin/clang-stat-cache /Applications/Xcode.app/Contents/Developer/Platforms/iPhoneSimulator.platform/Developer/SDKs/iPhoneSimulator26.5.sdk /tmp/tm-dd/SDKStatCaches.noindex/iphonesimulator26.5-23F81a-6cfe768891a92b912361537c460fe42b.sdkstatcache
    cd /Users/depoll/.local/share/pi-worktrees/20260907070801/fable-audit-ux-worktree-20260907/iOS
    /Applications/Xcode.app/Contents/Developer/Toolchains/XcodeDefault.xctoolchain/usr/bin/clang-stat-cache /Applications/Xcode.app/Contents/Developer/Platforms/iPhoneSimulator.platform/Developer/SDKs/iPhoneSimulator26.5.sdk -o /tmp/tm-dd/SDKStatCaches.noindex/iphonesimulator26.5-23F81a-6cfe768891a92b912361537c460fe42b.sdkstatcache

note: Removed stale file '/tmp/tm-dd/Build/Products/Debug-iphonesimulator/tagmaster.app/Frameworks/Testing.framework'

ProcessInfoPlistFile /tmp/tm-dd/Build/Products/Debug-iphonesimulator/nanopb_nanopb.bundle/Info.plist /tmp/tm-dd/Build/Intermediates.noindex/nanopb.build/Debug-iphonesimulator/nanopb_nanopb.build/empty-nanopb_nanopb.plist (in target 'nanopb_nanopb' from project 'nanopb')
    cd /tmp/tm-dd/SourcePackages/checkouts/nanopb
    builtin-infoPlistUtility /tmp/tm-dd/Build/Intermediates.noindex/nanopb.build/Debug-iphonesimulator/nanopb_nanopb.build/empty-nanopb_nanopb.plist -producttype com.apple.product-type.bundle -expandbuildsettings -format binary -platform iphonesimulator -o /tmp/tm-dd/Build/Products/Debug-iphonesimulator/nanopb_nanopb.bundle/Info.plist

ProcessInfoPlistFile /tmp/tm-dd/Build/Products/Debug-iphonesimulator/gRPC_grpcppWrapper.bundle/Info.plist /tmp/tm-dd/Build/Intermediates.noindex/gRPC.build/Debug-iphonesimulator/gRPC_grpcppWrapper.build/empty-gRPC_grpcppWrapper.plist (in target 'gRPC_grpcppWrapper' from project 'gRPC')
    cd /tmp/tm-dd/SourcePackages/checkouts/grpc-binary
    builtin-infoPlistUtility /tmp/tm-dd/Build/Intermediates.noindex/gRPC.build/Debug-iphonesimulator/gRPC_grpcppWrapper.build/empty-gRPC_grpcppWrapper.plist -producttype com.apple.product-type.bundle -expandbuildsettings -format binary -platform iphonesimulator -o /tmp/tm-dd/Build/Products/Debug-iphonesimulator/gRPC_grpcppWrapper.bundle/Info.plist

ProcessInfoPlistFile /tmp/tm-dd/Build/Products/Debug-iphonesimulator/abseil_abslWrapper.bundle/Info.plist /tmp/tm-dd/Build/Intermediates.noindex/abseil.build/Debug-iphonesimulator/abseil_abslWrapper.build/empty-abseil_abslWrapper.plist (in target 'abseil_abslWrapper' from project 'abseil')
    cd /tmp/tm-dd/SourcePackages/checkouts/abseil-cpp-binary
    builtin-infoPlistUtility /tmp/tm-dd/Build/Intermediates.noindex/abseil.build/Debug-iphonesimulator/abseil_abslWrapper.build/empty-abseil_abslWrapper.plist -producttype com.apple.product-type.bundle -expandbuildsettings -format binary -platform iphonesimulator -o /tmp/tm-dd/Build/Products/Debug-iphonesimulator/abseil_abslWrapper.bundle/Info.plist

ProcessInfoPlistFile /tmp/tm-dd/Build/Products/Debug-iphonesimulator/gRPC_grpcWrapper.bundle/Info.plist /tmp/tm-dd/Build/Intermediates.noindex/gRPC.build/Debug-iphonesimulator/gRPC_grpcWrapper.build/empty-gRPC_grpcWrapper.plist (in target 'gRPC_grpcWrapper' from project 'gRPC')
    cd /tmp/tm-dd/SourcePackages/checkouts/grpc-binary
    builtin-infoPlistUtility /tmp/tm-dd/Build/Intermediates.noindex/gRPC.build/Debug-iphonesimulator/gRPC_grpcWrapper.build/empty-gRPC_grpcWrapper.plist -producttype com.apple.product-type.bundle -expandbuildsettings -format binary -platform iphonesimulator -o /tmp/tm-dd/Build/Products/Debug-iphonesimulator/gRPC_grpcWrapper.bundle/Info.plist

ProcessInfoPlistFile /tmp/tm-dd/Build/Products/Debug-iphonesimulator/GoogleUtilities_GoogleUtilities-NSData.bundle/Info.plist /tmp/tm-dd/Build/Intermediates.noindex/GoogleUtilities.build/Debug-iphonesimulator/GoogleUtilities_GoogleUtilities-NSData.build/empty-GoogleUtilities_GoogleUtilities-NSData.plist (in target 'GoogleUtilities_GoogleUtilities-NSData' from project 'GoogleUtilities')
    cd /tmp/tm-dd/SourcePackages/checkouts/GoogleUtilities
    builtin-infoPlistUtility /tmp/tm-dd/Build/Intermediates.noindex/GoogleUtilities.build/Debug-iphonesimulator/GoogleUtilities_GoogleUtilities-NSData.build/empty-GoogleUtilities_GoogleUtilities-NSData.plist -producttype com.apple.product-type.bundle -expandbuildsettings -format binary -platform iphonesimulator -o /tmp/tm-dd/Build/Products/Debug-iphonesimulator/GoogleUtilities_GoogleUtilities-NSData.bundle/Info.plist

ProcessInfoPlistFile /tmp/tm-dd/Build/Products/Debug-iphonesimulator/leveldb_leveldb.bundle/Info.plist /tmp/tm-dd/Build/Intermediates.noindex/leveldb.build/Debug-iphonesimulator/leveldb_leveldb.build/empty-leveldb_leveldb.plist (in target 'leveldb_leveldb' from project 'leveldb')
    cd /tmp/tm-dd/SourcePackages/checkouts/leveldb
    builtin-infoPlistUtility /tmp/tm-dd/Build/Intermediates.noindex/leveldb.build/Debug-iphonesimulator/leveldb_leveldb.build/empty-leveldb_leveldb.plist -producttype com.apple.product-type.bundle -expandbuildsettings -format binary -platform iphonesimulator -o /tmp/tm-dd/Build/Products/Debug-iphonesimulator/leveldb_leveldb.bundle/Info.plist

ProcessInfoPlistFile /tmp/tm-dd/Build/Products/Debug-iphonesimulator/gRPC_opensslWrapper.bundle/Info.plist /tmp/tm-dd/Build/Intermediates.noindex/gRPC.build/Debug-iphonesimulator/gRPC_opensslWrapper.build/empty-gRPC_opensslWrapper.plist (in target 'gRPC_opensslWrapper' from project 'gRPC')
    cd /tmp/tm-dd/SourcePackages/checkouts/grpc-binary
    builtin-infoPlistUtility /tmp/tm-dd/Build/Intermediates.noindex/gRPC.build/Debug-iphonesimulator/gRPC_opensslWrapper.build/empty-gRPC_opensslWrapper.plist -producttype com.apple.product-type.bundle -expandbuildsettings -format binary -platform iphonesimulator -o /tmp/tm-dd/Build/Products/Debug-iphonesimulator/gRPC_opensslWrapper.bundle/Info.plist

ProcessInfoPlistFile /tmp/tm-dd/Build/Products/Debug-iphonesimulator/GoogleUtilities_GoogleUtilities-Reachability.bundle/Info.plist /tmp/tm-dd/Build/Intermediates.noindex/GoogleUtilities.build/Debug-iphonesimulator/GoogleUtilities_GoogleUtilities-Reachability.build/empty-GoogleUtilities_GoogleUtilities-Reachability.plist (in target 'GoogleUtilities_GoogleUtilities-Reachability' from project 'GoogleUtilities')
    cd /tmp/tm-dd/SourcePackages/checkouts/GoogleUtilities
    builtin-infoPlistUtility /tmp/tm-dd/Build/Intermediates.noindex/GoogleUtilities.build/Debug-iphonesimulator/GoogleUtilities_GoogleUtilities-Reachability.build/empty-GoogleUtilities_GoogleUtilities-Reachability.plist -producttype com.apple.product-type.bundle -expandbuildsettings -format binary -platform iphonesimulator -o /tmp/tm-dd/Build/Products/Debug-iphonesimulator/GoogleUtilities_GoogleUtilities-Reachability.bundle/Info.plist

ProcessInfoPlistFile /tmp/tm-dd/Build/Products/Debug-iphonesimulator/GoogleUtilities_GoogleUtilities-Network.bundle/Info.plist /tmp/tm-dd/Build/Intermediates.noindex/GoogleUtilities.build/Debug-iphonesimulator/GoogleUtilities_GoogleUtilities-Network.build/empty-GoogleUtilities_GoogleUtilities-Network.plist (in target 'GoogleUtilities_GoogleUtilities-Network' from project 'GoogleUtilities')
    cd /tmp/tm-dd/SourcePackages/checkouts/GoogleUtilities
    builtin-infoPlistUtility /tmp/tm-dd/Build/Intermediates.noindex/GoogleUtilities.build/Debug-iphonesimulator/GoogleUtilities_GoogleUtilities-Network.build/empty-GoogleUtilities_GoogleUtilities-Network.plist -producttype com.apple.product-type.bundle -expandbuildsettings -format binary -platform iphonesimulator -o /tmp/tm-dd/Build/Products/Debug-iphonesimulator/GoogleUtilities_GoogleUtilities-Network.bundle/Info.plist

ProcessInfoPlistFile /tmp/tm-dd/Build/Products/Debug-iphonesimulator/GoogleUtilities_GoogleUtilities-Environment.bundle/Info.plist /tmp/tm-dd/Build/Intermediates.noindex/GoogleUtilities.build/Debug-iphonesimulator/GoogleUtilities_GoogleUtilities-Environment.build/empty-GoogleUtilities_GoogleUtilities-Environment.plist (in target 'GoogleUtilities_GoogleUtilities-Environment' from project 'GoogleUtilities')
    cd /tmp/tm-dd/SourcePackages/checkouts/GoogleUtilities
    builtin-infoPlistUtility /tmp/tm-dd/Build/Intermediates.noindex/GoogleUtilities.build/Debug-iphonesimulator/GoogleUtilities_GoogleUtilities-Environment.build/empty-GoogleUtilities_GoogleUtilities-Environment.plist -producttype com.apple.product-type.bundle -expandbuildsettings -format binary -platform iphonesimulator -o /tmp/tm-dd/Build/Products/Debug-iphonesimulator/GoogleUtilities_GoogleUtilities-Environment.bundle/Info.plist

ProcessInfoPlistFile /tmp/tm-dd/Build/Products/Debug-iphonesimulator/GoogleUtilities_GoogleUtilities-Logger.bundle/Info.plist /tmp/tm-dd/Build/Intermediates.noindex/GoogleUtilities.build/Debug-iphonesimulator/GoogleUtilities_GoogleUtilities-Logger.build/empty-GoogleUtilities_GoogleUtilities-Logger.plist (in target 'GoogleUtilities_GoogleUtilities-Logger' from project 'GoogleUtilities')
    cd /tmp/tm-dd/SourcePackages/checkouts/GoogleUtilities
    builtin-infoPlistUtility /tmp/tm-dd/Build/Intermediates.noindex/GoogleUtilities.build/Debug-iphonesimulator/GoogleUtilities_GoogleUtilities-Logger.build/empty-GoogleUtilities_GoogleUtilities-Logger.plist -producttype com.apple.product-type.bundle -expandbuildsettings -format binary -platform iphonesimulator -o /tmp/tm-dd/Build/Products/Debug-iphonesimulator/GoogleUtilities_GoogleUtilities-Logger.bundle/Info.plist

ProcessInfoPlistFile /tmp/tm-dd/Build/Products/Debug-iphonesimulator/GoogleUtilities_GoogleUtilities-AppDelegateSwizzler.bundle/Info.plist /tmp/tm-dd/Build/Intermediates.noindex/GoogleUtilities.build/Debug-iphonesimulator/GoogleUtilities_GoogleUtilities-AppDelegateSwizzler.build/empty-GoogleUtilities_GoogleUtilities-AppDelegateSwizzler.plist (in target 'GoogleUtilities_GoogleUtilities-AppDelegateSwizzler' from project 'GoogleUtilities')
    cd /tmp/tm-dd/SourcePackages/checkouts/GoogleUtilities
    builtin-infoPlistUtility /tmp/tm-dd/Build/Intermediates.noindex/GoogleUtilities.build/Debug-iphonesimulator/GoogleUtilities_GoogleUtilities-AppDelegateSwizzler.build/empty-GoogleUtilities_GoogleUtilities-AppDelegateSwizzler.plist -producttype com.apple.product-type.bundle -expandbuildsettings -format binary -platform iphonesimulator -o /tmp/tm-dd/Build/Products/Debug-iphonesimulator/GoogleUtilities_GoogleUtilities-AppDelegateSwizzler.bundle/Info.plist

ProcessInfoPlistFile /tmp/tm-dd/Build/Products/Debug-iphonesimulator/GoogleSignIn_GoogleSignInSwift.bundle/Info.plist /tmp/tm-dd/Build/Intermediates.noindex/GoogleSignIn.build/Debug-iphonesimulator/GoogleSignIn_GoogleSignInSwift.build/empty-GoogleSignIn_GoogleSignInSwift.plist (in target 'GoogleSignIn_GoogleSignInSwift' from project 'GoogleSignIn')
    cd /tmp/tm-dd/SourcePackages/checkouts/GoogleSignIn-iOS
    builtin-infoPlistUtility /tmp/tm-dd/Build/Intermediates.noindex/GoogleSignIn.build/Debug-iphonesimulator/GoogleSignIn_GoogleSignInSwift.build/empty-GoogleSignIn_GoogleSignInSwift.plist -producttype com.apple.product-type.bundle -expandbuildsettings -format binary -platform iphonesimulator -o /tmp/tm-dd/Build/Products/Debug-iphonesimulator/GoogleSignIn_GoogleSignInSwift.bundle/Info.plist

ProcessInfoPlistFile /tmp/tm-dd/Build/Products/Debug-iphonesimulator/GoogleSignIn_GoogleSignIn.bundle/Info.plist /tmp/tm-dd/Build/Intermediates.noindex/GoogleSignIn.build/Debug-iphonesimulator/GoogleSignIn_GoogleSignIn.build/empty-GoogleSignIn_GoogleSignIn.plist (in target 'GoogleSignIn_GoogleSignIn' from project 'GoogleSignIn')
    cd /tmp/tm-dd/SourcePackages/checkouts/GoogleSignIn-iOS
    builtin-infoPlistUtility /tmp/tm-dd/Build/Intermediates.noindex/GoogleSignIn.build/Debug-iphonesimulator/GoogleSignIn_GoogleSignIn.build/empty-GoogleSignIn_GoogleSignIn.plist -producttype com.apple.product-type.bundle -expandbuildsettings -format binary -platform iphonesimulator -o /tmp/tm-dd/Build/Products/Debug-iphonesimulator/GoogleSignIn_GoogleSignIn.bundle/Info.plist

ProcessInfoPlistFile /tmp/tm-dd/Build/Products/Debug-iphonesimulator/GTMSessionFetcher_GTMSessionFetcherCore.bundle/Info.plist /tmp/tm-dd/Build/Intermediates.noindex/GTMSessionFetcher.build/Debug-iphonesimulator/GTMSessionFetcher_GTMSessionFetcherCore.build/empty-GTMSessionFetcher_GTMSessionFetcherCore.plist (in target 'GTMSessionFetcher_GTMSessionFetcherCore' from project 'GTMSessionFetcher')
    cd /tmp/tm-dd/SourcePackages/checkouts/gtm-session-fetcher
    builtin-infoPlistUtility /tmp/tm-dd/Build/Intermediates.noindex/GTMSessionFetcher.build/Debug-iphonesimulator/GTMSessionFetcher_GTMSessionFetcherCore.build/empty-GTMSessionFetcher_GTMSessionFetcherCore.plist -producttype com.apple.product-type.bundle -expandbuildsettings -format binary -platform iphonesimulator -o /tmp/tm-dd/Build/Products/Debug-iphonesimulator/GTMSessionFetcher_GTMSessionFetcherCore.bundle/Info.plist

ProcessInfoPlistFile /tmp/tm-dd/Build/Products/Debug-iphonesimulator/GTMAppAuth_GTMAppAuth.bundle/Info.plist /tmp/tm-dd/Build/Intermediates.noindex/GTMAppAuth.build/Debug-iphonesimulator/GTMAppAuth_GTMAppAuth.build/empty-GTMAppAuth_GTMAppAuth.plist (in target 'GTMAppAuth_GTMAppAuth' from project 'GTMAppAuth')
    cd /tmp/tm-dd/SourcePackages/checkouts/GTMAppAuth
    builtin-infoPlistUtility /tmp/tm-dd/Build/Intermediates.noindex/GTMAppAuth.build/Debug-iphonesimulator/GTMAppAuth_GTMAppAuth.build/empty-GTMAppAuth_GTMAppAuth.plist -producttype com.apple.product-type.bundle -expandbuildsettings -format binary -platform iphonesimulator -o /tmp/tm-dd/Build/Products/Debug-iphonesimulator/GTMAppAuth_GTMAppAuth.bundle/Info.plist

ProcessInfoPlistFile /tmp/tm-dd/Build/Products/Debug-iphonesimulator/Firebase_FirebaseFirestore.bundle/Info.plist /tmp/tm-dd/Build/Intermediates.noindex/Firebase.build/Debug-iphonesimulator/Firebase_FirebaseFirestore.build/empty-Firebase_FirebaseFirestore.plist (in target 'Firebase_FirebaseFirestore' from project 'Firebase')
    cd /tmp/tm-dd/SourcePackages/checkouts/firebase-ios-sdk
    builtin-infoPlistUtility /tmp/tm-dd/Build/Intermediates.noindex/Firebase.build/Debug-iphonesimulator/Firebase_FirebaseFirestore.build/empty-Firebase_FirebaseFirestore.plist -producttype com.apple.product-type.bundle -expandbuildsettings -format binary -platform iphonesimulator -o /tmp/tm-dd/Build/Products/Debug-iphonesimulator/Firebase_FirebaseFirestore.bundle/Info.plist

ProcessInfoPlistFile /tmp/tm-dd/Build/Products/Debug-iphonesimulator/Firebase_FirebaseCoreInternal.bundle/Info.plist /tmp/tm-dd/Build/Intermediates.noindex/Firebase.build/Debug-iphonesimulator/Firebase_FirebaseCoreInternal.build/empty-Firebase_FirebaseCoreInternal.plist (in target 'Firebase_FirebaseCoreInternal' from project 'Firebase')
    cd /tmp/tm-dd/SourcePackages/checkouts/firebase-ios-sdk
    builtin-infoPlistUtility /tmp/tm-dd/Build/Intermediates.noindex/Firebase.build/Debug-iphonesimulator/Firebase_FirebaseCoreInternal.build/empty-Firebase_FirebaseCoreInternal.plist -producttype com.apple.product-type.bundle -expandbuildsettings -format binary -platform iphonesimulator -o /tmp/tm-dd/Build/Products/Debug-iphonesimulator/Firebase_FirebaseCoreInternal.bundle/Info.plist

ProcessInfoPlistFile /tmp/tm-dd/Build/Products/Debug-iphonesimulator/Firebase_FirebaseCoreExtension.bundle/Info.plist /tmp/tm-dd/Build/Intermediates.noindex/Firebase.build/Debug-iphonesimulator/Firebase_FirebaseCoreExtension.build/empty-Firebase_FirebaseCoreExtension.plist (in target 'Firebase_FirebaseCoreExtension' from project 'Firebase')
    cd /tmp/tm-dd/SourcePackages/checkouts/firebase-ios-sdk
    builtin-infoPlistUtility /tmp/tm-dd/Build/Intermediates.noindex/Firebase.build/Debug-iphonesimulator/Firebase_FirebaseCoreExtension.build/empty-Firebase_FirebaseCoreExtension.plist -producttype com.apple.product-type.bundle -expandbuildsettings -format binary -platform iphonesimulator -o /tmp/tm-dd/Build/Products/Debug-iphonesimulator/Firebase_FirebaseCoreExtension.bundle/Info.plist

ProcessInfoPlistFile /tmp/tm-dd/Build/Products/Debug-iphonesimulator/Firebase_FirebaseCore.bundle/Info.plist /tmp/tm-dd/Build/Intermediates.noindex/Firebase.build/Debug-iphonesimulator/Firebase_FirebaseCore.build/empty-Firebase_FirebaseCore.plist (in target 'Firebase_FirebaseCore' from project 'Firebase')
    cd /tmp/tm-dd/SourcePackages/checkouts/firebase-ios-sdk
    builtin-infoPlistUtility /tmp/tm-dd/Build/Intermediates.noindex/Firebase.build/Debug-iphonesimulator/Firebase_FirebaseCore.build/empty-Firebase_FirebaseCore.plist -producttype com.apple.product-type.bundle -expandbuildsettings -format binary -platform iphonesimulator -o /tmp/tm-dd/Build/Products/Debug-iphonesimulator/Firebase_FirebaseCore.bundle/Info.plist

ProcessInfoPlistFile /tmp/tm-dd/Build/Products/Debug-iphonesimulator/Firebase_FirebaseAuth.bundle/Info.plist /tmp/tm-dd/Build/Intermediates.noindex/Firebase.build/Debug-iphonesimulator/Firebase_FirebaseAuth.build/empty-Firebase_FirebaseAuth.plist (in target 'Firebase_FirebaseAuth' from project 'Firebase')
    cd /tmp/tm-dd/SourcePackages/checkouts/firebase-ios-sdk
    builtin-infoPlistUtility /tmp/tm-dd/Build/Intermediates.noindex/Firebase.build/Debug-iphonesimulator/Firebase_FirebaseAuth.build/empty-Firebase_FirebaseAuth.plist -producttype com.apple.product-type.bundle -expandbuildsettings -format binary -platform iphonesimulator -o /tmp/tm-dd/Build/Products/Debug-iphonesimulator/Firebase_FirebaseAuth.bundle/Info.plist

ProcessInfoPlistFile /tmp/tm-dd/Build/Products/Debug-iphonesimulator/Facebook_FacebookLogin.bundle/Info.plist /tmp/tm-dd/Build/Intermediates.noindex/Facebook.build/Debug-iphonesimulator/Facebook_FacebookLogin.build/empty-Facebook_FacebookLogin.plist (in target 'Facebook_FacebookLogin' from project 'Facebook')
    cd /tmp/tm-dd/SourcePackages/checkouts/facebook-ios-sdk
    builtin-infoPlistUtility /tmp/tm-dd/Build/Intermediates.noindex/Facebook.build/Debug-iphonesimulator/Facebook_FacebookLogin.build/empty-Facebook_FacebookLogin.plist -producttype com.apple.product-type.bundle -expandbuildsettings -format binary -platform iphonesimulator -o /tmp/tm-dd/Build/Products/Debug-iphonesimulator/Facebook_FacebookLogin.bundle/Info.plist

ProcessInfoPlistFile /tmp/tm-dd/Build/Products/Debug-iphonesimulator/Facebook_FacebookCore.bundle/Info.plist /tmp/tm-dd/Build/Intermediates.noindex/Facebook.build/Debug-iphonesimulator/Facebook_FacebookCore.build/empty-Facebook_FacebookCore.plist (in target 'Facebook_FacebookCore' from project 'Facebook')
    cd /tmp/tm-dd/SourcePackages/checkouts/facebook-ios-sdk
    builtin-infoPlistUtility /tmp/tm-dd/Build/Intermediates.noindex/Facebook.build/Debug-iphonesimulator/Facebook_FacebookCore.build/empty-Facebook_FacebookCore.plist -producttype com.apple.product-type.bundle -expandbuildsettings -format binary -platform iphonesimulator -o /tmp/tm-dd/Build/Products/Debug-iphonesimulator/Facebook_FacebookCore.bundle/Info.plist

ProcessInfoPlistFile /tmp/tm-dd/Build/Products/Debug-iphonesimulator/Facebook_FacebookAEM.bundle/Info.plist /tmp/tm-dd/Build/Intermediates.noindex/Facebook.build/Debug-iphonesimulator/Facebook_FacebookAEM.build/empty-Facebook_FacebookAEM.plist (in target 'Facebook_FacebookAEM' from project 'Facebook')
    cd /tmp/tm-dd/SourcePackages/checkouts/facebook-ios-sdk
    builtin-infoPlistUtility /tmp/tm-dd/Build/Intermediates.noindex/Facebook.build/Debug-iphonesimulator/Facebook_FacebookAEM.build/empty-Facebook_FacebookAEM.plist -producttype com.apple.product-type.bundle -expandbuildsettings -format binary -platform iphonesimulator -o /tmp/tm-dd/Build/Products/Debug-iphonesimulator/Facebook_FacebookAEM.bundle/Info.plist

ProcessInfoPlistFile /tmp/tm-dd/Build/Products/Debug-iphonesimulator/AppAuth_AppAuthCore.bundle/Info.plist /tmp/tm-dd/Build/Intermediates.noindex/AppAuth.build/Debug-iphonesimulator/AppAuth_AppAuthCore.build/empty-AppAuth_AppAuthCore.plist (in target 'AppAuth_AppAuthCore' from project 'AppAuth')
    cd /tmp/tm-dd/SourcePackages/checkouts/AppAuth-iOS
    builtin-infoPlistUtility /tmp/tm-dd/Build/Intermediates.noindex/AppAuth.build/Debug-iphonesimulator/AppAuth_AppAuthCore.build/empty-AppAuth_AppAuthCore.plist -producttype com.apple.product-type.bundle -expandbuildsettings -format binary -platform iphonesimulator -o /tmp/tm-dd/Build/Products/Debug-iphonesimulator/AppAuth_AppAuthCore.bundle/Info.plist

ProcessInfoPlistFile /tmp/tm-dd/Build/Products/Debug-iphonesimulator/AppAuth_AppAuth.bundle/Info.plist /tmp/tm-dd/Build/Intermediates.noindex/AppAuth.build/Debug-iphonesimulator/AppAuth_AppAuth.build/empty-AppAuth_AppAuth.plist (in target 'AppAuth_AppAuth' from project 'AppAuth')
    cd /tmp/tm-dd/SourcePackages/checkouts/AppAuth-iOS
    builtin-infoPlistUtility /tmp/tm-dd/Build/Intermediates.noindex/AppAuth.build/Debug-iphonesimulator/AppAuth_AppAuth.build/empty-AppAuth_AppAuth.plist -producttype com.apple.product-type.bundle -expandbuildsettings -format binary -platform iphonesimulator -o /tmp/tm-dd/Build/Products/Debug-iphonesimulator/AppAuth_AppAuth.bundle/Info.plist

ProcessInfoPlistFile /tmp/tm-dd/Build/Products/Debug-iphonesimulator/FirebaseUI_FirebaseAuthUIComponents.bundle/Info.plist /tmp/tm-dd/Build/Intermediates.noindex/FirebaseUI.build/Debug-iphonesimulator/FirebaseUI_FirebaseAuthUIComponents.build/empty-FirebaseUI_FirebaseAuthUIComponents.plist (in target 'FirebaseUI_FirebaseAuthUIComponents' from project 'FirebaseUI')
    cd /tmp/tm-dd/SourcePackages/checkouts/FirebaseUI-iOS
    builtin-infoPlistUtility /tmp/tm-dd/Build/Intermediates.noindex/FirebaseUI.build/Debug-iphonesimulator/FirebaseUI_FirebaseAuthUIComponents.build/empty-FirebaseUI_FirebaseAuthUIComponents.plist -producttype com.apple.product-type.bundle -expandbuildsettings -format binary -platform iphonesimulator -additionalcontentfile /tmp/tm-dd/Build/Intermediates.noindex/FirebaseUI.build/Debug-iphonesimulator/FirebaseUI_FirebaseAuthUIComponents.build/assetcatalog_generated_info.plist -o /tmp/tm-dd/Build/Products/Debug-iphonesimulator/FirebaseUI_FirebaseAuthUIComponents.bundle/Info.plist

ProcessInfoPlistFile /tmp/tm-dd/Build/Products/Debug-iphonesimulator/FirebaseUI_FirebaseAuthSwiftUI.bundle/Info.plist /tmp/tm-dd/Build/Intermediates.noindex/FirebaseUI.build/Debug-iphonesimulator/FirebaseUI_FirebaseAuthSwiftUI.build/empty-FirebaseUI_FirebaseAuthSwiftUI.plist (in target 'FirebaseUI_FirebaseAuthSwiftUI' from project 'FirebaseUI')
    cd /tmp/tm-dd/SourcePackages/checkouts/FirebaseUI-iOS
    builtin-infoPlistUtility /tmp/tm-dd/Build/Intermediates.noindex/FirebaseUI.build/Debug-iphonesimulator/FirebaseUI_FirebaseAuthSwiftUI.build/empty-FirebaseUI_FirebaseAuthSwiftUI.plist -producttype com.apple.product-type.bundle -expandbuildsettings -format binary -platform iphonesimulator -o /tmp/tm-dd/Build/Products/Debug-iphonesimulator/FirebaseUI_FirebaseAuthSwiftUI.bundle/Info.plist

CompileXCStrings /tmp/tm-dd/Build/Intermediates.noindex/FirebaseUI.build/Debug-iphonesimulator/FirebaseUI_FirebaseAuthSwiftUI.build/ /tmp/tm-dd/SourcePackages/checkouts/FirebaseUI-iOS/FirebaseSwiftUI/FirebaseAuthSwiftUI/Sources/Strings/Localizable.xcstrings (in target 'FirebaseUI_FirebaseAuthSwiftUI' from project 'FirebaseUI')
    cd /tmp/tm-dd/SourcePackages/checkouts/FirebaseUI-iOS
    /Applications/Xcode.app/Contents/Developer/usr/bin/xcstringstool compile --output-directory /tmp/tm-dd/Build/Intermediates.noindex/FirebaseUI.build/Debug-iphonesimulator/FirebaseUI_FirebaseAuthSwiftUI.build /tmp/tm-dd/SourcePackages/checkouts/FirebaseUI-iOS/FirebaseSwiftUI/FirebaseAuthSwiftUI/Sources/Strings/Localizable.xcstrings

ProcessProductPackaging /Users/depoll/.local/share/pi-worktrees/20260907070801/fable-audit-ux-worktree-20260907/iOS/tagmaster/tagmaster/tagmaster.entitlements /tmp/tm-dd/Build/Intermediates.noindex/tagmaster.build/Debug-iphonesimulator/tagmaster.build/tagmaster.app.xcent (in target 'tagmaster' from project 'tagmaster')
    cd /Users/depoll/.local/share/pi-worktrees/20260907070801/fable-audit-ux-worktree-20260907/iOS/tagmaster
    
    Entitlements:
    
    {
}
    
    builtin-productPackagingUtility /Users/depoll/.local/share/pi-worktrees/20260907070801/fable-audit-ux-worktree-20260907/iOS/tagmaster/tagmaster/tagmaster.entitlements -entitlements -format xml -o /tmp/tm-dd/Build/Intermediates.noindex/tagmaster.build/Debug-iphonesimulator/tagmaster.build/tagmaster.app.xcent

ProcessProductPackaging /Users/depoll/.local/share/pi-worktrees/20260907070801/fable-audit-ux-worktree-20260907/iOS/tagmaster/tagmaster/tagmaster.entitlements /tmp/tm-dd/Build/Intermediates.noindex/tagmaster.build/Debug-iphonesimulator/tagmaster.build/tagmaster.app-Simulated.xcent (in target 'tagmaster' from project 'tagmaster')
    cd /Users/depoll/.local/share/pi-worktrees/20260907070801/fable-audit-ux-worktree-20260907/iOS/tagmaster
    
    Entitlements:
    
    {
    "application-identifier" = "43AWMS3YJX.depollsoft.tagmaster";
    "aps-environment" = development;
    "com.apple.developer.applesignin" =     (
        Default
    );
    "keychain-access-groups" =     (
        "43AWMS3YJX.depollsoft.tagmaster"
    );
}
    
    builtin-productPackagingUtility /Users/depoll/.local/share/pi-worktrees/20260907070801/fable-audit-ux-worktree-20260907/iOS/tagmaster/tagmaster/tagmaster.entitlements -entitlements -format xml -o /tmp/tm-dd/Build/Intermediates.noindex/tagmaster.build/Debug-iphonesimulator/tagmaster.build/tagmaster.app-Simulated.xcent

ProcessProductPackagingDER /tmp/tm-dd/Build/Intermediates.noindex/tagmaster.build/Debug-iphonesimulator/tagmaster.build/tagmaster.app.xcent /tmp/tm-dd/Build/Intermediates.noindex/tagmaster.build/Debug-iphonesimulator/tagmaster.build/tagmaster.app.xcent.der (in target 'tagmaster' from project 'tagmaster')
    cd /Users/depoll/.local/share/pi-worktrees/20260907070801/fable-audit-ux-worktree-20260907/iOS/tagmaster
    /usr/bin/derq query -f xml -i /tmp/tm-dd/Build/Intermediates.noindex/tagmaster.build/Debug-iphonesimulator/tagmaster.build/tagmaster.app.xcent -o /tmp/tm-dd/Build/Intermediates.noindex/tagmaster.build/Debug-iphonesimulator/tagmaster.build/tagmaster.app.xcent.der --raw

ProcessProductPackagingDER /tmp/tm-dd/Build/Intermediates.noindex/tagmaster.build/Debug-iphonesimulator/tagmaster.build/tagmaster.app-Simulated.xcent /tmp/tm-dd/Build/Intermediates.noindex/tagmaster.build/Debug-iphonesimulator/tagmaster.build/tagmaster.app-Simulated.xcent.der (in target 'tagmaster' from project 'tagmaster')
    cd /Users/depoll/.local/share/pi-worktrees/20260907070801/fable-audit-ux-worktree-20260907/iOS/tagmaster
    /usr/bin/derq query -f xml -i /tmp/tm-dd/Build/Intermediates.noindex/tagmaster.build/Debug-iphonesimulator/tagmaster.build/tagmaster.app-Simulated.xcent -o /tmp/tm-dd/Build/Intermediates.noindex/tagmaster.build/Debug-iphonesimulator/tagmaster.build/tagmaster.app-Simulated.xcent.der --raw

CopyStringsFile /tmp/tm-dd/Build/Products/Debug-iphonesimulator/FirebaseUI_FirebaseAuthSwiftUI.bundle/zh-Hant-TW.lproj/Localizable.strings /tmp/tm-dd/Build/Intermediates.noindex/FirebaseUI.build/Debug-iphonesimulator/FirebaseUI_FirebaseAuthSwiftUI.build/zh-Hant-TW.lproj/Localizable.strings (in target 'FirebaseUI_FirebaseAuthSwiftUI' from project 'FirebaseUI')
    cd /tmp/tm-dd/SourcePackages/checkouts/FirebaseUI-iOS
    builtin-copyStrings --validate --outputencoding binary --outfilename Localizable.strings --outdir /tmp/tm-dd/Build/Products/Debug-iphonesimulator/FirebaseUI_FirebaseAuthSwiftUI.bundle/zh-Hant-TW.lproj -- /tmp/tm-dd/Build/Intermediates.noindex/FirebaseUI.build/Debug-iphonesimulator/FirebaseUI_FirebaseAuthSwiftUI.build/zh-Hant-TW.lproj/Localizable.strings
/tmp/tm-dd/Build/Intermediates.noindex/FirebaseUI.build/Debug-iphonesimulator/FirebaseUI_FirebaseAuthSwiftUI.build/zh-Hant-TW.lproj/Localizable.strings:1:1: note: detected encoding of input file as Unicode (UTF-8) (in target 'FirebaseUI_FirebaseAuthSwiftUI' from project 'FirebaseUI')

CopyStringsFile /tmp/tm-dd/Build/Products/Debug-iphonesimulator/FirebaseUI_FirebaseAuthSwiftUI.bundle/zh.lproj/Localizable.strings /tmp/tm-dd/Build/Intermediates.noindex/FirebaseUI.build/Debug-iphonesimulator/FirebaseUI_FirebaseAuthSwiftUI.build/zh.lproj/Localizable.strings (in target 'FirebaseUI_FirebaseAuthSwiftUI' from project 'FirebaseUI')
    cd /tmp/tm-dd/SourcePackages/checkouts/FirebaseUI-iOS
    builtin-copyStrings --validate --outputencoding binary --outfilename Localizable.strings --outdir /tmp/tm-dd/Build/Products/Debug-iphonesimulator/FirebaseUI_FirebaseAuthSwiftUI.bundle/zh.lproj -- /tmp/tm-dd/Build/Intermediates.noindex/FirebaseUI.build/Debug-iphonesimulator/FirebaseUI_FirebaseAuthSwiftUI.build/zh.lproj/Localizable.strings
/tmp/tm-dd/Build/Intermediates.noindex/FirebaseUI.build/Debug-iphonesimulator/FirebaseUI_FirebaseAuthSwiftUI.build/zh.lproj/Localizable.strings:1:1: note: detected encoding of input file as Unicode (UTF-8) (in target 'FirebaseUI_FirebaseAuthSwiftUI' from project 'FirebaseUI')

CopyStringsFile /tmp/tm-dd/Build/Products/Debug-iphonesimulator/FirebaseUI_FirebaseAuthSwiftUI.bundle/pl.lproj/Localizable.strings /tmp/tm-dd/Build/Intermediates.noindex/FirebaseUI.build/Debug-iphonesimulator/FirebaseUI_FirebaseAuthSwiftUI.build/pl.lproj/Localizable.strings (in target 'FirebaseUI_FirebaseAuthSwiftUI' from project 'FirebaseUI')
    cd /tmp/tm-dd/SourcePackages/checkouts/FirebaseUI-iOS
    builtin-copyStrings --validate --outputencoding binary --outfilename Localizable.strings --outdir /tmp/tm-dd/Build/Products/Debug-iphonesimulator/FirebaseUI_FirebaseAuthSwiftUI.bundle/pl.lproj -- /tmp/tm-dd/Build/Intermediates.noindex/FirebaseUI.build/Debug-iphonesimulator/FirebaseUI_FirebaseAuthSwiftUI.build/pl.lproj/Localizable.strings
/tmp/tm-dd/Build/Intermediates.noindex/FirebaseUI.build/Debug-iphonesimulator/FirebaseUI_FirebaseAuthSwiftUI.build/pl.lproj/Localizable.strings:1:1: note: detected encoding of input file as Unicode (UTF-8) (in target 'FirebaseUI_FirebaseAuthSwiftUI' from project 'FirebaseUI')

CopyStringsFile /tmp/tm-dd/Build/Products/Debug-iphonesimulator/FirebaseUI_FirebaseAuthSwiftUI.bundle/kn.lproj/Localizable.strings /tmp/tm-dd/Build/Intermediates.noindex/FirebaseUI.build/Debug-iphonesimulator/FirebaseUI_FirebaseAuthSwiftUI.build/kn.lproj/Localizable.strings (in target 'FirebaseUI_FirebaseAuthSwiftUI' from project 'FirebaseUI')
    cd /tmp/tm-dd/SourcePackages/checkouts/FirebaseUI-iOS
    builtin-copyStrings --validate --outputencoding binary --outfilename Localizable.strings --outdir /tmp/tm-dd/Build/Products/Debug-iphonesimulator/FirebaseUI_FirebaseAuthSwiftUI.bundle/kn.lproj -- /tmp/tm-dd/Build/Intermediates.noindex/FirebaseUI.build/Debug-iphonesimulator/FirebaseUI_FirebaseAuthSwiftUI.build/kn.lproj/Localizable.strings
/tmp/tm-dd/Build/Intermediates.noindex/FirebaseUI.build/Debug-iphonesimulator/FirebaseUI_FirebaseAuthSwiftUI.build/kn.lproj/Localizable.strings:1:1: note: detected encoding of input file as Unicode (UTF-8) (in target 'FirebaseUI_FirebaseAuthSwiftUI' from project 'FirebaseUI')

CopyStringsFile /tmp/tm-dd/Build/Products/Debug-iphonesimulator/FirebaseUI_FirebaseAuthSwiftUI.bundle/ko.lproj/Localizable.strings /tmp/tm-dd/Build/Intermediates.noindex/FirebaseUI.build/Debug-iphonesimulator/FirebaseUI_FirebaseAuthSwiftUI.build/ko.lproj/Localizable.strings (in target 'FirebaseUI_FirebaseAuthSwiftUI' from project 'FirebaseUI')
    cd /tmp/tm-dd/SourcePackages/checkouts/FirebaseUI-iOS
    builtin-copyStrings --validate --outputencoding binary --outfilename Localizable.strings --outdir /tmp/tm-dd/Build/Products/Debug-iphonesimulator/FirebaseUI_FirebaseAuthSwiftUI.bundle/ko.lproj -- /tmp/tm-dd/Build/Intermediates.noindex/FirebaseUI.build/Debug-iphonesimulator/FirebaseUI_FirebaseAuthSwiftUI.build/ko.lproj/Localizable.strings
/tmp/tm-dd/Build/Intermediates.noindex/FirebaseUI.build/Debug-iphonesimulator/FirebaseUI_FirebaseAuthSwiftUI.build/ko.lproj/Localizable.strings:1:1: note: detected encoding of input file as Unicode (UTF-8) (in target 'FirebaseUI_FirebaseAuthSwiftUI' from project 'FirebaseUI')

CopyStringsFile /tmp/tm-dd/Build/Products/Debug-iphonesimulator/FirebaseUI_FirebaseAuthSwiftUI.bundle/it.lproj/Localizable.strings /tmp/tm-dd/Build/Intermediates.noindex/FirebaseUI.build/Debug-iphonesimulator/FirebaseUI_FirebaseAuthSwiftUI.build/it.lproj/Localizable.strings (in target 'FirebaseUI_FirebaseAuthSwiftUI' from project 'FirebaseUI')
    cd /tmp/tm-dd/SourcePackages/checkouts/FirebaseUI-iOS
    builtin-copyStrings --validate --outputencoding binary --outfilename Localizable.strings --outdir /tmp/tm-dd/Build/Products/Debug-iphonesimulator/FirebaseUI_FirebaseAuthSwiftUI.bundle/it.lproj -- /tmp/tm-dd/Build/Intermediates.noindex/FirebaseUI.build/Debug-iphonesimulator/FirebaseUI_FirebaseAuthSwiftUI.build/it.lproj/Localizable.strings
/tmp/tm-dd/Build/Intermediates.noindex/FirebaseUI.build/Debug-iphonesimulator/FirebaseUI_FirebaseAuthSwiftUI.build/it.lproj/Localizable.strings:1:1: note: detected encoding of input file as Unicode (UTF-8) (in target 'FirebaseUI_FirebaseAuthSwiftUI' from project 'FirebaseUI')

CopyStringsFile /tmp/tm-dd/Build/Products/Debug-iphonesimulator/FirebaseUI_FirebaseAuthSwiftUI.bundle/nl.lproj/Localizable.strings /tmp/tm-dd/Build/Intermediates.noindex/FirebaseUI.build/Debug-iphonesimulator/FirebaseUI_FirebaseAuthSwiftUI.build/nl.lproj/Localizable.strings (in target 'FirebaseUI_FirebaseAuthSwiftUI' from project 'FirebaseUI')
    cd /tmp/tm-dd/SourcePackages/checkouts/FirebaseUI-iOS
    builtin-copyStrings --validate --outputencoding binary --outfilename Localizable.strings --outdir /tmp/tm-dd/Build/Products/Debug-iphonesimulator/FirebaseUI_FirebaseAuthSwiftUI.bundle/nl.lproj -- /tmp/tm-dd/Build/Intermediates.noindex/FirebaseUI.build/Debug-iphonesimulator/FirebaseUI_FirebaseAuthSwiftUI.build/nl.lproj/Localizable.strings
/tmp/tm-dd/Build/Intermediates.noindex/FirebaseUI.build/Debug-iphonesimulator/FirebaseUI_FirebaseAuthSwiftUI.build/nl.lproj/Localizable.strings:1:1: note: detected encoding of input file as Unicode (UTF-8) (in target 'FirebaseUI_FirebaseAuthSwiftUI' from project 'FirebaseUI')

CopyStringsFile /tmp/tm-dd/Build/Products/Debug-iphonesimulator/FirebaseUI_FirebaseAuthSwiftUI.bundle/pt-BR.lproj/Localizable.strings /tmp/tm-dd/Build/Intermediates.noindex/FirebaseUI.build/Debug-iphonesimulator/FirebaseUI_FirebaseAuthSwiftUI.build/pt-BR.lproj/Localizable.strings (in target 'FirebaseUI_FirebaseAuthSwiftUI' from project 'FirebaseUI')
    cd /tmp/tm-dd/SourcePackages/checkouts/FirebaseUI-iOS
    builtin-copyStrings --validate --outputencoding binary --outfilename Localizable.strings --outdir /tmp/tm-dd/Build/Products/Debug-iphonesimulator/FirebaseUI_FirebaseAuthSwiftUI.bundle/pt-BR.lproj -- /tmp/tm-dd/Build/Intermediates.noindex/FirebaseUI.build/Debug-iphonesimulator/FirebaseUI_FirebaseAuthSwiftUI.build/pt-BR.lproj/Localizable.strings
/tmp/tm-dd/Build/Intermediates.noindex/FirebaseUI.build/Debug-iphonesimulator/FirebaseUI_FirebaseAuthSwiftUI.build/pt-BR.lproj/Localizable.strings:1:1: note: detected encoding of input file as Unicode (UTF-8) (in target 'FirebaseUI_FirebaseAuthSwiftUI' from project 'FirebaseUI')

CopyStringsFile /tmp/tm-dd/Build/Products/Debug-iphonesimulator/FirebaseUI_FirebaseAuthSwiftUI.bundle/en-IN.lproj/Localizable.strings /tmp/tm-dd/Build/Intermediates.noindex/FirebaseUI.build/Debug-iphonesimulator/FirebaseUI_FirebaseAuthSwiftUI.build/en-IN.lproj/Localizable.strings (in target 'FirebaseUI_FirebaseAuthSwiftUI' from project 'FirebaseUI')
    cd /tmp/tm-dd/SourcePackages/checkouts/FirebaseUI-iOS
    builtin-copyStrings --validate --outputencoding binary --outfilename Localizable.strings --outdir /tmp/tm-dd/Build/Products/Debug-iphonesimulator/FirebaseUI_FirebaseAuthSwiftUI.bundle/en-IN.lproj -- /tmp/tm-dd/Build/Intermediates.noindex/FirebaseUI.build/Debug-iphonesimulator/FirebaseUI_FirebaseAuthSwiftUI.build/en-IN.lproj/Localizable.strings
/tmp/tm-dd/Build/Intermediates.noindex/FirebaseUI.build/Debug-iphonesimulator/FirebaseUI_FirebaseAuthSwiftUI.build/en-IN.lproj/Localizable.strings:1:1: note: detected encoding of input file as Unicode (UTF-8) (in target 'FirebaseUI_FirebaseAuthSwiftUI' from project 'FirebaseUI')

CopyStringsFile /tmp/tm-dd/Build/Products/Debug-iphonesimulator/FirebaseUI_FirebaseAuthSwiftUI.bundle/de.lproj/Localizable.strings /tmp/tm-dd/Build/Intermediates.noindex/FirebaseUI.build/Debug-iphonesimulator/FirebaseUI_FirebaseAuthSwiftUI.build/de.lproj/Localizable.strings (in target 'FirebaseUI_FirebaseAuthSwiftUI' from project 'FirebaseUI')
    cd /tmp/tm-dd/SourcePackages/checkouts/FirebaseUI-iOS
    builtin-copyStrings --validate --outputencoding binary --outfilename Localizable.strings --outdir /tmp/tm-dd/Build/Products/Debug-iphonesimulator/FirebaseUI_FirebaseAuthSwiftUI.bundle/de.lproj -- /tmp/tm-dd/Build/Intermediates.noindex/FirebaseUI.build/Debug-iphonesimulator/FirebaseUI_FirebaseAuthSwiftUI.build/de.lproj/Localizable.strings
/tmp/tm-dd/Build/Intermediates.noindex/FirebaseUI.build/Debug-iphonesimulator/FirebaseUI_FirebaseAuthSwiftUI.build/de.lproj/Localizable.strings:1:1: note: detected encoding of input file as Unicode (UTF-8) (in target 'FirebaseUI_FirebaseAuthSwiftUI' from project 'FirebaseUI')

CopyStringsFile /tmp/tm-dd/Build/Products/Debug-iphonesimulator/FirebaseUI_FirebaseAuthSwiftUI.bundle/cs.lproj/Localizable.strings /tmp/tm-dd/Build/Intermediates.noindex/FirebaseUI.build/Debug-iphonesimulator/FirebaseUI_FirebaseAuthSwiftUI.build/cs.lproj/Localizable.strings (in target 'FirebaseUI_FirebaseAuthSwiftUI' from project 'FirebaseUI')
    cd /tmp/tm-dd/SourcePackages/checkouts/FirebaseUI-iOS
    builtin-copyStrings --validate --outputencoding binary --outfilename Localizable.strings --outdir /tmp/tm-dd/Build/Products/Debug-iphonesimulator/FirebaseUI_FirebaseAuthSwiftUI.bundle/cs.lproj -- /tmp/tm-dd/Build/Intermediates.noindex/FirebaseUI.build/Debug-iphonesimulator/FirebaseUI_FirebaseAuthSwiftUI.build/cs.lproj/Localizable.strings
/tmp/tm-dd/Build/Intermediates.noindex/FirebaseUI.build/Debug-iphonesimulator/FirebaseUI_FirebaseAuthSwiftUI.build/cs.lproj/Localizable.strings:1:1: note: detected encoding of input file as Unicode (UTF-8) (in target 'FirebaseUI_FirebaseAuthSwiftUI' from project 'FirebaseUI')

CopyStringsFile /tmp/tm-dd/Build/Products/Debug-iphonesimulator/FirebaseUI_FirebaseAuthSwiftUI.bundle/ms.lproj/Localizable.strings /tmp/tm-dd/Build/Intermediates.noindex/FirebaseUI.build/Debug-iphonesimulator/FirebaseUI_FirebaseAuthSwiftUI.build/ms.lproj/Localizable.strings (in target 'FirebaseUI_FirebaseAuthSwiftUI' from project 'FirebaseUI')
    cd /tmp/tm-dd/SourcePackages/checkouts/FirebaseUI-iOS
    builtin-copyStrings --validate --outputencoding binary --outfilename Localizable.strings --outdir /tmp/tm-dd/Build/Products/Debug-iphonesimulator/FirebaseUI_FirebaseAuthSwiftUI.bundle/ms.lproj -- /tmp/tm-dd/Build/Intermediates.noindex/FirebaseUI.build/Debug-iphonesimulator/FirebaseUI_FirebaseAuthSwiftUI.build/ms.lproj/Localizable.strings
/tmp/tm-dd/Build/Intermediates.noindex/FirebaseUI.build/Debug-iphonesimulator/FirebaseUI_FirebaseAuthSwiftUI.build/ms.lproj/Localizable.strings:1:1: note: detected encoding of input file as Unicode (UTF-8) (in target 'FirebaseUI_FirebaseAuthSwiftUI' from project 'FirebaseUI')

CopyStringsFile /tmp/tm-dd/Build/Products/Debug-iphonesimulator/FirebaseUI_FirebaseAuthSwiftUI.bundle/zh-Hant.lproj/Localizable.strings /tmp/tm-dd/Build/Intermediates.noindex/FirebaseUI.build/Debug-iphonesimulator/FirebaseUI_FirebaseAuthSwiftUI.build/zh-Hant.lproj/Localizable.strings (in target 'FirebaseUI_FirebaseAuthSwiftUI' from project 'FirebaseUI')
    cd /tmp/tm-dd/SourcePackages/checkouts/FirebaseUI-iOS
    builtin-copyStrings --validate --outputencoding binary --outfilename Localizable.strings --outdir /tmp/tm-dd/Build/Products/Debug-iphonesimulator/FirebaseUI_FirebaseAuthSwiftUI.bundle/zh-Hant.lproj -- /tmp/tm-dd/Build/Intermediates.noindex/FirebaseUI.build/Debug-iphonesimulator/FirebaseUI_FirebaseAuthSwiftUI.build/zh-Hant.lproj/Localizable.strings
/tmp/tm-dd/Build/Intermediates.noindex/FirebaseUI.build/Debug-iphonesimulator/FirebaseUI_FirebaseAuthSwiftUI.build/zh-Hant.lproj/Localizable.strings:1:1: note: detected encoding of input file as Unicode (UTF-8) (in target 'FirebaseUI_FirebaseAuthSwiftUI' from project 'FirebaseUI')

CopyStringsFile /tmp/tm-dd/Build/Products/Debug-iphonesimulator/FirebaseUI_FirebaseAuthSwiftUI.bundle/vi.lproj/Localizable.strings /tmp/tm-dd/Build/Intermediates.noindex/FirebaseUI.build/Debug-iphonesimulator/FirebaseUI_FirebaseAuthSwiftUI.build/vi.lproj/Localizable.strings (in target 'FirebaseUI_FirebaseAuthSwiftUI' from project 'FirebaseUI')
    cd /tmp/tm-dd/SourcePackages/checkouts/FirebaseUI-iOS
    builtin-copyStrings --validate --outputencoding binary --outfilename Localizable.strings --outdir /tmp/tm-dd/Build/Products/Debug-iphonesimulator/FirebaseUI_FirebaseAuthSwiftUI.bundle/vi.lproj -- /tmp/tm-dd/Build/Intermediates.noindex/FirebaseUI.build/Debug-iphonesimulator/FirebaseUI_FirebaseAuthSwiftUI.build/vi.lproj/Localizable.strings
/tmp/tm-dd/Build/Intermediates.noindex/FirebaseUI.build/Debug-iphonesimulator/FirebaseUI_FirebaseAuthSwiftUI.build/vi.lproj/Localizable.strings:1:1: note: detected encoding of input file as Unicode (UTF-8) (in target 'FirebaseUI_FirebaseAuthSwiftUI' from project 'FirebaseUI')

CopyStringsFile /tmp/tm-dd/Build/Products/Debug-iphonesimulator/FirebaseUI_FirebaseAuthSwiftUI.bundle/ur.lproj/Localizable.strings /tmp/tm-dd/Build/Intermediates.noindex/FirebaseUI.build/Debug-iphonesimulator/FirebaseUI_FirebaseAuthSwiftUI.build/ur.lproj/Localizable.strings (in target 'FirebaseUI_FirebaseAuthSwiftUI' from project 'FirebaseUI')
    cd /tmp/tm-dd/SourcePackages/checkouts/FirebaseUI-iOS
    builtin-copyStrings --validate --outputencoding binary --outfilename Localizable.strings --outdir /tmp/tm-dd/Build/Products/Debug-iphonesimulator/FirebaseUI_FirebaseAuthSwiftUI.bundle/ur.lproj -- /tmp/tm-dd/Build/Intermediates.noindex/FirebaseUI.build/Debug-iphonesimulator/FirebaseUI_FirebaseAuthSwiftUI.build/ur.lproj/Localizable.strings
/tmp/tm-dd/Build/Intermediates.noindex/FirebaseUI.build/Debug-iphonesimulator/FirebaseUI_FirebaseAuthSwiftUI.build/ur.lproj/Localizable.strings:1:1: note: detected encoding of input file as Unicode (UTF-8) (in target 'FirebaseUI_FirebaseAuthSwiftUI' from project 'FirebaseUI')

CopyStringsFile /tmp/tm-dd/Build/Products/Debug-iphonesimulator/FirebaseUI_FirebaseAuthSwiftUI.bundle/uk.lproj/Localizable.strings /tmp/tm-dd/Build/Intermediates.noindex/FirebaseUI.build/Debug-iphonesimulator/FirebaseUI_FirebaseAuthSwiftUI.build/uk.lproj/Localizable.strings (in target 'FirebaseUI_FirebaseAuthSwiftUI' from project 'FirebaseUI')
    cd /tmp/tm-dd/SourcePackages/checkouts/FirebaseUI-iOS
    builtin-copyStrings --validate --outputencoding binary --outfilename Localizable.strings --outdir /tmp/tm-dd/Build/Products/Debug-iphonesimulator/FirebaseUI_FirebaseAuthSwiftUI.bundle/uk.lproj -- /tmp/tm-dd/Build/Intermediates.noindex/FirebaseUI.build/Debug-iphonesimulator/FirebaseUI_FirebaseAuthSwiftUI.build/uk.lproj/Localizable.strings
/tmp/tm-dd/Build/Intermediates.noindex/FirebaseUI.build/Debug-iphonesimulator/FirebaseUI_FirebaseAuthSwiftUI.build/uk.lproj/Localizable.strings:1:1: note: detected encoding of input file as Unicode (UTF-8) (in target 'FirebaseUI_FirebaseAuthSwiftUI' from project 'FirebaseUI')

CopyStringsFile /tmp/tm-dd/Build/Products/Debug-iphonesimulator/FirebaseUI_FirebaseAuthSwiftUI.bundle/tr.lproj/Localizable.strings /tmp/tm-dd/Build/Intermediates.noindex/FirebaseUI.build/Debug-iphonesimulator/FirebaseUI_FirebaseAuthSwiftUI.build/tr.lproj/Localizable.strings (in target 'FirebaseUI_FirebaseAuthSwiftUI' from project 'FirebaseUI')
    cd /tmp/tm-dd/SourcePackages/checkouts/FirebaseUI-iOS
    builtin-copyStrings --validate --outputencoding binary --outfilename Localizable.strings --outdir /tmp/tm-dd/Build/Products/Debug-iphonesimulator/FirebaseUI_FirebaseAuthSwiftUI.bundle/tr.lproj -- /tmp/tm-dd/Build/Intermediates.noindex/FirebaseUI.build/Debug-iphonesimulator/FirebaseUI_FirebaseAuthSwiftUI.build/tr.lproj/Localizable.strings
/tmp/tm-dd/Build/Intermediates.noindex/FirebaseUI.build/Debug-iphonesimulator/FirebaseUI_FirebaseAuthSwiftUI.build/tr.lproj/Localizable.strings:1:1: note: detected encoding of input file as Unicode (UTF-8) (in target 'FirebaseUI_FirebaseAuthSwiftUI' from project 'FirebaseUI')

CopyStringsFile /tmp/tm-dd/Build/Products/Debug-iphonesimulator/FirebaseUI_FirebaseAuthSwiftUI.bundle/th.lproj/Localizable.strings /tmp/tm-dd/Build/Intermediates.noindex/FirebaseUI.build/Debug-iphonesimulator/FirebaseUI_FirebaseAuthSwiftUI.build/th.lproj/Localizable.strings (in target 'FirebaseUI_FirebaseAuthSwiftUI' from project 'FirebaseUI')
    cd /tmp/tm-dd/SourcePackages/checkouts/FirebaseUI-iOS
    builtin-copyStrings --validate --outputencoding binary --outfilename Localizable.strings --outdir /tmp/tm-dd/Build/Products/Debug-iphonesimulator/FirebaseUI_FirebaseAuthSwiftUI.bundle/th.lproj -- /tmp/tm-dd/Build/Intermediates.noindex/FirebaseUI.build/Debug-iphonesimulator/FirebaseUI_FirebaseAuthSwiftUI.build/th.lproj/Localizable.strings
/tmp/tm-dd/Build/Intermediates.noindex/FirebaseUI.build/Debug-iphonesimulator/FirebaseUI_FirebaseAuthSwiftUI.build/th.lproj/Localizable.strings:1:1: note: detected encoding of input file as Unicode (UTF-8) (in target 'FirebaseUI_FirebaseAuthSwiftUI' from project 'FirebaseUI')

CopyStringsFile /tmp/tm-dd/Build/Products/Debug-iphonesimulator/FirebaseUI_FirebaseAuthSwiftUI.bundle/ta.lproj/Localizable.strings /tmp/tm-dd/Build/Intermediates.noindex/FirebaseUI.build/Debug-iphonesimulator/FirebaseUI_FirebaseAuthSwiftUI.build/ta.lproj/Localizable.strings (in target 'FirebaseUI_FirebaseAuthSwiftUI' from project 'FirebaseUI')
    cd /tmp/tm-dd/SourcePackages/checkouts/FirebaseUI-iOS
    builtin-copyStrings --validate --outputencoding binary --outfilename Localizable.strings --outdir /tmp/tm-dd/Build/Products/Debug-iphonesimulator/FirebaseUI_FirebaseAuthSwiftUI.bundle/ta.lproj -- /tmp/tm-dd/Build/Intermediates.noindex/FirebaseUI.build/Debug-iphonesimulator/FirebaseUI_FirebaseAuthSwiftUI.build/ta.lproj/Localizable.strings
/tmp/tm-dd/Build/Intermediates.noindex/FirebaseUI.build/Debug-iphonesimulator/FirebaseUI_FirebaseAuthSwiftUI.build/ta.lproj/Localizable.strings:1:1: note: detected encoding of input file as Unicode (UTF-8) (in target 'FirebaseUI_FirebaseAuthSwiftUI' from project 'FirebaseUI')

CopyStringsFile /tmp/tm-dd/Build/Products/Debug-iphonesimulator/FirebaseUI_FirebaseAuthSwiftUI.bundle/sv.lproj/Localizable.strings /tmp/tm-dd/Build/Intermediates.noindex/FirebaseUI.build/Debug-iphonesimulator/FirebaseUI_FirebaseAuthSwiftUI.build/sv.lproj/Localizable.strings (in target 'FirebaseUI_FirebaseAuthSwiftUI' from project 'FirebaseUI')
    cd /tmp/tm-dd/SourcePackages/checkouts/FirebaseUI-iOS
    builtin-copyStrings --validate --outputencoding binary --outfilename Localizable.strings --outdir /tmp/tm-dd/Build/Products/Debug-iphonesimulator/FirebaseUI_FirebaseAuthSwiftUI.bundle/sv.lproj -- /tmp/tm-dd/Build/Intermediates.noindex/FirebaseUI.build/Debug-iphonesimulator/FirebaseUI_FirebaseAuthSwiftUI.build/sv.lproj/Localizable.strings
/tmp/tm-dd/Build/Intermediates.noindex/FirebaseUI.build/Debug-iphonesimulator/FirebaseUI_FirebaseAuthSwiftUI.build/sv.lproj/Localizable.strings:1:1: note: detected encoding of input file as Unicode (UTF-8) (in target 'FirebaseUI_FirebaseAuthSwiftUI' from project 'FirebaseUI')

CopyStringsFile /tmp/tm-dd/Build/Products/Debug-iphonesimulator/FirebaseUI_FirebaseAuthSwiftUI.bundle/sr.lproj/Localizable.strings /tmp/tm-dd/Build/Intermediates.noindex/FirebaseUI.build/Debug-iphonesimulator/FirebaseUI_FirebaseAuthSwiftUI.build/sr.lproj/Localizable.strings (in target 'FirebaseUI_FirebaseAuthSwiftUI' from project 'FirebaseUI')
    cd /tmp/tm-dd/SourcePackages/checkouts/FirebaseUI-iOS
    builtin-copyStrings --validate --outputencoding binary --outfilename Localizable.strings --outdir /tmp/tm-dd/Build/Products/Debug-iphonesimulator/FirebaseUI_FirebaseAuthSwiftUI.bundle/sr.lproj -- /tmp/tm-dd/Build/Intermediates.noindex/FirebaseUI.build/Debug-iphonesimulator/FirebaseUI_FirebaseAuthSwiftUI.build/sr.lproj/Localizable.strings
/tmp/tm-dd/Build/Intermediates.noindex/FirebaseUI.build/Debug-iphonesimulator/FirebaseUI_FirebaseAuthSwiftUI.build/sr.lproj/Localizable.strings:1:1: note: detected encoding of input file as Unicode (UTF-8) (in target 'FirebaseUI_FirebaseAuthSwiftUI' from project 'FirebaseUI')

CopyStringsFile /tmp/tm-dd/Build/Products/Debug-iphonesimulator/FirebaseUI_FirebaseAuthSwiftUI.bundle/sr-Latn.lproj/Localizable.strings /tmp/tm-dd/Build/Intermediates.noindex/FirebaseUI.build/Debug-iphonesimulator/FirebaseUI_FirebaseAuthSwiftUI.build/sr-Latn.lproj/Localizable.strings (in target 'FirebaseUI_FirebaseAuthSwiftUI' from project 'FirebaseUI')
    cd /tmp/tm-dd/SourcePackages/checkouts/FirebaseUI-iOS
    builtin-copyStrings --validate --outputencoding binary --outfilename Localizable.strings --outdir /tmp/tm-dd/Build/Products/Debug-iphonesimulator/FirebaseUI_FirebaseAuthSwiftUI.bundle/sr-Latn.lproj -- /tmp/tm-dd/Build/Intermediates.noindex/FirebaseUI.build/Debug-iphonesimulator/FirebaseUI_FirebaseAuthSwiftUI.build/sr-Latn.lproj/Localizable.strings
/tmp/tm-dd/Build/Intermediates.noindex/FirebaseUI.build/Debug-iphonesimulator/FirebaseUI_FirebaseAuthSwiftUI.build/sr-Latn.lproj/Localizable.strings:1:1: note: detected encoding of input file as Unicode (UTF-8) (in target 'FirebaseUI_FirebaseAuthSwiftUI' from project 'FirebaseUI')

CopyStringsFile /tmp/tm-dd/Build/Products/Debug-iphonesimulator/FirebaseUI_FirebaseAuthSwiftUI.bundle/sl.lproj/Localizable.strings /tmp/tm-dd/Build/Intermediates.noindex/FirebaseUI.build/Debug-iphonesimulator/FirebaseUI_FirebaseAuthSwiftUI.build/sl.lproj/Localizable.strings (in target 'FirebaseUI_FirebaseAuthSwiftUI' from project 'FirebaseUI')
    cd /tmp/tm-dd/SourcePackages/checkouts/FirebaseUI-iOS
    builtin-copyStrings --validate --outputencoding binary --outfilename Localizable.strings --outdir /tmp/tm-dd/Build/Products/Debug-iphonesimulator/FirebaseUI_FirebaseAuthSwiftUI.bundle/sl.lproj -- /tmp/tm-dd/Build/Intermediates.noindex/FirebaseUI.build/Debug-iphonesimulator/FirebaseUI_FirebaseAuthSwiftUI.build/sl.lproj/Localizable.strings
/tmp/tm-dd/Build/Intermediates.noindex/FirebaseUI.build/Debug-iphonesimulator/FirebaseUI_FirebaseAuthSwiftUI.build/sl.lproj/Localizable.strings:1:1: note: detected encoding of input file as Unicode (UTF-8) (in target 'FirebaseUI_FirebaseAuthSwiftUI' from project 'FirebaseUI')

CopyStringsFile /tmp/tm-dd/Build/Products/Debug-iphonesimulator/FirebaseUI_FirebaseAuthSwiftUI.bundle/sk.lproj/Localizable.strings /tmp/tm-dd/Build/Intermediates.noindex/FirebaseUI.build/Debug-iphonesimulator/FirebaseUI_FirebaseAuthSwiftUI.build/sk.lproj/Localizable.strings (in target 'FirebaseUI_FirebaseAuthSwiftUI' from project 'FirebaseUI')
    cd /tmp/tm-dd/SourcePackages/checkouts/FirebaseUI-iOS
    builtin-copyStrings --validate --outputencoding binary --outfilename Localizable.strings --outdir /tmp/tm-dd/Build/Products/Debug-iphonesimulator/FirebaseUI_FirebaseAuthSwiftUI.bundle/sk.lproj -- /tmp/tm-dd/Build/Intermediates.noindex/FirebaseUI.build/Debug-iphonesimulator/FirebaseUI_FirebaseAuthSwiftUI.build/sk.lproj/Localizable.strings
/tmp/tm-dd/Build/Intermediates.noindex/FirebaseUI.build/Debug-iphonesimulator/FirebaseUI_FirebaseAuthSwiftUI.build/sk.lproj/Localizable.strings:1:1: note: detected encoding of input file as Unicode (UTF-8) (in target 'FirebaseUI_FirebaseAuthSwiftUI' from project 'FirebaseUI')

CopyStringsFile /tmp/tm-dd/Build/Products/Debug-iphonesimulator/FirebaseUI_FirebaseAuthSwiftUI.bundle/ru.lproj/Localizable.strings /tmp/tm-dd/Build/Intermediates.noindex/FirebaseUI.build/Debug-iphonesimulator/FirebaseUI_FirebaseAuthSwiftUI.build/ru.lproj/Localizable.strings (in target 'FirebaseUI_FirebaseAuthSwiftUI' from project 'FirebaseUI')
    cd /tmp/tm-dd/SourcePackages/checkouts/FirebaseUI-iOS
    builtin-copyStrings --validate --outputencoding binary --outfilename Localizable.strings --outdir /tmp/tm-dd/Build/Products/Debug-iphonesimulator/FirebaseUI_FirebaseAuthSwiftUI.bundle/ru.lproj -- /tmp/tm-dd/Build/Intermediates.noindex/FirebaseUI.build/Debug-iphonesimulator/FirebaseUI_FirebaseAuthSwiftUI.build/ru.lproj/Localizable.strings
/tmp/tm-dd/Build/Intermediates.noindex/FirebaseUI.build/Debug-iphonesimulator/FirebaseUI_FirebaseAuthSwiftUI.build/ru.lproj/Localizable.strings:1:1: note: detected encoding of input file as Unicode (UTF-8) (in target 'FirebaseUI_FirebaseAuthSwiftUI' from project 'FirebaseUI')

CopyStringsFile /tmp/tm-dd/Build/Products/Debug-iphonesimulator/FirebaseUI_FirebaseAuthSwiftUI.bundle/ro.lproj/Localizable.strings /tmp/tm-dd/Build/Intermediates.noindex/FirebaseUI.build/Debug-iphonesimulator/FirebaseUI_FirebaseAuthSwiftUI.build/ro.lproj/Localizable.strings (in target 'FirebaseUI_FirebaseAuthSwiftUI' from project 'FirebaseUI')
    cd /tmp/tm-dd/SourcePackages/checkouts/FirebaseUI-iOS
    builtin-copyStrings --validate --outputencoding binary --outfilename Localizable.strings --outdir /tmp/tm-dd/Build/Products/Debug-iphonesimulator/FirebaseUI_FirebaseAuthSwiftUI.bundle/ro.lproj -- /tmp/tm-dd/Build/Intermediates.noindex/FirebaseUI.build/Debug-iphonesimulator/FirebaseUI_FirebaseAuthSwiftUI.build/ro.lproj/Localizable.strings
/tmp/tm-dd/Build/Intermediates.noindex/FirebaseUI.build/Debug-iphonesimulator/FirebaseUI_FirebaseAuthSwiftUI.build/ro.lproj/Localizable.strings:1:1: note: detected encoding of input file as Unicode (UTF-8) (in target 'FirebaseUI_FirebaseAuthSwiftUI' from project 'FirebaseUI')

CopyStringsFile /tmp/tm-dd/Build/Products/Debug-iphonesimulator/FirebaseUI_FirebaseAuthSwiftUI.bundle/pt.lproj/Localizable.strings /tmp/tm-dd/Build/Intermediates.noindex/FirebaseUI.build/Debug-iphonesimulator/FirebaseUI_FirebaseAuthSwiftUI.build/pt.lproj/Localizable.strings (in target 'FirebaseUI_FirebaseAuthSwiftUI' from project 'FirebaseUI')
    cd /tmp/tm-dd/SourcePackages/checkouts/FirebaseUI-iOS
    builtin-copyStrings --validate --outputencoding binary --outfilename Localizable.strings --outdir /tmp/tm-dd/Build/Products/Debug-iphonesimulator/FirebaseUI_FirebaseAuthSwiftUI.bundle/pt.lproj -- /tmp/tm-dd/Build/Intermediates.noindex/FirebaseUI.build/Debug-iphonesimulator/FirebaseUI_FirebaseAuthSwiftUI.build/pt.lproj/Localizable.strings
/tmp/tm-dd/Build/Intermediates.noindex/FirebaseUI.build/Debug-iphonesimulator/FirebaseUI_FirebaseAuthSwiftUI.build/pt.lproj/Localizable.strings:1:1: note: detected encoding of input file as Unicode (UTF-8) (in target 'FirebaseUI_FirebaseAuthSwiftUI' from project 'FirebaseUI')

CopyStringsFile /tmp/tm-dd/Build/Products/Debug-iphonesimulator/FirebaseUI_FirebaseAuthSwiftUI.bundle/pt-PT.lproj/Localizable.strings /tmp/tm-dd/Build/Intermediates.noindex/FirebaseUI.build/Debug-iphonesimulator/FirebaseUI_FirebaseAuthSwiftUI.build/pt-PT.lproj/Localizable.strings (in target 'FirebaseUI_FirebaseAuthSwiftUI' from project 'FirebaseUI')
    cd /tmp/tm-dd/SourcePackages/checkouts/FirebaseUI-iOS
    builtin-copyStrings --validate --outputencoding binary --outfilename Localizable.strings --outdir /tmp/tm-dd/Build/Products/Debug-iphonesimulator/FirebaseUI_FirebaseAuthSwiftUI.bundle/pt-PT.lproj -- /tmp/tm-dd/Build/Intermediates.noindex/FirebaseUI.build/Debug-iphonesimulator/FirebaseUI_FirebaseAuthSwiftUI.build/pt-PT.lproj/Localizable.strings
/tmp/tm-dd/Build/Intermediates.noindex/FirebaseUI.build/Debug-iphonesimulator/FirebaseUI_FirebaseAuthSwiftUI.build/pt-PT.lproj/Localizable.strings:1:1: note: detected encoding of input file as Unicode (UTF-8) (in target 'FirebaseUI_FirebaseAuthSwiftUI' from project 'FirebaseUI')

CopyStringsFile /tmp/tm-dd/Build/Products/Debug-iphonesimulator/FirebaseUI_FirebaseAuthSwiftUI.bundle/nn-NO.lproj/Localizable.strings /tmp/tm-dd/Build/Intermediates.noindex/FirebaseUI.build/Debug-iphonesimulator/FirebaseUI_FirebaseAuthSwiftUI.build/nn-NO.lproj/Localizable.strings (in target 'FirebaseUI_FirebaseAuthSwiftUI' from project 'FirebaseUI')
    cd /tmp/tm-dd/SourcePackages/checkouts/FirebaseUI-iOS
    builtin-copyStrings --validate --outputencoding binary --outfilename Localizable.strings --outdir /tmp/tm-dd/Build/Products/Debug-iphonesimulator/FirebaseUI_FirebaseAuthSwiftUI.bundle/nn-NO.lproj -- /tmp/tm-dd/Build/Intermediates.noindex/FirebaseUI.build/Debug-iphonesimulator/FirebaseUI_FirebaseAuthSwiftUI.build/nn-NO.lproj/Localizable.strings
/tmp/tm-dd/Build/Intermediates.noindex/FirebaseUI.build/Debug-iphonesimulator/FirebaseUI_FirebaseAuthSwiftUI.build/nn-NO.lproj/Localizable.strings:1:1: note: detected encoding of input file as Unicode (UTF-8) (in target 'FirebaseUI_FirebaseAuthSwiftUI' from project 'FirebaseUI')

CopyStringsFile /tmp/tm-dd/Build/Products/Debug-iphonesimulator/FirebaseUI_FirebaseAuthSwiftUI.bundle/nb.lproj/Localizable.strings /tmp/tm-dd/Build/Intermediates.noindex/FirebaseUI.build/Debug-iphonesimulator/FirebaseUI_FirebaseAuthSwiftUI.build/nb.lproj/Localizable.strings (in target 'FirebaseUI_FirebaseAuthSwiftUI' from project 'FirebaseUI')
    cd /tmp/tm-dd/SourcePackages/checkouts/FirebaseUI-iOS
    builtin-copyStrings --validate --outputencoding binary --outfilename Localizable.strings --outdir /tmp/tm-dd/Build/Products/Debug-iphonesimulator/FirebaseUI_FirebaseAuthSwiftUI.bundle/nb.lproj -- /tmp/tm-dd/Build/Intermediates.noindex/FirebaseUI.build/Debug-iphonesimulator/FirebaseUI_FirebaseAuthSwiftUI.build/nb.lproj/Localizable.strings
/tmp/tm-dd/Build/Intermediates.noindex/FirebaseUI.build/Debug-iphonesimulator/FirebaseUI_FirebaseAuthSwiftUI.build/nb.lproj/Localizable.strings:1:1: note: detected encoding of input file as Unicode (UTF-8) (in target 'FirebaseUI_FirebaseAuthSwiftUI' from project 'FirebaseUI')

CopyStringsFile /tmp/tm-dd/Build/Products/Debug-iphonesimulator/FirebaseUI_FirebaseAuthSwiftUI.bundle/mr.lproj/Localizable.strings /tmp/tm-dd/Build/Intermediates.noindex/FirebaseUI.build/Debug-iphonesimulator/FirebaseUI_FirebaseAuthSwiftUI.build/mr.lproj/Localizable.strings (in target 'FirebaseUI_FirebaseAuthSwiftUI' from project 'FirebaseUI')
    cd /tmp/tm-dd/SourcePackages/checkouts/FirebaseUI-iOS
    builtin-copyStrings --validate --outputencoding binary --outfilename Localizable.strings --outdir /tmp/tm-dd/Build/Products/Debug-iphonesimulator/FirebaseUI_FirebaseAuthSwiftUI.bundle/mr.lproj -- /tmp/tm-dd/Build/Intermediates.noindex/FirebaseUI.build/Debug-iphonesimulator/FirebaseUI_FirebaseAuthSwiftUI.build/mr.lproj/Localizable.strings
/tmp/tm-dd/Build/Intermediates.noindex/FirebaseUI.build/Debug-iphonesimulator/FirebaseUI_FirebaseAuthSwiftUI.build/mr.lproj/Localizable.strings:1:1: note: detected encoding of input file as Unicode (UTF-8) (in target 'FirebaseUI_FirebaseAuthSwiftUI' from project 'FirebaseUI')

CopyStringsFile /tmp/tm-dd/Build/Products/Debug-iphonesimulator/FirebaseUI_FirebaseAuthSwiftUI.bundle/lv.lproj/Localizable.strings /tmp/tm-dd/Build/Intermediates.noindex/FirebaseUI.build/Debug-iphonesimulator/FirebaseUI_FirebaseAuthSwiftUI.build/lv.lproj/Localizable.strings (in target 'FirebaseUI_FirebaseAuthSwiftUI' from project 'FirebaseUI')
    cd /tmp/tm-dd/SourcePackages/checkouts/FirebaseUI-iOS
    builtin-copyStrings --validate --outputencoding binary --outfilename Localizable.strings --outdir /tmp/tm-dd/Build/Products/Debug-iphonesimulator/FirebaseUI_FirebaseAuthSwiftUI.bundle/lv.lproj -- /tmp/tm-dd/Build/Intermediates.noindex/FirebaseUI.build/Debug-iphonesimulator/FirebaseUI_FirebaseAuthSwiftUI.build/lv.lproj/Localizable.strings
/tmp/tm-dd/Build/Intermediates.noindex/FirebaseUI.build/Debug-iphonesimulator/FirebaseUI_FirebaseAuthSwiftUI.build/lv.lproj/Localizable.strings:1:1: note: detected encoding of input file as Unicode (UTF-8) (in target 'FirebaseUI_FirebaseAuthSwiftUI' from project 'FirebaseUI')

CopyStringsFile /tmp/tm-dd/Build/Products/Debug-iphonesimulator/FirebaseUI_FirebaseAuthSwiftUI.bundle/ln.lproj/Localizable.strings /tmp/tm-dd/Build/Intermediates.noindex/FirebaseUI.build/Debug-iphonesimulator/FirebaseUI_FirebaseAuthSwiftUI.build/ln.lproj/Localizable.strings (in target 'FirebaseUI_FirebaseAuthSwiftUI' from project 'FirebaseUI')
    cd /tmp/tm-dd/SourcePackages/checkouts/FirebaseUI-iOS
    builtin-copyStrings --validate --outputencoding binary --outfilename Localizable.strings --outdir /tmp/tm-dd/Build/Products/Debug-iphonesimulator/FirebaseUI_FirebaseAuthSwiftUI.bundle/ln.lproj -- /tmp/tm-dd/Build/Intermediates.noindex/FirebaseUI.build/Debug-iphonesimulator/FirebaseUI_FirebaseAuthSwiftUI.build/ln.lproj/Localizable.strings
/tmp/tm-dd/Build/Intermediates.noindex/FirebaseUI.build/Debug-iphonesimulator/FirebaseUI_FirebaseAuthSwiftUI.build/ln.lproj/Localizable.strings:1:1: note: detected encoding of input file as Unicode (UTF-8) (in target 'FirebaseUI_FirebaseAuthSwiftUI' from project 'FirebaseUI')

CopyStringsFile /tmp/tm-dd/Build/Products/Debug-iphonesimulator/FirebaseUI_FirebaseAuthSwiftUI.bundle/ja.lproj/Localizable.strings /tmp/tm-dd/Build/Intermediates.noindex/FirebaseUI.build/Debug-iphonesimulator/FirebaseUI_FirebaseAuthSwiftUI.build/ja.lproj/Localizable.strings (in target 'FirebaseUI_FirebaseAuthSwiftUI' from project 'FirebaseUI')
    cd /tmp/tm-dd/SourcePackages/checkouts/FirebaseUI-iOS
    builtin-copyStrings --validate --outputencoding binary --outfilename Localizable.strings --outdir /tmp/tm-dd/Build/Products/Debug-iphonesimulator/FirebaseUI_FirebaseAuthSwiftUI.bundle/ja.lproj -- /tmp/tm-dd/Build/Intermediates.noindex/FirebaseUI.build/Debug-iphonesimulator/FirebaseUI_FirebaseAuthSwiftUI.build/ja.lproj/Localizable.strings
/tmp/tm-dd/Build/Intermediates.noindex/FirebaseUI.build/Debug-iphonesimulator/FirebaseUI_FirebaseAuthSwiftUI.build/ja.lproj/Localizable.strings:1:1: note: detected encoding of input file as Unicode (UTF-8) (in target 'FirebaseUI_FirebaseAuthSwiftUI' from project 'FirebaseUI')

CopyStringsFile /tmp/tm-dd/Build/Products/Debug-iphonesimulator/FirebaseUI_FirebaseAuthSwiftUI.bundle/id.lproj/Localizable.strings /tmp/tm-dd/Build/Intermediates.noindex/FirebaseUI.build/Debug-iphonesimulator/FirebaseUI_FirebaseAuthSwiftUI.build/id.lproj/Localizable.strings (in target 'FirebaseUI_FirebaseAuthSwiftUI' from project 'FirebaseUI')
    cd /tmp/tm-dd/SourcePackages/checkouts/FirebaseUI-iOS
    builtin-copyStrings --validate --outputencoding binary --outfilename Localizable.strings --outdir /tmp/tm-dd/Build/Products/Debug-iphonesimulator/FirebaseUI_FirebaseAuthSwiftUI.bundle/id.lproj -- /tmp/tm-dd/Build/Intermediates.noindex/FirebaseUI.build/Debug-iphonesimulator/FirebaseUI_FirebaseAuthSwiftUI.build/id.lproj/Localizable.strings
/tmp/tm-dd/Build/Intermediates.noindex/FirebaseUI.build/Debug-iphonesimulator/FirebaseUI_FirebaseAuthSwiftUI.build/id.lproj/Localizable.strings:1:1: note: detected encoding of input file as Unicode (UTF-8) (in target 'FirebaseUI_FirebaseAuthSwiftUI' from project 'FirebaseUI')

CopyStringsFile /tmp/tm-dd/Build/Products/Debug-iphonesimulator/FirebaseUI_FirebaseAuthSwiftUI.bundle/hu.lproj/Localizable.strings /tmp/tm-dd/Build/Intermediates.noindex/FirebaseUI.build/Debug-iphonesimulator/FirebaseUI_FirebaseAuthSwiftUI.build/hu.lproj/Localizable.strings (in target 'FirebaseUI_FirebaseAuthSwiftUI' from project 'FirebaseUI')
    cd /tmp/tm-dd/SourcePackages/checkouts/FirebaseUI-iOS
    builtin-copyStrings --validate --outputencoding binary --outfilename Localizable.strings --outdir /tmp/tm-dd/Build/Products/Debug-iphonesimulator/FirebaseUI_FirebaseAuthSwiftUI.bundle/hu.lproj -- /tmp/tm-dd/Build/Intermediates.noindex/FirebaseUI.build/Debug-iphonesimulator/FirebaseUI_FirebaseAuthSwiftUI.build/hu.lproj/Localizable.strings
/tmp/tm-dd/Build/Intermediates.noindex/FirebaseUI.build/Debug-iphonesimulator/FirebaseUI_FirebaseAuthSwiftUI.build/hu.lproj/Localizable.strings:1:1: note: detected encoding of input file as Unicode (UTF-8) (in target 'FirebaseUI_FirebaseAuthSwiftUI' from project 'FirebaseUI')

CopyStringsFile /tmp/tm-dd/Build/Products/Debug-iphonesimulator/FirebaseUI_FirebaseAuthSwiftUI.bundle/hr.lproj/Localizable.strings /tmp/tm-dd/Build/Intermediates.noindex/FirebaseUI.build/Debug-iphonesimulator/FirebaseUI_FirebaseAuthSwiftUI.build/hr.lproj/Localizable.strings (in target 'FirebaseUI_FirebaseAuthSwiftUI' from project 'FirebaseUI')
    cd /tmp/tm-dd/SourcePackages/checkouts/FirebaseUI-iOS
    builtin-copyStrings --validate --outputencoding binary --outfilename Localizable.strings --outdir /tmp/tm-dd/Build/Products/Debug-iphonesimulator/FirebaseUI_FirebaseAuthSwiftUI.bundle/hr.lproj -- /tmp/tm-dd/Build/Intermediates.noindex/FirebaseUI.build/Debug-iphonesimulator/FirebaseUI_FirebaseAuthSwiftUI.build/hr.lproj/Localizable.strings
/tmp/tm-dd/Build/Intermediates.noindex/FirebaseUI.build/Debug-iphonesimulator/FirebaseUI_FirebaseAuthSwiftUI.build/hr.lproj/Localizable.strings:1:1: note: detected encoding of input file as Unicode (UTF-8) (in target 'FirebaseUI_FirebaseAuthSwiftUI' from project 'FirebaseUI')

CopyStringsFile /tmp/tm-dd/Build/Products/Debug-iphonesimulator/FirebaseUI_FirebaseAuthSwiftUI.bundle/hi.lproj/Localizable.strings /tmp/tm-dd/Build/Intermediates.noindex/FirebaseUI.build/Debug-iphonesimulator/FirebaseUI_FirebaseAuthSwiftUI.build/hi.lproj/Localizable.strings (in target 'FirebaseUI_FirebaseAuthSwiftUI' from project 'FirebaseUI')
    cd /tmp/tm-dd/SourcePackages/checkouts/FirebaseUI-iOS
    builtin-copyStrings --validate --outputencoding binary --outfilename Localizable.strings --outdir /tmp/tm-dd/Build/Products/Debug-iphonesimulator/FirebaseUI_FirebaseAuthSwiftUI.bundle/hi.lproj -- /tmp/tm-dd/Build/Intermediates.noindex/FirebaseUI.build/Debug-iphonesimulator/FirebaseUI_FirebaseAuthSwiftUI.build/hi.lproj/Localizable.strings
/tmp/tm-dd/Build/Intermediates.noindex/FirebaseUI.build/Debug-iphonesimulator/FirebaseUI_FirebaseAuthSwiftUI.build/hi.lproj/Localizable.strings:1:1: note: detected encoding of input file as Unicode (UTF-8) (in target 'FirebaseUI_FirebaseAuthSwiftUI' from project 'FirebaseUI')

CopyStringsFile /tmp/tm-dd/Build/Products/Debug-iphonesimulator/FirebaseUI_FirebaseAuthSwiftUI.bundle/he.lproj/Localizable.strings /tmp/tm-dd/Build/Intermediates.noindex/FirebaseUI.build/Debug-iphonesimulator/FirebaseUI_FirebaseAuthSwiftUI.build/he.lproj/Localizable.strings (in target 'FirebaseUI_FirebaseAuthSwiftUI' from project 'FirebaseUI')
    cd /tmp/tm-dd/SourcePackages/checkouts/FirebaseUI-iOS
    builtin-copyStrings --validate --outputencoding binary --outfilename Localizable.strings --outdir /tmp/tm-dd/Build/Products/Debug-iphonesimulator/FirebaseUI_FirebaseAuthSwiftUI.bundle/he.lproj -- /tmp/tm-dd/Build/Intermediates.noindex/FirebaseUI.build/Debug-iphonesimulator/FirebaseUI_FirebaseAuthSwiftUI.build/he.lproj/Localizable.strings
/tmp/tm-dd/Build/Intermediates.noindex/FirebaseUI.build/Debug-iphonesimulator/FirebaseUI_FirebaseAuthSwiftUI.build/he.lproj/Localizable.strings:1:1: note: detected encoding of input file as Unicode (UTF-8) (in target 'FirebaseUI_FirebaseAuthSwiftUI' from project 'FirebaseUI')

CopyStringsFile /tmp/tm-dd/Build/Products/Debug-iphonesimulator/FirebaseUI_FirebaseAuthSwiftUI.bundle/gu.lproj/Localizable.strings /tmp/tm-dd/Build/Intermediates.noindex/FirebaseUI.build/Debug-iphonesimulator/FirebaseUI_FirebaseAuthSwiftUI.build/gu.lproj/Localizable.strings (in target 'FirebaseUI_FirebaseAuthSwiftUI' from project 'FirebaseUI')
    cd /tmp/tm-dd/SourcePackages/checkouts/FirebaseUI-iOS
    builtin-copyStrings --validate --outputencoding binary --outfilename Localizable.strings --outdir /tmp/tm-dd/Build/Products/Debug-iphonesimulator/FirebaseUI_FirebaseAuthSwiftUI.bundle/gu.lproj -- /tmp/tm-dd/Build/Intermediates.noindex/FirebaseUI.build/Debug-iphonesimulator/FirebaseUI_FirebaseAuthSwiftUI.build/gu.lproj/Localizable.strings
/tmp/tm-dd/Build/Intermediates.noindex/FirebaseUI.build/Debug-iphonesimulator/FirebaseUI_FirebaseAuthSwiftUI.build/gu.lproj/Localizable.strings:1:1: note: detected encoding of input file as Unicode (UTF-8) (in target 'FirebaseUI_FirebaseAuthSwiftUI' from project 'FirebaseUI')

CopyStringsFile /tmp/tm-dd/Build/Products/Debug-iphonesimulator/FirebaseUI_FirebaseAuthSwiftUI.bundle/gsw.lproj/Localizable.strings /tmp/tm-dd/Build/Intermediates.noindex/FirebaseUI.build/Debug-iphonesimulator/FirebaseUI_FirebaseAuthSwiftUI.build/gsw.lproj/Localizable.strings (in target 'FirebaseUI_FirebaseAuthSwiftUI' from project 'FirebaseUI')
    cd /tmp/tm-dd/SourcePackages/checkouts/FirebaseUI-iOS
    builtin-copyStrings --validate --outputencoding binary --outfilename Localizable.strings --outdir /tmp/tm-dd/Build/Products/Debug-iphonesimulator/FirebaseUI_FirebaseAuthSwiftUI.bundle/gsw.lproj -- /tmp/tm-dd/Build/Intermediates.noindex/FirebaseUI.build/Debug-iphonesimulator/FirebaseUI_FirebaseAuthSwiftUI.build/gsw.lproj/Localizable.strings
/tmp/tm-dd/Build/Intermediates.noindex/FirebaseUI.build/Debug-iphonesimulator/FirebaseUI_FirebaseAuthSwiftUI.build/gsw.lproj/Localizable.strings:1:1: note: detected encoding of input file as Unicode (UTF-8) (in target 'FirebaseUI_FirebaseAuthSwiftUI' from project 'FirebaseUI')

CopyStringsFile /tmp/tm-dd/Build/Products/Debug-iphonesimulator/FirebaseUI_FirebaseAuthSwiftUI.bundle/fr.lproj/Localizable.strings /tmp/tm-dd/Build/Intermediates.noindex/FirebaseUI.build/Debug-iphonesimulator/FirebaseUI_FirebaseAuthSwiftUI.build/fr.lproj/Localizable.strings (in target 'FirebaseUI_FirebaseAuthSwiftUI' from project 'FirebaseUI')
    cd /tmp/tm-dd/SourcePackages/checkouts/FirebaseUI-iOS
    builtin-copyStrings --validate --outputencoding binary --outfilename Localizable.strings --outdir /tmp/tm-dd/Build/Products/Debug-iphonesimulator/FirebaseUI_FirebaseAuthSwiftUI.bundle/fr.lproj -- /tmp/tm-dd/Build/Intermediates.noindex/FirebaseUI.build/Debug-iphonesimulator/FirebaseUI_FirebaseAuthSwiftUI.build/fr.lproj/Localizable.strings
/tmp/tm-dd/Build/Intermediates.noindex/FirebaseUI.build/Debug-iphonesimulator/FirebaseUI_FirebaseAuthSwiftUI.build/fr.lproj/Localizable.strings:1:1: note: detected encoding of input file as Unicode (UTF-8) (in target 'FirebaseUI_FirebaseAuthSwiftUI' from project 'FirebaseUI')

CopyStringsFile /tmp/tm-dd/Build/Products/Debug-iphonesimulator/FirebaseUI_FirebaseAuthSwiftUI.bundle/fr-CH.lproj/Localizable.strings /tmp/tm-dd/Build/Intermediates.noindex/FirebaseUI.build/Debug-iphonesimulator/FirebaseUI_FirebaseAuthSwiftUI.build/fr-CH.lproj/Localizable.strings (in target 'FirebaseUI_FirebaseAuthSwiftUI' from project 'FirebaseUI')
    cd /tmp/tm-dd/SourcePackages/checkouts/FirebaseUI-iOS
    builtin-copyStrings --validate --outputencoding binary --outfilename Localizable.strings --outdir /tmp/tm-dd/Build/Products/Debug-iphonesimulator/FirebaseUI_FirebaseAuthSwiftUI.bundle/fr-CH.lproj -- /tmp/tm-dd/Build/Intermediates.noindex/FirebaseUI.build/Debug-iphonesimulator/FirebaseUI_FirebaseAuthSwiftUI.build/fr-CH.lproj/Localizable.strings
/tmp/tm-dd/Build/Intermediates.noindex/FirebaseUI.build/Debug-iphonesimulator/FirebaseUI_FirebaseAuthSwiftUI.build/fr-CH.lproj/Localizable.strings:1:1: note: detected encoding of input file as Unicode (UTF-8) (in target 'FirebaseUI_FirebaseAuthSwiftUI' from project 'FirebaseUI')

CopyStringsFile /tmp/tm-dd/Build/Products/Debug-iphonesimulator/FirebaseUI_FirebaseAuthSwiftUI.bundle/fil.lproj/Localizable.strings /tmp/tm-dd/Build/Intermediates.noindex/FirebaseUI.build/Debug-iphonesimulator/FirebaseUI_FirebaseAuthSwiftUI.build/fil.lproj/Localizable.strings (in target 'FirebaseUI_FirebaseAuthSwiftUI' from project 'FirebaseUI')
    cd /tmp/tm-dd/SourcePackages/checkouts/FirebaseUI-iOS
    builtin-copyStrings --validate --outputencoding binary --outfilename Localizable.strings --outdir /tmp/tm-dd/Build/Products/Debug-iphonesimulator/FirebaseUI_FirebaseAuthSwiftUI.bundle/fil.lproj -- /tmp/tm-dd/Build/Intermediates.noindex/FirebaseUI.build/Debug-iphonesimulator/FirebaseUI_FirebaseAuthSwiftUI.build/fil.lproj/Localizable.strings
/tmp/tm-dd/Build/Intermediates.noindex/FirebaseUI.build/Debug-iphonesimulator/FirebaseUI_FirebaseAuthSwiftUI.build/fil.lproj/Localizable.strings:1:1: note: detected encoding of input file as Unicode (UTF-8) (in target 'FirebaseUI_FirebaseAuthSwiftUI' from project 'FirebaseUI')

CopyStringsFile /tmp/tm-dd/Build/Products/Debug-iphonesimulator/FirebaseUI_FirebaseAuthSwiftUI.bundle/fi.lproj/Localizable.strings /tmp/tm-dd/Build/Intermediates.noindex/FirebaseUI.build/Debug-iphonesimulator/FirebaseUI_FirebaseAuthSwiftUI.build/fi.lproj/Localizable.strings (in target 'FirebaseUI_FirebaseAuthSwiftUI' from project 'FirebaseUI')
    cd /tmp/tm-dd/SourcePackages/checkouts/FirebaseUI-iOS
    builtin-copyStrings --validate --outputencoding binary --outfilename Localizable.strings --outdir /tmp/tm-dd/Build/Products/Debug-iphonesimulator/FirebaseUI_FirebaseAuthSwiftUI.bundle/fi.lproj -- /tmp/tm-dd/Build/Intermediates.noindex/FirebaseUI.build/Debug-iphonesimulator/FirebaseUI_FirebaseAuthSwiftUI.build/fi.lproj/Localizable.strings
/tmp/tm-dd/Build/Intermediates.noindex/FirebaseUI.build/Debug-iphonesimulator/FirebaseUI_FirebaseAuthSwiftUI.build/fi.lproj/Localizable.strings:1:1: note: detected encoding of input file as Unicode (UTF-8) (in target 'FirebaseUI_FirebaseAuthSwiftUI' from project 'FirebaseUI')

CopyStringsFile /tmp/tm-dd/Build/Products/Debug-iphonesimulator/FirebaseUI_FirebaseAuthSwiftUI.bundle/fa.lproj/Localizable.strings /tmp/tm-dd/Build/Intermediates.noindex/FirebaseUI.build/Debug-iphonesimulator/FirebaseUI_FirebaseAuthSwiftUI.build/fa.lproj/Localizable.strings (in target 'FirebaseUI_FirebaseAuthSwiftUI' from project 'FirebaseUI')
    cd /tmp/tm-dd/SourcePackages/checkouts/FirebaseUI-iOS
    builtin-copyStrings --validate --outputencoding binary --outfilename Localizable.strings --outdir /tmp/tm-dd/Build/Products/Debug-iphonesimulator/FirebaseUI_FirebaseAuthSwiftUI.bundle/fa.lproj -- /tmp/tm-dd/Build/Intermediates.noindex/FirebaseUI.build/Debug-iphonesimulator/FirebaseUI_FirebaseAuthSwiftUI.build/fa.lproj/Localizable.strings
/tmp/tm-dd/Build/Intermediates.noindex/FirebaseUI.build/Debug-iphonesimulator/FirebaseUI_FirebaseAuthSwiftUI.build/fa.lproj/Localizable.strings:1:1: note: detected encoding of input file as Unicode (UTF-8) (in target 'FirebaseUI_FirebaseAuthSwiftUI' from project 'FirebaseUI')

CopyStringsFile /tmp/tm-dd/Build/Products/Debug-iphonesimulator/FirebaseUI_FirebaseAuthSwiftUI.bundle/es.lproj/Localizable.strings /tmp/tm-dd/Build/Intermediates.noindex/FirebaseUI.build/Debug-iphonesimulator/FirebaseUI_FirebaseAuthSwiftUI.build/es.lproj/Localizable.strings (in target 'FirebaseUI_FirebaseAuthSwiftUI' from project 'FirebaseUI')
    cd /tmp/tm-dd/SourcePackages/checkouts/FirebaseUI-iOS
    builtin-copyStrings --validate --outputencoding binary --outfilename Localizable.strings --outdir /tmp/tm-dd/Build/Products/Debug-iphonesimulator/FirebaseUI_FirebaseAuthSwiftUI.bundle/es.lproj -- /tmp/tm-dd/Build/Intermediates.noindex/FirebaseUI.build/Debug-iphonesimulator/FirebaseUI_FirebaseAuthSwiftUI.build/es.lproj/Localizable.strings
/tmp/tm-dd/Build/Intermediates.noindex/FirebaseUI.build/Debug-iphonesimulator/FirebaseUI_FirebaseAuthSwiftUI.build/es.lproj/Localizable.strings:1:1: note: detected encoding of input file as Unicode (UTF-8) (in target 'FirebaseUI_FirebaseAuthSwiftUI' from project 'FirebaseUI')

CopyStringsFile /tmp/tm-dd/Build/Products/Debug-iphonesimulator/FirebaseUI_FirebaseAuthSwiftUI.bundle/en-ZA.lproj/Localizable.strings /tmp/tm-dd/Build/Intermediates.noindex/FirebaseUI.build/Debug-iphonesimulator/FirebaseUI_FirebaseAuthSwiftUI.build/en-ZA.lproj/Localizable.strings (in target 'FirebaseUI_FirebaseAuthSwiftUI' from project 'FirebaseUI')
    cd /tmp/tm-dd/SourcePackages/checkouts/FirebaseUI-iOS
    builtin-copyStrings --validate --outputencoding binary --outfilename Localizable.strings --outdir /tmp/tm-dd/Build/Products/Debug-iphonesimulator/FirebaseUI_FirebaseAuthSwiftUI.bundle/en-ZA.lproj -- /tmp/tm-dd/Build/Intermediates.noindex/FirebaseUI.build/Debug-iphonesimulator/FirebaseUI_FirebaseAuthSwiftUI.build/en-ZA.lproj/Localizable.strings
/tmp/tm-dd/Build/Intermediates.noindex/FirebaseUI.build/Debug-iphonesimulator/FirebaseUI_FirebaseAuthSwiftUI.build/en-ZA.lproj/Localizable.strings:1:1: note: detected encoding of input file as Unicode (UTF-8) (in target 'FirebaseUI_FirebaseAuthSwiftUI' from project 'FirebaseUI')

CopyStringsFile /tmp/tm-dd/Build/Products/Debug-iphonesimulator/FirebaseUI_FirebaseAuthSwiftUI.bundle/en.lproj/Localizable.strings /tmp/tm-dd/Build/Intermediates.noindex/FirebaseUI.build/Debug-iphonesimulator/FirebaseUI_FirebaseAuthSwiftUI.build/en.lproj/Localizable.strings (in target 'FirebaseUI_FirebaseAuthSwiftUI' from project 'FirebaseUI')
    cd /tmp/tm-dd/SourcePackages/checkouts/FirebaseUI-iOS
    builtin-copyStrings --validate --outputencoding binary --outfilename Localizable.strings --outdir /tmp/tm-dd/Build/Products/Debug-iphonesimulator/FirebaseUI_FirebaseAuthSwiftUI.bundle/en.lproj -- /tmp/tm-dd/Build/Intermediates.noindex/FirebaseUI.build/Debug-iphonesimulator/FirebaseUI_FirebaseAuthSwiftUI.build/en.lproj/Localizable.strings
/tmp/tm-dd/Build/Intermediates.noindex/FirebaseUI.build/Debug-iphonesimulator/FirebaseUI_FirebaseAuthSwiftUI.build/en.lproj/Localizable.strings:1:1: note: detected encoding of input file as Unicode (UTF-8) (in target 'FirebaseUI_FirebaseAuthSwiftUI' from project 'FirebaseUI')

CopyStringsFile /tmp/tm-dd/Build/Products/Debug-iphonesimulator/FirebaseUI_FirebaseAuthSwiftUI.bundle/en-IE.lproj/Localizable.strings /tmp/tm-dd/Build/Intermediates.noindex/FirebaseUI.build/Debug-iphonesimulator/FirebaseUI_FirebaseAuthSwiftUI.build/en-IE.lproj/Localizable.strings (in target 'FirebaseUI_FirebaseAuthSwiftUI' from project 'FirebaseUI')
    cd /tmp/tm-dd/SourcePackages/checkouts/FirebaseUI-iOS
    builtin-copyStrings --validate --outputencoding binary --outfilename Localizable.strings --outdir /tmp/tm-dd/Build/Products/Debug-iphonesimulator/FirebaseUI_FirebaseAuthSwiftUI.bundle/en-IE.lproj -- /tmp/tm-dd/Build/Intermediates.noindex/FirebaseUI.build/Debug-iphonesimulator/FirebaseUI_FirebaseAuthSwiftUI.build/en-IE.lproj/Localizable.strings
/tmp/tm-dd/Build/Intermediates.noindex/FirebaseUI.build/Debug-iphonesimulator/FirebaseUI_FirebaseAuthSwiftUI.build/en-IE.lproj/Localizable.strings:1:1: note: detected encoding of input file as Unicode (UTF-8) (in target 'FirebaseUI_FirebaseAuthSwiftUI' from project 'FirebaseUI')

CopyStringsFile /tmp/tm-dd/Build/Products/Debug-iphonesimulator/FirebaseUI_FirebaseAuthSwiftUI.bundle/en-GB.lproj/Localizable.strings /tmp/tm-dd/Build/Intermediates.noindex/FirebaseUI.build/Debug-iphonesimulator/FirebaseUI_FirebaseAuthSwiftUI.build/en-GB.lproj/Localizable.strings (in target 'FirebaseUI_FirebaseAuthSwiftUI' from project 'FirebaseUI')
    cd /tmp/tm-dd/SourcePackages/checkouts/FirebaseUI-iOS
    builtin-copyStrings --validate --outputencoding binary --outfilename Localizable.strings --outdir /tmp/tm-dd/Build/Products/Debug-iphonesimulator/FirebaseUI_FirebaseAuthSwiftUI.bundle/en-GB.lproj -- /tmp/tm-dd/Build/Intermediates.noindex/FirebaseUI.build/Debug-iphonesimulator/FirebaseUI_FirebaseAuthSwiftUI.build/en-GB.lproj/Localizable.strings
/tmp/tm-dd/Build/Intermediates.noindex/FirebaseUI.build/Debug-iphonesimulator/FirebaseUI_FirebaseAuthSwiftUI.build/en-GB.lproj/Localizable.strings:1:1: note: detected encoding of input file as Unicode (UTF-8) (in target 'FirebaseUI_FirebaseAuthSwiftUI' from project 'FirebaseUI')

CopyStringsFile /tmp/tm-dd/Build/Products/Debug-iphonesimulator/FirebaseUI_FirebaseAuthSwiftUI.bundle/en-CA.lproj/Localizable.strings /tmp/tm-dd/Build/Intermediates.noindex/FirebaseUI.build/Debug-iphonesimulator/FirebaseUI_FirebaseAuthSwiftUI.build/en-CA.lproj/Localizable.strings (in target 'FirebaseUI_FirebaseAuthSwiftUI' from project 'FirebaseUI')
    cd /tmp/tm-dd/SourcePackages/checkouts/FirebaseUI-iOS
    builtin-copyStrings --validate --outputencoding binary --outfilename Localizable.strings --outdir /tmp/tm-dd/Build/Products/Debug-iphonesimulator/FirebaseUI_FirebaseAuthSwiftUI.bundle/en-CA.lproj -- /tmp/tm-dd/Build/Intermediates.noindex/FirebaseUI.build/Debug-iphonesimulator/FirebaseUI_FirebaseAuthSwiftUI.build/en-CA.lproj/Localizable.strings
/tmp/tm-dd/Build/Intermediates.noindex/FirebaseUI.build/Debug-iphonesimulator/FirebaseUI_FirebaseAuthSwiftUI.build/en-CA.lproj/Localizable.strings:1:1: note: detected encoding of input file as Unicode (UTF-8) (in target 'FirebaseUI_FirebaseAuthSwiftUI' from project 'FirebaseUI')

CopyStringsFile /tmp/tm-dd/Build/Products/Debug-iphonesimulator/FirebaseUI_FirebaseAuthSwiftUI.bundle/en-AU.lproj/Localizable.strings /tmp/tm-dd/Build/Intermediates.noindex/FirebaseUI.build/Debug-iphonesimulator/FirebaseUI_FirebaseAuthSwiftUI.build/en-AU.lproj/Localizable.strings (in target 'FirebaseUI_FirebaseAuthSwiftUI' from project 'FirebaseUI')
    cd /tmp/tm-dd/SourcePackages/checkouts/FirebaseUI-iOS
    builtin-copyStrings --validate --outputencoding binary --outfilename Localizable.strings --outdir /tmp/tm-dd/Build/Products/Debug-iphonesimulator/FirebaseUI_FirebaseAuthSwiftUI.bundle/en-AU.lproj -- /tmp/tm-dd/Build/Intermediates.noindex/FirebaseUI.build/Debug-iphonesimulator/FirebaseUI_FirebaseAuthSwiftUI.build/en-AU.lproj/Localizable.strings
/tmp/tm-dd/Build/Intermediates.noindex/FirebaseUI.build/Debug-iphonesimulator/FirebaseUI_FirebaseAuthSwiftUI.build/en-AU.lproj/Localizable.strings:1:1: note: detected encoding of input file as Unicode (UTF-8) (in target 'FirebaseUI_FirebaseAuthSwiftUI' from project 'FirebaseUI')

CopyStringsFile /tmp/tm-dd/Build/Products/Debug-iphonesimulator/FirebaseUI_FirebaseAuthSwiftUI.bundle/el.lproj/Localizable.strings /tmp/tm-dd/Build/Intermediates.noindex/FirebaseUI.build/Debug-iphonesimulator/FirebaseUI_FirebaseAuthSwiftUI.build/el.lproj/Localizable.strings (in target 'FirebaseUI_FirebaseAuthSwiftUI' from project 'FirebaseUI')
    cd /tmp/tm-dd/SourcePackages/checkouts/FirebaseUI-iOS
    builtin-copyStrings --validate --outputencoding binary --outfilename Localizable.strings --outdir /tmp/tm-dd/Build/Products/Debug-iphonesimulator/FirebaseUI_FirebaseAuthSwiftUI.bundle/el.lproj -- /tmp/tm-dd/Build/Intermediates.noindex/FirebaseUI.build/Debug-iphonesimulator/FirebaseUI_FirebaseAuthSwiftUI.build/el.lproj/Localizable.strings
/tmp/tm-dd/Build/Intermediates.noindex/FirebaseUI.build/Debug-iphonesimulator/FirebaseUI_FirebaseAuthSwiftUI.build/el.lproj/Localizable.strings:1:1: note: detected encoding of input file as Unicode (UTF-8) (in target 'FirebaseUI_FirebaseAuthSwiftUI' from project 'FirebaseUI')

CopyStringsFile /tmp/tm-dd/Build/Products/Debug-iphonesimulator/FirebaseUI_FirebaseAuthSwiftUI.bundle/de-CH.lproj/Localizable.strings /tmp/tm-dd/Build/Intermediates.noindex/FirebaseUI.build/Debug-iphonesimulator/FirebaseUI_FirebaseAuthSwiftUI.build/de-CH.lproj/Localizable.strings (in target 'FirebaseUI_FirebaseAuthSwiftUI' from project 'FirebaseUI')
    cd /tmp/tm-dd/SourcePackages/checkouts/FirebaseUI-iOS
    builtin-copyStrings --validate --outputencoding binary --outfilename Localizable.strings --outdir /tmp/tm-dd/Build/Products/Debug-iphonesimulator/FirebaseUI_FirebaseAuthSwiftUI.bundle/de-CH.lproj -- /tmp/tm-dd/Build/Intermediates.noindex/FirebaseUI.build/Debug-iphonesimulator/FirebaseUI_FirebaseAuthSwiftUI.build/de-CH.lproj/Localizable.strings
/tmp/tm-dd/Build/Intermediates.noindex/FirebaseUI.build/Debug-iphonesimulator/FirebaseUI_FirebaseAuthSwiftUI.build/de-CH.lproj/Localizable.strings:1:1: note: detected encoding of input file as Unicode (UTF-8) (in target 'FirebaseUI_FirebaseAuthSwiftUI' from project 'FirebaseUI')

CopyStringsFile /tmp/tm-dd/Build/Products/Debug-iphonesimulator/FirebaseUI_FirebaseAuthSwiftUI.bundle/de-AT.lproj/Localizable.strings /tmp/tm-dd/Build/Intermediates.noindex/FirebaseUI.build/Debug-iphonesimulator/FirebaseUI_FirebaseAuthSwiftUI.build/de-AT.lproj/Localizable.strings (in target 'FirebaseUI_FirebaseAuthSwiftUI' from project 'FirebaseUI')
    cd /tmp/tm-dd/SourcePackages/checkouts/FirebaseUI-iOS
    builtin-copyStrings --validate --outputencoding binary --outfilename Localizable.strings --outdir /tmp/tm-dd/Build/Products/Debug-iphonesimulator/FirebaseUI_FirebaseAuthSwiftUI.bundle/de-AT.lproj -- /tmp/tm-dd/Build/Intermediates.noindex/FirebaseUI.build/Debug-iphonesimulator/FirebaseUI_FirebaseAuthSwiftUI.build/de-AT.lproj/Localizable.strings
/tmp/tm-dd/Build/Intermediates.noindex/FirebaseUI.build/Debug-iphonesimulator/FirebaseUI_FirebaseAuthSwiftUI.build/de-AT.lproj/Localizable.strings:1:1: note: detected encoding of input file as Unicode (UTF-8) (in target 'FirebaseUI_FirebaseAuthSwiftUI' from project 'FirebaseUI')

CopyStringsFile /tmp/tm-dd/Build/Products/Debug-iphonesimulator/FirebaseUI_FirebaseAuthSwiftUI.bundle/da.lproj/Localizable.strings /tmp/tm-dd/Build/Intermediates.noindex/FirebaseUI.build/Debug-iphonesimulator/FirebaseUI_FirebaseAuthSwiftUI.build/da.lproj/Localizable.strings (in target 'FirebaseUI_FirebaseAuthSwiftUI' from project 'FirebaseUI')
    cd /tmp/tm-dd/SourcePackages/checkouts/FirebaseUI-iOS
    builtin-copyStrings --validate --outputencoding binary --outfilename Localizable.strings --outdir /tmp/tm-dd/Build/Products/Debug-iphonesimulator/FirebaseUI_FirebaseAuthSwiftUI.bundle/da.lproj -- /tmp/tm-dd/Build/Intermediates.noindex/FirebaseUI.build/Debug-iphonesimulator/FirebaseUI_FirebaseAuthSwiftUI.build/da.lproj/Localizable.strings
/tmp/tm-dd/Build/Intermediates.noindex/FirebaseUI.build/Debug-iphonesimulator/FirebaseUI_FirebaseAuthSwiftUI.build/da.lproj/Localizable.strings:1:1: note: detected encoding of input file as Unicode (UTF-8) (in target 'FirebaseUI_FirebaseAuthSwiftUI' from project 'FirebaseUI')

CopyStringsFile /tmp/tm-dd/Build/Products/Debug-iphonesimulator/FirebaseUI_FirebaseAuthSwiftUI.bundle/ca.lproj/Localizable.strings /tmp/tm-dd/Build/Intermediates.noindex/FirebaseUI.build/Debug-iphonesimulator/FirebaseUI_FirebaseAuthSwiftUI.build/ca.lproj/Localizable.strings (in target 'FirebaseUI_FirebaseAuthSwiftUI' from project 'FirebaseUI')
    cd /tmp/tm-dd/SourcePackages/checkouts/FirebaseUI-iOS
    builtin-copyStrings --validate --outputencoding binary --outfilename Localizable.strings --outdir /tmp/tm-dd/Build/Products/Debug-iphonesimulator/FirebaseUI_FirebaseAuthSwiftUI.bundle/ca.lproj -- /tmp/tm-dd/Build/Intermediates.noindex/FirebaseUI.build/Debug-iphonesimulator/FirebaseUI_FirebaseAuthSwiftUI.build/ca.lproj/Localizable.strings
/tmp/tm-dd/Build/Intermediates.noindex/FirebaseUI.build/Debug-iphonesimulator/FirebaseUI_FirebaseAuthSwiftUI.build/ca.lproj/Localizable.strings:1:1: note: detected encoding of input file as Unicode (UTF-8) (in target 'FirebaseUI_FirebaseAuthSwiftUI' from project 'FirebaseUI')

CopyStringsFile /tmp/tm-dd/Build/Products/Debug-iphonesimulator/FirebaseUI_FirebaseAuthSwiftUI.bundle/bn.lproj/Localizable.strings /tmp/tm-dd/Build/Intermediates.noindex/FirebaseUI.build/Debug-iphonesimulator/FirebaseUI_FirebaseAuthSwiftUI.build/bn.lproj/Localizable.strings (in target 'FirebaseUI_FirebaseAuthSwiftUI' from project 'FirebaseUI')
    cd /tmp/tm-dd/SourcePackages/checkouts/FirebaseUI-iOS
    builtin-copyStrings --validate --outputencoding binary --outfilename Localizable.strings --outdir /tmp/tm-dd/Build/Products/Debug-iphonesimulator/FirebaseUI_FirebaseAuthSwiftUI.bundle/bn.lproj -- /tmp/tm-dd/Build/Intermediates.noindex/FirebaseUI.build/Debug-iphonesimulator/FirebaseUI_FirebaseAuthSwiftUI.build/bn.lproj/Localizable.strings
/tmp/tm-dd/Build/Intermediates.noindex/FirebaseUI.build/Debug-iphonesimulator/FirebaseUI_FirebaseAuthSwiftUI.build/bn.lproj/Localizable.strings:1:1: note: detected encoding of input file as Unicode (UTF-8) (in target 'FirebaseUI_FirebaseAuthSwiftUI' from project 'FirebaseUI')

CopyStringsFile /tmp/tm-dd/Build/Products/Debug-iphonesimulator/FirebaseUI_FirebaseAuthSwiftUI.bundle/bg.lproj/Localizable.strings /tmp/tm-dd/Build/Intermediates.noindex/FirebaseUI.build/Debug-iphonesimulator/FirebaseUI_FirebaseAuthSwiftUI.build/bg.lproj/Localizable.strings (in target 'FirebaseUI_FirebaseAuthSwiftUI' from project 'FirebaseUI')
    cd /tmp/tm-dd/SourcePackages/checkouts/FirebaseUI-iOS
    builtin-copyStrings --validate --outputencoding binary --outfilename Localizable.strings --outdir /tmp/tm-dd/Build/Products/Debug-iphonesimulator/FirebaseUI_FirebaseAuthSwiftUI.bundle/bg.lproj -- /tmp/tm-dd/Build/Intermediates.noindex/FirebaseUI.build/Debug-iphonesimulator/FirebaseUI_FirebaseAuthSwiftUI.build/bg.lproj/Localizable.strings
/tmp/tm-dd/Build/Intermediates.noindex/FirebaseUI.build/Debug-iphonesimulator/FirebaseUI_FirebaseAuthSwiftUI.build/bg.lproj/Localizable.strings:1:1: note: detected encoding of input file as Unicode (UTF-8) (in target 'FirebaseUI_FirebaseAuthSwiftUI' from project 'FirebaseUI')

CopyStringsFile /tmp/tm-dd/Build/Products/Debug-iphonesimulator/FirebaseUI_FirebaseAuthSwiftUI.bundle/ar.lproj/Localizable.strings /tmp/tm-dd/Build/Intermediates.noindex/FirebaseUI.build/Debug-iphonesimulator/FirebaseUI_FirebaseAuthSwiftUI.build/ar.lproj/Localizable.strings (in target 'FirebaseUI_FirebaseAuthSwiftUI' from project 'FirebaseUI')
    cd /tmp/tm-dd/SourcePackages/checkouts/FirebaseUI-iOS
    builtin-copyStrings --validate --outputencoding binary --outfilename Localizable.strings --outdir /tmp/tm-dd/Build/Products/Debug-iphonesimulator/FirebaseUI_FirebaseAuthSwiftUI.bundle/ar.lproj -- /tmp/tm-dd/Build/Intermediates.noindex/FirebaseUI.build/Debug-iphonesimulator/FirebaseUI_FirebaseAuthSwiftUI.build/ar.lproj/Localizable.strings
/tmp/tm-dd/Build/Intermediates.noindex/FirebaseUI.build/Debug-iphonesimulator/FirebaseUI_FirebaseAuthSwiftUI.build/ar.lproj/Localizable.strings:1:1: note: detected encoding of input file as Unicode (UTF-8) (in target 'FirebaseUI_FirebaseAuthSwiftUI' from project 'FirebaseUI')

Ld /tmp/tm-dd/Build/Products/Debug-iphonesimulator/tagmaster.app/tagmaster.debug.dylib normal (in target 'tagmaster' from project 'tagmaster')
    cd /Users/depoll/.local/share/pi-worktrees/20260907070801/fable-audit-ux-worktree-20260907/iOS/tagmaster
    /Applications/Xcode.app/Contents/Developer/Toolchains/XcodeDefault.xctoolchain/usr/bin/clang -Xlinker -reproducible -target arm64-apple-ios17.0-simulator -dynamiclib -isysroot /Applications/Xcode.app/Contents/Developer/Platforms/iPhoneSimulator.platform/Developer/SDKs/iPhoneSimulator26.5.sdk -O0 -L/tmp/tm-dd/Build/Intermediates.noindex/EagerLinkingTBDs/Debug-iphonesimulator -L/tmp/tm-dd/Build/Products/Debug-iphonesimulator -F/tmp/tm-dd/Build/Intermediates.noindex/EagerLinkingTBDs/Debug-iphonesimulator -F/tmp/tm-dd/Build/Products/Debug-iphonesimulator/PackageFrameworks -F/tmp/tm-dd/Build/Products/Debug-iphonesimulator/PackageFrameworks -F/tmp/tm-dd/Build/Products/Debug-iphonesimulator/PackageFrameworks -F/tmp/tm-dd/Build/Products/Debug-iphonesimulator/PackageFrameworks -F/tmp/tm-dd/Build/Products/Debug-iphonesimulator/PackageFrameworks -F/tmp/tm-dd/Build/Products/Debug-iphonesimulator/PackageFrameworks -F/tmp/tm-dd/Build/Products/Debug-iphonesimulator/PackageFrameworks -F/tmp/tm-dd/Build/Products/Debug-iphonesimulator/PackageFrameworks -F/tmp/tm-dd/Build/Products/Debug-iphonesimulator/PackageFrameworks -F/tmp/tm-dd/Build/Products/Debug-iphonesimulator/PackageFrameworks -F/tmp/tm-dd/Build/Products/Debug-iphonesimulator/PackageFrameworks -F/tmp/tm-dd/Build/Products/Debug-iphonesimulator/PackageFrameworks -F/tmp/tm-dd/Build/Products/Debug-iphonesimulator/PackageFrameworks -F/tmp/tm-dd/Build/Products/Debug-iphonesimulator/PackageFrameworks -F/tmp/tm-dd/Build/Products/Debug-iphonesimulator/PackageFrameworks -F/tmp/tm-dd/Build/Products/Debug-iphonesimulator/PackageFrameworks -F/tmp/tm-dd/Build/Products/Debug-iphonesimulator/PackageFrameworks -F/tmp/tm-dd/Build/Products/Debug-iphonesimulator/PackageFrameworks -F/tmp/tm-dd/Build/Products/Debug-iphonesimulator/PackageFrameworks -F/tmp/tm-dd/Build/Products/Debug-iphonesimulator/PackageFrameworks -F/tmp/tm-dd/Build/Products/Debug-iphonesimulator/PackageFrameworks -F/tmp/tm-dd/Build/Products/Debug-iphonesimulator/PackageFrameworks -F/tmp/tm-dd/Build/Products/Debug-iphonesimulator/PackageFrameworks -F/tmp/tm-dd/Build/Products/Debug-iphonesimulator/PackageFrameworks -F/tmp/tm-dd/Build/Products/Debug-iphonesimulator/PackageFrameworks -F/tmp/tm-dd/Build/Products/Debug-iphonesimulator/PackageFrameworks -F/tmp/tm-dd/Build/Products/Debug-iphonesimulator/PackageFrameworks -F/tmp/tm-dd/Build/Products/Debug-iphonesimulator/PackageFrameworks -F/tmp/tm-dd/Build/Products/Debug-iphonesimulator/PackageFrameworks -F/tmp/tm-dd/Build/Products/Debug-iphonesimulator/PackageFrameworks -F/tmp/tm-dd/Build/Products/Debug-iphonesimulator/PackageFrameworks -F/tmp/tm-dd/Build/Products/Debug-iphonesimulator/PackageFrameworks -F/tmp/tm-dd/Build/Products/Debug-iphonesimulator/PackageFrameworks -F/tmp/tm-dd/Build/Products/Debug-iphonesimulator/PackageFrameworks -F/tmp/tm-dd/Build/Products/Debug-iphonesimulator/PackageFrameworks -F/tmp/tm-dd/Build/Products/Debug-iphonesimulator/PackageFrameworks -F/tmp/tm-dd/Build/Products/Debug-iphonesimulator/PackageFrameworks -F/tmp/tm-dd/Build/Products/Debug-iphonesimulator/PackageFrameworks -F/tmp/tm-dd/Build/Products/Debug-iphonesimulator/PackageFrameworks -F/tmp/tm-dd/Build/Products/Debug-iphonesimulator/PackageFrameworks -F/tmp/tm-dd/Build/Products/Debug-iphonesimulator/PackageFrameworks -F/tmp/tm-dd/Build/Products/Debug-iphonesimulator -F/Users/depoll/.local/share/pi-worktrees/20260907070801/fable-audit-ux-worktree-20260907/iOS/tagmaster -filelist /tmp/tm-dd/Build/Intermediates.noindex/tagmaster.build/Debug-iphonesimulator/tagmaster.build/Objects-normal/arm64/tagmaster.LinkFileList -install_name @rpath/tagmaster.debug.dylib -Xlinker -rpath -Xlinker /usr/lib/swift -Xlinker -rpath -Xlinker /tmp/tm-dd/Build/Products/Debug-iphonesimulator/PackageFrameworks -Xlinker -rpath -Xlinker @executable_path/Frameworks -Xlinker -dead_strip -Xlinker -object_path_lto -Xlinker /tmp/tm-dd/Build/Intermediates.noindex/tagmaster.build/Debug-iphonesimulator/tagmaster.build/Objects-normal/arm64/tagmaster_lto.o -rdynamic -Xlinker -no_deduplicate -Xlinker -objc_abi_version -Xlinker 2 -Xlinker -dependency_info -Xlinker /tmp/tm-dd/Build/Intermediates.noindex/tagmaster.build/Debug-iphonesimulator/tagmaster.build/Objects-normal/arm64/tagmaster_dependency_info.dat -fobjc-arc -fobjc-link-runtime -L/Applications/Xcode.app/Contents/Developer/Toolchains/XcodeDefault.xctoolchain/usr/lib/swift/iphonesimulator -L/usr/lib/swift -Xlinker -add_ast_path -Xlinker /tmp/tm-dd/Build/Intermediates.noindex/tagmaster.build/Debug-iphonesimulator/tagmaster.build/Objects-normal/arm64/tagmaster.swiftmodule @/tmp/tm-dd/Build/Intermediates.noindex/tagmaster.build/Debug-iphonesimulator/tagmaster.build/Objects-normal/arm64/tagmaster-linker-args.resp -Wl,-no_warn_duplicate_libraries -Wl,-no_warn_duplicate_libraries -Wl,-no_warn_duplicate_libraries -Wl,-no_warn_duplicate_libraries -Wl,-no_warn_duplicate_libraries -Wl,-no_warn_duplicate_libraries -Wl,-no_warn_duplicate_libraries -Wl,-no_warn_duplicate_libraries -Wl,-no_warn_duplicate_libraries -Wl,-no_warn_duplicate_libraries -Wl,-no_warn_duplicate_libraries -Wl,-no_warn_duplicate_libraries -Wl,-no_warn_duplicate_libraries -Wl,-no_warn_duplicate_libraries -Wl,-no_warn_duplicate_libraries -Wl,-no_warn_duplicate_libraries -lc++ -Wl,-no_warn_duplicate_libraries -Wl,-no_warn_duplicate_libraries -Wl,-no_warn_duplicate_libraries -Wl,-no_warn_duplicate_libraries -Wl,-no_warn_duplicate_libraries -Wl,-no_warn_duplicate_libraries -Wl,-no_warn_duplicate_libraries -Wl,-no_warn_duplicate_libraries -Wl,-no_warn_duplicate_libraries -Wl,-no_warn_duplicate_libraries -Wl,-no_warn_duplicate_libraries -Wl,-no_warn_duplicate_libraries -Wl,-no_warn_duplicate_libraries -Wl,-no_warn_duplicate_libraries -Wl,-no_warn_duplicate_libraries -Wl,-no_warn_duplicate_libraries -Wl,-no_warn_duplicate_libraries -Wl,-no_warn_duplicate_libraries -Wl,-no_warn_duplicate_libraries -Wl,-no_warn_duplicate_libraries -Wl,-no_warn_duplicate_libraries -Wl,-no_warn_duplicate_libraries -Wl,-no_warn_duplicate_libraries -Wl,-no_warn_duplicate_libraries -Wl,-no_warn_duplicate_libraries -ObjC -framework Accelerate -lc++ -lz -framework CoreGraphics -framework CoreText -framework Foundation -framework LocalAuthentication -framework Security -framework UIKit -framework Security -framework UIKit -lc++ -framework Network -framework SystemConfiguration -framework UIKit -lz -framework Security -framework SafariServices -Xlinker -alias -Xlinker _main -Xlinker ___debug_main_executable_dylib_entry_point -framework AVKit -framework CoreData -framework SystemConfiguration -framework StoreKit -framework Security -framework QuartzCore -lz.1.1.3 -framework CoreLocation -framework CFNetwork -lpitchperfectlib /tmp/tm-dd/Build/Products/Debug-iphonesimulator/libdepolllib.a -framework MessageUI -framework MediaPlayer -framework AppTrackingTransparency -framework QuickLook -framework AudioToolbox -framework UIKit -framework Foundation -framework CoreAudio -framework CoreGraphics -framework CoreServices -framework FirebaseFirestoreInternal -framework absl -framework grpcpp -framework grpc -framework openssl_grpc -framework FBAEMKit -framework FBSDKCoreKit_Basics -framework FBSDKCoreKit -framework FBSDKLoginKit -framework FBSDKCoreKit -framework FBAEMKit -framework FBSDKCoreKit_Basics -framework FBSDKCoreKit -framework FBSDKCoreKit -Xlinker -no_adhoc_codesign -o /tmp/tm-dd/Build/Products/Debug-iphonesimulator/tagmaster.app/tagmaster.debug.dylib -Xlinker -add_ast_path -Xlinker /tmp/tm-dd/Build/Intermediates.noindex/depolllib.build/Debug-iphonesimulator/depolllib.build/Objects-normal/arm64/depolllib.swiftmodule @/tmp/tm-dd/Build/Intermediates.noindex/depolllib.build/Debug-iphonesimulator/depolllib.build/Objects-normal/arm64/depolllib-linker-args.resp -Xlinker -add_ast_path -Xlinker /tmp/tm-dd/Build/Intermediates.noindex/Firebase.build/Debug-iphonesimulator/FirebaseAuth.build/Objects-normal/arm64/FirebaseAuth.swiftmodule @/tmp/tm-dd/Build/Intermediates.noindex/Firebase.build/Debug-iphonesimulator/FirebaseAuth.build/Objects-normal/arm64/FirebaseAuth-linker-args.resp -Xlinker -add_ast_path -Xlinker /tmp/tm-dd/Build/Intermediates.noindex/Firebase.build/Debug-iphonesimulator/FirebaseCoreInternal.build/Objects-normal/arm64/FirebaseCoreInternal.swiftmodule @/tmp/tm-dd/Build/Intermediates.noindex/Firebase.build/Debug-iphonesimulator/FirebaseCoreInternal.build/Objects-normal/arm64/FirebaseCoreInternal-linker-args.resp -Xlinker -add_ast_path -Xlinker /tmp/tm-dd/Build/Intermediates.noindex/Firebase.build/Debug-iphonesimulator/FirebaseSharedSwift.build/Objects-normal/arm64/FirebaseSharedSwift.swiftmodule @/tmp/tm-dd/Build/Intermediates.noindex/Firebase.build/Debug-iphonesimulator/FirebaseSharedSwift.build/Objects-normal/arm64/FirebaseSharedSwift-linker-args.resp -Xlinker -add_ast_path -Xlinker /tmp/tm-dd/Build/Intermediates.noindex/Firebase.build/Debug-iphonesimulator/FirebaseFirestore.build/Objects-normal/arm64/FirebaseFirestore.swiftmodule @/tmp/tm-dd/Build/Intermediates.noindex/Firebase.build/Debug-iphonesimulator/FirebaseFirestore.build/Objects-normal/arm64/FirebaseFirestore-linker-args.resp -Xlinker -add_ast_path -Xlinker /tmp/tm-dd/Build/Intermediates.noindex/FirebaseUI.build/Debug-iphonesimulator/FirebaseAuthSwiftUI.build/Objects-normal/arm64/FirebaseAuthSwiftUI.swiftmodule @/tmp/tm-dd/Build/Intermediates.noindex/FirebaseUI.build/Debug-iphonesimulator/FirebaseAuthSwiftUI.build/Objects-normal/arm64/FirebaseAuthSwiftUI-linker-args.resp -Xlinker -add_ast_path -Xlinker /tmp/tm-dd/Build/Intermediates.noindex/FirebaseUI.build/Debug-iphonesimulator/FirebaseAuthUIComponents.build/Objects-normal/arm64/FirebaseAuthUIComponents.swiftmodule @/tmp/tm-dd/Build/Intermediates.noindex/FirebaseUI.build/Debug-iphonesimulator/FirebaseAuthUIComponents.build/Objects-normal/arm64/FirebaseAuthUIComponents-linker-args.resp -Xlinker -add_ast_path -Xlinker /tmp/tm-dd/Build/Intermediates.noindex/FirebaseUI.build/Debug-iphonesimulator/FirebaseGoogleSwiftUI.build/Objects-normal/arm64/FirebaseGoogleSwiftUI.swiftmodule @/tmp/tm-dd/Build/Intermediates.noindex/FirebaseUI.build/Debug-iphonesimulator/FirebaseGoogleSwiftUI.build/Objects-normal/arm64/FirebaseGoogleSwiftUI-linker-args.resp -Xlinker -add_ast_path -Xlinker /tmp/tm-dd/Build/Intermediates.noindex/GTMAppAuth.build/Debug-iphonesimulator/GTMAppAuth.build/Objects-normal/arm64/GTMAppAuth.swiftmodule @/tmp/tm-dd/Build/Intermediates.noindex/GTMAppAuth.build/Debug-iphonesimulator/GTMAppAuth.build/Objects-normal/arm64/GTMAppAuth-linker-args.resp -Xlinker -add_ast_path -Xlinker /tmp/tm-dd/Build/Intermediates.noindex/GoogleSignIn.build/Debug-iphonesimulator/GoogleSignInSwift.build/Objects-normal/arm64/GoogleSignInSwift.swiftmodule @/tmp/tm-dd/Build/Intermediates.noindex/GoogleSignIn.build/Debug-iphonesimulator/GoogleSignInSwift.build/Objects-normal/arm64/GoogleSignInSwift-linker-args.resp -Xlinker -add_ast_path -Xlinker /tmp/tm-dd/Build/Intermediates.noindex/FirebaseUI.build/Debug-iphonesimulator/FirebaseFacebookSwiftUI.build/Objects-normal/arm64/FirebaseFacebookSwiftUI.swiftmodule @/tmp/tm-dd/Build/Intermediates.noindex/FirebaseUI.build/Debug-iphonesimulator/FirebaseFacebookSwiftUI.build/Objects-normal/arm64/FirebaseFacebookSwiftUI-linker-args.resp -Xlinker -add_ast_path -Xlinker /tmp/tm-dd/Build/Intermediates.noindex/Facebook.build/Debug-iphonesimulator/FacebookLogin.build/Objects-normal/arm64/FacebookLogin.swiftmodule @/tmp/tm-dd/Build/Intermediates.noindex/Facebook.build/Debug-iphonesimulator/FacebookLogin.build/Objects-normal/arm64/FacebookLogin-linker-args.resp -Xlinker -add_ast_path -Xlinker /tmp/tm-dd/Build/Intermediates.noindex/Facebook.build/Debug-iphonesimulator/FacebookAEM.build/Objects-normal/arm64/FacebookAEM.swiftmodule @/tmp/tm-dd/Build/Intermediates.noindex/Facebook.build/Debug-iphonesimulator/FacebookAEM.build/Objects-normal/arm64/FacebookAEM-linker-args.resp -Xlinker -add_ast_path -Xlinker /tmp/tm-dd/Build/Intermediates.noindex/Facebook.build/Debug-iphonesimulator/FacebookCore.build/Objects-normal/arm64/FacebookCore.swiftmodule @/tmp/tm-dd/Build/Intermediates.noindex/Facebook.build/Debug-iphonesimulator/FacebookCore.build/Objects-normal/arm64/FacebookCore-linker-args.resp -Xlinker -add_ast_path -Xlinker /tmp/tm-dd/Build/Intermediates.noindex/FirebaseUI.build/Debug-iphonesimulator/FirebaseAppleSwiftUI.build/Objects-normal/arm64/FirebaseAppleSwiftUI.swiftmodule @/tmp/tm-dd/Build/Intermediates.noindex/FirebaseUI.build/Debug-iphonesimulator/FirebaseAppleSwiftUI.build/Objects-normal/arm64/FirebaseAppleSwiftUI-linker-args.resp -Xlinker -add_ast_path -Xlinker /tmp/tm-dd/Build/Intermediates.noindex/FirebaseUI.build/Debug-iphonesimulator/FirebasePhoneAuthSwiftUI.build/Objects-normal/arm64/FirebasePhoneAuthSwiftUI.swiftmodule @/tmp/tm-dd/Build/Intermediates.noindex/FirebaseUI.build/Debug-iphonesimulator/FirebasePhoneAuthSwiftUI.build/Objects-normal/arm64/FirebasePhoneAuthSwiftUI-linker-args.resp

Copy /tmp/tm-dd/Build/Products/Debug-iphonesimulator/tagmaster.app/FirebaseUI_FirebaseAuthSwiftUI.bundle /tmp/tm-dd/Build/Products/Debug-iphonesimulator/FirebaseUI_FirebaseAuthSwiftUI.bundle (in target 'tagmaster' from project 'tagmaster')
    cd /Users/depoll/.local/share/pi-worktrees/20260907070801/fable-audit-ux-worktree-20260907/iOS/tagmaster
    builtin-copy -exclude .DS_Store -exclude CVS -exclude .svn -exclude .git -exclude .hg -resolve-src-symlinks /tmp/tm-dd/Build/Products/Debug-iphonesimulator/FirebaseUI_FirebaseAuthSwiftUI.bundle /tmp/tm-dd/Build/Products/Debug-iphonesimulator/tagmaster.app

ProcessInfoPlistFile /tmp/tm-dd/Build/Products/Debug-iphonesimulator/tagmaster.app/Info.plist /Users/depoll/.local/share/pi-worktrees/20260907070801/fable-audit-ux-worktree-20260907/iOS/tagmaster/tagmaster/tagmaster-Info.plist (in target 'tagmaster' from project 'tagmaster')
    cd /Users/depoll/.local/share/pi-worktrees/20260907070801/fable-audit-ux-worktree-20260907/iOS/tagmaster
    builtin-infoPlistUtility /Users/depoll/.local/share/pi-worktrees/20260907070801/fable-audit-ux-worktree-20260907/iOS/tagmaster/tagmaster/tagmaster-Info.plist -producttype com.apple.product-type.application -genpkginfo /tmp/tm-dd/Build/Products/Debug-iphonesimulator/tagmaster.app/PkgInfo -expandbuildsettings -format binary -platform iphonesimulator -additionalcontentfile /tmp/tm-dd/Build/Intermediates.noindex/tagmaster.build/Debug-iphonesimulator/tagmaster.build/LaunchScreen-PartialInfo.plist -additionalcontentfile /tmp/tm-dd/Build/Intermediates.noindex/tagmaster.build/Debug-iphonesimulator/tagmaster.build/assetcatalog_generated_info.plist -scanforprivacyfile /tmp/tm-dd/Build/Products/Debug-iphonesimulator/tagmaster.app/AppAuth_AppAuth.bundle -scanforprivacyfile /tmp/tm-dd/Build/Products/Debug-iphonesimulator/tagmaster.app/AppAuth_AppAuthCore.bundle -scanforprivacyfile /tmp/tm-dd/Build/Products/Debug-iphonesimulator/tagmaster.app/Facebook_FacebookAEM.bundle -scanforprivacyfile /tmp/tm-dd/Build/Products/Debug-iphonesimulator/tagmaster.app/Facebook_FacebookCore.bundle -scanforprivacyfile /tmp/tm-dd/Build/Products/Debug-iphonesimulator/tagmaster.app/Facebook_FacebookLogin.bundle -scanforprivacyfile /tmp/tm-dd/Build/Products/Debug-iphonesimulator/tagmaster.app/FirebaseUI_FirebaseAuthSwiftUI.bundle -scanforprivacyfile /tmp/tm-dd/Build/Products/Debug-iphonesimulator/tagmaster.app/FirebaseUI_FirebaseAuthUIComponents.bundle -scanforprivacyfile /tmp/tm-dd/Build/Products/Debug-iphonesimulator/tagmaster.app/Firebase_FirebaseAuth.bundle -scanforprivacyfile /tmp/tm-dd/Build/Products/Debug-iphonesimulator/tagmaster.app/Firebase_FirebaseCore.bundle -scanforprivacyfile /tmp/tm-dd/Build/Products/Debug-iphonesimulator/tagmaster.app/Firebase_FirebaseCoreExtension.bundle -scanforprivacyfile /tmp/tm-dd/Build/Products/Debug-iphonesimulator/tagmaster.app/Firebase_FirebaseCoreInternal.bundle -scanforprivacyfile /tmp/tm-dd/Build/Products/Debug-iphonesimulator/tagmaster.app/Firebase_FirebaseFirestore.bundle -scanforprivacyfile /tmp/tm-dd/Build/Products/Debug-iphonesimulator/tagmaster.app/Frameworks/FBAEMKit.framework -scanforprivacyfile /tmp/tm-dd/Build/Products/Debug-iphonesimulator/tagmaster.app/Frameworks/FBSDKCoreKit.framework -scanforprivacyfile /tmp/tm-dd/Build/Products/Debug-iphonesimulator/tagmaster.app/Frameworks/FBSDKCoreKit_Basics.framework -scanforprivacyfile /tmp/tm-dd/Build/Products/Debug-iphonesimulator/tagmaster.app/Frameworks/FBSDKLoginKit.framework -scanforprivacyfile /tmp/tm-dd/Build/Products/Debug-iphonesimulator/tagmaster.app/Frameworks/FirebaseFirestoreInternal.framework -scanforprivacyfile /tmp/tm-dd/Build/Products/Debug-iphonesimulator/tagmaster.app/Frameworks/absl.framework -scanforprivacyfile /tmp/tm-dd/Build/Products/Debug-iphonesimulator/tagmaster.app/Frameworks/grpc.framework -scanforprivacyfile /tmp/tm-dd/Build/Products/Debug-iphonesimulator/tagmaster.app/Frameworks/grpcpp.framework -scanforprivacyfile /tmp/tm-dd/Build/Products/Debug-iphonesimulator/tagmaster.app/Frameworks/openssl_grpc.framework -scanforprivacyfile /tmp/tm-dd/Build/Products/Debug-iphonesimulator/tagmaster.app/GTMAppAuth_GTMAppAuth.bundle -scanforprivacyfile /tmp/tm-dd/Build/Products/Debug-iphonesimulator/tagmaster.app/GTMSessionFetcher_GTMSessionFetcherCore.bundle -scanforprivacyfile /tmp/tm-dd/Build/Products/Debug-iphonesimulator/tagmaster.app/GoogleSignIn_GoogleSignIn.bundle -scanforprivacyfile /tmp/tm-dd/Build/Products/Debug-iphonesimulator/tagmaster.app/GoogleSignIn_GoogleSignInSwift.bundle -scanforprivacyfile /tmp/tm-dd/Build/Products/Debug-iphonesimulator/tagmaster.app/GoogleUtilities_GoogleUtilities-AppDelegateSwizzler.bundle -scanforprivacyfile /tmp/tm-dd/Build/Products/Debug-iphonesimulator/tagmaster.app/GoogleUtilities_GoogleUtilities-Environment.bundle -scanforprivacyfile /tmp/tm-dd/Build/Products/Debug-iphonesimulator/tagmaster.app/GoogleUtilities_GoogleUtilities-Logger.bundle -scanforprivacyfile /tmp/tm-dd/Build/Products/Debug-iphonesimulator/tagmaster.app/GoogleUtilities_GoogleUtilities-NSData.bundle -scanforprivacyfile /tmp/tm-dd/Build/Products/Debug-iphonesimulator/tagmaster.app/GoogleUtilities_GoogleUtilities-Network.bundle -scanforprivacyfile /tmp/tm-dd/Build/Products/Debug-iphonesimulator/tagmaster.app/GoogleUtilities_GoogleUtilities-Reachability.bundle -scanforprivacyfile /tmp/tm-dd/Build/Products/Debug-iphonesimulator/tagmaster.app/abseil_abslWrapper.bundle -scanforprivacyfile /tmp/tm-dd/Build/Products/Debug-iphonesimulator/tagmaster.app/gRPC_grpcWrapper.bundle -scanforprivacyfile /tmp/tm-dd/Build/Products/Debug-iphonesimulator/tagmaster.app/gRPC_grpcppWrapper.bundle -scanforprivacyfile /tmp/tm-dd/Build/Products/Debug-iphonesimulator/tagmaster.app/gRPC_opensslWrapper.bundle -scanforprivacyfile /tmp/tm-dd/Build/Products/Debug-iphonesimulator/tagmaster.app/leveldb_leveldb.bundle -scanforprivacyfile /tmp/tm-dd/Build/Products/Debug-iphonesimulator/tagmaster.app/nanopb_nanopb.bundle -o /tmp/tm-dd/Build/Products/Debug-iphonesimulator/tagmaster.app/Info.plist

GenerateDSYMFile /tmp/tm-dd/Build/Products/Debug-iphonesimulator/tagmaster.app.dSYM /tmp/tm-dd/Build/Products/Debug-iphonesimulator/tagmaster.app/tagmaster.debug.dylib (in target 'tagmaster' from project 'tagmaster')
    cd /Users/depoll/.local/share/pi-worktrees/20260907070801/fable-audit-ux-worktree-20260907/iOS/tagmaster
    /Applications/Xcode.app/Contents/Developer/Toolchains/XcodeDefault.xctoolchain/usr/bin/dsymutil /tmp/tm-dd/Build/Products/Debug-iphonesimulator/tagmaster.app/tagmaster.debug.dylib -o /tmp/tm-dd/Build/Products/Debug-iphonesimulator/tagmaster.app.dSYM

ConstructStubExecutorLinkFileList /tmp/tm-dd/Build/Intermediates.noindex/tagmaster.build/Debug-iphonesimulator/tagmaster.build/tagmaster-ExecutorLinkFileList-normal-arm64.txt (in target 'tagmaster' from project 'tagmaster')
    cd /Users/depoll/.local/share/pi-worktrees/20260907070801/fable-audit-ux-worktree-20260907/iOS/tagmaster
    construct-stub-executor-link-file-list /tmp/tm-dd/Build/Products/Debug-iphonesimulator/tagmaster.app/tagmaster.debug.dylib /Applications/Xcode.app/Contents/Developer/Platforms/iPhoneSimulator.platform/Developer/usr/lib/libPreviewsJITStubExecutor_no_swift_entry_point.a /Applications/Xcode.app/Contents/Developer/Platforms/iPhoneSimulator.platform/Developer/usr/lib/libPreviewsJITStubExecutor.a --output /tmp/tm-dd/Build/Intermediates.noindex/tagmaster.build/Debug-iphonesimulator/tagmaster.build/tagmaster-ExecutorLinkFileList-normal-arm64.txt
note: Using stub executor library without Swift entry point. (in target 'tagmaster' from project 'tagmaster')

Ld /tmp/tm-dd/Build/Products/Debug-iphonesimulator/tagmaster.app/tagmaster normal (in target 'tagmaster' from project 'tagmaster')
    cd /Users/depoll/.local/share/pi-worktrees/20260907070801/fable-audit-ux-worktree-20260907/iOS/tagmaster
    /Applications/Xcode.app/Contents/Developer/Toolchains/XcodeDefault.xctoolchain/usr/bin/clang -Xlinker -reproducible -target arm64-apple-ios17.0-simulator -isysroot /Applications/Xcode.app/Contents/Developer/Platforms/iPhoneSimulator.platform/Developer/SDKs/iPhoneSimulator26.5.sdk -O0 -L/tmp/tm-dd/Build/Products/Debug-iphonesimulator -F/tmp/tm-dd/Build/Products/Debug-iphonesimulator/PackageFrameworks -F/tmp/tm-dd/Build/Products/Debug-iphonesimulator/PackageFrameworks -F/tmp/tm-dd/Build/Products/Debug-iphonesimulator/PackageFrameworks -F/tmp/tm-dd/Build/Products/Debug-iphonesimulator/PackageFrameworks -F/tmp/tm-dd/Build/Products/Debug-iphonesimulator/PackageFrameworks -F/tmp/tm-dd/Build/Products/Debug-iphonesimulator/PackageFrameworks -F/tmp/tm-dd/Build/Products/Debug-iphonesimulator/PackageFrameworks -F/tmp/tm-dd/Build/Products/Debug-iphonesimulator/PackageFrameworks -F/tmp/tm-dd/Build/Products/Debug-iphonesimulator/PackageFrameworks -F/tmp/tm-dd/Build/Products/Debug-iphonesimulator/PackageFrameworks -F/tmp/tm-dd/Build/Products/Debug-iphonesimulator/PackageFrameworks -F/tmp/tm-dd/Build/Products/Debug-iphonesimulator/PackageFrameworks -F/tmp/tm-dd/Build/Products/Debug-iphonesimulator/PackageFrameworks -F/tmp/tm-dd/Build/Products/Debug-iphonesimulator/PackageFrameworks -F/tmp/tm-dd/Build/Products/Debug-iphonesimulator/PackageFrameworks -F/tmp/tm-dd/Build/Products/Debug-iphonesimulator/PackageFrameworks -F/tmp/tm-dd/Build/Products/Debug-iphonesimulator/PackageFrameworks -F/tmp/tm-dd/Build/Products/Debug-iphonesimulator/PackageFrameworks -F/tmp/tm-dd/Build/Products/Debug-iphonesimulator/PackageFrameworks -F/tmp/tm-dd/Build/Products/Debug-iphonesimulator/PackageFrameworks -F/tmp/tm-dd/Build/Products/Debug-iphonesimulator/PackageFrameworks -F/tmp/tm-dd/Build/Products/Debug-iphonesimulator/PackageFrameworks -F/tmp/tm-dd/Build/Products/Debug-iphonesimulator/PackageFrameworks -F/tmp/tm-dd/Build/Products/Debug-iphonesimulator/PackageFrameworks -F/tmp/tm-dd/Build/Products/Debug-iphonesimulator/PackageFrameworks -F/tmp/tm-dd/Build/Products/Debug-iphonesimulator/PackageFrameworks -F/tmp/tm-dd/Build/Products/Debug-iphonesimulator/PackageFrameworks -F/tmp/tm-dd/Build/Products/Debug-iphonesimulator/PackageFrameworks -F/tmp/tm-dd/Build/Products/Debug-iphonesimulator/PackageFrameworks -F/tmp/tm-dd/Build/Products/Debug-iphonesimulator/PackageFrameworks -F/tmp/tm-dd/Build/Products/Debug-iphonesimulator/PackageFrameworks -F/tmp/tm-dd/Build/Products/Debug-iphonesimulator/PackageFrameworks -F/tmp/tm-dd/Build/Products/Debug-iphonesimulator/PackageFrameworks -F/tmp/tm-dd/Build/Products/Debug-iphonesimulator/PackageFrameworks -F/tmp/tm-dd/Build/Products/Debug-iphonesimulator/PackageFrameworks -F/tmp/tm-dd/Build/Products/Debug-iphonesimulator/PackageFrameworks -F/tmp/tm-dd/Build/Products/Debug-iphonesimulator/PackageFrameworks -F/tmp/tm-dd/Build/Products/Debug-iphonesimulator/PackageFrameworks -F/tmp/tm-dd/Build/Products/Debug-iphonesimulator/PackageFrameworks -F/tmp/tm-dd/Build/Products/Debug-iphonesimulator/PackageFrameworks -F/tmp/tm-dd/Build/Products/Debug-iphonesimulator/PackageFrameworks -F/tmp/tm-dd/Build/Products/Debug-iphonesimulator -F/Users/depoll/.local/share/pi-worktrees/20260907070801/fable-audit-ux-worktree-20260907/iOS/tagmaster -Xlinker -rpath -Xlinker @executable_path -Xlinker -rpath -Xlinker /tmp/tm-dd/Build/Products/Debug-iphonesimulator/PackageFrameworks -Xlinker -rpath -Xlinker @executable_path/Frameworks -rdynamic -Xlinker -no_deduplicate -Xlinker -objc_abi_version -Xlinker 2 -e ___debug_blank_executor_main -Xlinker -sectcreate -Xlinker __TEXT -Xlinker __debug_dylib -Xlinker /tmp/tm-dd/Build/Intermediates.noindex/tagmaster.build/Debug-iphonesimulator/tagmaster.build/tagmaster-DebugDylibPath-normal-arm64.txt -Xlinker -sectcreate -Xlinker __TEXT -Xlinker __debug_instlnm -Xlinker /tmp/tm-dd/Build/Intermediates.noindex/tagmaster.build/Debug-iphonesimulator/tagmaster.build/tagmaster-DebugDylibInstallName-normal-arm64.txt -Xlinker -filelist -Xlinker /tmp/tm-dd/Build/Intermediates.noindex/tagmaster.build/Debug-iphonesimulator/tagmaster.build/tagmaster-ExecutorLinkFileList-normal-arm64.txt -Xlinker -sectcreate -Xlinker __TEXT -Xlinker __entitlements -Xlinker /tmp/tm-dd/Build/Intermediates.noindex/tagmaster.build/Debug-iphonesimulator/tagmaster.build/tagmaster.app-Simulated.xcent -Xlinker -sectcreate -Xlinker __TEXT -Xlinker __ents_der -Xlinker /tmp/tm-dd/Build/Intermediates.noindex/tagmaster.build/Debug-iphonesimulator/tagmaster.build/tagmaster.app-Simulated.xcent.der /tmp/tm-dd/Build/Products/Debug-iphonesimulator/tagmaster.app/tagmaster.debug.dylib -Xlinker -no_adhoc_codesign -o /tmp/tm-dd/Build/Products/Debug-iphonesimulator/tagmaster.app/tagmaster

GenerateDSYMFile /tmp/tm-dd/Build/Products/Debug-iphonesimulator/tagmaster.app.dSYM /tmp/tm-dd/Build/Products/Debug-iphonesimulator/tagmaster.app/tagmaster (in target 'tagmaster' from project 'tagmaster')
    cd /Users/depoll/.local/share/pi-worktrees/20260907070801/fable-audit-ux-worktree-20260907/iOS/tagmaster
    /Applications/Xcode.app/Contents/Developer/Toolchains/XcodeDefault.xctoolchain/usr/bin/dsymutil -q /tmp/tm-dd/Build/Products/Debug-iphonesimulator/tagmaster.app/tagmaster -o /tmp/tm-dd/Build/Products/Debug-iphonesimulator/tagmaster.app.dSYM

CopySwiftLibs /tmp/tm-dd/Build/Products/Debug-iphonesimulator/tagmaster.app (in target 'tagmaster' from project 'tagmaster')
    cd /Users/depoll/.local/share/pi-worktrees/20260907070801/fable-audit-ux-worktree-20260907/iOS/tagmaster
    builtin-swiftStdLibTool --copy --verbose --sign - --scan-executable /tmp/tm-dd/Build/Products/Debug-iphonesimulator/tagmaster.app/tagmaster.debug.dylib --scan-folder /tmp/tm-dd/Build/Products/Debug-iphonesimulator/tagmaster.app/Frameworks --scan-folder /tmp/tm-dd/Build/Products/Debug-iphonesimulator/tagmaster.app/PlugIns --scan-folder /tmp/tm-dd/Build/Products/Debug-iphonesimulator/tagmaster.app/SystemExtensions --scan-folder /tmp/tm-dd/Build/Products/Debug-iphonesimulator/tagmaster.app/Extensions --scan-folder /Applications/Xcode.app/Contents/Developer/Platforms/iPhoneSimulator.platform/Developer/SDKs/iPhoneSimulator26.5.sdk/System/Library/Frameworks/AVKit.framework --scan-folder /Applications/Xcode.app/Contents/Developer/Platforms/iPhoneSimulator.platform/Developer/SDKs/iPhoneSimulator26.5.sdk/System/Library/Frameworks/CoreData.framework --scan-folder /Applications/Xcode.app/Contents/Developer/Platforms/iPhoneSimulator.platform/Developer/SDKs/iPhoneSimulator26.5.sdk/System/Library/Frameworks/SystemConfiguration.framework --scan-folder /Applications/Xcode.app/Contents/Developer/Platforms/iPhoneSimulator.platform/Developer/SDKs/iPhoneSimulator26.5.sdk/System/Library/Frameworks/StoreKit.framework --scan-folder /Applications/Xcode.app/Contents/Developer/Platforms/iPhoneSimulator.platform/Developer/SDKs/iPhoneSimulator26.5.sdk/System/Library/Frameworks/Security.framework --scan-folder /Applications/Xcode.app/Contents/Developer/Platforms/iPhoneSimulator.platform/Developer/SDKs/iPhoneSimulator26.5.sdk/System/Library/Frameworks/QuartzCore.framework --scan-folder /Applications/Xcode.app/Contents/Developer/Platforms/iPhoneSimulator.platform/Developer/SDKs/iPhoneSimulator26.5.sdk/System/Library/Frameworks/CoreLocation.framework --scan-folder /Applications/Xcode.app/Contents/Developer/Platforms/iPhoneSimulator.platform/Developer/SDKs/iPhoneSimulator26.5.sdk/System/Library/Frameworks/CFNetwork.framework --scan-folder /Applications/Xcode.app/Contents/Developer/Platforms/iPhoneSimulator.platform/Developer/SDKs/iPhoneSimulator26.5.sdk/System/Library/Frameworks/MessageUI.framework --scan-folder /Applications/Xcode.app/Contents/Developer/Platforms/iPhoneSimulator.platform/Developer/SDKs/iPhoneSimulator26.5.sdk/System/Library/Frameworks/MediaPlayer.framework --scan-folder /Applications/Xcode.app/Contents/Developer/Platforms/iPhoneSimulator.platform/Developer/SDKs/iPhoneSimulator26.5.sdk/System/Library/Frameworks/AppTrackingTransparency.framework --scan-folder /Applications/Xcode.app/Contents/Developer/Platforms/iPhoneSimulator.platform/Developer/SDKs/iPhoneSimulator26.5.sdk/System/Library/Frameworks/QuickLook.framework --scan-folder /Applications/Xcode.app/Contents/Developer/Platforms/iPhoneSimulator.platform/Developer/SDKs/iPhoneSimulator26.5.sdk/System/Library/Frameworks/AudioToolbox.framework --scan-folder /Applications/Xcode.app/Contents/Developer/Platforms/iPhoneSimulator.platform/Developer/SDKs/iPhoneSimulator26.5.sdk/System/Library/Frameworks/UIKit.framework --scan-folder /Applications/Xcode.app/Contents/Developer/Platforms/iPhoneSimulator.platform/Developer/SDKs/iPhoneSimulator26.5.sdk/System/Library/Frameworks/Foundation.framework --scan-folder /Applications/Xcode.app/Contents/Developer/Platforms/iPhoneSimulator.platform/Developer/SDKs/iPhoneSimulator26.5.sdk/System/Library/Frameworks/CoreAudio.framework --scan-folder /Applications/Xcode.app/Contents/Developer/Platforms/iPhoneSimulator.platform/Developer/SDKs/iPhoneSimulator26.5.sdk/System/Library/Frameworks/CoreGraphics.framework --scan-folder /Applications/Xcode.app/Contents/Developer/Platforms/MacOSX.platform/Developer/SDKs/MacOSX10.15.sdk/System/Library/Frameworks/CoreServices.framework --platform iphonesimulator --toolchain /Applications/Xcode.app/Contents/Developer/Toolchains/XcodeDefault.xctoolchain --destination /tmp/tm-dd/Build/Products/Debug-iphonesimulator/tagmaster.app/Frameworks --strip-bitcode --strip-bitcode-tool /Applications/Xcode.app/Contents/Developer/Toolchains/XcodeDefault.xctoolchain/usr/bin/bitcode_strip --emit-dependency-info /tmp/tm-dd/Build/Intermediates.noindex/tagmaster.build/Debug-iphonesimulator/tagmaster.build/SwiftStdLibToolInputDependencies.dep --filter-for-swift-os

ExtractAppIntentsMetadata (in target 'tagmaster' from project 'tagmaster')
    cd /Users/depoll/.local/share/pi-worktrees/20260907070801/fable-audit-ux-worktree-20260907/iOS/tagmaster
    /Applications/Xcode.app/Contents/Developer/Toolchains/XcodeDefault.xctoolchain/usr/bin/appintentsmetadataprocessor --toolchain-dir /Applications/Xcode.app/Contents/Developer/Toolchains/XcodeDefault.xctoolchain --module-name tagmaster --sdk-root /Applications/Xcode.app/Contents/Developer/Platforms/iPhoneSimulator.platform/Developer/SDKs/iPhoneSimulator26.5.sdk --xcode-version 17F113 --platform-family iOS --deployment-target 17.0 --bundle-identifier depollsoft.tagmaster --output /tmp/tm-dd/Build/Products/Debug-iphonesimulator/tagmaster.app --target-triple arm64-apple-ios17.0-simulator --binary-file /tmp/tm-dd/Build/Products/Debug-iphonesimulator/tagmaster.app/tagmaster --dependency-file /tmp/tm-dd/Build/Intermediates.noindex/tagmaster.build/Debug-iphonesimulator/tagmaster.build/Objects-normal/arm64/tagmaster_dependency_info.dat --stringsdata-file /tmp/tm-dd/Build/Intermediates.noindex/tagmaster.build/Debug-iphonesimulator/tagmaster.build/Objects-normal/arm64/ExtractedAppShortcutsMetadata.stringsdata --source-file-list /tmp/tm-dd/Build/Intermediates.noindex/tagmaster.build/Debug-iphonesimulator/tagmaster.build/Objects-normal/arm64/tagmaster.SwiftFileList --metadata-file-list /tmp/tm-dd/Build/Intermediates.noindex/tagmaster.build/Debug-iphonesimulator/tagmaster.build/tagmaster.DependencyMetadataFileList --static-metadata-file-list /tmp/tm-dd/Build/Intermediates.noindex/tagmaster.build/Debug-iphonesimulator/tagmaster.build/tagmaster.DependencyStaticMetadataFileList --swift-const-vals-list /tmp/tm-dd/Build/Intermediates.noindex/tagmaster.build/Debug-iphonesimulator/tagmaster.build/Objects-normal/arm64/tagmaster.SwiftConstValuesFileList --compile-time-extraction --deployment-aware-processing --validate-assistant-intents --no-app-shortcuts-localization
2026-09-07 23:16:39.239 appintentsmetadataprocessor[17071:31856723] Starting appintentsmetadataprocessor export
2026-09-07 23:16:39.240 appintentsmetadataprocessor[17071:31856723] warning: Metadata extraction skipped. No AppIntents.framework dependency found.

CodeSign /tmp/tm-dd/Build/Products/Debug-iphonesimulator/tagmaster.app/tagmaster.debug.dylib (in target 'tagmaster' from project 'tagmaster')
    cd /Users/depoll/.local/share/pi-worktrees/20260907070801/fable-audit-ux-worktree-20260907/iOS/tagmaster
    
    Signing Identity:     "Sign to Run Locally"
    
    /usr/bin/codesign --force --sign - --timestamp\=none --generate-entitlement-der /tmp/tm-dd/Build/Products/Debug-iphonesimulator/tagmaster.app/tagmaster.debug.dylib

CodeSign /tmp/tm-dd/Build/Products/Debug-iphonesimulator/tagmaster.app/__preview.dylib (in target 'tagmaster' from project 'tagmaster')
    cd /Users/depoll/.local/share/pi-worktrees/20260907070801/fable-audit-ux-worktree-20260907/iOS/tagmaster
    
    Signing Identity:     "Sign to Run Locally"
    
    /usr/bin/codesign --force --sign - --timestamp\=none --generate-entitlement-der /tmp/tm-dd/Build/Products/Debug-iphonesimulator/tagmaster.app/__preview.dylib
/tmp/tm-dd/Build/Products/Debug-iphonesimulator/tagmaster.app/__preview.dylib: replacing existing signature

CodeSign /tmp/tm-dd/Build/Products/Debug-iphonesimulator/tagmaster.app (in target 'tagmaster' from project 'tagmaster')
    cd /Users/depoll/.local/share/pi-worktrees/20260907070801/fable-audit-ux-worktree-20260907/iOS/tagmaster
    
    Signing Identity:     "Sign to Run Locally"
    
    /usr/bin/codesign --force --sign - --entitlements /tmp/tm-dd/Build/Intermediates.noindex/tagmaster.build/Debug-iphonesimulator/tagmaster.build/tagmaster.app.xcent --timestamp\=none --generate-entitlement-der /tmp/tm-dd/Build/Products/Debug-iphonesimulator/tagmaster.app

Validate /tmp/tm-dd/Build/Products/Debug-iphonesimulator/tagmaster.app (in target 'tagmaster' from project 'tagmaster')
    cd /Users/depoll/.local/share/pi-worktrees/20260907070801/fable-audit-ux-worktree-20260907/iOS/tagmaster
    builtin-validationUtility /tmp/tm-dd/Build/Products/Debug-iphonesimulator/tagmaster.app -shallow-bundle -infoplist-subpath Info.plist

note: Removed stale file '/tmp/tm-dd/Build/Products/Debug-iphonesimulator/tagmaster.app/Frameworks/XCTAutomationSupport.framework'

note: Removed stale file '/tmp/tm-dd/Build/Products/Debug-iphonesimulator/tagmaster.app/Frameworks/XCTest.framework'

note: Removed stale file '/tmp/tm-dd/Build/Products/Debug-iphonesimulator/tagmaster.app/Frameworks/XCTestCore.framework'

note: Removed stale file '/tmp/tm-dd/Build/Products/Debug-iphonesimulator/tagmaster.app/Frameworks/XCTestSupport.framework'

note: Removed stale file '/tmp/tm-dd/Build/Products/Debug-iphonesimulator/tagmaster.app/Frameworks/XCUIAutomation.framework'

note: Removed stale file '/tmp/tm-dd/Build/Products/Debug-iphonesimulator/tagmaster.app/Frameworks/XCUnit.framework'

note: Removed stale file '/tmp/tm-dd/Build/Products/Debug-iphonesimulator/tagmaster.app/Frameworks/libXCTestBundleInject.dylib'

note: Removed stale file '/tmp/tm-dd/Build/Products/Debug-iphonesimulator/tagmaster.app/Frameworks/libXCTestSwiftSupport.dylib'

note: Removed stale file '/tmp/tm-dd/Build/Products/Debug-iphonesimulator/tagmaster.app/PlugIns'

** BUILD SUCCEEDED **

