Command line invocation:
    /Applications/Xcode.app/Contents/Developer/usr/bin/xcodebuild -workspace iOS.xcworkspace -scheme tagmaster -configuration Debug -destination "platform=iOS Simulator,id=C8B74E44-94F7-4CED-A47F-DFF98E34237B" -derivedDataPath /tmp/tm-dd -parallel-testing-enabled NO "-only-testing:tagmasterUITests" test

Resolve Package Graph


Resolved source packages:
  AppAuth: https://github.com/openid/AppAuth-iOS.git @ 1.7.6
  GoogleMobileAds: https://github.com/googleads/swift-package-manager-google-mobile-ads @ 13.9.0
  nanopb: https://github.com/firebase/nanopb.git @ 2.30910.1
  GoogleUtilities: https://github.com/google/GoogleUtilities.git @ 8.1.3
  abseil: https://github.com/google/abseil-cpp-binary.git @ 1.2024072200.0
  Firebase: https://github.com/firebase/firebase-ios-sdk @ 12.18.0
  GTMAppAuth: https://github.com/google/GTMAppAuth.git @ 4.1.1
  GoogleDataTransport: https://github.com/google/GoogleDataTransport.git @ 10.1.1
  AppCheck: https://github.com/google/app-check.git @ 11.3.1
  Facebook: https://github.com/facebook/facebook-ios-sdk.git @ 18.1.1
  GoogleAppMeasurement: https://github.com/google/GoogleAppMeasurement.git @ 12.18.0
  GoogleUserMessagingPlatform: https://github.com/googleads/swift-package-manager-google-user-messaging-platform.git @ 3.1.0
  InteropForGoogle: https://github.com/google/interop-ios-for-google-sdks.git @ 101.0.0
  Promises: https://github.com/google/promises.git @ 2.4.1
  gRPC: https://github.com/google/grpc-binary.git @ 1.69.1
  GoogleSignIn: https://github.com/google/GoogleSignIn-iOS @ 7.1.0
  SDWebImage: https://github.com/SDWebImage/SDWebImage.git @ 5.21.7
  FirebaseUI: https://github.com/firebase/FirebaseUI-iOS @ 16.1.0
  leveldb: https://github.com/firebase/leveldb.git @ 1.22.5
  GTMSessionFetcher: https://github.com/google/gtm-session-fetcher.git @ 3.5.0
  GoogleAdsOnDeviceConversion: https://github.com/googleads/google-ads-on-device-conversion-ios-sdk @ 3.6.1

ComputePackagePrebuildTargetDependencyGraph

Prepare packages

CreateBuildRequest

SendProjectDescription

CreateBuildOperation

ComputeTargetDependencyGraph
note: Building targets in dependency order
note: Target dependency graph (98 targets)
    Target 'tagmasterUITests' in project 'tagmaster'
        ➜ Explicit dependency on target 'tagmaster' in project 'tagmaster'
    Target 'tagmasterTests' in project 'tagmaster'
        ➜ Explicit dependency on target 'tagmaster' in project 'tagmaster'
    Target 'tagmaster' in project 'tagmaster'
        ➜ Explicit dependency on target 'depolllib' in project 'depolllib'
        ➜ Implicit dependency on target 'pitchperfectlib' in project 'pitchperfectlib' via file 'libpitchperfectlib.a' in build phase 'Link Binary'
        ➜ Explicit dependency on target 'FirebaseAuth' in project 'Firebase'
        ➜ Explicit dependency on target 'FirebaseFirestore' in project 'Firebase'
        ➜ Explicit dependency on target 'FirebaseAuthSwiftUI' in project 'FirebaseUI'
        ➜ Explicit dependency on target 'FirebaseGoogleSwiftUI' in project 'FirebaseUI'
        ➜ Explicit dependency on target 'FirebaseFacebookSwiftUI' in project 'FirebaseUI'
        ➜ Explicit dependency on target 'FirebaseAppleSwiftUI' in project 'FirebaseUI'
        ➜ Explicit dependency on target 'FirebasePhoneAuthSwiftUI' in project 'FirebaseUI'
    Target 'FirebasePhoneAuthSwiftUI' in project 'FirebaseUI'
        ➜ Explicit dependency on target 'FirebasePhoneAuthSwiftUI' in project 'FirebaseUI'
        ➜ Explicit dependency on target 'FirebaseAuthUIComponents' in project 'FirebaseUI'
        ➜ Explicit dependency on target 'FirebaseAuthSwiftUI' in project 'FirebaseUI'
        ➜ Explicit dependency on target 'FirebaseAuth' in project 'Firebase'
    Target 'FirebasePhoneAuthSwiftUI' in project 'FirebaseUI'
        ➜ Explicit dependency on target 'FirebaseAuthUIComponents' in project 'FirebaseUI'
        ➜ Explicit dependency on target 'FirebaseAuthSwiftUI' in project 'FirebaseUI'
        ➜ Explicit dependency on target 'FirebaseAuth' in project 'Firebase'
    Target 'FirebaseAppleSwiftUI' in project 'FirebaseUI'
        ➜ Explicit dependency on target 'FirebaseAppleSwiftUI' in project 'FirebaseUI'
        ➜ Explicit dependency on target 'FirebaseAuthUIComponents' in project 'FirebaseUI'
        ➜ Explicit dependency on target 'FirebaseAuthSwiftUI' in project 'FirebaseUI'
        ➜ Explicit dependency on target 'FirebaseAuth' in project 'Firebase'
    Target 'FirebaseAppleSwiftUI' in project 'FirebaseUI'
        ➜ Explicit dependency on target 'FirebaseAuthUIComponents' in project 'FirebaseUI'
        ➜ Explicit dependency on target 'FirebaseAuthSwiftUI' in project 'FirebaseUI'
        ➜ Explicit dependency on target 'FirebaseAuth' in project 'Firebase'
    Target 'FirebaseFacebookSwiftUI' in project 'FirebaseUI'
        ➜ Explicit dependency on target 'FirebaseFacebookSwiftUI' in project 'FirebaseUI'
        ➜ Explicit dependency on target 'FirebaseAuthUIComponents' in project 'FirebaseUI'
        ➜ Explicit dependency on target 'FirebaseAuthSwiftUI' in project 'FirebaseUI'
        ➜ Explicit dependency on target 'FirebaseAuth' in project 'Firebase'
        ➜ Explicit dependency on target 'FacebookLogin' in project 'Facebook'
        ➜ Explicit dependency on target 'FacebookCore' in project 'Facebook'
    Target 'FirebaseFacebookSwiftUI' in project 'FirebaseUI'
        ➜ Explicit dependency on target 'FirebaseAuthUIComponents' in project 'FirebaseUI'
        ➜ Explicit dependency on target 'FirebaseAuthSwiftUI' in project 'FirebaseUI'
        ➜ Explicit dependency on target 'FirebaseAuth' in project 'Firebase'
        ➜ Explicit dependency on target 'FacebookLogin' in project 'Facebook'
        ➜ Explicit dependency on target 'FacebookCore' in project 'Facebook'
    Target 'FacebookCore' in project 'Facebook'
        ➜ Explicit dependency on target 'FacebookCore' in project 'Facebook'
        ➜ Explicit dependency on target 'Facebook_FacebookCore' in project 'Facebook'
        ➜ Explicit dependency on target 'FacebookAEM' in project 'Facebook'
    Target 'FacebookLogin' in project 'Facebook'
        ➜ Explicit dependency on target 'FacebookLogin' in project 'Facebook'
        ➜ Explicit dependency on target 'Facebook_FacebookLogin' in project 'Facebook'
        ➜ Explicit dependency on target 'FacebookAEM' in project 'Facebook'
        ➜ Explicit dependency on target 'FacebookCore' in project 'Facebook'
    Target 'FacebookLogin' in project 'Facebook'
        ➜ Explicit dependency on target 'Facebook_FacebookLogin' in project 'Facebook'
        ➜ Explicit dependency on target 'FacebookAEM' in project 'Facebook'
        ➜ Explicit dependency on target 'FacebookCore' in project 'Facebook'
    Target 'FacebookCore' in project 'Facebook'
        ➜ Explicit dependency on target 'Facebook_FacebookCore' in project 'Facebook'
        ➜ Explicit dependency on target 'FacebookAEM' in project 'Facebook'
    Target 'Facebook_FacebookCore' in project 'Facebook' (no dependencies)
    Target 'FacebookAEM' in project 'Facebook'
        ➜ Explicit dependency on target 'Facebook_FacebookAEM' in project 'Facebook'
    Target 'Facebook_FacebookAEM' in project 'Facebook' (no dependencies)
    Target 'Facebook_FacebookLogin' in project 'Facebook' (no dependencies)
    Target 'FirebaseGoogleSwiftUI' in project 'FirebaseUI'
        ➜ Explicit dependency on target 'FirebaseGoogleSwiftUI' in project 'FirebaseUI'
        ➜ Explicit dependency on target 'FirebaseAuthUIComponents' in project 'FirebaseUI'
        ➜ Explicit dependency on target 'FirebaseAuthSwiftUI' in project 'FirebaseUI'
        ➜ Explicit dependency on target 'FirebaseAuth' in project 'Firebase'
        ➜ Explicit dependency on target 'GoogleSignIn' in project 'GoogleSignIn'
        ➜ Explicit dependency on target 'GoogleSignInSwift' in project 'GoogleSignIn'
    Target 'FirebaseGoogleSwiftUI' in project 'FirebaseUI'
        ➜ Explicit dependency on target 'FirebaseAuthUIComponents' in project 'FirebaseUI'
        ➜ Explicit dependency on target 'FirebaseAuthSwiftUI' in project 'FirebaseUI'
        ➜ Explicit dependency on target 'FirebaseAuth' in project 'Firebase'
        ➜ Explicit dependency on target 'GoogleSignIn' in project 'GoogleSignIn'
        ➜ Explicit dependency on target 'GoogleSignInSwift' in project 'GoogleSignIn'
    Target 'GoogleSignInSwift' in project 'GoogleSignIn'
        ➜ Explicit dependency on target 'GoogleSignInSwift' in project 'GoogleSignIn'
        ➜ Explicit dependency on target 'GoogleSignIn_GoogleSignInSwift' in project 'GoogleSignIn'
        ➜ Explicit dependency on target 'GoogleSignIn' in project 'GoogleSignIn'
        ➜ Explicit dependency on target 'AppAuth' in project 'AppAuth'
        ➜ Explicit dependency on target 'GTMAppAuth' in project 'GTMAppAuth'
        ➜ Explicit dependency on target 'GTMSessionFetcherCore' in project 'GTMSessionFetcher'
    Target 'GoogleSignInSwift' in project 'GoogleSignIn'
        ➜ Explicit dependency on target 'GoogleSignIn_GoogleSignInSwift' in project 'GoogleSignIn'
        ➜ Explicit dependency on target 'GoogleSignIn' in project 'GoogleSignIn'
        ➜ Explicit dependency on target 'AppAuth' in project 'AppAuth'
        ➜ Explicit dependency on target 'GTMAppAuth' in project 'GTMAppAuth'
        ➜ Explicit dependency on target 'GTMSessionFetcherCore' in project 'GTMSessionFetcher'
    Target 'GoogleSignIn_GoogleSignInSwift' in project 'GoogleSignIn' (no dependencies)
    Target 'GoogleSignIn' in project 'GoogleSignIn'
        ➜ Explicit dependency on target 'GoogleSignIn' in project 'GoogleSignIn'
        ➜ Explicit dependency on target 'GoogleSignIn_GoogleSignIn' in project 'GoogleSignIn'
        ➜ Explicit dependency on target 'AppAuth' in project 'AppAuth'
        ➜ Explicit dependency on target 'GTMAppAuth' in project 'GTMAppAuth'
        ➜ Explicit dependency on target 'GTMSessionFetcherCore' in project 'GTMSessionFetcher'
    Target 'GoogleSignIn' in project 'GoogleSignIn'
        ➜ Explicit dependency on target 'GoogleSignIn_GoogleSignIn' in project 'GoogleSignIn'
        ➜ Explicit dependency on target 'AppAuth' in project 'AppAuth'
        ➜ Explicit dependency on target 'GTMAppAuth' in project 'GTMAppAuth'
        ➜ Explicit dependency on target 'GTMSessionFetcherCore' in project 'GTMSessionFetcher'
    Target 'GTMAppAuth' in project 'GTMAppAuth'
        ➜ Explicit dependency on target 'GTMAppAuth' in project 'GTMAppAuth'
        ➜ Explicit dependency on target 'GTMAppAuth_GTMAppAuth' in project 'GTMAppAuth'
        ➜ Explicit dependency on target 'GTMSessionFetcherCore' in project 'GTMSessionFetcher'
        ➜ Explicit dependency on target 'AppAuthCore' in project 'AppAuth'
    Target 'GTMAppAuth' in project 'GTMAppAuth'
        ➜ Explicit dependency on target 'GTMAppAuth_GTMAppAuth' in project 'GTMAppAuth'
        ➜ Explicit dependency on target 'GTMSessionFetcherCore' in project 'GTMSessionFetcher'
        ➜ Explicit dependency on target 'AppAuthCore' in project 'AppAuth'
    Target 'AppAuthCore' in project 'AppAuth'
        ➜ Explicit dependency on target 'AppAuthCore' in project 'AppAuth'
        ➜ Explicit dependency on target 'AppAuth_AppAuthCore' in project 'AppAuth'
    Target 'GTMAppAuth_GTMAppAuth' in project 'GTMAppAuth' (no dependencies)
    Target 'AppAuth' in project 'AppAuth'
        ➜ Explicit dependency on target 'AppAuth' in project 'AppAuth'
        ➜ Explicit dependency on target 'AppAuth_AppAuth' in project 'AppAuth'
        ➜ Explicit dependency on target 'AppAuthCore' in project 'AppAuth'
    Target 'AppAuth' in project 'AppAuth'
        ➜ Explicit dependency on target 'AppAuth_AppAuth' in project 'AppAuth'
        ➜ Explicit dependency on target 'AppAuthCore' in project 'AppAuth'
    Target 'AppAuthCore' in project 'AppAuth'
        ➜ Explicit dependency on target 'AppAuth_AppAuthCore' in project 'AppAuth'
    Target 'AppAuth_AppAuthCore' in project 'AppAuth' (no dependencies)
    Target 'AppAuth_AppAuth' in project 'AppAuth' (no dependencies)
    Target 'GoogleSignIn_GoogleSignIn' in project 'GoogleSignIn' (no dependencies)
    Target 'FirebaseAuthSwiftUI' in project 'FirebaseUI'
        ➜ Explicit dependency on target 'FirebaseAuthSwiftUI' in project 'FirebaseUI'
        ➜ Explicit dependency on target 'FirebaseUI_FirebaseAuthSwiftUI' in project 'FirebaseUI'
        ➜ Explicit dependency on target 'FirebaseAuthUIComponents' in project 'FirebaseUI'
        ➜ Explicit dependency on target 'FirebaseAuth' in project 'Firebase'
    Target 'FirebaseAuthSwiftUI' in project 'FirebaseUI'
        ➜ Explicit dependency on target 'FirebaseUI_FirebaseAuthSwiftUI' in project 'FirebaseUI'
        ➜ Explicit dependency on target 'FirebaseAuthUIComponents' in project 'FirebaseUI'
        ➜ Explicit dependency on target 'FirebaseAuth' in project 'Firebase'
    Target 'FirebaseAuthUIComponents' in project 'FirebaseUI'
        ➜ Explicit dependency on target 'FirebaseUI_FirebaseAuthUIComponents' in project 'FirebaseUI'
    Target 'FirebaseUI_FirebaseAuthUIComponents' in project 'FirebaseUI' (no dependencies)
    Target 'FirebaseUI_FirebaseAuthSwiftUI' in project 'FirebaseUI' (no dependencies)
    Target 'FirebaseFirestore' in project 'Firebase'
        ➜ Explicit dependency on target 'FirebaseFirestoreTarget' in project 'Firebase'
        ➜ Explicit dependency on target 'FirebaseFirestoreInternalWrapper' in project 'Firebase'
        ➜ Explicit dependency on target 'FirebaseAppCheckInterop' in project 'Firebase'
        ➜ Explicit dependency on target 'Firebase' in project 'Firebase'
        ➜ Explicit dependency on target 'FirebaseCoreInternal' in project 'Firebase'
        ➜ Explicit dependency on target 'FirebaseCore' in project 'Firebase'
        ➜ Explicit dependency on target 'FirebaseCoreExtension' in project 'Firebase'
        ➜ Explicit dependency on target 'FirebaseSharedSwift' in project 'Firebase'
        ➜ Explicit dependency on target 'FirebaseFirestore' in project 'Firebase'
        ➜ Explicit dependency on target 'GULNSData' in project 'GoogleUtilities'
        ➜ Explicit dependency on target 'GULEnvironment' in project 'GoogleUtilities'
        ➜ Explicit dependency on target 'GULLogger' in project 'GoogleUtilities'
        ➜ Explicit dependency on target 'abseil' in project 'abseil'
        ➜ Explicit dependency on target 'gRPC-C++' in project 'gRPC'
        ➜ Explicit dependency on target 'nanopb' in project 'nanopb'
        ➜ Explicit dependency on target 'leveldb' in project 'leveldb'
    Target 'FirebaseFirestoreTarget' in project 'Firebase'
        ➜ Explicit dependency on target 'FirebaseFirestoreInternalWrapper' in project 'Firebase'
        ➜ Explicit dependency on target 'FirebaseAppCheckInterop' in project 'Firebase'
        ➜ Explicit dependency on target 'Firebase' in project 'Firebase'
        ➜ Explicit dependency on target 'FirebaseCoreInternal' in project 'Firebase'
        ➜ Explicit dependency on target 'FirebaseCore' in project 'Firebase'
        ➜ Explicit dependency on target 'FirebaseCoreExtension' in project 'Firebase'
        ➜ Explicit dependency on target 'FirebaseSharedSwift' in project 'Firebase'
        ➜ Explicit dependency on target 'FirebaseFirestore' in project 'Firebase'
        ➜ Explicit dependency on target 'GULNSData' in project 'GoogleUtilities'
        ➜ Explicit dependency on target 'GULEnvironment' in project 'GoogleUtilities'
        ➜ Explicit dependency on target 'GULLogger' in project 'GoogleUtilities'
        ➜ Explicit dependency on target 'abseil' in project 'abseil'
        ➜ Explicit dependency on target 'gRPC-C++' in project 'gRPC'
        ➜ Explicit dependency on target 'nanopb' in project 'nanopb'
        ➜ Explicit dependency on target 'leveldb' in project 'leveldb'
    Target 'FirebaseFirestore' in project 'Firebase'
        ➜ Explicit dependency on target 'Firebase_FirebaseFirestore' in project 'Firebase'
        ➜ Explicit dependency on target 'FirebaseFirestoreInternalWrapper' in project 'Firebase'
        ➜ Explicit dependency on target 'FirebaseAppCheckInterop' in project 'Firebase'
        ➜ Explicit dependency on target 'Firebase' in project 'Firebase'
        ➜ Explicit dependency on target 'FirebaseCoreInternal' in project 'Firebase'
        ➜ Explicit dependency on target 'FirebaseCore' in project 'Firebase'
        ➜ Explicit dependency on target 'FirebaseCoreExtension' in project 'Firebase'
        ➜ Explicit dependency on target 'FirebaseSharedSwift' in project 'Firebase'
        ➜ Explicit dependency on target 'GULNSData' in project 'GoogleUtilities'
        ➜ Explicit dependency on target 'GULEnvironment' in project 'GoogleUtilities'
        ➜ Explicit dependency on target 'GULLogger' in project 'GoogleUtilities'
        ➜ Explicit dependency on target 'abseil' in project 'abseil'
        ➜ Explicit dependency on target 'gRPC-C++' in project 'gRPC'
        ➜ Explicit dependency on target 'nanopb' in project 'nanopb'
        ➜ Explicit dependency on target 'leveldb' in project 'leveldb'
    Target 'leveldb' in project 'leveldb'
        ➜ Explicit dependency on target 'leveldb' in project 'leveldb'
        ➜ Explicit dependency on target 'leveldb_leveldb' in project 'leveldb'
    Target 'leveldb' in project 'leveldb'
        ➜ Explicit dependency on target 'leveldb_leveldb' in project 'leveldb'
    Target 'leveldb_leveldb' in project 'leveldb' (no dependencies)
    Target 'nanopb' in project 'nanopb'
        ➜ Explicit dependency on target 'nanopb' in project 'nanopb'
        ➜ Explicit dependency on target 'nanopb_nanopb' in project 'nanopb'
    Target 'nanopb' in project 'nanopb'
        ➜ Explicit dependency on target 'nanopb_nanopb' in project 'nanopb'
    Target 'nanopb_nanopb' in project 'nanopb' (no dependencies)
    Target 'gRPC-C++' in project 'gRPC'
        ➜ Explicit dependency on target 'grpcppWrapper' in project 'gRPC'
        ➜ Explicit dependency on target 'gRPC_grpcppWrapper' in project 'gRPC'
        ➜ Explicit dependency on target 'grpcWrapper' in project 'gRPC'
        ➜ Explicit dependency on target 'opensslWrapper' in project 'gRPC'
        ➜ Explicit dependency on target 'abseil' in project 'abseil'
    Target 'grpcppWrapper' in project 'gRPC'
        ➜ Explicit dependency on target 'gRPC_grpcppWrapper' in project 'gRPC'
        ➜ Explicit dependency on target 'grpcWrapper' in project 'gRPC'
        ➜ Explicit dependency on target 'opensslWrapper' in project 'gRPC'
        ➜ Explicit dependency on target 'abseil' in project 'abseil'
    Target 'opensslWrapper' in project 'gRPC'
        ➜ Explicit dependency on target 'gRPC_opensslWrapper' in project 'gRPC'
    Target 'gRPC_opensslWrapper' in project 'gRPC' (no dependencies)
    Target 'grpcWrapper' in project 'gRPC'
        ➜ Explicit dependency on target 'gRPC_grpcWrapper' in project 'gRPC'
    Target 'gRPC_grpcWrapper' in project 'gRPC' (no dependencies)
    Target 'gRPC_grpcppWrapper' in project 'gRPC' (no dependencies)
    Target 'abseil' in project 'abseil'
        ➜ Explicit dependency on target 'abslWrapper' in project 'abseil'
        ➜ Explicit dependency on target 'abseil_abslWrapper' in project 'abseil'
    Target 'abslWrapper' in project 'abseil'
        ➜ Explicit dependency on target 'abseil_abslWrapper' in project 'abseil'
    Target 'abseil_abslWrapper' in project 'abseil' (no dependencies)
    Target 'Firebase_FirebaseFirestore' in project 'Firebase' (no dependencies)
    Target 'FirebaseSharedSwift' in project 'Firebase' (no dependencies)
    Target 'FirebaseFirestoreInternalWrapper' in project 'Firebase' (no dependencies)
    Target 'FirebaseAuth' in project 'Firebase'
        ➜ Explicit dependency on target 'FirebaseAuth' in project 'Firebase'
        ➜ Explicit dependency on target 'Firebase_FirebaseAuth' in project 'Firebase'
        ➜ Explicit dependency on target 'FirebaseAppCheckInterop' in project 'Firebase'
        ➜ Explicit dependency on target 'FirebaseAuthInterop' in project 'Firebase'
        ➜ Explicit dependency on target 'FirebaseAuthInternal' in project 'Firebase'
        ➜ Explicit dependency on target 'Firebase' in project 'Firebase'
        ➜ Explicit dependency on target 'FirebaseCoreInternal' in project 'Firebase'
        ➜ Explicit dependency on target 'FirebaseCore' in project 'Firebase'
        ➜ Explicit dependency on target 'FirebaseCoreExtension' in project 'Firebase'
        ➜ Explicit dependency on target 'RecaptchaInterop' in project 'InteropForGoogle'
        ➜ Explicit dependency on target 'GULNSData' in project 'GoogleUtilities'
        ➜ Explicit dependency on target 'GULEnvironment' in project 'GoogleUtilities'
        ➜ Explicit dependency on target 'GULLogger' in project 'GoogleUtilities'
        ➜ Explicit dependency on target 'GULAppDelegateSwizzler' in project 'GoogleUtilities'
        ➜ Explicit dependency on target 'GTMSessionFetcherCore' in project 'GTMSessionFetcher'
    Target 'FirebaseAuth' in project 'Firebase'
        ➜ Explicit dependency on target 'Firebase_FirebaseAuth' in project 'Firebase'
        ➜ Explicit dependency on target 'FirebaseAppCheckInterop' in project 'Firebase'
        ➜ Explicit dependency on target 'FirebaseAuthInterop' in project 'Firebase'
        ➜ Explicit dependency on target 'FirebaseAuthInternal' in project 'Firebase'
        ➜ Explicit dependency on target 'Firebase' in project 'Firebase'
        ➜ Explicit dependency on target 'FirebaseCoreInternal' in project 'Firebase'
        ➜ Explicit dependency on target 'FirebaseCore' in project 'Firebase'
        ➜ Explicit dependency on target 'FirebaseCoreExtension' in project 'Firebase'
        ➜ Explicit dependency on target 'RecaptchaInterop' in project 'InteropForGoogle'
        ➜ Explicit dependency on target 'GULNSData' in project 'GoogleUtilities'
        ➜ Explicit dependency on target 'GULEnvironment' in project 'GoogleUtilities'
        ➜ Explicit dependency on target 'GULLogger' in project 'GoogleUtilities'
        ➜ Explicit dependency on target 'GULAppDelegateSwizzler' in project 'GoogleUtilities'
        ➜ Explicit dependency on target 'GTMSessionFetcherCore' in project 'GTMSessionFetcher'
    Target 'GTMSessionFetcherCore' in project 'GTMSessionFetcher'
        ➜ Explicit dependency on target 'GTMSessionFetcherCore' in project 'GTMSessionFetcher'
        ➜ Explicit dependency on target 'GTMSessionFetcher_GTMSessionFetcherCore' in project 'GTMSessionFetcher'
    Target 'GTMSessionFetcherCore' in project 'GTMSessionFetcher'
        ➜ Explicit dependency on target 'GTMSessionFetcher_GTMSessionFetcherCore' in project 'GTMSessionFetcher'
    Target 'GTMSessionFetcher_GTMSessionFetcherCore' in project 'GTMSessionFetcher' (no dependencies)
    Target 'GULAppDelegateSwizzler' in project 'GoogleUtilities'
        ➜ Explicit dependency on target 'GoogleUtilities-AppDelegateSwizzler' in project 'GoogleUtilities'
        ➜ Explicit dependency on target 'GoogleUtilities_GoogleUtilities-AppDelegateSwizzler' in project 'GoogleUtilities'
        ➜ Explicit dependency on target 'third-party-IsAppEncrypted' in project 'GoogleUtilities'
        ➜ Explicit dependency on target 'GoogleUtilities-Environment' in project 'GoogleUtilities'
        ➜ Explicit dependency on target 'GoogleUtilities-Logger' in project 'GoogleUtilities'
        ➜ Explicit dependency on target 'GoogleUtilities-NSData' in project 'GoogleUtilities'
        ➜ Explicit dependency on target 'GoogleUtilities-Reachability' in project 'GoogleUtilities'
        ➜ Explicit dependency on target 'GoogleUtilities-Network' in project 'GoogleUtilities'
    Target 'GoogleUtilities-AppDelegateSwizzler' in project 'GoogleUtilities'
        ➜ Explicit dependency on target 'GoogleUtilities_GoogleUtilities-AppDelegateSwizzler' in project 'GoogleUtilities'
        ➜ Explicit dependency on target 'third-party-IsAppEncrypted' in project 'GoogleUtilities'
        ➜ Explicit dependency on target 'GoogleUtilities-Environment' in project 'GoogleUtilities'
        ➜ Explicit dependency on target 'GoogleUtilities-Logger' in project 'GoogleUtilities'
        ➜ Explicit dependency on target 'GoogleUtilities-NSData' in project 'GoogleUtilities'
        ➜ Explicit dependency on target 'GoogleUtilities-Reachability' in project 'GoogleUtilities'
        ➜ Explicit dependency on target 'GoogleUtilities-Network' in project 'GoogleUtilities'
    Target 'GoogleUtilities-Network' in project 'GoogleUtilities'
        ➜ Explicit dependency on target 'GoogleUtilities_GoogleUtilities-Network' in project 'GoogleUtilities'
        ➜ Explicit dependency on target 'third-party-IsAppEncrypted' in project 'GoogleUtilities'
        ➜ Explicit dependency on target 'GoogleUtilities-Environment' in project 'GoogleUtilities'
        ➜ Explicit dependency on target 'GoogleUtilities-Logger' in project 'GoogleUtilities'
        ➜ Explicit dependency on target 'GoogleUtilities-NSData' in project 'GoogleUtilities'
        ➜ Explicit dependency on target 'GoogleUtilities-Reachability' in project 'GoogleUtilities'
    Target 'GoogleUtilities_GoogleUtilities-Network' in project 'GoogleUtilities' (no dependencies)
    Target 'GoogleUtilities-Reachability' in project 'GoogleUtilities'
        ➜ Explicit dependency on target 'GoogleUtilities_GoogleUtilities-Reachability' in project 'GoogleUtilities'
        ➜ Explicit dependency on target 'third-party-IsAppEncrypted' in project 'GoogleUtilities'
        ➜ Explicit dependency on target 'GoogleUtilities-Environment' in project 'GoogleUtilities'
        ➜ Explicit dependency on target 'GoogleUtilities-Logger' in project 'GoogleUtilities'
    Target 'GoogleUtilities_GoogleUtilities-Reachability' in project 'GoogleUtilities' (no dependencies)
    Target 'GoogleUtilities_GoogleUtilities-AppDelegateSwizzler' in project 'GoogleUtilities' (no dependencies)
    Target 'FirebaseCoreExtension' in project 'Firebase'
        ➜ Explicit dependency on target 'Firebase_FirebaseCoreExtension' in project 'Firebase'
    Target 'Firebase_FirebaseCoreExtension' in project 'Firebase' (no dependencies)
    Target 'FirebaseCore' in project 'Firebase'
        ➜ Explicit dependency on target 'Firebase_FirebaseCore' in project 'Firebase'
        ➜ Explicit dependency on target 'Firebase' in project 'Firebase'
        ➜ Explicit dependency on target 'FirebaseCoreInternal' in project 'Firebase'
        ➜ Explicit dependency on target 'GULNSData' in project 'GoogleUtilities'
        ➜ Explicit dependency on target 'GULEnvironment' in project 'GoogleUtilities'
        ➜ Explicit dependency on target 'GULLogger' in project 'GoogleUtilities'
    Target 'GULLogger' in project 'GoogleUtilities'
        ➜ Explicit dependency on target 'GoogleUtilities-Logger' in project 'GoogleUtilities'
        ➜ Explicit dependency on target 'GoogleUtilities_GoogleUtilities-Logger' in project 'GoogleUtilities'
        ➜ Explicit dependency on target 'third-party-IsAppEncrypted' in project 'GoogleUtilities'
        ➜ Explicit dependency on target 'GoogleUtilities-Environment' in project 'GoogleUtilities'
    Target 'GoogleUtilities-Logger' in project 'GoogleUtilities'
        ➜ Explicit dependency on target 'GoogleUtilities_GoogleUtilities-Logger' in project 'GoogleUtilities'
        ➜ Explicit dependency on target 'third-party-IsAppEncrypted' in project 'GoogleUtilities'
        ➜ Explicit dependency on target 'GoogleUtilities-Environment' in project 'GoogleUtilities'
    Target 'GoogleUtilities_GoogleUtilities-Logger' in project 'GoogleUtilities' (no dependencies)
    Target 'GULEnvironment' in project 'GoogleUtilities'
        ➜ Explicit dependency on target 'GoogleUtilities-Environment' in project 'GoogleUtilities'
        ➜ Explicit dependency on target 'GoogleUtilities_GoogleUtilities-Environment' in project 'GoogleUtilities'
        ➜ Explicit dependency on target 'third-party-IsAppEncrypted' in project 'GoogleUtilities'
    Target 'GoogleUtilities-Environment' in project 'GoogleUtilities'
        ➜ Explicit dependency on target 'GoogleUtilities_GoogleUtilities-Environment' in project 'GoogleUtilities'
        ➜ Explicit dependency on target 'third-party-IsAppEncrypted' in project 'GoogleUtilities'
    Target 'third-party-IsAppEncrypted' in project 'GoogleUtilities' (no dependencies)
    Target 'GoogleUtilities_GoogleUtilities-Environment' in project 'GoogleUtilities' (no dependencies)
    Target 'Firebase_FirebaseCore' in project 'Firebase' (no dependencies)
    Target 'FirebaseCoreInternal' in project 'Firebase'
        ➜ Explicit dependency on target 'Firebase_FirebaseCoreInternal' in project 'Firebase'
        ➜ Explicit dependency on target 'GULNSData' in project 'GoogleUtilities'
    Target 'GULNSData' in project 'GoogleUtilities'
        ➜ Explicit dependency on target 'GoogleUtilities-NSData' in project 'GoogleUtilities'
        ➜ Explicit dependency on target 'GoogleUtilities_GoogleUtilities-NSData' in project 'GoogleUtilities'
    Target 'GoogleUtilities-NSData' in project 'GoogleUtilities'
        ➜ Explicit dependency on target 'GoogleUtilities_GoogleUtilities-NSData' in project 'GoogleUtilities'
    Target 'GoogleUtilities_GoogleUtilities-NSData' in project 'GoogleUtilities' (no dependencies)
    Target 'Firebase_FirebaseCoreInternal' in project 'Firebase' (no dependencies)
    Target 'Firebase' in project 'Firebase' (no dependencies)
    Target 'FirebaseAuthInternal' in project 'Firebase'
        ➜ Explicit dependency on target 'RecaptchaInterop' in project 'InteropForGoogle'
    Target 'RecaptchaInterop' in project 'InteropForGoogle'
        ➜ Explicit dependency on target 'RecaptchaInterop' in project 'InteropForGoogle'
    Target 'RecaptchaInterop' in project 'InteropForGoogle' (no dependencies)
    Target 'FirebaseAuthInterop' in project 'Firebase' (no dependencies)
    Target 'FirebaseAppCheckInterop' in project 'Firebase' (no dependencies)
    Target 'Firebase_FirebaseAuth' in project 'Firebase' (no dependencies)
    Target 'pitchperfectlib' in project 'pitchperfectlib'
        ➜ Explicit dependency on target 'depolllib' in project 'depolllib'
    Target 'depolllib' in project 'depolllib' (no dependencies)

GatherProvisioningInputs

CreateBuildDescription

ExecuteExternalTool /Applications/Xcode.app/Contents/Developer/Toolchains/XcodeDefault.xctoolchain/usr/bin/clang -v -E -dM -arch arm64 -isysroot /Applications/Xcode.app/Contents/Developer/Platforms/iPhoneSimulator.platform/Developer/SDKs/iPhoneSimulator26.5.sdk -x objective-c -c /dev/null

ExecuteExternalTool /Applications/Xcode.app/Contents/Developer/Toolchains/XcodeDefault.xctoolchain/usr/bin/swiftc --version

ExecuteExternalTool /Applications/Xcode.app/Contents/Developer/Toolchains/XcodeDefault.xctoolchain/usr/bin/clang -v -E -dM -isysroot /Applications/Xcode.app/Contents/Developer/Platforms/iPhoneSimulator.platform/Developer/SDKs/iPhoneSimulator26.5.sdk -x c -c /dev/null

ExecuteExternalTool /Applications/Xcode.app/Contents/Developer/Toolchains/XcodeDefault.xctoolchain/usr/bin/clang -v -E -dM -arch arm64 -isysroot /Applications/Xcode.app/Contents/Developer/Platforms/iPhoneSimulator.platform/Developer/SDKs/iPhoneSimulator26.5.sdk -x c -c /dev/null

ExecuteExternalTool /Applications/Xcode.app/Contents/Developer/usr/bin/xcstringstool compile --dry-run --output-directory /tmp/tm-dd/Build/Intermediates.noindex/FirebaseUI.build/Debug-iphonesimulator/FirebaseUI_FirebaseAuthSwiftUI.build /tmp/tm-dd/SourcePackages/checkouts/FirebaseUI-iOS/FirebaseSwiftUI/FirebaseAuthSwiftUI/Sources/Strings/Localizable.xcstrings

ExecuteExternalTool /Applications/Xcode.app/Contents/Developer/Toolchains/XcodeDefault.xctoolchain/usr/bin/clang -v -E -dM -arch arm64 -isysroot /Applications/Xcode.app/Contents/Developer/Platforms/iPhoneSimulator.platform/Developer/SDKs/iPhoneSimulator26.5.sdk -x c++ -c /dev/null

ExecuteExternalTool /Applications/Xcode.app/Contents/Developer/usr/bin/actool --version --output-format xml1

ExecuteExternalTool /Applications/Xcode.app/Contents/Developer/Toolchains/XcodeDefault.xctoolchain/usr/bin/ld -version_details

ExecuteExternalTool /Applications/Xcode.app/Contents/Developer/Toolchains/XcodeDefault.xctoolchain/usr/bin/libtool -V

ExecuteExternalTool /Applications/Xcode.app/Contents/Developer/Toolchains/XcodeDefault.xctoolchain/usr/bin/clang -v -E -dM -arch x86_64 -isysroot /Applications/Xcode.app/Contents/Developer/Platforms/iPhoneSimulator.platform/Developer/SDKs/iPhoneSimulator26.5.sdk -x objective-c -c /dev/null

ExecuteExternalTool /Applications/Xcode.app/Contents/Developer/usr/bin/ibtool --version --output-format xml1

ExecuteExternalTool /Applications/Xcode.app/Contents/Developer/usr/bin/actool --print-asset-tag-combinations --output-format xml1 /Users/depoll/.local/share/pi-worktrees/20260907070801/fable-audit-ux-worktree-20260907/iOS/tagmaster/tagmaster/Images.xcassets

ExecuteExternalTool /Applications/Xcode.app/Contents/Developer/Toolchains/XcodeDefault.xctoolchain/usr/bin/clang -v -E -dM -arch x86_64 -isysroot /Applications/Xcode.app/Contents/Developer/Platforms/iPhoneSimulator.platform/Developer/SDKs/iPhoneSimulator26.5.sdk -x c -c /dev/null

Build description signature: 49e9753a2e8fea3fa7a67c5c9d666005
Build description path: /tmp/tm-dd/Build/Intermediates.noindex/XCBuildData/49e9753a2e8fea3fa7a67c5c9d666005.xcbuilddata
ClangStatCache /Applications/Xcode.app/Contents/Developer/Toolchains/XcodeDefault.xctoolchain/usr/bin/clang-stat-cache /Applications/Xcode.app/Contents/Developer/Platforms/iPhoneSimulator.platform/Developer/SDKs/iPhoneSimulator26.5.sdk /tmp/tm-dd/SDKStatCaches.noindex/iphonesimulator26.5-23F81a-6cfe768891a92b912361537c460fe42b.sdkstatcache
    cd /Users/depoll/.local/share/pi-worktrees/20260907070801/fable-audit-ux-worktree-20260907/iOS
    /Applications/Xcode.app/Contents/Developer/Toolchains/XcodeDefault.xctoolchain/usr/bin/clang-stat-cache /Applications/Xcode.app/Contents/Developer/Platforms/iPhoneSimulator.platform/Developer/SDKs/iPhoneSimulator26.5.sdk -o /tmp/tm-dd/SDKStatCaches.noindex/iphonesimulator26.5-23F81a-6cfe768891a92b912361537c460fe42b.sdkstatcache

ProcessInfoPlistFile /tmp/tm-dd/Build/Products/Debug-iphonesimulator/nanopb_nanopb.bundle/Info.plist /tmp/tm-dd/Build/Intermediates.noindex/nanopb.build/Debug-iphonesimulator/nanopb_nanopb.build/empty-nanopb_nanopb.plist (in target 'nanopb_nanopb' from project 'nanopb')
    cd /tmp/tm-dd/SourcePackages/checkouts/nanopb
    builtin-infoPlistUtility /tmp/tm-dd/Build/Intermediates.noindex/nanopb.build/Debug-iphonesimulator/nanopb_nanopb.build/empty-nanopb_nanopb.plist -producttype com.apple.product-type.bundle -expandbuildsettings -format binary -platform iphonesimulator -o /tmp/tm-dd/Build/Products/Debug-iphonesimulator/nanopb_nanopb.bundle/Info.plist

ProcessInfoPlistFile /tmp/tm-dd/Build/Products/Debug-iphonesimulator/leveldb_leveldb.bundle/Info.plist /tmp/tm-dd/Build/Intermediates.noindex/leveldb.build/Debug-iphonesimulator/leveldb_leveldb.build/empty-leveldb_leveldb.plist (in target 'leveldb_leveldb' from project 'leveldb')
    cd /tmp/tm-dd/SourcePackages/checkouts/leveldb
    builtin-infoPlistUtility /tmp/tm-dd/Build/Intermediates.noindex/leveldb.build/Debug-iphonesimulator/leveldb_leveldb.build/empty-leveldb_leveldb.plist -producttype com.apple.product-type.bundle -expandbuildsettings -format binary -platform iphonesimulator -o /tmp/tm-dd/Build/Products/Debug-iphonesimulator/leveldb_leveldb.bundle/Info.plist

ProcessInfoPlistFile /tmp/tm-dd/Build/Products/Debug-iphonesimulator/gRPC_opensslWrapper.bundle/Info.plist /tmp/tm-dd/Build/Intermediates.noindex/gRPC.build/Debug-iphonesimulator/gRPC_opensslWrapper.build/empty-gRPC_opensslWrapper.plist (in target 'gRPC_opensslWrapper' from project 'gRPC')
    cd /tmp/tm-dd/SourcePackages/checkouts/grpc-binary
    builtin-infoPlistUtility /tmp/tm-dd/Build/Intermediates.noindex/gRPC.build/Debug-iphonesimulator/gRPC_opensslWrapper.build/empty-gRPC_opensslWrapper.plist -producttype com.apple.product-type.bundle -expandbuildsettings -format binary -platform iphonesimulator -o /tmp/tm-dd/Build/Products/Debug-iphonesimulator/gRPC_opensslWrapper.bundle/Info.plist

ProcessInfoPlistFile /tmp/tm-dd/Build/Products/Debug-iphonesimulator/gRPC_grpcppWrapper.bundle/Info.plist /tmp/tm-dd/Build/Intermediates.noindex/gRPC.build/Debug-iphonesimulator/gRPC_grpcppWrapper.build/empty-gRPC_grpcppWrapper.plist (in target 'gRPC_grpcppWrapper' from project 'gRPC')
    cd /tmp/tm-dd/SourcePackages/checkouts/grpc-binary
    builtin-infoPlistUtility /tmp/tm-dd/Build/Intermediates.noindex/gRPC.build/Debug-iphonesimulator/gRPC_grpcppWrapper.build/empty-gRPC_grpcppWrapper.plist -producttype com.apple.product-type.bundle -expandbuildsettings -format binary -platform iphonesimulator -o /tmp/tm-dd/Build/Products/Debug-iphonesimulator/gRPC_grpcppWrapper.bundle/Info.plist

ProcessInfoPlistFile /tmp/tm-dd/Build/Products/Debug-iphonesimulator/gRPC_grpcWrapper.bundle/Info.plist /tmp/tm-dd/Build/Intermediates.noindex/gRPC.build/Debug-iphonesimulator/gRPC_grpcWrapper.build/empty-gRPC_grpcWrapper.plist (in target 'gRPC_grpcWrapper' from project 'gRPC')
    cd /tmp/tm-dd/SourcePackages/checkouts/grpc-binary
    builtin-infoPlistUtility /tmp/tm-dd/Build/Intermediates.noindex/gRPC.build/Debug-iphonesimulator/gRPC_grpcWrapper.build/empty-gRPC_grpcWrapper.plist -producttype com.apple.product-type.bundle -expandbuildsettings -format binary -platform iphonesimulator -o /tmp/tm-dd/Build/Products/Debug-iphonesimulator/gRPC_grpcWrapper.bundle/Info.plist

ProcessInfoPlistFile /tmp/tm-dd/Build/Products/Debug-iphonesimulator/GoogleUtilities_GoogleUtilities-Reachability.bundle/Info.plist /tmp/tm-dd/Build/Intermediates.noindex/GoogleUtilities.build/Debug-iphonesimulator/GoogleUtilities_GoogleUtilities-Reachability.build/empty-GoogleUtilities_GoogleUtilities-Reachability.plist (in target 'GoogleUtilities_GoogleUtilities-Reachability' from project 'GoogleUtilities')
    cd /tmp/tm-dd/SourcePackages/checkouts/GoogleUtilities
    builtin-infoPlistUtility /tmp/tm-dd/Build/Intermediates.noindex/GoogleUtilities.build/Debug-iphonesimulator/GoogleUtilities_GoogleUtilities-Reachability.build/empty-GoogleUtilities_GoogleUtilities-Reachability.plist -producttype com.apple.product-type.bundle -expandbuildsettings -format binary -platform iphonesimulator -o /tmp/tm-dd/Build/Products/Debug-iphonesimulator/GoogleUtilities_GoogleUtilities-Reachability.bundle/Info.plist

ProcessInfoPlistFile /tmp/tm-dd/Build/Products/Debug-iphonesimulator/abseil_abslWrapper.bundle/Info.plist /tmp/tm-dd/Build/Intermediates.noindex/abseil.build/Debug-iphonesimulator/abseil_abslWrapper.build/empty-abseil_abslWrapper.plist (in target 'abseil_abslWrapper' from project 'abseil')
    cd /tmp/tm-dd/SourcePackages/checkouts/abseil-cpp-binary
    builtin-infoPlistUtility /tmp/tm-dd/Build/Intermediates.noindex/abseil.build/Debug-iphonesimulator/abseil_abslWrapper.build/empty-abseil_abslWrapper.plist -producttype com.apple.product-type.bundle -expandbuildsettings -format binary -platform iphonesimulator -o /tmp/tm-dd/Build/Products/Debug-iphonesimulator/abseil_abslWrapper.bundle/Info.plist

ProcessInfoPlistFile /tmp/tm-dd/Build/Products/Debug-iphonesimulator/GoogleUtilities_GoogleUtilities-Network.bundle/Info.plist /tmp/tm-dd/Build/Intermediates.noindex/GoogleUtilities.build/Debug-iphonesimulator/GoogleUtilities_GoogleUtilities-Network.build/empty-GoogleUtilities_GoogleUtilities-Network.plist (in target 'GoogleUtilities_GoogleUtilities-Network' from project 'GoogleUtilities')
    cd /tmp/tm-dd/SourcePackages/checkouts/GoogleUtilities
    builtin-infoPlistUtility /tmp/tm-dd/Build/Intermediates.noindex/GoogleUtilities.build/Debug-iphonesimulator/GoogleUtilities_GoogleUtilities-Network.build/empty-GoogleUtilities_GoogleUtilities-Network.plist -producttype com.apple.product-type.bundle -expandbuildsettings -format binary -platform iphonesimulator -o /tmp/tm-dd/Build/Products/Debug-iphonesimulator/GoogleUtilities_GoogleUtilities-Network.bundle/Info.plist

ProcessInfoPlistFile /tmp/tm-dd/Build/Products/Debug-iphonesimulator/GoogleUtilities_GoogleUtilities-Environment.bundle/Info.plist /tmp/tm-dd/Build/Intermediates.noindex/GoogleUtilities.build/Debug-iphonesimulator/GoogleUtilities_GoogleUtilities-Environment.build/empty-GoogleUtilities_GoogleUtilities-Environment.plist (in target 'GoogleUtilities_GoogleUtilities-Environment' from project 'GoogleUtilities')
    cd /tmp/tm-dd/SourcePackages/checkouts/GoogleUtilities
    builtin-infoPlistUtility /tmp/tm-dd/Build/Intermediates.noindex/GoogleUtilities.build/Debug-iphonesimulator/GoogleUtilities_GoogleUtilities-Environment.build/empty-GoogleUtilities_GoogleUtilities-Environment.plist -producttype com.apple.product-type.bundle -expandbuildsettings -format binary -platform iphonesimulator -o /tmp/tm-dd/Build/Products/Debug-iphonesimulator/GoogleUtilities_GoogleUtilities-Environment.bundle/Info.plist

ProcessInfoPlistFile /tmp/tm-dd/Build/Products/Debug-iphonesimulator/GoogleUtilities_GoogleUtilities-Logger.bundle/Info.plist /tmp/tm-dd/Build/Intermediates.noindex/GoogleUtilities.build/Debug-iphonesimulator/GoogleUtilities_GoogleUtilities-Logger.build/empty-GoogleUtilities_GoogleUtilities-Logger.plist (in target 'GoogleUtilities_GoogleUtilities-Logger' from project 'GoogleUtilities')
    cd /tmp/tm-dd/SourcePackages/checkouts/GoogleUtilities
    builtin-infoPlistUtility /tmp/tm-dd/Build/Intermediates.noindex/GoogleUtilities.build/Debug-iphonesimulator/GoogleUtilities_GoogleUtilities-Logger.build/empty-GoogleUtilities_GoogleUtilities-Logger.plist -producttype com.apple.product-type.bundle -expandbuildsettings -format binary -platform iphonesimulator -o /tmp/tm-dd/Build/Products/Debug-iphonesimulator/GoogleUtilities_GoogleUtilities-Logger.bundle/Info.plist

ProcessInfoPlistFile /tmp/tm-dd/Build/Products/Debug-iphonesimulator/GoogleUtilities_GoogleUtilities-NSData.bundle/Info.plist /tmp/tm-dd/Build/Intermediates.noindex/GoogleUtilities.build/Debug-iphonesimulator/GoogleUtilities_GoogleUtilities-NSData.build/empty-GoogleUtilities_GoogleUtilities-NSData.plist (in target 'GoogleUtilities_GoogleUtilities-NSData' from project 'GoogleUtilities')
    cd /tmp/tm-dd/SourcePackages/checkouts/GoogleUtilities
    builtin-infoPlistUtility /tmp/tm-dd/Build/Intermediates.noindex/GoogleUtilities.build/Debug-iphonesimulator/GoogleUtilities_GoogleUtilities-NSData.build/empty-GoogleUtilities_GoogleUtilities-NSData.plist -producttype com.apple.product-type.bundle -expandbuildsettings -format binary -platform iphonesimulator -o /tmp/tm-dd/Build/Products/Debug-iphonesimulator/GoogleUtilities_GoogleUtilities-NSData.bundle/Info.plist

ProcessInfoPlistFile /tmp/tm-dd/Build/Products/Debug-iphonesimulator/GoogleUtilities_GoogleUtilities-AppDelegateSwizzler.bundle/Info.plist /tmp/tm-dd/Build/Intermediates.noindex/GoogleUtilities.build/Debug-iphonesimulator/GoogleUtilities_GoogleUtilities-AppDelegateSwizzler.build/empty-GoogleUtilities_GoogleUtilities-AppDelegateSwizzler.plist (in target 'GoogleUtilities_GoogleUtilities-AppDelegateSwizzler' from project 'GoogleUtilities')
    cd /tmp/tm-dd/SourcePackages/checkouts/GoogleUtilities
    builtin-infoPlistUtility /tmp/tm-dd/Build/Intermediates.noindex/GoogleUtilities.build/Debug-iphonesimulator/GoogleUtilities_GoogleUtilities-AppDelegateSwizzler.build/empty-GoogleUtilities_GoogleUtilities-AppDelegateSwizzler.plist -producttype com.apple.product-type.bundle -expandbuildsettings -format binary -platform iphonesimulator -o /tmp/tm-dd/Build/Products/Debug-iphonesimulator/GoogleUtilities_GoogleUtilities-AppDelegateSwizzler.bundle/Info.plist

ProcessInfoPlistFile /tmp/tm-dd/Build/Products/Debug-iphonesimulator/GoogleSignIn_GoogleSignInSwift.bundle/Info.plist /tmp/tm-dd/Build/Intermediates.noindex/GoogleSignIn.build/Debug-iphonesimulator/GoogleSignIn_GoogleSignInSwift.build/empty-GoogleSignIn_GoogleSignInSwift.plist (in target 'GoogleSignIn_GoogleSignInSwift' from project 'GoogleSignIn')
    cd /tmp/tm-dd/SourcePackages/checkouts/GoogleSignIn-iOS
    builtin-infoPlistUtility /tmp/tm-dd/Build/Intermediates.noindex/GoogleSignIn.build/Debug-iphonesimulator/GoogleSignIn_GoogleSignInSwift.build/empty-GoogleSignIn_GoogleSignInSwift.plist -producttype com.apple.product-type.bundle -expandbuildsettings -format binary -platform iphonesimulator -o /tmp/tm-dd/Build/Products/Debug-iphonesimulator/GoogleSignIn_GoogleSignInSwift.bundle/Info.plist

ProcessInfoPlistFile /tmp/tm-dd/Build/Products/Debug-iphonesimulator/GoogleSignIn_GoogleSignIn.bundle/Info.plist /tmp/tm-dd/Build/Intermediates.noindex/GoogleSignIn.build/Debug-iphonesimulator/GoogleSignIn_GoogleSignIn.build/empty-GoogleSignIn_GoogleSignIn.plist (in target 'GoogleSignIn_GoogleSignIn' from project 'GoogleSignIn')
    cd /tmp/tm-dd/SourcePackages/checkouts/GoogleSignIn-iOS
    builtin-infoPlistUtility /tmp/tm-dd/Build/Intermediates.noindex/GoogleSignIn.build/Debug-iphonesimulator/GoogleSignIn_GoogleSignIn.build/empty-GoogleSignIn_GoogleSignIn.plist -producttype com.apple.product-type.bundle -expandbuildsettings -format binary -platform iphonesimulator -o /tmp/tm-dd/Build/Products/Debug-iphonesimulator/GoogleSignIn_GoogleSignIn.bundle/Info.plist

ProcessInfoPlistFile /tmp/tm-dd/Build/Products/Debug-iphonesimulator/GTMSessionFetcher_GTMSessionFetcherCore.bundle/Info.plist /tmp/tm-dd/Build/Intermediates.noindex/GTMSessionFetcher.build/Debug-iphonesimulator/GTMSessionFetcher_GTMSessionFetcherCore.build/empty-GTMSessionFetcher_GTMSessionFetcherCore.plist (in target 'GTMSessionFetcher_GTMSessionFetcherCore' from project 'GTMSessionFetcher')
    cd /tmp/tm-dd/SourcePackages/checkouts/gtm-session-fetcher
    builtin-infoPlistUtility /tmp/tm-dd/Build/Intermediates.noindex/GTMSessionFetcher.build/Debug-iphonesimulator/GTMSessionFetcher_GTMSessionFetcherCore.build/empty-GTMSessionFetcher_GTMSessionFetcherCore.plist -producttype com.apple.product-type.bundle -expandbuildsettings -format binary -platform iphonesimulator -o /tmp/tm-dd/Build/Products/Debug-iphonesimulator/GTMSessionFetcher_GTMSessionFetcherCore.bundle/Info.plist

ProcessInfoPlistFile /tmp/tm-dd/Build/Products/Debug-iphonesimulator/GTMAppAuth_GTMAppAuth.bundle/Info.plist /tmp/tm-dd/Build/Intermediates.noindex/GTMAppAuth.build/Debug-iphonesimulator/GTMAppAuth_GTMAppAuth.build/empty-GTMAppAuth_GTMAppAuth.plist (in target 'GTMAppAuth_GTMAppAuth' from project 'GTMAppAuth')
    cd /tmp/tm-dd/SourcePackages/checkouts/GTMAppAuth
    builtin-infoPlistUtility /tmp/tm-dd/Build/Intermediates.noindex/GTMAppAuth.build/Debug-iphonesimulator/GTMAppAuth_GTMAppAuth.build/empty-GTMAppAuth_GTMAppAuth.plist -producttype com.apple.product-type.bundle -expandbuildsettings -format binary -platform iphonesimulator -o /tmp/tm-dd/Build/Products/Debug-iphonesimulator/GTMAppAuth_GTMAppAuth.bundle/Info.plist

ProcessInfoPlistFile /tmp/tm-dd/Build/Products/Debug-iphonesimulator/Firebase_FirebaseFirestore.bundle/Info.plist /tmp/tm-dd/Build/Intermediates.noindex/Firebase.build/Debug-iphonesimulator/Firebase_FirebaseFirestore.build/empty-Firebase_FirebaseFirestore.plist (in target 'Firebase_FirebaseFirestore' from project 'Firebase')
    cd /tmp/tm-dd/SourcePackages/checkouts/firebase-ios-sdk
    builtin-infoPlistUtility /tmp/tm-dd/Build/Intermediates.noindex/Firebase.build/Debug-iphonesimulator/Firebase_FirebaseFirestore.build/empty-Firebase_FirebaseFirestore.plist -producttype com.apple.product-type.bundle -expandbuildsettings -format binary -platform iphonesimulator -o /tmp/tm-dd/Build/Products/Debug-iphonesimulator/Firebase_FirebaseFirestore.bundle/Info.plist

ProcessInfoPlistFile /tmp/tm-dd/Build/Products/Debug-iphonesimulator/Firebase_FirebaseCoreInternal.bundle/Info.plist /tmp/tm-dd/Build/Intermediates.noindex/Firebase.build/Debug-iphonesimulator/Firebase_FirebaseCoreInternal.build/empty-Firebase_FirebaseCoreInternal.plist (in target 'Firebase_FirebaseCoreInternal' from project 'Firebase')
    cd /tmp/tm-dd/SourcePackages/checkouts/firebase-ios-sdk
    builtin-infoPlistUtility /tmp/tm-dd/Build/Intermediates.noindex/Firebase.build/Debug-iphonesimulator/Firebase_FirebaseCoreInternal.build/empty-Firebase_FirebaseCoreInternal.plist -producttype com.apple.product-type.bundle -expandbuildsettings -format binary -platform iphonesimulator -o /tmp/tm-dd/Build/Products/Debug-iphonesimulator/Firebase_FirebaseCoreInternal.bundle/Info.plist

ProcessInfoPlistFile /tmp/tm-dd/Build/Products/Debug-iphonesimulator/Firebase_FirebaseCoreExtension.bundle/Info.plist /tmp/tm-dd/Build/Intermediates.noindex/Firebase.build/Debug-iphonesimulator/Firebase_FirebaseCoreExtension.build/empty-Firebase_FirebaseCoreExtension.plist (in target 'Firebase_FirebaseCoreExtension' from project 'Firebase')
    cd /tmp/tm-dd/SourcePackages/checkouts/firebase-ios-sdk
    builtin-infoPlistUtility /tmp/tm-dd/Build/Intermediates.noindex/Firebase.build/Debug-iphonesimulator/Firebase_FirebaseCoreExtension.build/empty-Firebase_FirebaseCoreExtension.plist -producttype com.apple.product-type.bundle -expandbuildsettings -format binary -platform iphonesimulator -o /tmp/tm-dd/Build/Products/Debug-iphonesimulator/Firebase_FirebaseCoreExtension.bundle/Info.plist

ProcessInfoPlistFile /tmp/tm-dd/Build/Products/Debug-iphonesimulator/Firebase_FirebaseCore.bundle/Info.plist /tmp/tm-dd/Build/Intermediates.noindex/Firebase.build/Debug-iphonesimulator/Firebase_FirebaseCore.build/empty-Firebase_FirebaseCore.plist (in target 'Firebase_FirebaseCore' from project 'Firebase')
    cd /tmp/tm-dd/SourcePackages/checkouts/firebase-ios-sdk
    builtin-infoPlistUtility /tmp/tm-dd/Build/Intermediates.noindex/Firebase.build/Debug-iphonesimulator/Firebase_FirebaseCore.build/empty-Firebase_FirebaseCore.plist -producttype com.apple.product-type.bundle -expandbuildsettings -format binary -platform iphonesimulator -o /tmp/tm-dd/Build/Products/Debug-iphonesimulator/Firebase_FirebaseCore.bundle/Info.plist

ProcessInfoPlistFile /tmp/tm-dd/Build/Products/Debug-iphonesimulator/Firebase_FirebaseAuth.bundle/Info.plist /tmp/tm-dd/Build/Intermediates.noindex/Firebase.build/Debug-iphonesimulator/Firebase_FirebaseAuth.build/empty-Firebase_FirebaseAuth.plist (in target 'Firebase_FirebaseAuth' from project 'Firebase')
    cd /tmp/tm-dd/SourcePackages/checkouts/firebase-ios-sdk
    builtin-infoPlistUtility /tmp/tm-dd/Build/Intermediates.noindex/Firebase.build/Debug-iphonesimulator/Firebase_FirebaseAuth.build/empty-Firebase_FirebaseAuth.plist -producttype com.apple.product-type.bundle -expandbuildsettings -format binary -platform iphonesimulator -o /tmp/tm-dd/Build/Products/Debug-iphonesimulator/Firebase_FirebaseAuth.bundle/Info.plist

ProcessInfoPlistFile /tmp/tm-dd/Build/Products/Debug-iphonesimulator/Facebook_FacebookLogin.bundle/Info.plist /tmp/tm-dd/Build/Intermediates.noindex/Facebook.build/Debug-iphonesimulator/Facebook_FacebookLogin.build/empty-Facebook_FacebookLogin.plist (in target 'Facebook_FacebookLogin' from project 'Facebook')
    cd /tmp/tm-dd/SourcePackages/checkouts/facebook-ios-sdk
    builtin-infoPlistUtility /tmp/tm-dd/Build/Intermediates.noindex/Facebook.build/Debug-iphonesimulator/Facebook_FacebookLogin.build/empty-Facebook_FacebookLogin.plist -producttype com.apple.product-type.bundle -expandbuildsettings -format binary -platform iphonesimulator -o /tmp/tm-dd/Build/Products/Debug-iphonesimulator/Facebook_FacebookLogin.bundle/Info.plist

ProcessInfoPlistFile /tmp/tm-dd/Build/Products/Debug-iphonesimulator/Facebook_FacebookCore.bundle/Info.plist /tmp/tm-dd/Build/Intermediates.noindex/Facebook.build/Debug-iphonesimulator/Facebook_FacebookCore.build/empty-Facebook_FacebookCore.plist (in target 'Facebook_FacebookCore' from project 'Facebook')
    cd /tmp/tm-dd/SourcePackages/checkouts/facebook-ios-sdk
    builtin-infoPlistUtility /tmp/tm-dd/Build/Intermediates.noindex/Facebook.build/Debug-iphonesimulator/Facebook_FacebookCore.build/empty-Facebook_FacebookCore.plist -producttype com.apple.product-type.bundle -expandbuildsettings -format binary -platform iphonesimulator -o /tmp/tm-dd/Build/Products/Debug-iphonesimulator/Facebook_FacebookCore.bundle/Info.plist

ProcessInfoPlistFile /tmp/tm-dd/Build/Products/Debug-iphonesimulator/Facebook_FacebookAEM.bundle/Info.plist /tmp/tm-dd/Build/Intermediates.noindex/Facebook.build/Debug-iphonesimulator/Facebook_FacebookAEM.build/empty-Facebook_FacebookAEM.plist (in target 'Facebook_FacebookAEM' from project 'Facebook')
    cd /tmp/tm-dd/SourcePackages/checkouts/facebook-ios-sdk
    builtin-infoPlistUtility /tmp/tm-dd/Build/Intermediates.noindex/Facebook.build/Debug-iphonesimulator/Facebook_FacebookAEM.build/empty-Facebook_FacebookAEM.plist -producttype com.apple.product-type.bundle -expandbuildsettings -format binary -platform iphonesimulator -o /tmp/tm-dd/Build/Products/Debug-iphonesimulator/Facebook_FacebookAEM.bundle/Info.plist

ProcessInfoPlistFile /tmp/tm-dd/Build/Products/Debug-iphonesimulator/AppAuth_AppAuthCore.bundle/Info.plist /tmp/tm-dd/Build/Intermediates.noindex/AppAuth.build/Debug-iphonesimulator/AppAuth_AppAuthCore.build/empty-AppAuth_AppAuthCore.plist (in target 'AppAuth_AppAuthCore' from project 'AppAuth')
    cd /tmp/tm-dd/SourcePackages/checkouts/AppAuth-iOS
    builtin-infoPlistUtility /tmp/tm-dd/Build/Intermediates.noindex/AppAuth.build/Debug-iphonesimulator/AppAuth_AppAuthCore.build/empty-AppAuth_AppAuthCore.plist -producttype com.apple.product-type.bundle -expandbuildsettings -format binary -platform iphonesimulator -o /tmp/tm-dd/Build/Products/Debug-iphonesimulator/AppAuth_AppAuthCore.bundle/Info.plist

ProcessInfoPlistFile /tmp/tm-dd/Build/Products/Debug-iphonesimulator/AppAuth_AppAuth.bundle/Info.plist /tmp/tm-dd/Build/Intermediates.noindex/AppAuth.build/Debug-iphonesimulator/AppAuth_AppAuth.build/empty-AppAuth_AppAuth.plist (in target 'AppAuth_AppAuth' from project 'AppAuth')
    cd /tmp/tm-dd/SourcePackages/checkouts/AppAuth-iOS
    builtin-infoPlistUtility /tmp/tm-dd/Build/Intermediates.noindex/AppAuth.build/Debug-iphonesimulator/AppAuth_AppAuth.build/empty-AppAuth_AppAuth.plist -producttype com.apple.product-type.bundle -expandbuildsettings -format binary -platform iphonesimulator -o /tmp/tm-dd/Build/Products/Debug-iphonesimulator/AppAuth_AppAuth.bundle/Info.plist

ProcessInfoPlistFile /tmp/tm-dd/Build/Products/Debug-iphonesimulator/FirebaseUI_FirebaseAuthUIComponents.bundle/Info.plist /tmp/tm-dd/Build/Intermediates.noindex/FirebaseUI.build/Debug-iphonesimulator/FirebaseUI_FirebaseAuthUIComponents.build/empty-FirebaseUI_FirebaseAuthUIComponents.plist (in target 'FirebaseUI_FirebaseAuthUIComponents' from project 'FirebaseUI')
    cd /tmp/tm-dd/SourcePackages/checkouts/FirebaseUI-iOS
    builtin-infoPlistUtility /tmp/tm-dd/Build/Intermediates.noindex/FirebaseUI.build/Debug-iphonesimulator/FirebaseUI_FirebaseAuthUIComponents.build/empty-FirebaseUI_FirebaseAuthUIComponents.plist -producttype com.apple.product-type.bundle -expandbuildsettings -format binary -platform iphonesimulator -additionalcontentfile /tmp/tm-dd/Build/Intermediates.noindex/FirebaseUI.build/Debug-iphonesimulator/FirebaseUI_FirebaseAuthUIComponents.build/assetcatalog_generated_info.plist -o /tmp/tm-dd/Build/Products/Debug-iphonesimulator/FirebaseUI_FirebaseAuthUIComponents.bundle/Info.plist

ProcessInfoPlistFile /tmp/tm-dd/Build/Products/Debug-iphonesimulator/FirebaseUI_FirebaseAuthSwiftUI.bundle/Info.plist /tmp/tm-dd/Build/Intermediates.noindex/FirebaseUI.build/Debug-iphonesimulator/FirebaseUI_FirebaseAuthSwiftUI.build/empty-FirebaseUI_FirebaseAuthSwiftUI.plist (in target 'FirebaseUI_FirebaseAuthSwiftUI' from project 'FirebaseUI')
    cd /tmp/tm-dd/SourcePackages/checkouts/FirebaseUI-iOS
    builtin-infoPlistUtility /tmp/tm-dd/Build/Intermediates.noindex/FirebaseUI.build/Debug-iphonesimulator/FirebaseUI_FirebaseAuthSwiftUI.build/empty-FirebaseUI_FirebaseAuthSwiftUI.plist -producttype com.apple.product-type.bundle -expandbuildsettings -format binary -platform iphonesimulator -o /tmp/tm-dd/Build/Products/Debug-iphonesimulator/FirebaseUI_FirebaseAuthSwiftUI.bundle/Info.plist

CompileXCStrings /tmp/tm-dd/Build/Intermediates.noindex/FirebaseUI.build/Debug-iphonesimulator/FirebaseUI_FirebaseAuthSwiftUI.build/ /tmp/tm-dd/SourcePackages/checkouts/FirebaseUI-iOS/FirebaseSwiftUI/FirebaseAuthSwiftUI/Sources/Strings/Localizable.xcstrings (in target 'FirebaseUI_FirebaseAuthSwiftUI' from project 'FirebaseUI')
    cd /tmp/tm-dd/SourcePackages/checkouts/FirebaseUI-iOS
    /Applications/Xcode.app/Contents/Developer/usr/bin/xcstringstool compile --output-directory /tmp/tm-dd/Build/Intermediates.noindex/FirebaseUI.build/Debug-iphonesimulator/FirebaseUI_FirebaseAuthSwiftUI.build /tmp/tm-dd/SourcePackages/checkouts/FirebaseUI-iOS/FirebaseSwiftUI/FirebaseAuthSwiftUI/Sources/Strings/Localizable.xcstrings

CopyStringsFile /tmp/tm-dd/Build/Products/Debug-iphonesimulator/FirebaseUI_FirebaseAuthSwiftUI.bundle/nb.lproj/Localizable.strings /tmp/tm-dd/Build/Intermediates.noindex/FirebaseUI.build/Debug-iphonesimulator/FirebaseUI_FirebaseAuthSwiftUI.build/nb.lproj/Localizable.strings (in target 'FirebaseUI_FirebaseAuthSwiftUI' from project 'FirebaseUI')
    cd /tmp/tm-dd/SourcePackages/checkouts/FirebaseUI-iOS
    builtin-copyStrings --validate --outputencoding binary --outfilename Localizable.strings --outdir /tmp/tm-dd/Build/Products/Debug-iphonesimulator/FirebaseUI_FirebaseAuthSwiftUI.bundle/nb.lproj -- /tmp/tm-dd/Build/Intermediates.noindex/FirebaseUI.build/Debug-iphonesimulator/FirebaseUI_FirebaseAuthSwiftUI.build/nb.lproj/Localizable.strings
/tmp/tm-dd/Build/Intermediates.noindex/FirebaseUI.build/Debug-iphonesimulator/FirebaseUI_FirebaseAuthSwiftUI.build/nb.lproj/Localizable.strings:1:1: note: detected encoding of input file as Unicode (UTF-8) (in target 'FirebaseUI_FirebaseAuthSwiftUI' from project 'FirebaseUI')

CopyStringsFile /tmp/tm-dd/Build/Products/Debug-iphonesimulator/FirebaseUI_FirebaseAuthSwiftUI.bundle/ko.lproj/Localizable.strings /tmp/tm-dd/Build/Intermediates.noindex/FirebaseUI.build/Debug-iphonesimulator/FirebaseUI_FirebaseAuthSwiftUI.build/ko.lproj/Localizable.strings (in target 'FirebaseUI_FirebaseAuthSwiftUI' from project 'FirebaseUI')
    cd /tmp/tm-dd/SourcePackages/checkouts/FirebaseUI-iOS
    builtin-copyStrings --validate --outputencoding binary --outfilename Localizable.strings --outdir /tmp/tm-dd/Build/Products/Debug-iphonesimulator/FirebaseUI_FirebaseAuthSwiftUI.bundle/ko.lproj -- /tmp/tm-dd/Build/Intermediates.noindex/FirebaseUI.build/Debug-iphonesimulator/FirebaseUI_FirebaseAuthSwiftUI.build/ko.lproj/Localizable.strings
/tmp/tm-dd/Build/Intermediates.noindex/FirebaseUI.build/Debug-iphonesimulator/FirebaseUI_FirebaseAuthSwiftUI.build/ko.lproj/Localizable.strings:1:1: note: detected encoding of input file as Unicode (UTF-8) (in target 'FirebaseUI_FirebaseAuthSwiftUI' from project 'FirebaseUI')

CopyStringsFile /tmp/tm-dd/Build/Products/Debug-iphonesimulator/FirebaseUI_FirebaseAuthSwiftUI.bundle/fil.lproj/Localizable.strings /tmp/tm-dd/Build/Intermediates.noindex/FirebaseUI.build/Debug-iphonesimulator/FirebaseUI_FirebaseAuthSwiftUI.build/fil.lproj/Localizable.strings (in target 'FirebaseUI_FirebaseAuthSwiftUI' from project 'FirebaseUI')
    cd /tmp/tm-dd/SourcePackages/checkouts/FirebaseUI-iOS
    builtin-copyStrings --validate --outputencoding binary --outfilename Localizable.strings --outdir /tmp/tm-dd/Build/Products/Debug-iphonesimulator/FirebaseUI_FirebaseAuthSwiftUI.bundle/fil.lproj -- /tmp/tm-dd/Build/Intermediates.noindex/FirebaseUI.build/Debug-iphonesimulator/FirebaseUI_FirebaseAuthSwiftUI.build/fil.lproj/Localizable.strings
/tmp/tm-dd/Build/Intermediates.noindex/FirebaseUI.build/Debug-iphonesimulator/FirebaseUI_FirebaseAuthSwiftUI.build/fil.lproj/Localizable.strings:1:1: note: detected encoding of input file as Unicode (UTF-8) (in target 'FirebaseUI_FirebaseAuthSwiftUI' from project 'FirebaseUI')

CopyStringsFile /tmp/tm-dd/Build/Products/Debug-iphonesimulator/FirebaseUI_FirebaseAuthSwiftUI.bundle/fa.lproj/Localizable.strings /tmp/tm-dd/Build/Intermediates.noindex/FirebaseUI.build/Debug-iphonesimulator/FirebaseUI_FirebaseAuthSwiftUI.build/fa.lproj/Localizable.strings (in target 'FirebaseUI_FirebaseAuthSwiftUI' from project 'FirebaseUI')
    cd /tmp/tm-dd/SourcePackages/checkouts/FirebaseUI-iOS
    builtin-copyStrings --validate --outputencoding binary --outfilename Localizable.strings --outdir /tmp/tm-dd/Build/Products/Debug-iphonesimulator/FirebaseUI_FirebaseAuthSwiftUI.bundle/fa.lproj -- /tmp/tm-dd/Build/Intermediates.noindex/FirebaseUI.build/Debug-iphonesimulator/FirebaseUI_FirebaseAuthSwiftUI.build/fa.lproj/Localizable.strings
/tmp/tm-dd/Build/Intermediates.noindex/FirebaseUI.build/Debug-iphonesimulator/FirebaseUI_FirebaseAuthSwiftUI.build/fa.lproj/Localizable.strings:1:1: note: detected encoding of input file as Unicode (UTF-8) (in target 'FirebaseUI_FirebaseAuthSwiftUI' from project 'FirebaseUI')

CopyStringsFile /tmp/tm-dd/Build/Products/Debug-iphonesimulator/FirebaseUI_FirebaseAuthSwiftUI.bundle/de-CH.lproj/Localizable.strings /tmp/tm-dd/Build/Intermediates.noindex/FirebaseUI.build/Debug-iphonesimulator/FirebaseUI_FirebaseAuthSwiftUI.build/de-CH.lproj/Localizable.strings (in target 'FirebaseUI_FirebaseAuthSwiftUI' from project 'FirebaseUI')
    cd /tmp/tm-dd/SourcePackages/checkouts/FirebaseUI-iOS
    builtin-copyStrings --validate --outputencoding binary --outfilename Localizable.strings --outdir /tmp/tm-dd/Build/Products/Debug-iphonesimulator/FirebaseUI_FirebaseAuthSwiftUI.bundle/de-CH.lproj -- /tmp/tm-dd/Build/Intermediates.noindex/FirebaseUI.build/Debug-iphonesimulator/FirebaseUI_FirebaseAuthSwiftUI.build/de-CH.lproj/Localizable.strings
/tmp/tm-dd/Build/Intermediates.noindex/FirebaseUI.build/Debug-iphonesimulator/FirebaseUI_FirebaseAuthSwiftUI.build/de-CH.lproj/Localizable.strings:1:1: note: detected encoding of input file as Unicode (UTF-8) (in target 'FirebaseUI_FirebaseAuthSwiftUI' from project 'FirebaseUI')

CopyStringsFile /tmp/tm-dd/Build/Products/Debug-iphonesimulator/FirebaseUI_FirebaseAuthSwiftUI.bundle/gsw.lproj/Localizable.strings /tmp/tm-dd/Build/Intermediates.noindex/FirebaseUI.build/Debug-iphonesimulator/FirebaseUI_FirebaseAuthSwiftUI.build/gsw.lproj/Localizable.strings (in target 'FirebaseUI_FirebaseAuthSwiftUI' from project 'FirebaseUI')
    cd /tmp/tm-dd/SourcePackages/checkouts/FirebaseUI-iOS
    builtin-copyStrings --validate --outputencoding binary --outfilename Localizable.strings --outdir /tmp/tm-dd/Build/Products/Debug-iphonesimulator/FirebaseUI_FirebaseAuthSwiftUI.bundle/gsw.lproj -- /tmp/tm-dd/Build/Intermediates.noindex/FirebaseUI.build/Debug-iphonesimulator/FirebaseUI_FirebaseAuthSwiftUI.build/gsw.lproj/Localizable.strings
/tmp/tm-dd/Build/Intermediates.noindex/FirebaseUI.build/Debug-iphonesimulator/FirebaseUI_FirebaseAuthSwiftUI.build/gsw.lproj/Localizable.strings:1:1: note: detected encoding of input file as Unicode (UTF-8) (in target 'FirebaseUI_FirebaseAuthSwiftUI' from project 'FirebaseUI')

CopyStringsFile /tmp/tm-dd/Build/Products/Debug-iphonesimulator/FirebaseUI_FirebaseAuthSwiftUI.bundle/fr-CH.lproj/Localizable.strings /tmp/tm-dd/Build/Intermediates.noindex/FirebaseUI.build/Debug-iphonesimulator/FirebaseUI_FirebaseAuthSwiftUI.build/fr-CH.lproj/Localizable.strings (in target 'FirebaseUI_FirebaseAuthSwiftUI' from project 'FirebaseUI')
    cd /tmp/tm-dd/SourcePackages/checkouts/FirebaseUI-iOS
    builtin-copyStrings --validate --outputencoding binary --outfilename Localizable.strings --outdir /tmp/tm-dd/Build/Products/Debug-iphonesimulator/FirebaseUI_FirebaseAuthSwiftUI.bundle/fr-CH.lproj -- /tmp/tm-dd/Build/Intermediates.noindex/FirebaseUI.build/Debug-iphonesimulator/FirebaseUI_FirebaseAuthSwiftUI.build/fr-CH.lproj/Localizable.strings
/tmp/tm-dd/Build/Intermediates.noindex/FirebaseUI.build/Debug-iphonesimulator/FirebaseUI_FirebaseAuthSwiftUI.build/fr-CH.lproj/Localizable.strings:1:1: note: detected encoding of input file as Unicode (UTF-8) (in target 'FirebaseUI_FirebaseAuthSwiftUI' from project 'FirebaseUI')

CopyStringsFile /tmp/tm-dd/Build/Products/Debug-iphonesimulator/FirebaseUI_FirebaseAuthSwiftUI.bundle/ca.lproj/Localizable.strings /tmp/tm-dd/Build/Intermediates.noindex/FirebaseUI.build/Debug-iphonesimulator/FirebaseUI_FirebaseAuthSwiftUI.build/ca.lproj/Localizable.strings (in target 'FirebaseUI_FirebaseAuthSwiftUI' from project 'FirebaseUI')
    cd /tmp/tm-dd/SourcePackages/checkouts/FirebaseUI-iOS
    builtin-copyStrings --validate --outputencoding binary --outfilename Localizable.strings --outdir /tmp/tm-dd/Build/Products/Debug-iphonesimulator/FirebaseUI_FirebaseAuthSwiftUI.bundle/ca.lproj -- /tmp/tm-dd/Build/Intermediates.noindex/FirebaseUI.build/Debug-iphonesimulator/FirebaseUI_FirebaseAuthSwiftUI.build/ca.lproj/Localizable.strings
/tmp/tm-dd/Build/Intermediates.noindex/FirebaseUI.build/Debug-iphonesimulator/FirebaseUI_FirebaseAuthSwiftUI.build/ca.lproj/Localizable.strings:1:1: note: detected encoding of input file as Unicode (UTF-8) (in target 'FirebaseUI_FirebaseAuthSwiftUI' from project 'FirebaseUI')

CopyStringsFile /tmp/tm-dd/Build/Products/Debug-iphonesimulator/FirebaseUI_FirebaseAuthSwiftUI.bundle/da.lproj/Localizable.strings /tmp/tm-dd/Build/Intermediates.noindex/FirebaseUI.build/Debug-iphonesimulator/FirebaseUI_FirebaseAuthSwiftUI.build/da.lproj/Localizable.strings (in target 'FirebaseUI_FirebaseAuthSwiftUI' from project 'FirebaseUI')
    cd /tmp/tm-dd/SourcePackages/checkouts/FirebaseUI-iOS
    builtin-copyStrings --validate --outputencoding binary --outfilename Localizable.strings --outdir /tmp/tm-dd/Build/Products/Debug-iphonesimulator/FirebaseUI_FirebaseAuthSwiftUI.bundle/da.lproj -- /tmp/tm-dd/Build/Intermediates.noindex/FirebaseUI.build/Debug-iphonesimulator/FirebaseUI_FirebaseAuthSwiftUI.build/da.lproj/Localizable.strings
/tmp/tm-dd/Build/Intermediates.noindex/FirebaseUI.build/Debug-iphonesimulator/FirebaseUI_FirebaseAuthSwiftUI.build/da.lproj/Localizable.strings:1:1: note: detected encoding of input file as Unicode (UTF-8) (in target 'FirebaseUI_FirebaseAuthSwiftUI' from project 'FirebaseUI')

CopyStringsFile /tmp/tm-dd/Build/Products/Debug-iphonesimulator/FirebaseUI_FirebaseAuthSwiftUI.bundle/zh.lproj/Localizable.strings /tmp/tm-dd/Build/Intermediates.noindex/FirebaseUI.build/Debug-iphonesimulator/FirebaseUI_FirebaseAuthSwiftUI.build/zh.lproj/Localizable.strings (in target 'FirebaseUI_FirebaseAuthSwiftUI' from project 'FirebaseUI')
    cd /tmp/tm-dd/SourcePackages/checkouts/FirebaseUI-iOS
    builtin-copyStrings --validate --outputencoding binary --outfilename Localizable.strings --outdir /tmp/tm-dd/Build/Products/Debug-iphonesimulator/FirebaseUI_FirebaseAuthSwiftUI.bundle/zh.lproj -- /tmp/tm-dd/Build/Intermediates.noindex/FirebaseUI.build/Debug-iphonesimulator/FirebaseUI_FirebaseAuthSwiftUI.build/zh.lproj/Localizable.strings
/tmp/tm-dd/Build/Intermediates.noindex/FirebaseUI.build/Debug-iphonesimulator/FirebaseUI_FirebaseAuthSwiftUI.build/zh.lproj/Localizable.strings:1:1: note: detected encoding of input file as Unicode (UTF-8) (in target 'FirebaseUI_FirebaseAuthSwiftUI' from project 'FirebaseUI')

CopyStringsFile /tmp/tm-dd/Build/Products/Debug-iphonesimulator/FirebaseUI_FirebaseAuthSwiftUI.bundle/zh-Hant.lproj/Localizable.strings /tmp/tm-dd/Build/Intermediates.noindex/FirebaseUI.build/Debug-iphonesimulator/FirebaseUI_FirebaseAuthSwiftUI.build/zh-Hant.lproj/Localizable.strings (in target 'FirebaseUI_FirebaseAuthSwiftUI' from project 'FirebaseUI')
    cd /tmp/tm-dd/SourcePackages/checkouts/FirebaseUI-iOS
    builtin-copyStrings --validate --outputencoding binary --outfilename Localizable.strings --outdir /tmp/tm-dd/Build/Products/Debug-iphonesimulator/FirebaseUI_FirebaseAuthSwiftUI.bundle/zh-Hant.lproj -- /tmp/tm-dd/Build/Intermediates.noindex/FirebaseUI.build/Debug-iphonesimulator/FirebaseUI_FirebaseAuthSwiftUI.build/zh-Hant.lproj/Localizable.strings
/tmp/tm-dd/Build/Intermediates.noindex/FirebaseUI.build/Debug-iphonesimulator/FirebaseUI_FirebaseAuthSwiftUI.build/zh-Hant.lproj/Localizable.strings:1:1: note: detected encoding of input file as Unicode (UTF-8) (in target 'FirebaseUI_FirebaseAuthSwiftUI' from project 'FirebaseUI')

CopyStringsFile /tmp/tm-dd/Build/Products/Debug-iphonesimulator/FirebaseUI_FirebaseAuthSwiftUI.bundle/zh-Hant-TW.lproj/Localizable.strings /tmp/tm-dd/Build/Intermediates.noindex/FirebaseUI.build/Debug-iphonesimulator/FirebaseUI_FirebaseAuthSwiftUI.build/zh-Hant-TW.lproj/Localizable.strings (in target 'FirebaseUI_FirebaseAuthSwiftUI' from project 'FirebaseUI')
    cd /tmp/tm-dd/SourcePackages/checkouts/FirebaseUI-iOS
    builtin-copyStrings --validate --outputencoding binary --outfilename Localizable.strings --outdir /tmp/tm-dd/Build/Products/Debug-iphonesimulator/FirebaseUI_FirebaseAuthSwiftUI.bundle/zh-Hant-TW.lproj -- /tmp/tm-dd/Build/Intermediates.noindex/FirebaseUI.build/Debug-iphonesimulator/FirebaseUI_FirebaseAuthSwiftUI.build/zh-Hant-TW.lproj/Localizable.strings
/tmp/tm-dd/Build/Intermediates.noindex/FirebaseUI.build/Debug-iphonesimulator/FirebaseUI_FirebaseAuthSwiftUI.build/zh-Hant-TW.lproj/Localizable.strings:1:1: note: detected encoding of input file as Unicode (UTF-8) (in target 'FirebaseUI_FirebaseAuthSwiftUI' from project 'FirebaseUI')

CopyStringsFile /tmp/tm-dd/Build/Products/Debug-iphonesimulator/FirebaseUI_FirebaseAuthSwiftUI.bundle/vi.lproj/Localizable.strings /tmp/tm-dd/Build/Intermediates.noindex/FirebaseUI.build/Debug-iphonesimulator/FirebaseUI_FirebaseAuthSwiftUI.build/vi.lproj/Localizable.strings (in target 'FirebaseUI_FirebaseAuthSwiftUI' from project 'FirebaseUI')
    cd /tmp/tm-dd/SourcePackages/checkouts/FirebaseUI-iOS
    builtin-copyStrings --validate --outputencoding binary --outfilename Localizable.strings --outdir /tmp/tm-dd/Build/Products/Debug-iphonesimulator/FirebaseUI_FirebaseAuthSwiftUI.bundle/vi.lproj -- /tmp/tm-dd/Build/Intermediates.noindex/FirebaseUI.build/Debug-iphonesimulator/FirebaseUI_FirebaseAuthSwiftUI.build/vi.lproj/Localizable.strings
/tmp/tm-dd/Build/Intermediates.noindex/FirebaseUI.build/Debug-iphonesimulator/FirebaseUI_FirebaseAuthSwiftUI.build/vi.lproj/Localizable.strings:1:1: note: detected encoding of input file as Unicode (UTF-8) (in target 'FirebaseUI_FirebaseAuthSwiftUI' from project 'FirebaseUI')

CopyStringsFile /tmp/tm-dd/Build/Products/Debug-iphonesimulator/FirebaseUI_FirebaseAuthSwiftUI.bundle/ur.lproj/Localizable.strings /tmp/tm-dd/Build/Intermediates.noindex/FirebaseUI.build/Debug-iphonesimulator/FirebaseUI_FirebaseAuthSwiftUI.build/ur.lproj/Localizable.strings (in target 'FirebaseUI_FirebaseAuthSwiftUI' from project 'FirebaseUI')
    cd /tmp/tm-dd/SourcePackages/checkouts/FirebaseUI-iOS
    builtin-copyStrings --validate --outputencoding binary --outfilename Localizable.strings --outdir /tmp/tm-dd/Build/Products/Debug-iphonesimulator/FirebaseUI_FirebaseAuthSwiftUI.bundle/ur.lproj -- /tmp/tm-dd/Build/Intermediates.noindex/FirebaseUI.build/Debug-iphonesimulator/FirebaseUI_FirebaseAuthSwiftUI.build/ur.lproj/Localizable.strings
/tmp/tm-dd/Build/Intermediates.noindex/FirebaseUI.build/Debug-iphonesimulator/FirebaseUI_FirebaseAuthSwiftUI.build/ur.lproj/Localizable.strings:1:1: note: detected encoding of input file as Unicode (UTF-8) (in target 'FirebaseUI_FirebaseAuthSwiftUI' from project 'FirebaseUI')

CopyStringsFile /tmp/tm-dd/Build/Products/Debug-iphonesimulator/FirebaseUI_FirebaseAuthSwiftUI.bundle/uk.lproj/Localizable.strings /tmp/tm-dd/Build/Intermediates.noindex/FirebaseUI.build/Debug-iphonesimulator/FirebaseUI_FirebaseAuthSwiftUI.build/uk.lproj/Localizable.strings (in target 'FirebaseUI_FirebaseAuthSwiftUI' from project 'FirebaseUI')
    cd /tmp/tm-dd/SourcePackages/checkouts/FirebaseUI-iOS
    builtin-copyStrings --validate --outputencoding binary --outfilename Localizable.strings --outdir /tmp/tm-dd/Build/Products/Debug-iphonesimulator/FirebaseUI_FirebaseAuthSwiftUI.bundle/uk.lproj -- /tmp/tm-dd/Build/Intermediates.noindex/FirebaseUI.build/Debug-iphonesimulator/FirebaseUI_FirebaseAuthSwiftUI.build/uk.lproj/Localizable.strings
/tmp/tm-dd/Build/Intermediates.noindex/FirebaseUI.build/Debug-iphonesimulator/FirebaseUI_FirebaseAuthSwiftUI.build/uk.lproj/Localizable.strings:1:1: note: detected encoding of input file as Unicode (UTF-8) (in target 'FirebaseUI_FirebaseAuthSwiftUI' from project 'FirebaseUI')

CopyStringsFile /tmp/tm-dd/Build/Products/Debug-iphonesimulator/FirebaseUI_FirebaseAuthSwiftUI.bundle/tr.lproj/Localizable.strings /tmp/tm-dd/Build/Intermediates.noindex/FirebaseUI.build/Debug-iphonesimulator/FirebaseUI_FirebaseAuthSwiftUI.build/tr.lproj/Localizable.strings (in target 'FirebaseUI_FirebaseAuthSwiftUI' from project 'FirebaseUI')
    cd /tmp/tm-dd/SourcePackages/checkouts/FirebaseUI-iOS
    builtin-copyStrings --validate --outputencoding binary --outfilename Localizable.strings --outdir /tmp/tm-dd/Build/Products/Debug-iphonesimulator/FirebaseUI_FirebaseAuthSwiftUI.bundle/tr.lproj -- /tmp/tm-dd/Build/Intermediates.noindex/FirebaseUI.build/Debug-iphonesimulator/FirebaseUI_FirebaseAuthSwiftUI.build/tr.lproj/Localizable.strings
/tmp/tm-dd/Build/Intermediates.noindex/FirebaseUI.build/Debug-iphonesimulator/FirebaseUI_FirebaseAuthSwiftUI.build/tr.lproj/Localizable.strings:1:1: note: detected encoding of input file as Unicode (UTF-8) (in target 'FirebaseUI_FirebaseAuthSwiftUI' from project 'FirebaseUI')

CopyStringsFile /tmp/tm-dd/Build/Products/Debug-iphonesimulator/FirebaseUI_FirebaseAuthSwiftUI.bundle/th.lproj/Localizable.strings /tmp/tm-dd/Build/Intermediates.noindex/FirebaseUI.build/Debug-iphonesimulator/FirebaseUI_FirebaseAuthSwiftUI.build/th.lproj/Localizable.strings (in target 'FirebaseUI_FirebaseAuthSwiftUI' from project 'FirebaseUI')
    cd /tmp/tm-dd/SourcePackages/checkouts/FirebaseUI-iOS
    builtin-copyStrings --validate --outputencoding binary --outfilename Localizable.strings --outdir /tmp/tm-dd/Build/Products/Debug-iphonesimulator/FirebaseUI_FirebaseAuthSwiftUI.bundle/th.lproj -- /tmp/tm-dd/Build/Intermediates.noindex/FirebaseUI.build/Debug-iphonesimulator/FirebaseUI_FirebaseAuthSwiftUI.build/th.lproj/Localizable.strings
/tmp/tm-dd/Build/Intermediates.noindex/FirebaseUI.build/Debug-iphonesimulator/FirebaseUI_FirebaseAuthSwiftUI.build/th.lproj/Localizable.strings:1:1: note: detected encoding of input file as Unicode (UTF-8) (in target 'FirebaseUI_FirebaseAuthSwiftUI' from project 'FirebaseUI')

CopyStringsFile /tmp/tm-dd/Build/Products/Debug-iphonesimulator/FirebaseUI_FirebaseAuthSwiftUI.bundle/ta.lproj/Localizable.strings /tmp/tm-dd/Build/Intermediates.noindex/FirebaseUI.build/Debug-iphonesimulator/FirebaseUI_FirebaseAuthSwiftUI.build/ta.lproj/Localizable.strings (in target 'FirebaseUI_FirebaseAuthSwiftUI' from project 'FirebaseUI')
    cd /tmp/tm-dd/SourcePackages/checkouts/FirebaseUI-iOS
    builtin-copyStrings --validate --outputencoding binary --outfilename Localizable.strings --outdir /tmp/tm-dd/Build/Products/Debug-iphonesimulator/FirebaseUI_FirebaseAuthSwiftUI.bundle/ta.lproj -- /tmp/tm-dd/Build/Intermediates.noindex/FirebaseUI.build/Debug-iphonesimulator/FirebaseUI_FirebaseAuthSwiftUI.build/ta.lproj/Localizable.strings
/tmp/tm-dd/Build/Intermediates.noindex/FirebaseUI.build/Debug-iphonesimulator/FirebaseUI_FirebaseAuthSwiftUI.build/ta.lproj/Localizable.strings:1:1: note: detected encoding of input file as Unicode (UTF-8) (in target 'FirebaseUI_FirebaseAuthSwiftUI' from project 'FirebaseUI')

CopyStringsFile /tmp/tm-dd/Build/Products/Debug-iphonesimulator/FirebaseUI_FirebaseAuthSwiftUI.bundle/sv.lproj/Localizable.strings /tmp/tm-dd/Build/Intermediates.noindex/FirebaseUI.build/Debug-iphonesimulator/FirebaseUI_FirebaseAuthSwiftUI.build/sv.lproj/Localizable.strings (in target 'FirebaseUI_FirebaseAuthSwiftUI' from project 'FirebaseUI')
    cd /tmp/tm-dd/SourcePackages/checkouts/FirebaseUI-iOS
    builtin-copyStrings --validate --outputencoding binary --outfilename Localizable.strings --outdir /tmp/tm-dd/Build/Products/Debug-iphonesimulator/FirebaseUI_FirebaseAuthSwiftUI.bundle/sv.lproj -- /tmp/tm-dd/Build/Intermediates.noindex/FirebaseUI.build/Debug-iphonesimulator/FirebaseUI_FirebaseAuthSwiftUI.build/sv.lproj/Localizable.strings
/tmp/tm-dd/Build/Intermediates.noindex/FirebaseUI.build/Debug-iphonesimulator/FirebaseUI_FirebaseAuthSwiftUI.build/sv.lproj/Localizable.strings:1:1: note: detected encoding of input file as Unicode (UTF-8) (in target 'FirebaseUI_FirebaseAuthSwiftUI' from project 'FirebaseUI')

CopyStringsFile /tmp/tm-dd/Build/Products/Debug-iphonesimulator/FirebaseUI_FirebaseAuthSwiftUI.bundle/sr.lproj/Localizable.strings /tmp/tm-dd/Build/Intermediates.noindex/FirebaseUI.build/Debug-iphonesimulator/FirebaseUI_FirebaseAuthSwiftUI.build/sr.lproj/Localizable.strings (in target 'FirebaseUI_FirebaseAuthSwiftUI' from project 'FirebaseUI')
    cd /tmp/tm-dd/SourcePackages/checkouts/FirebaseUI-iOS
    builtin-copyStrings --validate --outputencoding binary --outfilename Localizable.strings --outdir /tmp/tm-dd/Build/Products/Debug-iphonesimulator/FirebaseUI_FirebaseAuthSwiftUI.bundle/sr.lproj -- /tmp/tm-dd/Build/Intermediates.noindex/FirebaseUI.build/Debug-iphonesimulator/FirebaseUI_FirebaseAuthSwiftUI.build/sr.lproj/Localizable.strings
/tmp/tm-dd/Build/Intermediates.noindex/FirebaseUI.build/Debug-iphonesimulator/FirebaseUI_FirebaseAuthSwiftUI.build/sr.lproj/Localizable.strings:1:1: note: detected encoding of input file as Unicode (UTF-8) (in target 'FirebaseUI_FirebaseAuthSwiftUI' from project 'FirebaseUI')

CopyStringsFile /tmp/tm-dd/Build/Products/Debug-iphonesimulator/FirebaseUI_FirebaseAuthSwiftUI.bundle/sr-Latn.lproj/Localizable.strings /tmp/tm-dd/Build/Intermediates.noindex/FirebaseUI.build/Debug-iphonesimulator/FirebaseUI_FirebaseAuthSwiftUI.build/sr-Latn.lproj/Localizable.strings (in target 'FirebaseUI_FirebaseAuthSwiftUI' from project 'FirebaseUI')
    cd /tmp/tm-dd/SourcePackages/checkouts/FirebaseUI-iOS
    builtin-copyStrings --validate --outputencoding binary --outfilename Localizable.strings --outdir /tmp/tm-dd/Build/Products/Debug-iphonesimulator/FirebaseUI_FirebaseAuthSwiftUI.bundle/sr-Latn.lproj -- /tmp/tm-dd/Build/Intermediates.noindex/FirebaseUI.build/Debug-iphonesimulator/FirebaseUI_FirebaseAuthSwiftUI.build/sr-Latn.lproj/Localizable.strings
/tmp/tm-dd/Build/Intermediates.noindex/FirebaseUI.build/Debug-iphonesimulator/FirebaseUI_FirebaseAuthSwiftUI.build/sr-Latn.lproj/Localizable.strings:1:1: note: detected encoding of input file as Unicode (UTF-8) (in target 'FirebaseUI_FirebaseAuthSwiftUI' from project 'FirebaseUI')

CopyStringsFile /tmp/tm-dd/Build/Products/Debug-iphonesimulator/FirebaseUI_FirebaseAuthSwiftUI.bundle/sl.lproj/Localizable.strings /tmp/tm-dd/Build/Intermediates.noindex/FirebaseUI.build/Debug-iphonesimulator/FirebaseUI_FirebaseAuthSwiftUI.build/sl.lproj/Localizable.strings (in target 'FirebaseUI_FirebaseAuthSwiftUI' from project 'FirebaseUI')
    cd /tmp/tm-dd/SourcePackages/checkouts/FirebaseUI-iOS
    builtin-copyStrings --validate --outputencoding binary --outfilename Localizable.strings --outdir /tmp/tm-dd/Build/Products/Debug-iphonesimulator/FirebaseUI_FirebaseAuthSwiftUI.bundle/sl.lproj -- /tmp/tm-dd/Build/Intermediates.noindex/FirebaseUI.build/Debug-iphonesimulator/FirebaseUI_FirebaseAuthSwiftUI.build/sl.lproj/Localizable.strings
/tmp/tm-dd/Build/Intermediates.noindex/FirebaseUI.build/Debug-iphonesimulator/FirebaseUI_FirebaseAuthSwiftUI.build/sl.lproj/Localizable.strings:1:1: note: detected encoding of input file as Unicode (UTF-8) (in target 'FirebaseUI_FirebaseAuthSwiftUI' from project 'FirebaseUI')

CopyStringsFile /tmp/tm-dd/Build/Products/Debug-iphonesimulator/FirebaseUI_FirebaseAuthSwiftUI.bundle/sk.lproj/Localizable.strings /tmp/tm-dd/Build/Intermediates.noindex/FirebaseUI.build/Debug-iphonesimulator/FirebaseUI_FirebaseAuthSwiftUI.build/sk.lproj/Localizable.strings (in target 'FirebaseUI_FirebaseAuthSwiftUI' from project 'FirebaseUI')
    cd /tmp/tm-dd/SourcePackages/checkouts/FirebaseUI-iOS
    builtin-copyStrings --validate --outputencoding binary --outfilename Localizable.strings --outdir /tmp/tm-dd/Build/Products/Debug-iphonesimulator/FirebaseUI_FirebaseAuthSwiftUI.bundle/sk.lproj -- /tmp/tm-dd/Build/Intermediates.noindex/FirebaseUI.build/Debug-iphonesimulator/FirebaseUI_FirebaseAuthSwiftUI.build/sk.lproj/Localizable.strings
/tmp/tm-dd/Build/Intermediates.noindex/FirebaseUI.build/Debug-iphonesimulator/FirebaseUI_FirebaseAuthSwiftUI.build/sk.lproj/Localizable.strings:1:1: note: detected encoding of input file as Unicode (UTF-8) (in target 'FirebaseUI_FirebaseAuthSwiftUI' from project 'FirebaseUI')

CopyStringsFile /tmp/tm-dd/Build/Products/Debug-iphonesimulator/FirebaseUI_FirebaseAuthSwiftUI.bundle/ro.lproj/Localizable.strings /tmp/tm-dd/Build/Intermediates.noindex/FirebaseUI.build/Debug-iphonesimulator/FirebaseUI_FirebaseAuthSwiftUI.build/ro.lproj/Localizable.strings (in target 'FirebaseUI_FirebaseAuthSwiftUI' from project 'FirebaseUI')
    cd /tmp/tm-dd/SourcePackages/checkouts/FirebaseUI-iOS
    builtin-copyStrings --validate --outputencoding binary --outfilename Localizable.strings --outdir /tmp/tm-dd/Build/Products/Debug-iphonesimulator/FirebaseUI_FirebaseAuthSwiftUI.bundle/ro.lproj -- /tmp/tm-dd/Build/Intermediates.noindex/FirebaseUI.build/Debug-iphonesimulator/FirebaseUI_FirebaseAuthSwiftUI.build/ro.lproj/Localizable.strings
/tmp/tm-dd/Build/Intermediates.noindex/FirebaseUI.build/Debug-iphonesimulator/FirebaseUI_FirebaseAuthSwiftUI.build/ro.lproj/Localizable.strings:1:1: note: detected encoding of input file as Unicode (UTF-8) (in target 'FirebaseUI_FirebaseAuthSwiftUI' from project 'FirebaseUI')

CopyStringsFile /tmp/tm-dd/Build/Products/Debug-iphonesimulator/FirebaseUI_FirebaseAuthSwiftUI.bundle/ru.lproj/Localizable.strings /tmp/tm-dd/Build/Intermediates.noindex/FirebaseUI.build/Debug-iphonesimulator/FirebaseUI_FirebaseAuthSwiftUI.build/ru.lproj/Localizable.strings (in target 'FirebaseUI_FirebaseAuthSwiftUI' from project 'FirebaseUI')
    cd /tmp/tm-dd/SourcePackages/checkouts/FirebaseUI-iOS
    builtin-copyStrings --validate --outputencoding binary --outfilename Localizable.strings --outdir /tmp/tm-dd/Build/Products/Debug-iphonesimulator/FirebaseUI_FirebaseAuthSwiftUI.bundle/ru.lproj -- /tmp/tm-dd/Build/Intermediates.noindex/FirebaseUI.build/Debug-iphonesimulator/FirebaseUI_FirebaseAuthSwiftUI.build/ru.lproj/Localizable.strings
/tmp/tm-dd/Build/Intermediates.noindex/FirebaseUI.build/Debug-iphonesimulator/FirebaseUI_FirebaseAuthSwiftUI.build/ru.lproj/Localizable.strings:1:1: note: detected encoding of input file as Unicode (UTF-8) (in target 'FirebaseUI_FirebaseAuthSwiftUI' from project 'FirebaseUI')

CopyStringsFile /tmp/tm-dd/Build/Products/Debug-iphonesimulator/FirebaseUI_FirebaseAuthSwiftUI.bundle/pt.lproj/Localizable.strings /tmp/tm-dd/Build/Intermediates.noindex/FirebaseUI.build/Debug-iphonesimulator/FirebaseUI_FirebaseAuthSwiftUI.build/pt.lproj/Localizable.strings (in target 'FirebaseUI_FirebaseAuthSwiftUI' from project 'FirebaseUI')
    cd /tmp/tm-dd/SourcePackages/checkouts/FirebaseUI-iOS
    builtin-copyStrings --validate --outputencoding binary --outfilename Localizable.strings --outdir /tmp/tm-dd/Build/Products/Debug-iphonesimulator/FirebaseUI_FirebaseAuthSwiftUI.bundle/pt.lproj -- /tmp/tm-dd/Build/Intermediates.noindex/FirebaseUI.build/Debug-iphonesimulator/FirebaseUI_FirebaseAuthSwiftUI.build/pt.lproj/Localizable.strings
/tmp/tm-dd/Build/Intermediates.noindex/FirebaseUI.build/Debug-iphonesimulator/FirebaseUI_FirebaseAuthSwiftUI.build/pt.lproj/Localizable.strings:1:1: note: detected encoding of input file as Unicode (UTF-8) (in target 'FirebaseUI_FirebaseAuthSwiftUI' from project 'FirebaseUI')

CopyStringsFile /tmp/tm-dd/Build/Products/Debug-iphonesimulator/FirebaseUI_FirebaseAuthSwiftUI.bundle/pt-PT.lproj/Localizable.strings /tmp/tm-dd/Build/Intermediates.noindex/FirebaseUI.build/Debug-iphonesimulator/FirebaseUI_FirebaseAuthSwiftUI.build/pt-PT.lproj/Localizable.strings (in target 'FirebaseUI_FirebaseAuthSwiftUI' from project 'FirebaseUI')
    cd /tmp/tm-dd/SourcePackages/checkouts/FirebaseUI-iOS
    builtin-copyStrings --validate --outputencoding binary --outfilename Localizable.strings --outdir /tmp/tm-dd/Build/Products/Debug-iphonesimulator/FirebaseUI_FirebaseAuthSwiftUI.bundle/pt-PT.lproj -- /tmp/tm-dd/Build/Intermediates.noindex/FirebaseUI.build/Debug-iphonesimulator/FirebaseUI_FirebaseAuthSwiftUI.build/pt-PT.lproj/Localizable.strings
/tmp/tm-dd/Build/Intermediates.noindex/FirebaseUI.build/Debug-iphonesimulator/FirebaseUI_FirebaseAuthSwiftUI.build/pt-PT.lproj/Localizable.strings:1:1: note: detected encoding of input file as Unicode (UTF-8) (in target 'FirebaseUI_FirebaseAuthSwiftUI' from project 'FirebaseUI')

CopyStringsFile /tmp/tm-dd/Build/Products/Debug-iphonesimulator/FirebaseUI_FirebaseAuthSwiftUI.bundle/pt-BR.lproj/Localizable.strings /tmp/tm-dd/Build/Intermediates.noindex/FirebaseUI.build/Debug-iphonesimulator/FirebaseUI_FirebaseAuthSwiftUI.build/pt-BR.lproj/Localizable.strings (in target 'FirebaseUI_FirebaseAuthSwiftUI' from project 'FirebaseUI')
    cd /tmp/tm-dd/SourcePackages/checkouts/FirebaseUI-iOS
    builtin-copyStrings --validate --outputencoding binary --outfilename Localizable.strings --outdir /tmp/tm-dd/Build/Products/Debug-iphonesimulator/FirebaseUI_FirebaseAuthSwiftUI.bundle/pt-BR.lproj -- /tmp/tm-dd/Build/Intermediates.noindex/FirebaseUI.build/Debug-iphonesimulator/FirebaseUI_FirebaseAuthSwiftUI.build/pt-BR.lproj/Localizable.strings
/tmp/tm-dd/Build/Intermediates.noindex/FirebaseUI.build/Debug-iphonesimulator/FirebaseUI_FirebaseAuthSwiftUI.build/pt-BR.lproj/Localizable.strings:1:1: note: detected encoding of input file as Unicode (UTF-8) (in target 'FirebaseUI_FirebaseAuthSwiftUI' from project 'FirebaseUI')

CopyStringsFile /tmp/tm-dd/Build/Products/Debug-iphonesimulator/FirebaseUI_FirebaseAuthSwiftUI.bundle/pl.lproj/Localizable.strings /tmp/tm-dd/Build/Intermediates.noindex/FirebaseUI.build/Debug-iphonesimulator/FirebaseUI_FirebaseAuthSwiftUI.build/pl.lproj/Localizable.strings (in target 'FirebaseUI_FirebaseAuthSwiftUI' from project 'FirebaseUI')
    cd /tmp/tm-dd/SourcePackages/checkouts/FirebaseUI-iOS
    builtin-copyStrings --validate --outputencoding binary --outfilename Localizable.strings --outdir /tmp/tm-dd/Build/Products/Debug-iphonesimulator/FirebaseUI_FirebaseAuthSwiftUI.bundle/pl.lproj -- /tmp/tm-dd/Build/Intermediates.noindex/FirebaseUI.build/Debug-iphonesimulator/FirebaseUI_FirebaseAuthSwiftUI.build/pl.lproj/Localizable.strings
/tmp/tm-dd/Build/Intermediates.noindex/FirebaseUI.build/Debug-iphonesimulator/FirebaseUI_FirebaseAuthSwiftUI.build/pl.lproj/Localizable.strings:1:1: note: detected encoding of input file as Unicode (UTF-8) (in target 'FirebaseUI_FirebaseAuthSwiftUI' from project 'FirebaseUI')

CopyStringsFile /tmp/tm-dd/Build/Products/Debug-iphonesimulator/FirebaseUI_FirebaseAuthSwiftUI.bundle/nn-NO.lproj/Localizable.strings /tmp/tm-dd/Build/Intermediates.noindex/FirebaseUI.build/Debug-iphonesimulator/FirebaseUI_FirebaseAuthSwiftUI.build/nn-NO.lproj/Localizable.strings (in target 'FirebaseUI_FirebaseAuthSwiftUI' from project 'FirebaseUI')
    cd /tmp/tm-dd/SourcePackages/checkouts/FirebaseUI-iOS
    builtin-copyStrings --validate --outputencoding binary --outfilename Localizable.strings --outdir /tmp/tm-dd/Build/Products/Debug-iphonesimulator/FirebaseUI_FirebaseAuthSwiftUI.bundle/nn-NO.lproj -- /tmp/tm-dd/Build/Intermediates.noindex/FirebaseUI.build/Debug-iphonesimulator/FirebaseUI_FirebaseAuthSwiftUI.build/nn-NO.lproj/Localizable.strings
/tmp/tm-dd/Build/Intermediates.noindex/FirebaseUI.build/Debug-iphonesimulator/FirebaseUI_FirebaseAuthSwiftUI.build/nn-NO.lproj/Localizable.strings:1:1: note: detected encoding of input file as Unicode (UTF-8) (in target 'FirebaseUI_FirebaseAuthSwiftUI' from project 'FirebaseUI')

CopyStringsFile /tmp/tm-dd/Build/Products/Debug-iphonesimulator/FirebaseUI_FirebaseAuthSwiftUI.bundle/nl.lproj/Localizable.strings /tmp/tm-dd/Build/Intermediates.noindex/FirebaseUI.build/Debug-iphonesimulator/FirebaseUI_FirebaseAuthSwiftUI.build/nl.lproj/Localizable.strings (in target 'FirebaseUI_FirebaseAuthSwiftUI' from project 'FirebaseUI')
    cd /tmp/tm-dd/SourcePackages/checkouts/FirebaseUI-iOS
    builtin-copyStrings --validate --outputencoding binary --outfilename Localizable.strings --outdir /tmp/tm-dd/Build/Products/Debug-iphonesimulator/FirebaseUI_FirebaseAuthSwiftUI.bundle/nl.lproj -- /tmp/tm-dd/Build/Intermediates.noindex/FirebaseUI.build/Debug-iphonesimulator/FirebaseUI_FirebaseAuthSwiftUI.build/nl.lproj/Localizable.strings
/tmp/tm-dd/Build/Intermediates.noindex/FirebaseUI.build/Debug-iphonesimulator/FirebaseUI_FirebaseAuthSwiftUI.build/nl.lproj/Localizable.strings:1:1: note: detected encoding of input file as Unicode (UTF-8) (in target 'FirebaseUI_FirebaseAuthSwiftUI' from project 'FirebaseUI')

CopyStringsFile /tmp/tm-dd/Build/Products/Debug-iphonesimulator/FirebaseUI_FirebaseAuthSwiftUI.bundle/ms.lproj/Localizable.strings /tmp/tm-dd/Build/Intermediates.noindex/FirebaseUI.build/Debug-iphonesimulator/FirebaseUI_FirebaseAuthSwiftUI.build/ms.lproj/Localizable.strings (in target 'FirebaseUI_FirebaseAuthSwiftUI' from project 'FirebaseUI')
    cd /tmp/tm-dd/SourcePackages/checkouts/FirebaseUI-iOS
    builtin-copyStrings --validate --outputencoding binary --outfilename Localizable.strings --outdir /tmp/tm-dd/Build/Products/Debug-iphonesimulator/FirebaseUI_FirebaseAuthSwiftUI.bundle/ms.lproj -- /tmp/tm-dd/Build/Intermediates.noindex/FirebaseUI.build/Debug-iphonesimulator/FirebaseUI_FirebaseAuthSwiftUI.build/ms.lproj/Localizable.strings
/tmp/tm-dd/Build/Intermediates.noindex/FirebaseUI.build/Debug-iphonesimulator/FirebaseUI_FirebaseAuthSwiftUI.build/ms.lproj/Localizable.strings:1:1: note: detected encoding of input file as Unicode (UTF-8) (in target 'FirebaseUI_FirebaseAuthSwiftUI' from project 'FirebaseUI')

CopyStringsFile /tmp/tm-dd/Build/Products/Debug-iphonesimulator/FirebaseUI_FirebaseAuthSwiftUI.bundle/mr.lproj/Localizable.strings /tmp/tm-dd/Build/Intermediates.noindex/FirebaseUI.build/Debug-iphonesimulator/FirebaseUI_FirebaseAuthSwiftUI.build/mr.lproj/Localizable.strings (in target 'FirebaseUI_FirebaseAuthSwiftUI' from project 'FirebaseUI')
    cd /tmp/tm-dd/SourcePackages/checkouts/FirebaseUI-iOS
    builtin-copyStrings --validate --outputencoding binary --outfilename Localizable.strings --outdir /tmp/tm-dd/Build/Products/Debug-iphonesimulator/FirebaseUI_FirebaseAuthSwiftUI.bundle/mr.lproj -- /tmp/tm-dd/Build/Intermediates.noindex/FirebaseUI.build/Debug-iphonesimulator/FirebaseUI_FirebaseAuthSwiftUI.build/mr.lproj/Localizable.strings
/tmp/tm-dd/Build/Intermediates.noindex/FirebaseUI.build/Debug-iphonesimulator/FirebaseUI_FirebaseAuthSwiftUI.build/mr.lproj/Localizable.strings:1:1: note: detected encoding of input file as Unicode (UTF-8) (in target 'FirebaseUI_FirebaseAuthSwiftUI' from project 'FirebaseUI')

CopyStringsFile /tmp/tm-dd/Build/Products/Debug-iphonesimulator/FirebaseUI_FirebaseAuthSwiftUI.bundle/lv.lproj/Localizable.strings /tmp/tm-dd/Build/Intermediates.noindex/FirebaseUI.build/Debug-iphonesimulator/FirebaseUI_FirebaseAuthSwiftUI.build/lv.lproj/Localizable.strings (in target 'FirebaseUI_FirebaseAuthSwiftUI' from project 'FirebaseUI')
    cd /tmp/tm-dd/SourcePackages/checkouts/FirebaseUI-iOS
    builtin-copyStrings --validate --outputencoding binary --outfilename Localizable.strings --outdir /tmp/tm-dd/Build/Products/Debug-iphonesimulator/FirebaseUI_FirebaseAuthSwiftUI.bundle/lv.lproj -- /tmp/tm-dd/Build/Intermediates.noindex/FirebaseUI.build/Debug-iphonesimulator/FirebaseUI_FirebaseAuthSwiftUI.build/lv.lproj/Localizable.strings
/tmp/tm-dd/Build/Intermediates.noindex/FirebaseUI.build/Debug-iphonesimulator/FirebaseUI_FirebaseAuthSwiftUI.build/lv.lproj/Localizable.strings:1:1: note: detected encoding of input file as Unicode (UTF-8) (in target 'FirebaseUI_FirebaseAuthSwiftUI' from project 'FirebaseUI')

CopyStringsFile /tmp/tm-dd/Build/Products/Debug-iphonesimulator/FirebaseUI_FirebaseAuthSwiftUI.bundle/ln.lproj/Localizable.strings /tmp/tm-dd/Build/Intermediates.noindex/FirebaseUI.build/Debug-iphonesimulator/FirebaseUI_FirebaseAuthSwiftUI.build/ln.lproj/Localizable.strings (in target 'FirebaseUI_FirebaseAuthSwiftUI' from project 'FirebaseUI')
    cd /tmp/tm-dd/SourcePackages/checkouts/FirebaseUI-iOS
    builtin-copyStrings --validate --outputencoding binary --outfilename Localizable.strings --outdir /tmp/tm-dd/Build/Products/Debug-iphonesimulator/FirebaseUI_FirebaseAuthSwiftUI.bundle/ln.lproj -- /tmp/tm-dd/Build/Intermediates.noindex/FirebaseUI.build/Debug-iphonesimulator/FirebaseUI_FirebaseAuthSwiftUI.build/ln.lproj/Localizable.strings
/tmp/tm-dd/Build/Intermediates.noindex/FirebaseUI.build/Debug-iphonesimulator/FirebaseUI_FirebaseAuthSwiftUI.build/ln.lproj/Localizable.strings:1:1: note: detected encoding of input file as Unicode (UTF-8) (in target 'FirebaseUI_FirebaseAuthSwiftUI' from project 'FirebaseUI')

CopyStringsFile /tmp/tm-dd/Build/Products/Debug-iphonesimulator/FirebaseUI_FirebaseAuthSwiftUI.bundle/kn.lproj/Localizable.strings /tmp/tm-dd/Build/Intermediates.noindex/FirebaseUI.build/Debug-iphonesimulator/FirebaseUI_FirebaseAuthSwiftUI.build/kn.lproj/Localizable.strings (in target 'FirebaseUI_FirebaseAuthSwiftUI' from project 'FirebaseUI')
    cd /tmp/tm-dd/SourcePackages/checkouts/FirebaseUI-iOS
    builtin-copyStrings --validate --outputencoding binary --outfilename Localizable.strings --outdir /tmp/tm-dd/Build/Products/Debug-iphonesimulator/FirebaseUI_FirebaseAuthSwiftUI.bundle/kn.lproj -- /tmp/tm-dd/Build/Intermediates.noindex/FirebaseUI.build/Debug-iphonesimulator/FirebaseUI_FirebaseAuthSwiftUI.build/kn.lproj/Localizable.strings
/tmp/tm-dd/Build/Intermediates.noindex/FirebaseUI.build/Debug-iphonesimulator/FirebaseUI_FirebaseAuthSwiftUI.build/kn.lproj/Localizable.strings:1:1: note: detected encoding of input file as Unicode (UTF-8) (in target 'FirebaseUI_FirebaseAuthSwiftUI' from project 'FirebaseUI')

CopyStringsFile /tmp/tm-dd/Build/Products/Debug-iphonesimulator/FirebaseUI_FirebaseAuthSwiftUI.bundle/ja.lproj/Localizable.strings /tmp/tm-dd/Build/Intermediates.noindex/FirebaseUI.build/Debug-iphonesimulator/FirebaseUI_FirebaseAuthSwiftUI.build/ja.lproj/Localizable.strings (in target 'FirebaseUI_FirebaseAuthSwiftUI' from project 'FirebaseUI')
    cd /tmp/tm-dd/SourcePackages/checkouts/FirebaseUI-iOS
    builtin-copyStrings --validate --outputencoding binary --outfilename Localizable.strings --outdir /tmp/tm-dd/Build/Products/Debug-iphonesimulator/FirebaseUI_FirebaseAuthSwiftUI.bundle/ja.lproj -- /tmp/tm-dd/Build/Intermediates.noindex/FirebaseUI.build/Debug-iphonesimulator/FirebaseUI_FirebaseAuthSwiftUI.build/ja.lproj/Localizable.strings
/tmp/tm-dd/Build/Intermediates.noindex/FirebaseUI.build/Debug-iphonesimulator/FirebaseUI_FirebaseAuthSwiftUI.build/ja.lproj/Localizable.strings:1:1: note: detected encoding of input file as Unicode (UTF-8) (in target 'FirebaseUI_FirebaseAuthSwiftUI' from project 'FirebaseUI')

CopyStringsFile /tmp/tm-dd/Build/Products/Debug-iphonesimulator/FirebaseUI_FirebaseAuthSwiftUI.bundle/it.lproj/Localizable.strings /tmp/tm-dd/Build/Intermediates.noindex/FirebaseUI.build/Debug-iphonesimulator/FirebaseUI_FirebaseAuthSwiftUI.build/it.lproj/Localizable.strings (in target 'FirebaseUI_FirebaseAuthSwiftUI' from project 'FirebaseUI')
    cd /tmp/tm-dd/SourcePackages/checkouts/FirebaseUI-iOS
    builtin-copyStrings --validate --outputencoding binary --outfilename Localizable.strings --outdir /tmp/tm-dd/Build/Products/Debug-iphonesimulator/FirebaseUI_FirebaseAuthSwiftUI.bundle/it.lproj -- /tmp/tm-dd/Build/Intermediates.noindex/FirebaseUI.build/Debug-iphonesimulator/FirebaseUI_FirebaseAuthSwiftUI.build/it.lproj/Localizable.strings
/tmp/tm-dd/Build/Intermediates.noindex/FirebaseUI.build/Debug-iphonesimulator/FirebaseUI_FirebaseAuthSwiftUI.build/it.lproj/Localizable.strings:1:1: note: detected encoding of input file as Unicode (UTF-8) (in target 'FirebaseUI_FirebaseAuthSwiftUI' from project 'FirebaseUI')

CopyStringsFile /tmp/tm-dd/Build/Products/Debug-iphonesimulator/FirebaseUI_FirebaseAuthSwiftUI.bundle/id.lproj/Localizable.strings /tmp/tm-dd/Build/Intermediates.noindex/FirebaseUI.build/Debug-iphonesimulator/FirebaseUI_FirebaseAuthSwiftUI.build/id.lproj/Localizable.strings (in target 'FirebaseUI_FirebaseAuthSwiftUI' from project 'FirebaseUI')
    cd /tmp/tm-dd/SourcePackages/checkouts/FirebaseUI-iOS
    builtin-copyStrings --validate --outputencoding binary --outfilename Localizable.strings --outdir /tmp/tm-dd/Build/Products/Debug-iphonesimulator/FirebaseUI_FirebaseAuthSwiftUI.bundle/id.lproj -- /tmp/tm-dd/Build/Intermediates.noindex/FirebaseUI.build/Debug-iphonesimulator/FirebaseUI_FirebaseAuthSwiftUI.build/id.lproj/Localizable.strings
/tmp/tm-dd/Build/Intermediates.noindex/FirebaseUI.build/Debug-iphonesimulator/FirebaseUI_FirebaseAuthSwiftUI.build/id.lproj/Localizable.strings:1:1: note: detected encoding of input file as Unicode (UTF-8) (in target 'FirebaseUI_FirebaseAuthSwiftUI' from project 'FirebaseUI')

CopyStringsFile /tmp/tm-dd/Build/Products/Debug-iphonesimulator/FirebaseUI_FirebaseAuthSwiftUI.bundle/hu.lproj/Localizable.strings /tmp/tm-dd/Build/Intermediates.noindex/FirebaseUI.build/Debug-iphonesimulator/FirebaseUI_FirebaseAuthSwiftUI.build/hu.lproj/Localizable.strings (in target 'FirebaseUI_FirebaseAuthSwiftUI' from project 'FirebaseUI')
    cd /tmp/tm-dd/SourcePackages/checkouts/FirebaseUI-iOS
    builtin-copyStrings --validate --outputencoding binary --outfilename Localizable.strings --outdir /tmp/tm-dd/Build/Products/Debug-iphonesimulator/FirebaseUI_FirebaseAuthSwiftUI.bundle/hu.lproj -- /tmp/tm-dd/Build/Intermediates.noindex/FirebaseUI.build/Debug-iphonesimulator/FirebaseUI_FirebaseAuthSwiftUI.build/hu.lproj/Localizable.strings
/tmp/tm-dd/Build/Intermediates.noindex/FirebaseUI.build/Debug-iphonesimulator/FirebaseUI_FirebaseAuthSwiftUI.build/hu.lproj/Localizable.strings:1:1: note: detected encoding of input file as Unicode (UTF-8) (in target 'FirebaseUI_FirebaseAuthSwiftUI' from project 'FirebaseUI')

CopyStringsFile /tmp/tm-dd/Build/Products/Debug-iphonesimulator/FirebaseUI_FirebaseAuthSwiftUI.bundle/hr.lproj/Localizable.strings /tmp/tm-dd/Build/Intermediates.noindex/FirebaseUI.build/Debug-iphonesimulator/FirebaseUI_FirebaseAuthSwiftUI.build/hr.lproj/Localizable.strings (in target 'FirebaseUI_FirebaseAuthSwiftUI' from project 'FirebaseUI')
    cd /tmp/tm-dd/SourcePackages/checkouts/FirebaseUI-iOS
    builtin-copyStrings --validate --outputencoding binary --outfilename Localizable.strings --outdir /tmp/tm-dd/Build/Products/Debug-iphonesimulator/FirebaseUI_FirebaseAuthSwiftUI.bundle/hr.lproj -- /tmp/tm-dd/Build/Intermediates.noindex/FirebaseUI.build/Debug-iphonesimulator/FirebaseUI_FirebaseAuthSwiftUI.build/hr.lproj/Localizable.strings
/tmp/tm-dd/Build/Intermediates.noindex/FirebaseUI.build/Debug-iphonesimulator/FirebaseUI_FirebaseAuthSwiftUI.build/hr.lproj/Localizable.strings:1:1: note: detected encoding of input file as Unicode (UTF-8) (in target 'FirebaseUI_FirebaseAuthSwiftUI' from project 'FirebaseUI')

CopyStringsFile /tmp/tm-dd/Build/Products/Debug-iphonesimulator/FirebaseUI_FirebaseAuthSwiftUI.bundle/hi.lproj/Localizable.strings /tmp/tm-dd/Build/Intermediates.noindex/FirebaseUI.build/Debug-iphonesimulator/FirebaseUI_FirebaseAuthSwiftUI.build/hi.lproj/Localizable.strings (in target 'FirebaseUI_FirebaseAuthSwiftUI' from project 'FirebaseUI')
    cd /tmp/tm-dd/SourcePackages/checkouts/FirebaseUI-iOS
    builtin-copyStrings --validate --outputencoding binary --outfilename Localizable.strings --outdir /tmp/tm-dd/Build/Products/Debug-iphonesimulator/FirebaseUI_FirebaseAuthSwiftUI.bundle/hi.lproj -- /tmp/tm-dd/Build/Intermediates.noindex/FirebaseUI.build/Debug-iphonesimulator/FirebaseUI_FirebaseAuthSwiftUI.build/hi.lproj/Localizable.strings
/tmp/tm-dd/Build/Intermediates.noindex/FirebaseUI.build/Debug-iphonesimulator/FirebaseUI_FirebaseAuthSwiftUI.build/hi.lproj/Localizable.strings:1:1: note: detected encoding of input file as Unicode (UTF-8) (in target 'FirebaseUI_FirebaseAuthSwiftUI' from project 'FirebaseUI')

CopyStringsFile /tmp/tm-dd/Build/Products/Debug-iphonesimulator/FirebaseUI_FirebaseAuthSwiftUI.bundle/he.lproj/Localizable.strings /tmp/tm-dd/Build/Intermediates.noindex/FirebaseUI.build/Debug-iphonesimulator/FirebaseUI_FirebaseAuthSwiftUI.build/he.lproj/Localizable.strings (in target 'FirebaseUI_FirebaseAuthSwiftUI' from project 'FirebaseUI')
    cd /tmp/tm-dd/SourcePackages/checkouts/FirebaseUI-iOS
    builtin-copyStrings --validate --outputencoding binary --outfilename Localizable.strings --outdir /tmp/tm-dd/Build/Products/Debug-iphonesimulator/FirebaseUI_FirebaseAuthSwiftUI.bundle/he.lproj -- /tmp/tm-dd/Build/Intermediates.noindex/FirebaseUI.build/Debug-iphonesimulator/FirebaseUI_FirebaseAuthSwiftUI.build/he.lproj/Localizable.strings
/tmp/tm-dd/Build/Intermediates.noindex/FirebaseUI.build/Debug-iphonesimulator/FirebaseUI_FirebaseAuthSwiftUI.build/he.lproj/Localizable.strings:1:1: note: detected encoding of input file as Unicode (UTF-8) (in target 'FirebaseUI_FirebaseAuthSwiftUI' from project 'FirebaseUI')

CopyStringsFile /tmp/tm-dd/Build/Products/Debug-iphonesimulator/FirebaseUI_FirebaseAuthSwiftUI.bundle/gu.lproj/Localizable.strings /tmp/tm-dd/Build/Intermediates.noindex/FirebaseUI.build/Debug-iphonesimulator/FirebaseUI_FirebaseAuthSwiftUI.build/gu.lproj/Localizable.strings (in target 'FirebaseUI_FirebaseAuthSwiftUI' from project 'FirebaseUI')
    cd /tmp/tm-dd/SourcePackages/checkouts/FirebaseUI-iOS
    builtin-copyStrings --validate --outputencoding binary --outfilename Localizable.strings --outdir /tmp/tm-dd/Build/Products/Debug-iphonesimulator/FirebaseUI_FirebaseAuthSwiftUI.bundle/gu.lproj -- /tmp/tm-dd/Build/Intermediates.noindex/FirebaseUI.build/Debug-iphonesimulator/FirebaseUI_FirebaseAuthSwiftUI.build/gu.lproj/Localizable.strings
/tmp/tm-dd/Build/Intermediates.noindex/FirebaseUI.build/Debug-iphonesimulator/FirebaseUI_FirebaseAuthSwiftUI.build/gu.lproj/Localizable.strings:1:1: note: detected encoding of input file as Unicode (UTF-8) (in target 'FirebaseUI_FirebaseAuthSwiftUI' from project 'FirebaseUI')

CopyStringsFile /tmp/tm-dd/Build/Products/Debug-iphonesimulator/FirebaseUI_FirebaseAuthSwiftUI.bundle/fr.lproj/Localizable.strings /tmp/tm-dd/Build/Intermediates.noindex/FirebaseUI.build/Debug-iphonesimulator/FirebaseUI_FirebaseAuthSwiftUI.build/fr.lproj/Localizable.strings (in target 'FirebaseUI_FirebaseAuthSwiftUI' from project 'FirebaseUI')
    cd /tmp/tm-dd/SourcePackages/checkouts/FirebaseUI-iOS
    builtin-copyStrings --validate --outputencoding binary --outfilename Localizable.strings --outdir /tmp/tm-dd/Build/Products/Debug-iphonesimulator/FirebaseUI_FirebaseAuthSwiftUI.bundle/fr.lproj -- /tmp/tm-dd/Build/Intermediates.noindex/FirebaseUI.build/Debug-iphonesimulator/FirebaseUI_FirebaseAuthSwiftUI.build/fr.lproj/Localizable.strings
/tmp/tm-dd/Build/Intermediates.noindex/FirebaseUI.build/Debug-iphonesimulator/FirebaseUI_FirebaseAuthSwiftUI.build/fr.lproj/Localizable.strings:1:1: note: detected encoding of input file as Unicode (UTF-8) (in target 'FirebaseUI_FirebaseAuthSwiftUI' from project 'FirebaseUI')

CopyStringsFile /tmp/tm-dd/Build/Products/Debug-iphonesimulator/FirebaseUI_FirebaseAuthSwiftUI.bundle/fi.lproj/Localizable.strings /tmp/tm-dd/Build/Intermediates.noindex/FirebaseUI.build/Debug-iphonesimulator/FirebaseUI_FirebaseAuthSwiftUI.build/fi.lproj/Localizable.strings (in target 'FirebaseUI_FirebaseAuthSwiftUI' from project 'FirebaseUI')
    cd /tmp/tm-dd/SourcePackages/checkouts/FirebaseUI-iOS
    builtin-copyStrings --validate --outputencoding binary --outfilename Localizable.strings --outdir /tmp/tm-dd/Build/Products/Debug-iphonesimulator/FirebaseUI_FirebaseAuthSwiftUI.bundle/fi.lproj -- /tmp/tm-dd/Build/Intermediates.noindex/FirebaseUI.build/Debug-iphonesimulator/FirebaseUI_FirebaseAuthSwiftUI.build/fi.lproj/Localizable.strings
/tmp/tm-dd/Build/Intermediates.noindex/FirebaseUI.build/Debug-iphonesimulator/FirebaseUI_FirebaseAuthSwiftUI.build/fi.lproj/Localizable.strings:1:1: note: detected encoding of input file as Unicode (UTF-8) (in target 'FirebaseUI_FirebaseAuthSwiftUI' from project 'FirebaseUI')

CopyStringsFile /tmp/tm-dd/Build/Products/Debug-iphonesimulator/FirebaseUI_FirebaseAuthSwiftUI.bundle/es.lproj/Localizable.strings /tmp/tm-dd/Build/Intermediates.noindex/FirebaseUI.build/Debug-iphonesimulator/FirebaseUI_FirebaseAuthSwiftUI.build/es.lproj/Localizable.strings (in target 'FirebaseUI_FirebaseAuthSwiftUI' from project 'FirebaseUI')
    cd /tmp/tm-dd/SourcePackages/checkouts/FirebaseUI-iOS
    builtin-copyStrings --validate --outputencoding binary --outfilename Localizable.strings --outdir /tmp/tm-dd/Build/Products/Debug-iphonesimulator/FirebaseUI_FirebaseAuthSwiftUI.bundle/es.lproj -- /tmp/tm-dd/Build/Intermediates.noindex/FirebaseUI.build/Debug-iphonesimulator/FirebaseUI_FirebaseAuthSwiftUI.build/es.lproj/Localizable.strings
/tmp/tm-dd/Build/Intermediates.noindex/FirebaseUI.build/Debug-iphonesimulator/FirebaseUI_FirebaseAuthSwiftUI.build/es.lproj/Localizable.strings:1:1: note: detected encoding of input file as Unicode (UTF-8) (in target 'FirebaseUI_FirebaseAuthSwiftUI' from project 'FirebaseUI')

CopyStringsFile /tmp/tm-dd/Build/Products/Debug-iphonesimulator/FirebaseUI_FirebaseAuthSwiftUI.bundle/en.lproj/Localizable.strings /tmp/tm-dd/Build/Intermediates.noindex/FirebaseUI.build/Debug-iphonesimulator/FirebaseUI_FirebaseAuthSwiftUI.build/en.lproj/Localizable.strings (in target 'FirebaseUI_FirebaseAuthSwiftUI' from project 'FirebaseUI')
    cd /tmp/tm-dd/SourcePackages/checkouts/FirebaseUI-iOS
    builtin-copyStrings --validate --outputencoding binary --outfilename Localizable.strings --outdir /tmp/tm-dd/Build/Products/Debug-iphonesimulator/FirebaseUI_FirebaseAuthSwiftUI.bundle/en.lproj -- /tmp/tm-dd/Build/Intermediates.noindex/FirebaseUI.build/Debug-iphonesimulator/FirebaseUI_FirebaseAuthSwiftUI.build/en.lproj/Localizable.strings
/tmp/tm-dd/Build/Intermediates.noindex/FirebaseUI.build/Debug-iphonesimulator/FirebaseUI_FirebaseAuthSwiftUI.build/en.lproj/Localizable.strings:1:1: note: detected encoding of input file as Unicode (UTF-8) (in target 'FirebaseUI_FirebaseAuthSwiftUI' from project 'FirebaseUI')

CopyStringsFile /tmp/tm-dd/Build/Products/Debug-iphonesimulator/FirebaseUI_FirebaseAuthSwiftUI.bundle/en-ZA.lproj/Localizable.strings /tmp/tm-dd/Build/Intermediates.noindex/FirebaseUI.build/Debug-iphonesimulator/FirebaseUI_FirebaseAuthSwiftUI.build/en-ZA.lproj/Localizable.strings (in target 'FirebaseUI_FirebaseAuthSwiftUI' from project 'FirebaseUI')
    cd /tmp/tm-dd/SourcePackages/checkouts/FirebaseUI-iOS
    builtin-copyStrings --validate --outputencoding binary --outfilename Localizable.strings --outdir /tmp/tm-dd/Build/Products/Debug-iphonesimulator/FirebaseUI_FirebaseAuthSwiftUI.bundle/en-ZA.lproj -- /tmp/tm-dd/Build/Intermediates.noindex/FirebaseUI.build/Debug-iphonesimulator/FirebaseUI_FirebaseAuthSwiftUI.build/en-ZA.lproj/Localizable.strings
/tmp/tm-dd/Build/Intermediates.noindex/FirebaseUI.build/Debug-iphonesimulator/FirebaseUI_FirebaseAuthSwiftUI.build/en-ZA.lproj/Localizable.strings:1:1: note: detected encoding of input file as Unicode (UTF-8) (in target 'FirebaseUI_FirebaseAuthSwiftUI' from project 'FirebaseUI')

CopyStringsFile /tmp/tm-dd/Build/Products/Debug-iphonesimulator/FirebaseUI_FirebaseAuthSwiftUI.bundle/en-IN.lproj/Localizable.strings /tmp/tm-dd/Build/Intermediates.noindex/FirebaseUI.build/Debug-iphonesimulator/FirebaseUI_FirebaseAuthSwiftUI.build/en-IN.lproj/Localizable.strings (in target 'FirebaseUI_FirebaseAuthSwiftUI' from project 'FirebaseUI')
    cd /tmp/tm-dd/SourcePackages/checkouts/FirebaseUI-iOS
    builtin-copyStrings --validate --outputencoding binary --outfilename Localizable.strings --outdir /tmp/tm-dd/Build/Products/Debug-iphonesimulator/FirebaseUI_FirebaseAuthSwiftUI.bundle/en-IN.lproj -- /tmp/tm-dd/Build/Intermediates.noindex/FirebaseUI.build/Debug-iphonesimulator/FirebaseUI_FirebaseAuthSwiftUI.build/en-IN.lproj/Localizable.strings
/tmp/tm-dd/Build/Intermediates.noindex/FirebaseUI.build/Debug-iphonesimulator/FirebaseUI_FirebaseAuthSwiftUI.build/en-IN.lproj/Localizable.strings:1:1: note: detected encoding of input file as Unicode (UTF-8) (in target 'FirebaseUI_FirebaseAuthSwiftUI' from project 'FirebaseUI')

CopyStringsFile /tmp/tm-dd/Build/Products/Debug-iphonesimulator/FirebaseUI_FirebaseAuthSwiftUI.bundle/en-IE.lproj/Localizable.strings /tmp/tm-dd/Build/Intermediates.noindex/FirebaseUI.build/Debug-iphonesimulator/FirebaseUI_FirebaseAuthSwiftUI.build/en-IE.lproj/Localizable.strings (in target 'FirebaseUI_FirebaseAuthSwiftUI' from project 'FirebaseUI')
    cd /tmp/tm-dd/SourcePackages/checkouts/FirebaseUI-iOS
    builtin-copyStrings --validate --outputencoding binary --outfilename Localizable.strings --outdir /tmp/tm-dd/Build/Products/Debug-iphonesimulator/FirebaseUI_FirebaseAuthSwiftUI.bundle/en-IE.lproj -- /tmp/tm-dd/Build/Intermediates.noindex/FirebaseUI.build/Debug-iphonesimulator/FirebaseUI_FirebaseAuthSwiftUI.build/en-IE.lproj/Localizable.strings
/tmp/tm-dd/Build/Intermediates.noindex/FirebaseUI.build/Debug-iphonesimulator/FirebaseUI_FirebaseAuthSwiftUI.build/en-IE.lproj/Localizable.strings:1:1: note: detected encoding of input file as Unicode (UTF-8) (in target 'FirebaseUI_FirebaseAuthSwiftUI' from project 'FirebaseUI')

CopyStringsFile /tmp/tm-dd/Build/Products/Debug-iphonesimulator/FirebaseUI_FirebaseAuthSwiftUI.bundle/en-GB.lproj/Localizable.strings /tmp/tm-dd/Build/Intermediates.noindex/FirebaseUI.build/Debug-iphonesimulator/FirebaseUI_FirebaseAuthSwiftUI.build/en-GB.lproj/Localizable.strings (in target 'FirebaseUI_FirebaseAuthSwiftUI' from project 'FirebaseUI')
    cd /tmp/tm-dd/SourcePackages/checkouts/FirebaseUI-iOS
    builtin-copyStrings --validate --outputencoding binary --outfilename Localizable.strings --outdir /tmp/tm-dd/Build/Products/Debug-iphonesimulator/FirebaseUI_FirebaseAuthSwiftUI.bundle/en-GB.lproj -- /tmp/tm-dd/Build/Intermediates.noindex/FirebaseUI.build/Debug-iphonesimulator/FirebaseUI_FirebaseAuthSwiftUI.build/en-GB.lproj/Localizable.strings
/tmp/tm-dd/Build/Intermediates.noindex/FirebaseUI.build/Debug-iphonesimulator/FirebaseUI_FirebaseAuthSwiftUI.build/en-GB.lproj/Localizable.strings:1:1: note: detected encoding of input file as Unicode (UTF-8) (in target 'FirebaseUI_FirebaseAuthSwiftUI' from project 'FirebaseUI')

CopyStringsFile /tmp/tm-dd/Build/Products/Debug-iphonesimulator/FirebaseUI_FirebaseAuthSwiftUI.bundle/en-CA.lproj/Localizable.strings /tmp/tm-dd/Build/Intermediates.noindex/FirebaseUI.build/Debug-iphonesimulator/FirebaseUI_FirebaseAuthSwiftUI.build/en-CA.lproj/Localizable.strings (in target 'FirebaseUI_FirebaseAuthSwiftUI' from project 'FirebaseUI')
    cd /tmp/tm-dd/SourcePackages/checkouts/FirebaseUI-iOS
    builtin-copyStrings --validate --outputencoding binary --outfilename Localizable.strings --outdir /tmp/tm-dd/Build/Products/Debug-iphonesimulator/FirebaseUI_FirebaseAuthSwiftUI.bundle/en-CA.lproj -- /tmp/tm-dd/Build/Intermediates.noindex/FirebaseUI.build/Debug-iphonesimulator/FirebaseUI_FirebaseAuthSwiftUI.build/en-CA.lproj/Localizable.strings
/tmp/tm-dd/Build/Intermediates.noindex/FirebaseUI.build/Debug-iphonesimulator/FirebaseUI_FirebaseAuthSwiftUI.build/en-CA.lproj/Localizable.strings:1:1: note: detected encoding of input file as Unicode (UTF-8) (in target 'FirebaseUI_FirebaseAuthSwiftUI' from project 'FirebaseUI')

CopyStringsFile /tmp/tm-dd/Build/Products/Debug-iphonesimulator/FirebaseUI_FirebaseAuthSwiftUI.bundle/en-AU.lproj/Localizable.strings /tmp/tm-dd/Build/Intermediates.noindex/FirebaseUI.build/Debug-iphonesimulator/FirebaseUI_FirebaseAuthSwiftUI.build/en-AU.lproj/Localizable.strings (in target 'FirebaseUI_FirebaseAuthSwiftUI' from project 'FirebaseUI')
    cd /tmp/tm-dd/SourcePackages/checkouts/FirebaseUI-iOS
    builtin-copyStrings --validate --outputencoding binary --outfilename Localizable.strings --outdir /tmp/tm-dd/Build/Products/Debug-iphonesimulator/FirebaseUI_FirebaseAuthSwiftUI.bundle/en-AU.lproj -- /tmp/tm-dd/Build/Intermediates.noindex/FirebaseUI.build/Debug-iphonesimulator/FirebaseUI_FirebaseAuthSwiftUI.build/en-AU.lproj/Localizable.strings
/tmp/tm-dd/Build/Intermediates.noindex/FirebaseUI.build/Debug-iphonesimulator/FirebaseUI_FirebaseAuthSwiftUI.build/en-AU.lproj/Localizable.strings:1:1: note: detected encoding of input file as Unicode (UTF-8) (in target 'FirebaseUI_FirebaseAuthSwiftUI' from project 'FirebaseUI')

CopyStringsFile /tmp/tm-dd/Build/Products/Debug-iphonesimulator/FirebaseUI_FirebaseAuthSwiftUI.bundle/el.lproj/Localizable.strings /tmp/tm-dd/Build/Intermediates.noindex/FirebaseUI.build/Debug-iphonesimulator/FirebaseUI_FirebaseAuthSwiftUI.build/el.lproj/Localizable.strings (in target 'FirebaseUI_FirebaseAuthSwiftUI' from project 'FirebaseUI')
    cd /tmp/tm-dd/SourcePackages/checkouts/FirebaseUI-iOS
    builtin-copyStrings --validate --outputencoding binary --outfilename Localizable.strings --outdir /tmp/tm-dd/Build/Products/Debug-iphonesimulator/FirebaseUI_FirebaseAuthSwiftUI.bundle/el.lproj -- /tmp/tm-dd/Build/Intermediates.noindex/FirebaseUI.build/Debug-iphonesimulator/FirebaseUI_FirebaseAuthSwiftUI.build/el.lproj/Localizable.strings
/tmp/tm-dd/Build/Intermediates.noindex/FirebaseUI.build/Debug-iphonesimulator/FirebaseUI_FirebaseAuthSwiftUI.build/el.lproj/Localizable.strings:1:1: note: detected encoding of input file as Unicode (UTF-8) (in target 'FirebaseUI_FirebaseAuthSwiftUI' from project 'FirebaseUI')

CopyStringsFile /tmp/tm-dd/Build/Products/Debug-iphonesimulator/FirebaseUI_FirebaseAuthSwiftUI.bundle/de.lproj/Localizable.strings /tmp/tm-dd/Build/Intermediates.noindex/FirebaseUI.build/Debug-iphonesimulator/FirebaseUI_FirebaseAuthSwiftUI.build/de.lproj/Localizable.strings (in target 'FirebaseUI_FirebaseAuthSwiftUI' from project 'FirebaseUI')
    cd /tmp/tm-dd/SourcePackages/checkouts/FirebaseUI-iOS
    builtin-copyStrings --validate --outputencoding binary --outfilename Localizable.strings --outdir /tmp/tm-dd/Build/Products/Debug-iphonesimulator/FirebaseUI_FirebaseAuthSwiftUI.bundle/de.lproj -- /tmp/tm-dd/Build/Intermediates.noindex/FirebaseUI.build/Debug-iphonesimulator/FirebaseUI_FirebaseAuthSwiftUI.build/de.lproj/Localizable.strings
/tmp/tm-dd/Build/Intermediates.noindex/FirebaseUI.build/Debug-iphonesimulator/FirebaseUI_FirebaseAuthSwiftUI.build/de.lproj/Localizable.strings:1:1: note: detected encoding of input file as Unicode (UTF-8) (in target 'FirebaseUI_FirebaseAuthSwiftUI' from project 'FirebaseUI')

CopyStringsFile /tmp/tm-dd/Build/Products/Debug-iphonesimulator/FirebaseUI_FirebaseAuthSwiftUI.bundle/de-AT.lproj/Localizable.strings /tmp/tm-dd/Build/Intermediates.noindex/FirebaseUI.build/Debug-iphonesimulator/FirebaseUI_FirebaseAuthSwiftUI.build/de-AT.lproj/Localizable.strings (in target 'FirebaseUI_FirebaseAuthSwiftUI' from project 'FirebaseUI')
    cd /tmp/tm-dd/SourcePackages/checkouts/FirebaseUI-iOS
    builtin-copyStrings --validate --outputencoding binary --outfilename Localizable.strings --outdir /tmp/tm-dd/Build/Products/Debug-iphonesimulator/FirebaseUI_FirebaseAuthSwiftUI.bundle/de-AT.lproj -- /tmp/tm-dd/Build/Intermediates.noindex/FirebaseUI.build/Debug-iphonesimulator/FirebaseUI_FirebaseAuthSwiftUI.build/de-AT.lproj/Localizable.strings
/tmp/tm-dd/Build/Intermediates.noindex/FirebaseUI.build/Debug-iphonesimulator/FirebaseUI_FirebaseAuthSwiftUI.build/de-AT.lproj/Localizable.strings:1:1: note: detected encoding of input file as Unicode (UTF-8) (in target 'FirebaseUI_FirebaseAuthSwiftUI' from project 'FirebaseUI')

CopyStringsFile /tmp/tm-dd/Build/Products/Debug-iphonesimulator/FirebaseUI_FirebaseAuthSwiftUI.bundle/cs.lproj/Localizable.strings /tmp/tm-dd/Build/Intermediates.noindex/FirebaseUI.build/Debug-iphonesimulator/FirebaseUI_FirebaseAuthSwiftUI.build/cs.lproj/Localizable.strings (in target 'FirebaseUI_FirebaseAuthSwiftUI' from project 'FirebaseUI')
    cd /tmp/tm-dd/SourcePackages/checkouts/FirebaseUI-iOS
    builtin-copyStrings --validate --outputencoding binary --outfilename Localizable.strings --outdir /tmp/tm-dd/Build/Products/Debug-iphonesimulator/FirebaseUI_FirebaseAuthSwiftUI.bundle/cs.lproj -- /tmp/tm-dd/Build/Intermediates.noindex/FirebaseUI.build/Debug-iphonesimulator/FirebaseUI_FirebaseAuthSwiftUI.build/cs.lproj/Localizable.strings
/tmp/tm-dd/Build/Intermediates.noindex/FirebaseUI.build/Debug-iphonesimulator/FirebaseUI_FirebaseAuthSwiftUI.build/cs.lproj/Localizable.strings:1:1: note: detected encoding of input file as Unicode (UTF-8) (in target 'FirebaseUI_FirebaseAuthSwiftUI' from project 'FirebaseUI')

CopyStringsFile /tmp/tm-dd/Build/Products/Debug-iphonesimulator/FirebaseUI_FirebaseAuthSwiftUI.bundle/bn.lproj/Localizable.strings /tmp/tm-dd/Build/Intermediates.noindex/FirebaseUI.build/Debug-iphonesimulator/FirebaseUI_FirebaseAuthSwiftUI.build/bn.lproj/Localizable.strings (in target 'FirebaseUI_FirebaseAuthSwiftUI' from project 'FirebaseUI')
    cd /tmp/tm-dd/SourcePackages/checkouts/FirebaseUI-iOS
    builtin-copyStrings --validate --outputencoding binary --outfilename Localizable.strings --outdir /tmp/tm-dd/Build/Products/Debug-iphonesimulator/FirebaseUI_FirebaseAuthSwiftUI.bundle/bn.lproj -- /tmp/tm-dd/Build/Intermediates.noindex/FirebaseUI.build/Debug-iphonesimulator/FirebaseUI_FirebaseAuthSwiftUI.build/bn.lproj/Localizable.strings
/tmp/tm-dd/Build/Intermediates.noindex/FirebaseUI.build/Debug-iphonesimulator/FirebaseUI_FirebaseAuthSwiftUI.build/bn.lproj/Localizable.strings:1:1: note: detected encoding of input file as Unicode (UTF-8) (in target 'FirebaseUI_FirebaseAuthSwiftUI' from project 'FirebaseUI')

CopyStringsFile /tmp/tm-dd/Build/Products/Debug-iphonesimulator/FirebaseUI_FirebaseAuthSwiftUI.bundle/bg.lproj/Localizable.strings /tmp/tm-dd/Build/Intermediates.noindex/FirebaseUI.build/Debug-iphonesimulator/FirebaseUI_FirebaseAuthSwiftUI.build/bg.lproj/Localizable.strings (in target 'FirebaseUI_FirebaseAuthSwiftUI' from project 'FirebaseUI')
    cd /tmp/tm-dd/SourcePackages/checkouts/FirebaseUI-iOS
    builtin-copyStrings --validate --outputencoding binary --outfilename Localizable.strings --outdir /tmp/tm-dd/Build/Products/Debug-iphonesimulator/FirebaseUI_FirebaseAuthSwiftUI.bundle/bg.lproj -- /tmp/tm-dd/Build/Intermediates.noindex/FirebaseUI.build/Debug-iphonesimulator/FirebaseUI_FirebaseAuthSwiftUI.build/bg.lproj/Localizable.strings
/tmp/tm-dd/Build/Intermediates.noindex/FirebaseUI.build/Debug-iphonesimulator/FirebaseUI_FirebaseAuthSwiftUI.build/bg.lproj/Localizable.strings:1:1: note: detected encoding of input file as Unicode (UTF-8) (in target 'FirebaseUI_FirebaseAuthSwiftUI' from project 'FirebaseUI')

CopyStringsFile /tmp/tm-dd/Build/Products/Debug-iphonesimulator/FirebaseUI_FirebaseAuthSwiftUI.bundle/ar.lproj/Localizable.strings /tmp/tm-dd/Build/Intermediates.noindex/FirebaseUI.build/Debug-iphonesimulator/FirebaseUI_FirebaseAuthSwiftUI.build/ar.lproj/Localizable.strings (in target 'FirebaseUI_FirebaseAuthSwiftUI' from project 'FirebaseUI')
    cd /tmp/tm-dd/SourcePackages/checkouts/FirebaseUI-iOS
    builtin-copyStrings --validate --outputencoding binary --outfilename Localizable.strings --outdir /tmp/tm-dd/Build/Products/Debug-iphonesimulator/FirebaseUI_FirebaseAuthSwiftUI.bundle/ar.lproj -- /tmp/tm-dd/Build/Intermediates.noindex/FirebaseUI.build/Debug-iphonesimulator/FirebaseUI_FirebaseAuthSwiftUI.build/ar.lproj/Localizable.strings
/tmp/tm-dd/Build/Intermediates.noindex/FirebaseUI.build/Debug-iphonesimulator/FirebaseUI_FirebaseAuthSwiftUI.build/ar.lproj/Localizable.strings:1:1: note: detected encoding of input file as Unicode (UTF-8) (in target 'FirebaseUI_FirebaseAuthSwiftUI' from project 'FirebaseUI')

Copy /tmp/tm-dd/Build/Products/Debug-iphonesimulator/tagmaster.app/FirebaseUI_FirebaseAuthSwiftUI.bundle /tmp/tm-dd/Build/Products/Debug-iphonesimulator/FirebaseUI_FirebaseAuthSwiftUI.bundle (in target 'tagmaster' from project 'tagmaster')
    cd /Users/depoll/.local/share/pi-worktrees/20260907070801/fable-audit-ux-worktree-20260907/iOS/tagmaster
    builtin-copy -exclude .DS_Store -exclude CVS -exclude .svn -exclude .git -exclude .hg -resolve-src-symlinks /tmp/tm-dd/Build/Products/Debug-iphonesimulator/FirebaseUI_FirebaseAuthSwiftUI.bundle /tmp/tm-dd/Build/Products/Debug-iphonesimulator/tagmaster.app

ProcessInfoPlistFile /tmp/tm-dd/Build/Products/Debug-iphonesimulator/tagmaster.app/Info.plist /Users/depoll/.local/share/pi-worktrees/20260907070801/fable-audit-ux-worktree-20260907/iOS/tagmaster/tagmaster/tagmaster-Info.plist (in target 'tagmaster' from project 'tagmaster')
    cd /Users/depoll/.local/share/pi-worktrees/20260907070801/fable-audit-ux-worktree-20260907/iOS/tagmaster
    builtin-infoPlistUtility /Users/depoll/.local/share/pi-worktrees/20260907070801/fable-audit-ux-worktree-20260907/iOS/tagmaster/tagmaster/tagmaster-Info.plist -producttype com.apple.product-type.application -genpkginfo /tmp/tm-dd/Build/Products/Debug-iphonesimulator/tagmaster.app/PkgInfo -expandbuildsettings -format binary -platform iphonesimulator -additionalcontentfile /tmp/tm-dd/Build/Intermediates.noindex/tagmaster.build/Debug-iphonesimulator/tagmaster.build/LaunchScreen-PartialInfo.plist -additionalcontentfile /tmp/tm-dd/Build/Intermediates.noindex/tagmaster.build/Debug-iphonesimulator/tagmaster.build/assetcatalog_generated_info.plist -scanforprivacyfile /tmp/tm-dd/Build/Products/Debug-iphonesimulator/tagmaster.app/AppAuth_AppAuth.bundle -scanforprivacyfile /tmp/tm-dd/Build/Products/Debug-iphonesimulator/tagmaster.app/AppAuth_AppAuthCore.bundle -scanforprivacyfile /tmp/tm-dd/Build/Products/Debug-iphonesimulator/tagmaster.app/Facebook_FacebookAEM.bundle -scanforprivacyfile /tmp/tm-dd/Build/Products/Debug-iphonesimulator/tagmaster.app/Facebook_FacebookCore.bundle -scanforprivacyfile /tmp/tm-dd/Build/Products/Debug-iphonesimulator/tagmaster.app/Facebook_FacebookLogin.bundle -scanforprivacyfile /tmp/tm-dd/Build/Products/Debug-iphonesimulator/tagmaster.app/FirebaseUI_FirebaseAuthSwiftUI.bundle -scanforprivacyfile /tmp/tm-dd/Build/Products/Debug-iphonesimulator/tagmaster.app/FirebaseUI_FirebaseAuthUIComponents.bundle -scanforprivacyfile /tmp/tm-dd/Build/Products/Debug-iphonesimulator/tagmaster.app/Firebase_FirebaseAuth.bundle -scanforprivacyfile /tmp/tm-dd/Build/Products/Debug-iphonesimulator/tagmaster.app/Firebase_FirebaseCore.bundle -scanforprivacyfile /tmp/tm-dd/Build/Products/Debug-iphonesimulator/tagmaster.app/Firebase_FirebaseCoreExtension.bundle -scanforprivacyfile /tmp/tm-dd/Build/Products/Debug-iphonesimulator/tagmaster.app/Firebase_FirebaseCoreInternal.bundle -scanforprivacyfile /tmp/tm-dd/Build/Products/Debug-iphonesimulator/tagmaster.app/Firebase_FirebaseFirestore.bundle -scanforprivacyfile /tmp/tm-dd/Build/Products/Debug-iphonesimulator/tagmaster.app/Frameworks/FBAEMKit.framework -scanforprivacyfile /tmp/tm-dd/Build/Products/Debug-iphonesimulator/tagmaster.app/Frameworks/FBSDKCoreKit.framework -scanforprivacyfile /tmp/tm-dd/Build/Products/Debug-iphonesimulator/tagmaster.app/Frameworks/FBSDKCoreKit_Basics.framework -scanforprivacyfile /tmp/tm-dd/Build/Products/Debug-iphonesimulator/tagmaster.app/Frameworks/FBSDKLoginKit.framework -scanforprivacyfile /tmp/tm-dd/Build/Products/Debug-iphonesimulator/tagmaster.app/Frameworks/FirebaseFirestoreInternal.framework -scanforprivacyfile /tmp/tm-dd/Build/Products/Debug-iphonesimulator/tagmaster.app/Frameworks/absl.framework -scanforprivacyfile /tmp/tm-dd/Build/Products/Debug-iphonesimulator/tagmaster.app/Frameworks/grpc.framework -scanforprivacyfile /tmp/tm-dd/Build/Products/Debug-iphonesimulator/tagmaster.app/Frameworks/grpcpp.framework -scanforprivacyfile /tmp/tm-dd/Build/Products/Debug-iphonesimulator/tagmaster.app/Frameworks/openssl_grpc.framework -scanforprivacyfile /tmp/tm-dd/Build/Products/Debug-iphonesimulator/tagmaster.app/GTMAppAuth_GTMAppAuth.bundle -scanforprivacyfile /tmp/tm-dd/Build/Products/Debug-iphonesimulator/tagmaster.app/GTMSessionFetcher_GTMSessionFetcherCore.bundle -scanforprivacyfile /tmp/tm-dd/Build/Products/Debug-iphonesimulator/tagmaster.app/GoogleSignIn_GoogleSignIn.bundle -scanforprivacyfile /tmp/tm-dd/Build/Products/Debug-iphonesimulator/tagmaster.app/GoogleSignIn_GoogleSignInSwift.bundle -scanforprivacyfile /tmp/tm-dd/Build/Products/Debug-iphonesimulator/tagmaster.app/GoogleUtilities_GoogleUtilities-AppDelegateSwizzler.bundle -scanforprivacyfile /tmp/tm-dd/Build/Products/Debug-iphonesimulator/tagmaster.app/GoogleUtilities_GoogleUtilities-Environment.bundle -scanforprivacyfile /tmp/tm-dd/Build/Products/Debug-iphonesimulator/tagmaster.app/GoogleUtilities_GoogleUtilities-Logger.bundle -scanforprivacyfile /tmp/tm-dd/Build/Products/Debug-iphonesimulator/tagmaster.app/GoogleUtilities_GoogleUtilities-NSData.bundle -scanforprivacyfile /tmp/tm-dd/Build/Products/Debug-iphonesimulator/tagmaster.app/GoogleUtilities_GoogleUtilities-Network.bundle -scanforprivacyfile /tmp/tm-dd/Build/Products/Debug-iphonesimulator/tagmaster.app/GoogleUtilities_GoogleUtilities-Reachability.bundle -scanforprivacyfile /tmp/tm-dd/Build/Products/Debug-iphonesimulator/tagmaster.app/abseil_abslWrapper.bundle -scanforprivacyfile /tmp/tm-dd/Build/Products/Debug-iphonesimulator/tagmaster.app/gRPC_grpcWrapper.bundle -scanforprivacyfile /tmp/tm-dd/Build/Products/Debug-iphonesimulator/tagmaster.app/gRPC_grpcppWrapper.bundle -scanforprivacyfile /tmp/tm-dd/Build/Products/Debug-iphonesimulator/tagmaster.app/gRPC_opensslWrapper.bundle -scanforprivacyfile /tmp/tm-dd/Build/Products/Debug-iphonesimulator/tagmaster.app/leveldb_leveldb.bundle -scanforprivacyfile /tmp/tm-dd/Build/Products/Debug-iphonesimulator/tagmaster.app/nanopb_nanopb.bundle -o /tmp/tm-dd/Build/Products/Debug-iphonesimulator/tagmaster.app/Info.plist

CopySwiftLibs /tmp/tm-dd/Build/Products/Debug-iphonesimulator/tagmaster.app (in target 'tagmaster' from project 'tagmaster')
    cd /Users/depoll/.local/share/pi-worktrees/20260907070801/fable-audit-ux-worktree-20260907/iOS/tagmaster
    builtin-swiftStdLibTool --copy --verbose --sign - --scan-executable /tmp/tm-dd/Build/Products/Debug-iphonesimulator/tagmaster.app/tagmaster.debug.dylib --scan-folder /tmp/tm-dd/Build/Products/Debug-iphonesimulator/tagmaster.app/Frameworks --scan-folder /tmp/tm-dd/Build/Products/Debug-iphonesimulator/tagmaster.app/PlugIns --scan-folder /tmp/tm-dd/Build/Products/Debug-iphonesimulator/tagmaster.app/SystemExtensions --scan-folder /tmp/tm-dd/Build/Products/Debug-iphonesimulator/tagmaster.app/Extensions --scan-folder /Applications/Xcode.app/Contents/Developer/Platforms/iPhoneSimulator.platform/Developer/SDKs/iPhoneSimulator26.5.sdk/System/Library/Frameworks/AVKit.framework --scan-folder /Applications/Xcode.app/Contents/Developer/Platforms/iPhoneSimulator.platform/Developer/SDKs/iPhoneSimulator26.5.sdk/System/Library/Frameworks/CoreData.framework --scan-folder /Applications/Xcode.app/Contents/Developer/Platforms/iPhoneSimulator.platform/Developer/SDKs/iPhoneSimulator26.5.sdk/System/Library/Frameworks/SystemConfiguration.framework --scan-folder /Applications/Xcode.app/Contents/Developer/Platforms/iPhoneSimulator.platform/Developer/SDKs/iPhoneSimulator26.5.sdk/System/Library/Frameworks/StoreKit.framework --scan-folder /Applications/Xcode.app/Contents/Developer/Platforms/iPhoneSimulator.platform/Developer/SDKs/iPhoneSimulator26.5.sdk/System/Library/Frameworks/Security.framework --scan-folder /Applications/Xcode.app/Contents/Developer/Platforms/iPhoneSimulator.platform/Developer/SDKs/iPhoneSimulator26.5.sdk/System/Library/Frameworks/QuartzCore.framework --scan-folder /Applications/Xcode.app/Contents/Developer/Platforms/iPhoneSimulator.platform/Developer/SDKs/iPhoneSimulator26.5.sdk/System/Library/Frameworks/CoreLocation.framework --scan-folder /Applications/Xcode.app/Contents/Developer/Platforms/iPhoneSimulator.platform/Developer/SDKs/iPhoneSimulator26.5.sdk/System/Library/Frameworks/CFNetwork.framework --scan-folder /Applications/Xcode.app/Contents/Developer/Platforms/iPhoneSimulator.platform/Developer/SDKs/iPhoneSimulator26.5.sdk/System/Library/Frameworks/MessageUI.framework --scan-folder /Applications/Xcode.app/Contents/Developer/Platforms/iPhoneSimulator.platform/Developer/SDKs/iPhoneSimulator26.5.sdk/System/Library/Frameworks/MediaPlayer.framework --scan-folder /Applications/Xcode.app/Contents/Developer/Platforms/iPhoneSimulator.platform/Developer/SDKs/iPhoneSimulator26.5.sdk/System/Library/Frameworks/AppTrackingTransparency.framework --scan-folder /Applications/Xcode.app/Contents/Developer/Platforms/iPhoneSimulator.platform/Developer/SDKs/iPhoneSimulator26.5.sdk/System/Library/Frameworks/QuickLook.framework --scan-folder /Applications/Xcode.app/Contents/Developer/Platforms/iPhoneSimulator.platform/Developer/SDKs/iPhoneSimulator26.5.sdk/System/Library/Frameworks/AudioToolbox.framework --scan-folder /Applications/Xcode.app/Contents/Developer/Platforms/iPhoneSimulator.platform/Developer/SDKs/iPhoneSimulator26.5.sdk/System/Library/Frameworks/UIKit.framework --scan-folder /Applications/Xcode.app/Contents/Developer/Platforms/iPhoneSimulator.platform/Developer/SDKs/iPhoneSimulator26.5.sdk/System/Library/Frameworks/Foundation.framework --scan-folder /Applications/Xcode.app/Contents/Developer/Platforms/iPhoneSimulator.platform/Developer/SDKs/iPhoneSimulator26.5.sdk/System/Library/Frameworks/CoreAudio.framework --scan-folder /Applications/Xcode.app/Contents/Developer/Platforms/iPhoneSimulator.platform/Developer/SDKs/iPhoneSimulator26.5.sdk/System/Library/Frameworks/CoreGraphics.framework --scan-folder /Applications/Xcode.app/Contents/Developer/Platforms/MacOSX.platform/Developer/SDKs/MacOSX10.15.sdk/System/Library/Frameworks/CoreServices.framework --platform iphonesimulator --toolchain /Applications/Xcode.app/Contents/Developer/Toolchains/XcodeDefault.xctoolchain --destination /tmp/tm-dd/Build/Products/Debug-iphonesimulator/tagmaster.app/Frameworks --strip-bitcode --strip-bitcode-tool /Applications/Xcode.app/Contents/Developer/Toolchains/XcodeDefault.xctoolchain/usr/bin/bitcode_strip --emit-dependency-info /tmp/tm-dd/Build/Intermediates.noindex/tagmaster.build/Debug-iphonesimulator/tagmaster.build/SwiftStdLibToolInputDependencies.dep --filter-for-swift-os

warning: Traditional headermap style is no longer supported; please migrate to using separate headermaps and set 'ALWAYS_SEARCH_USER_PATHS' to NO. (in target 'tagmasterTests' from project 'tagmaster')
Copy /tmp/tm-dd/Build/Products/Debug-iphonesimulator/tagmaster.app/PlugIns/tagmasterTests.xctest/FirebaseUI_FirebaseAuthSwiftUI.bundle /tmp/tm-dd/Build/Products/Debug-iphonesimulator/FirebaseUI_FirebaseAuthSwiftUI.bundle (in target 'tagmasterTests' from project 'tagmaster')
    cd /Users/depoll/.local/share/pi-worktrees/20260907070801/fable-audit-ux-worktree-20260907/iOS/tagmaster
    builtin-copy -exclude .DS_Store -exclude CVS -exclude .svn -exclude .git -exclude .hg -resolve-src-symlinks /tmp/tm-dd/Build/Products/Debug-iphonesimulator/FirebaseUI_FirebaseAuthSwiftUI.bundle /tmp/tm-dd/Build/Products/Debug-iphonesimulator/tagmaster.app/PlugIns/tagmasterTests.xctest

ProcessInfoPlistFile /tmp/tm-dd/Build/Products/Debug-iphonesimulator/tagmaster.app/PlugIns/tagmasterTests.xctest/Info.plist /Users/depoll/.local/share/pi-worktrees/20260907070801/fable-audit-ux-worktree-20260907/iOS/tagmaster/tagmasterTests/tagmasterTests-Info.plist (in target 'tagmasterTests' from project 'tagmaster')
    cd /Users/depoll/.local/share/pi-worktrees/20260907070801/fable-audit-ux-worktree-20260907/iOS/tagmaster
    builtin-infoPlistUtility /Users/depoll/.local/share/pi-worktrees/20260907070801/fable-audit-ux-worktree-20260907/iOS/tagmaster/tagmasterTests/tagmasterTests-Info.plist -producttype com.apple.product-type.bundle.unit-test -expandbuildsettings -format binary -platform iphonesimulator -scanforprivacyfile /tmp/tm-dd/Build/Products/Debug-iphonesimulator/tagmaster.app/PlugIns/tagmasterTests.xctest/AppAuth_AppAuth.bundle -scanforprivacyfile /tmp/tm-dd/Build/Products/Debug-iphonesimulator/tagmaster.app/PlugIns/tagmasterTests.xctest/AppAuth_AppAuthCore.bundle -scanforprivacyfile /tmp/tm-dd/Build/Products/Debug-iphonesimulator/tagmaster.app/PlugIns/tagmasterTests.xctest/Facebook_FacebookAEM.bundle -scanforprivacyfile /tmp/tm-dd/Build/Products/Debug-iphonesimulator/tagmaster.app/PlugIns/tagmasterTests.xctest/Facebook_FacebookCore.bundle -scanforprivacyfile /tmp/tm-dd/Build/Products/Debug-iphonesimulator/tagmaster.app/PlugIns/tagmasterTests.xctest/Facebook_FacebookLogin.bundle -scanforprivacyfile /tmp/tm-dd/Build/Products/Debug-iphonesimulator/tagmaster.app/PlugIns/tagmasterTests.xctest/FirebaseUI_FirebaseAuthSwiftUI.bundle -scanforprivacyfile /tmp/tm-dd/Build/Products/Debug-iphonesimulator/tagmaster.app/PlugIns/tagmasterTests.xctest/FirebaseUI_FirebaseAuthUIComponents.bundle -scanforprivacyfile /tmp/tm-dd/Build/Products/Debug-iphonesimulator/tagmaster.app/PlugIns/tagmasterTests.xctest/Firebase_FirebaseAuth.bundle -scanforprivacyfile /tmp/tm-dd/Build/Products/Debug-iphonesimulator/tagmaster.app/PlugIns/tagmasterTests.xctest/Firebase_FirebaseCore.bundle -scanforprivacyfile /tmp/tm-dd/Build/Products/Debug-iphonesimulator/tagmaster.app/PlugIns/tagmasterTests.xctest/Firebase_FirebaseCoreExtension.bundle -scanforprivacyfile /tmp/tm-dd/Build/Products/Debug-iphonesimulator/tagmaster.app/PlugIns/tagmasterTests.xctest/Firebase_FirebaseCoreInternal.bundle -scanforprivacyfile /tmp/tm-dd/Build/Products/Debug-iphonesimulator/tagmaster.app/PlugIns/tagmasterTests.xctest/Firebase_FirebaseFirestore.bundle -scanforprivacyfile /tmp/tm-dd/Build/Products/Debug-iphonesimulator/tagmaster.app/PlugIns/tagmasterTests.xctest/GTMAppAuth_GTMAppAuth.bundle -scanforprivacyfile /tmp/tm-dd/Build/Products/Debug-iphonesimulator/tagmaster.app/PlugIns/tagmasterTests.xctest/GTMSessionFetcher_GTMSessionFetcherCore.bundle -scanforprivacyfile /tmp/tm-dd/Build/Products/Debug-iphonesimulator/tagmaster.app/PlugIns/tagmasterTests.xctest/GoogleSignIn_GoogleSignIn.bundle -scanforprivacyfile /tmp/tm-dd/Build/Products/Debug-iphonesimulator/tagmaster.app/PlugIns/tagmasterTests.xctest/GoogleSignIn_GoogleSignInSwift.bundle -scanforprivacyfile /tmp/tm-dd/Build/Products/Debug-iphonesimulator/tagmaster.app/PlugIns/tagmasterTests.xctest/GoogleUtilities_GoogleUtilities-AppDelegateSwizzler.bundle -scanforprivacyfile /tmp/tm-dd/Build/Products/Debug-iphonesimulator/tagmaster.app/PlugIns/tagmasterTests.xctest/GoogleUtilities_GoogleUtilities-Environment.bundle -scanforprivacyfile /tmp/tm-dd/Build/Products/Debug-iphonesimulator/tagmaster.app/PlugIns/tagmasterTests.xctest/GoogleUtilities_GoogleUtilities-Logger.bundle -scanforprivacyfile /tmp/tm-dd/Build/Products/Debug-iphonesimulator/tagmaster.app/PlugIns/tagmasterTests.xctest/GoogleUtilities_GoogleUtilities-NSData.bundle -scanforprivacyfile /tmp/tm-dd/Build/Products/Debug-iphonesimulator/tagmaster.app/PlugIns/tagmasterTests.xctest/GoogleUtilities_GoogleUtilities-Network.bundle -scanforprivacyfile /tmp/tm-dd/Build/Products/Debug-iphonesimulator/tagmaster.app/PlugIns/tagmasterTests.xctest/GoogleUtilities_GoogleUtilities-Reachability.bundle -scanforprivacyfile /tmp/tm-dd/Build/Products/Debug-iphonesimulator/tagmaster.app/PlugIns/tagmasterTests.xctest/abseil_abslWrapper.bundle -scanforprivacyfile /tmp/tm-dd/Build/Products/Debug-iphonesimulator/tagmaster.app/PlugIns/tagmasterTests.xctest/gRPC_grpcWrapper.bundle -scanforprivacyfile /tmp/tm-dd/Build/Products/Debug-iphonesimulator/tagmaster.app/PlugIns/tagmasterTests.xctest/gRPC_grpcppWrapper.bundle -scanforprivacyfile /tmp/tm-dd/Build/Products/Debug-iphonesimulator/tagmaster.app/PlugIns/tagmasterTests.xctest/gRPC_opensslWrapper.bundle -scanforprivacyfile /tmp/tm-dd/Build/Products/Debug-iphonesimulator/tagmaster.app/PlugIns/tagmasterTests.xctest/leveldb_leveldb.bundle -scanforprivacyfile /tmp/tm-dd/Build/Products/Debug-iphonesimulator/tagmaster.app/PlugIns/tagmasterTests.xctest/nanopb_nanopb.bundle -o /tmp/tm-dd/Build/Products/Debug-iphonesimulator/tagmaster.app/PlugIns/tagmasterTests.xctest/Info.plist

CodeSign /tmp/tm-dd/Build/Products/Debug-iphonesimulator/tagmaster.app/tagmaster.debug.dylib (in target 'tagmaster' from project 'tagmaster')
    cd /Users/depoll/.local/share/pi-worktrees/20260907070801/fable-audit-ux-worktree-20260907/iOS/tagmaster
    
    Signing Identity:     "Sign to Run Locally"
    
    /usr/bin/codesign --force --sign - --timestamp\=none --generate-entitlement-der /tmp/tm-dd/Build/Products/Debug-iphonesimulator/tagmaster.app/tagmaster.debug.dylib
/tmp/tm-dd/Build/Products/Debug-iphonesimulator/tagmaster.app/tagmaster.debug.dylib: replacing existing signature

CodeSign /tmp/tm-dd/Build/Products/Debug-iphonesimulator/tagmaster.app/__preview.dylib (in target 'tagmaster' from project 'tagmaster')
    cd /Users/depoll/.local/share/pi-worktrees/20260907070801/fable-audit-ux-worktree-20260907/iOS/tagmaster
    
    Signing Identity:     "Sign to Run Locally"
    
    /usr/bin/codesign --force --sign - --timestamp\=none --generate-entitlement-der /tmp/tm-dd/Build/Products/Debug-iphonesimulator/tagmaster.app/__preview.dylib
/tmp/tm-dd/Build/Products/Debug-iphonesimulator/tagmaster.app/__preview.dylib: replacing existing signature

CodeSign /tmp/tm-dd/Build/Products/Debug-iphonesimulator/tagmaster.app (in target 'tagmaster' from project 'tagmaster')
    cd /Users/depoll/.local/share/pi-worktrees/20260907070801/fable-audit-ux-worktree-20260907/iOS/tagmaster
    
    Signing Identity:     "Sign to Run Locally"
    
    /usr/bin/codesign --force --sign - --entitlements /tmp/tm-dd/Build/Intermediates.noindex/tagmaster.build/Debug-iphonesimulator/tagmaster.build/tagmaster.app.xcent --timestamp\=none --generate-entitlement-der /tmp/tm-dd/Build/Products/Debug-iphonesimulator/tagmaster.app
/tmp/tm-dd/Build/Products/Debug-iphonesimulator/tagmaster.app: replacing existing signature

Validate /tmp/tm-dd/Build/Products/Debug-iphonesimulator/tagmaster.app (in target 'tagmaster' from project 'tagmaster')
    cd /Users/depoll/.local/share/pi-worktrees/20260907070801/fable-audit-ux-worktree-20260907/iOS/tagmaster
    builtin-validationUtility /tmp/tm-dd/Build/Products/Debug-iphonesimulator/tagmaster.app -shallow-bundle -infoplist-subpath Info.plist

warning: Traditional headermap style is no longer supported; please migrate to using separate headermaps and set 'ALWAYS_SEARCH_USER_PATHS' to NO. (in target 'tagmasterUITests' from project 'tagmaster')
ProcessInfoPlistFile /tmp/tm-dd/Build/Products/Debug-iphonesimulator/tagmasterUITests-Runner.app/PlugIns/tagmasterUITests.xctest/Info.plist /Users/depoll/.local/share/pi-worktrees/20260907070801/fable-audit-ux-worktree-20260907/iOS/tagmaster/tagmasterUITests/Info.plist (in target 'tagmasterUITests' from project 'tagmaster')
    cd /Users/depoll/.local/share/pi-worktrees/20260907070801/fable-audit-ux-worktree-20260907/iOS/tagmaster
    builtin-infoPlistUtility /Users/depoll/.local/share/pi-worktrees/20260907070801/fable-audit-ux-worktree-20260907/iOS/tagmaster/tagmasterUITests/Info.plist -producttype com.apple.product-type.bundle.ui-testing -expandbuildsettings -format binary -platform iphonesimulator -additionalcontentfile /tmp/tm-dd/Build/Intermediates.noindex/tagmaster.build/Debug-iphonesimulator/tagmasterUITests.build/ProductTypeInfoPlistAdditions.plist -o /tmp/tm-dd/Build/Products/Debug-iphonesimulator/tagmasterUITests-Runner.app/PlugIns/tagmasterUITests.xctest/Info.plist

CopySwiftLibs /tmp/tm-dd/Build/Products/Debug-iphonesimulator/tagmasterUITests-Runner.app/PlugIns/tagmasterUITests.xctest (in target 'tagmasterUITests' from project 'tagmaster')
    cd /Users/depoll/.local/share/pi-worktrees/20260907070801/fable-audit-ux-worktree-20260907/iOS/tagmaster
    builtin-swiftStdLibTool --copy --verbose --sign - --scan-executable /tmp/tm-dd/Build/Products/Debug-iphonesimulator/tagmasterUITests-Runner.app/PlugIns/tagmasterUITests.xctest/tagmasterUITests --scan-folder /tmp/tm-dd/Build/Products/Debug-iphonesimulator/tagmasterUITests-Runner.app/PlugIns/tagmasterUITests.xctest/Frameworks --scan-folder /tmp/tm-dd/Build/Products/Debug-iphonesimulator/tagmasterUITests-Runner.app/PlugIns/tagmasterUITests.xctest/PlugIns --scan-folder /tmp/tm-dd/Build/Products/Debug-iphonesimulator/tagmasterUITests-Runner.app/PlugIns/tagmasterUITests.xctest/SystemExtensions --scan-folder /tmp/tm-dd/Build/Products/Debug-iphonesimulator/tagmasterUITests-Runner.app/PlugIns/tagmasterUITests.xctest/Extensions --scan-folder /Applications/Xcode.app/Contents/Developer/Platforms/iPhoneOS.platform/Developer/SDKs/iPhoneOS18.0.sdk/System/Library/Frameworks/Foundation.framework --platform iphonesimulator --toolchain /Applications/Xcode.app/Contents/Developer/Toolchains/XcodeDefault.xctoolchain --destination /tmp/tm-dd/Build/Products/Debug-iphonesimulator/tagmasterUITests-Runner.app/PlugIns/tagmasterUITests.xctest/Frameworks --strip-bitcode --scan-executable /Applications/Xcode.app/Contents/Developer/Platforms/iPhoneSimulator.platform/Developer/usr/lib/libXCTestSwiftSupport.dylib --strip-bitcode-tool /Applications/Xcode.app/Contents/Developer/Toolchains/XcodeDefault.xctoolchain/usr/bin/bitcode_strip --emit-dependency-info /tmp/tm-dd/Build/Intermediates.noindex/tagmaster.build/Debug-iphonesimulator/tagmasterUITests.build/SwiftStdLibToolInputDependencies.dep --filter-for-swift-os

2026-09-07 23:06:21.487527-0700 tagmasterUITests-Runner[49935:31741406] [Default] Running tests...
    t =      nans Interface orientation changed to Portrait
Test Suite 'All tests' started at 2026-09-07 23:06:21.993.
Test Suite 'tagmasterUITests.xctest' started at 2026-09-07 23:06:21.993.
Test Suite 'FavoritesUITests' started at 2026-09-07 23:06:21.994.
Test Case '-[tagmasterUITests.FavoritesUITests testCanNavigateBackFromDetail]' started.
    t =     0.00s Start Test at 2026-09-07 23:06:21.994
    t =     0.01s Set Up
    t =     0.02s     Open depollsoft.tagmaster
    t =     0.02s         Launch depollsoft.tagmaster
2026-09-07 23:06:22.044 xcodebuild[48078:31738046] [MT] IDELaunchParametersSnapshot: The operation couldn’t be completed. (DebuggerLLDB.DebuggerVersionStore.StoreError error 0.)
2026-09-07 23:06:22.044 xcodebuild[48078:31738046] [MT] IDELaunchParametersSnapshot: no debugger version
objc[49935]: Class UIAccessibilityLoaderWebShared is implemented in both /Library/Developer/CoreSimulator/Volumes/iOS_23F77/Library/Developer/CoreSimulator/Profiles/Runtimes/iOS 26.5.simruntime/Contents/Resources/RuntimeRoot/System/Library/AccessibilityBundles/WebCore.axbundle/WebCore (0x10aa1c310) and /Library/Developer/CoreSimulator/Volumes/iOS_23F77/Library/Developer/CoreSimulator/Profiles/Runtimes/iOS 26.5.simruntime/Contents/Resources/RuntimeRoot/System/Library/AccessibilityBundles/WebKit.axbundle/WebKit (0x10a28c398). This may cause spurious casting failures and mysterious crashes. One of the duplicates must be removed or renamed.
    t =     0.86s             Setting up automation session
    t =     1.56s             Wait for depollsoft.tagmaster to idle
    t =     3.81s Checking existence of `Table (First Match)`
    t =     3.85s Get number of matches for: Descendants matching type Cell
    t =     3.87s Tap Cell (Element at index 0)
    t =     3.87s     Wait for depollsoft.tagmaster to idle
    t =     3.87s     Find the Cell (Element at index 0)
    t =     3.89s     Check for interrupting elements affecting Cell
    t =     3.91s     Synthesize event
    t =     4.20s     Wait for depollsoft.tagmaster to idle
    t =     5.50s Checking existence of `Button (Element at index 0)`
    t =     5.62s Tap Button (Element at index 0)
    t =     5.62s     Wait for depollsoft.tagmaster to idle
    t =     5.62s     Find the Button (Element at index 0)
    t =     5.66s     Check for interrupting elements affecting "BackButton" Button
    t =     5.71s     Synthesize event
    t =     5.99s     Wait for depollsoft.tagmaster to idle
    t =     7.08s Tear Down
Test Case '-[tagmasterUITests.FavoritesUITests testCanNavigateBackFromDetail]' passed (7.320 seconds).
Test Case '-[tagmasterUITests.FavoritesUITests testCanScrollFavoritesList]' started.
    t =     0.00s Start Test at 2026-09-07 23:06:29.315
    t =     0.02s Set Up
    t =     0.02s     Open depollsoft.tagmaster
    t =     0.02s         Launch depollsoft.tagmaster
    t =     0.02s             Terminate depollsoft.tagmaster:50024
2026-09-07 23:06:30.379 xcodebuild[48078:31738046] [MT] IDELaunchParametersSnapshot: The operation couldn’t be completed. (DebuggerLLDB.DebuggerVersionStore.StoreError error 0.)
2026-09-07 23:06:30.380 xcodebuild[48078:31738046] [MT] IDELaunchParametersSnapshot: no debugger version
    t =     1.28s             Setting up automation session
    t =     1.94s             Wait for depollsoft.tagmaster to idle
    t =     4.20s Checking existence of `Table (First Match)`
    t =     4.23s Swipe up Table (First Match)
    t =     4.23s     Wait for depollsoft.tagmaster to idle
    t =     4.24s     Find the Table (First Match)
    t =     4.25s     Check for interrupting elements affecting Table
    t =     4.27s     Synthesize event
    t =     4.70s     Wait for depollsoft.tagmaster to idle
    t =     5.80s Swipe down Table at {{0.0, 168.0}, {402.0, 706.0}}
    t =     5.80s     Wait for depollsoft.tagmaster to idle
    t =     5.81s     Find the Table at {{0.0, 168.0}, {402.0, 706.0}}
    t =     5.83s     Check for interrupting elements affecting Table
    t =     5.86s     Synthesize event
    t =     6.28s     Wait for depollsoft.tagmaster to idle
    t =     7.06s Tear Down
Test Case '-[tagmasterUITests.FavoritesUITests testCanScrollFavoritesList]' passed (7.298 seconds).
Test Case '-[tagmasterUITests.FavoritesUITests testCanTapFavoriteIfExists]' started.
    t =     0.00s Start Test at 2026-09-07 23:06:36.614
    t =     0.02s Set Up
    t =     0.02s     Open depollsoft.tagmaster
    t =     0.02s         Launch depollsoft.tagmaster
    t =     0.02s             Terminate depollsoft.tagmaster:51033
2026-09-07 23:06:37.714 xcodebuild[48078:31738046] [MT] IDELaunchParametersSnapshot: The operation couldn’t be completed. (DebuggerLLDB.DebuggerVersionStore.StoreError error 0.)
2026-09-07 23:06:37.714 xcodebuild[48078:31738046] [MT] IDELaunchParametersSnapshot: no debugger version
    t =     1.31s             Setting up automation session
    t =     1.96s             Wait for depollsoft.tagmaster to idle
    t =     4.21s Checking existence of `Table (First Match)`
    t =     4.24s Get number of matches for: Descendants matching type Cell
    t =     4.27s Tap Cell (Element at index 0)
    t =     4.27s     Wait for depollsoft.tagmaster to idle
    t =     4.27s     Find the Cell (Element at index 0)
    t =     4.29s     Check for interrupting elements affecting Cell
    t =     4.30s     Synthesize event
    t =     4.58s     Wait for depollsoft.tagmaster to idle
    t =     5.90s Tear Down
Test Case '-[tagmasterUITests.FavoritesUITests testCanTapFavoriteIfExists]' passed (6.128 seconds).
Test Case '-[tagmasterUITests.FavoritesUITests testFavoritesLabelExists]' started.
    t =     0.00s Start Test at 2026-09-07 23:06:42.744
    t =     0.03s Set Up
    t =     0.03s     Open depollsoft.tagmaster
    t =     0.03s         Launch depollsoft.tagmaster
    t =     0.03s             Terminate depollsoft.tagmaster:51671
2026-09-07 23:06:43.852 xcodebuild[48078:31738046] [MT] IDELaunchParametersSnapshot: The operation couldn’t be completed. (DebuggerLLDB.DebuggerVersionStore.StoreError error 0.)
2026-09-07 23:06:43.853 xcodebuild[48078:31738046] [MT] IDELaunchParametersSnapshot: no debugger version
    t =     1.32s             Setting up automation session
    t =     1.98s             Wait for depollsoft.tagmaster to idle
    t =     4.23s Checking existence of `StaticText (First Match)`
    t =     4.26s Tear Down
Test Case '-[tagmasterUITests.FavoritesUITests testFavoritesLabelExists]' passed (4.483 seconds).
Test Case '-[tagmasterUITests.FavoritesUITests testHasListOrContent]' started.
    t =     0.00s Start Test at 2026-09-07 23:06:47.227
    t =     0.03s Set Up
    t =     0.03s     Open depollsoft.tagmaster
    t =     0.03s         Launch depollsoft.tagmaster
    t =     0.03s             Terminate depollsoft.tagmaster:52235
2026-09-07 23:06:48.316 xcodebuild[48078:31738046] [MT] IDELaunchParametersSnapshot: The operation couldn’t be completed. (DebuggerLLDB.DebuggerVersionStore.StoreError error 0.)
2026-09-07 23:06:48.316 xcodebuild[48078:31738046] [MT] IDELaunchParametersSnapshot: no debugger version
    t =     1.30s             Setting up automation session
    t =     1.96s             Wait for depollsoft.tagmaster to idle
    t =     4.22s Checking existence of `Table (First Match)`
    t =     4.25s Tear Down
Test Case '-[tagmasterUITests.FavoritesUITests testHasListOrContent]' passed (4.502 seconds).
Test Case '-[tagmasterUITests.FavoritesUITests testMainScreenLoads]' started.
    t =     0.00s Start Test at 2026-09-07 23:06:51.731
    t =     0.02s Set Up
    t =     0.02s     Open depollsoft.tagmaster
    t =     0.02s         Launch depollsoft.tagmaster
    t =     0.02s             Terminate depollsoft.tagmaster:52775
2026-09-07 23:06:52.836 xcodebuild[48078:31738046] [MT] IDELaunchParametersSnapshot: The operation couldn’t be completed. (DebuggerLLDB.DebuggerVersionStore.StoreError error 0.)
2026-09-07 23:06:52.836 xcodebuild[48078:31738046] [MT] IDELaunchParametersSnapshot: no debugger version
    t =     1.31s             Setting up automation session
    t =     1.99s             Wait for depollsoft.tagmaster to idle
    t =     4.23s Tear Down
Test Case '-[tagmasterUITests.FavoritesUITests testMainScreenLoads]' passed (4.491 seconds).
Test Case '-[tagmasterUITests.FavoritesUITests testRapidFavoriteInteraction]' started.
    t =     0.00s Start Test at 2026-09-07 23:06:56.223
    t =     0.03s Set Up
    t =     0.03s     Open depollsoft.tagmaster
    t =     0.03s         Launch depollsoft.tagmaster
    t =     0.03s             Terminate depollsoft.tagmaster:53323
2026-09-07 23:06:57.299 xcodebuild[48078:31738046] [MT] IDELaunchParametersSnapshot: The operation couldn’t be completed. (DebuggerLLDB.DebuggerVersionStore.StoreError error 0.)
2026-09-07 23:06:57.299 xcodebuild[48078:31738046] [MT] IDELaunchParametersSnapshot: no debugger version
    t =     1.29s             Setting up automation session
    t =     1.95s             Wait for depollsoft.tagmaster to idle
    t =     4.19s Waiting 3.0s for Table (First Match) to exist
    t =     5.24s     Checking `Expect predicate `existsNoRetry == 1` for object Table (First Match)`
    t =     5.25s         Checking existence of `Table (First Match)`
    t =     5.28s Get number of matches for: Descendants matching type Cell
    t =     5.30s Get number of matches for: Descendants matching type Cell
    t =     5.32s Waiting 2.0s for Cell (Element at index 0) to exist
    t =     6.37s     Checking `Expect predicate `existsNoRetry == 1` for object Cell (Element at index 0)`
    t =     6.37s         Checking existence of `Cell (Element at index 0)`
    t =     6.40s Find the Cell (Element at index 0)
    t =     6.43s Tap Cell at {{0.0, 168.0}, {402.0, 52.0}}
    t =     6.43s     Wait for depollsoft.tagmaster to idle
    t =     6.44s     Find the Cell at {{0.0, 168.0}, {402.0, 52.0}}
    t =     6.45s     Check for interrupting elements affecting Cell
    t =     6.47s     Synthesize event
    t =     6.76s     Wait for depollsoft.tagmaster to idle
    t =     7.89s Waiting 1.0s for Button (Element at index 0) to exist
    t =     8.89s     Checking `Expect predicate `existsNoRetry == 1` for object Button (Element at index 0)`
    t =     8.89s         Checking existence of `Button (Element at index 0)`
    t =     8.98s     Checking existence of `Button (Element at index 0)`
    t =     9.03s Find the Button (Element at index 0)
    t =     9.08s Tap "BackButton" Button
    t =     9.08s     Wait for depollsoft.tagmaster to idle
    t =     9.08s     Find the "BackButton" Button
    t =     9.12s     Check for interrupting elements affecting "BackButton" Button
    t =     9.16s     Synthesize event
    t =     9.46s     Wait for depollsoft.tagmaster to idle
    t =    10.23s Waiting 2.0s for Table (First Match) to exist
    t =    11.29s     Checking `Expect predicate `existsNoRetry == 1` for object Table (First Match)`
    t =    11.29s         Checking existence of `Table (First Match)`
    t =    11.62s Waiting 2.0s for Cell (Element at index 1) to exist
    t =    12.67s     Checking `Expect predicate `existsNoRetry == 1` for object Cell (Element at index 1)`
    t =    12.67s         Checking existence of `Cell (Element at index 1)`
    t =    12.71s Find the Cell (Element at index 1)
    t =    12.74s Tap Cell at {{0.0, 220.0}, {402.0, 52.0}}
    t =    12.74s     Wait for depollsoft.tagmaster to idle
    t =    12.74s     Find the Cell at {{0.0, 220.0}, {402.0, 52.0}}
    t =    12.76s     Check for interrupting elements affecting Cell
    t =    12.77s     Synthesize event
    t =    13.06s     Wait for depollsoft.tagmaster to idle
    t =    14.08s Waiting 1.0s for Button (Element at index 0) to exist
    t =    15.09s     Checking `Expect predicate `existsNoRetry == 1` for object Button (Element at index 0)`
    t =    15.09s         Checking existence of `Button (Element at index 0)`
    t =    15.11s     Checking existence of `Button (Element at index 0)`
    t =    15.13s Find the Button (Element at index 0)
    t =    15.15s Tap "BackButton" Button
    t =    15.15s     Wait for depollsoft.tagmaster to idle
    t =    15.15s     Find the "BackButton" Button
    t =    15.17s     Check for interrupting elements affecting "BackButton" Button
    t =    15.18s     Synthesize event
    t =    15.46s     Wait for depollsoft.tagmaster to idle
    t =    16.20s Waiting 2.0s for Table (First Match) to exist
    t =    17.25s     Checking `Expect predicate `existsNoRetry == 1` for object Table (First Match)`
    t =    17.25s         Checking existence of `Table (First Match)`
    t =    17.59s Waiting 2.0s for Cell (Element at index 2) to exist
    t =    18.64s     Checking `Expect predicate `existsNoRetry == 1` for object Cell (Element at index 2)`
    t =    18.64s         Checking existence of `Cell (Element at index 2)`
    t =    18.67s Find the Cell (Element at index 2)
    t =    18.70s Tap Cell at {{0.0, 272.0}, {402.0, 52.0}}
    t =    18.70s     Wait for depollsoft.tagmaster to idle
    t =    18.70s     Find the Cell at {{0.0, 272.0}, {402.0, 52.0}}
    t =    18.72s     Check for interrupting elements affecting Cell
    t =    18.74s     Synthesize event
    t =    19.03s     Wait for depollsoft.tagmaster to idle
    t =    19.34s Waiting 1.0s for Button (Element at index 0) to exist
    t =    20.35s     Checking `Expect predicate `existsNoRetry == 1` for object Button (Element at index 0)`
    t =    20.35s         Checking existence of `Button (Element at index 0)`
    t =    20.38s     Checking existence of `Button (Element at index 0)`
    t =    20.40s Find the Button (Element at index 0)
    t =    20.42s Tap "Edit" Button
    t =    20.42s     Wait for depollsoft.tagmaster to idle
    t =    20.42s     Find the "Edit" Button
    t =    20.44s     Check for interrupting elements affecting "Edit" Button
    t =    20.45s     Synthesize event
    t =    20.74s     Wait for depollsoft.tagmaster to idle
    t =    22.06s Waiting 2.0s for Table (First Match) to exist
    t =    23.12s     Checking `Expect predicate `existsNoRetry == 1` for object Table (First Match)`
    t =    23.12s         Checking existence of `Table (First Match)`
    t =    23.19s         Capturing element debug description
    t =    24.07s     Checking `Expect predicate `existsNoRetry == 1` for object Table (First Match)`
    t =    24.07s         Checking existence of `Table (First Match)`
    t =    24.13s         Capturing element debug description
    t =    24.13s     Checking existence of `Table (First Match)`
    t =    24.17s Collecting debug information to assist test failure triage
    t =    24.17s     Requesting snapshot of accessibility hierarchy for app with pid 53812
    t =    24.52s Tear Down
Test Case '-[tagmasterUITests.FavoritesUITests testRapidFavoriteInteraction]' passed (24.744 seconds).
Test Case '-[tagmasterUITests.FavoritesUITests testSwipeOnFavoriteIfExists]' started.
    t =     0.00s Start Test at 2026-09-07 23:07:20.967
    t =     0.02s Set Up
    t =     0.02s     Open depollsoft.tagmaster
    t =     0.02s         Launch depollsoft.tagmaster
    t =     0.02s             Terminate depollsoft.tagmaster:53812
2026-09-07 23:07:22.048 xcodebuild[48078:31738046] [MT] IDELaunchParametersSnapshot: The operation couldn’t be completed. (DebuggerLLDB.DebuggerVersionStore.StoreError error 0.)
2026-09-07 23:07:22.048 xcodebuild[48078:31738046] [MT] IDELaunchParametersSnapshot: no debugger version
    t =     1.29s             Setting up automation session
    t =     1.94s             Wait for depollsoft.tagmaster to idle
    t =     4.19s Waiting 3.0s for Table (First Match) to exist
    t =     5.23s     Checking `Expect predicate `existsNoRetry == 1` for object Table (First Match)`
    t =     5.23s         Checking existence of `Table (First Match)`
    t =     5.28s Get number of matches for: Descendants matching type Cell
    t =     5.30s Find the Cell (Element at index 0)
    t =     5.33s Swipe left Cell at {{0.0, 168.0}, {402.0, 52.0}}
    t =     5.33s     Wait for depollsoft.tagmaster to idle
    t =     5.33s     Find the Cell at {{0.0, 168.0}, {402.0, 52.0}}
    t =     5.35s     Check for interrupting elements affecting Cell
    t =     5.36s     Synthesize event
    t =     5.79s     Wait for depollsoft.tagmaster to idle
    t =     7.10s Tear Down
Test Case '-[tagmasterUITests.FavoritesUITests testSwipeOnFavoriteIfExists]' passed (7.354 seconds).
Test Suite 'FavoritesUITests' passed at 2026-09-07 23:07:28.322.
	 Executed 8 tests, with 0 failures (0 unexpected) in 66.320 (66.328) seconds
Test Suite 'SearchUITests' started at 2026-09-07 23:07:28.322.
Test Case '-[tagmasterUITests.SearchUITests testCanAccessSearch]' started.
    t =     0.00s Start Test at 2026-09-07 23:07:28.324
    t =     0.03s Set Up
    t =     0.03s     Open depollsoft.tagmaster
    t =     0.03s         Launch depollsoft.tagmaster
    t =     0.03s             Terminate depollsoft.tagmaster:56559
2026-09-07 23:07:29.417 xcodebuild[48078:31738046] [MT] IDELaunchParametersSnapshot: The operation couldn’t be completed. (DebuggerLLDB.DebuggerVersionStore.StoreError error 0.)
2026-09-07 23:07:29.417 xcodebuild[48078:31738046] [MT] IDELaunchParametersSnapshot: no debugger version
    t =     1.30s             Setting up automation session
    t =     1.97s             Wait for depollsoft.tagmaster to idle
    t =     3.73s Checking existence of `"Search" Button`
    t =     3.77s Tap "Search" Button
    t =     3.77s     Wait for depollsoft.tagmaster to idle
    t =     3.77s     Find the "Search" Button
    t =     3.79s     Check for interrupting elements affecting "Search" Button
    t =     3.81s     Synthesize event
    t =     4.10s     Wait for depollsoft.tagmaster to idle
    t =     4.88s Tear Down
Test Case '-[tagmasterUITests.SearchUITests testCanAccessSearch]' passed (5.153 seconds).
Test Case '-[tagmasterUITests.SearchUITests testCanClearSearchField]' started.
    t =     0.00s Start Test at 2026-09-07 23:07:33.478
    t =     0.02s Set Up
    t =     0.02s     Open depollsoft.tagmaster
    t =     0.02s         Launch depollsoft.tagmaster
    t =     0.02s             Terminate depollsoft.tagmaster:57181
2026-09-07 23:07:34.570 xcodebuild[48078:31738046] [MT] IDELaunchParametersSnapshot: The operation couldn’t be completed. (DebuggerLLDB.DebuggerVersionStore.StoreError error 0.)
2026-09-07 23:07:34.570 xcodebuild[48078:31738046] [MT] IDELaunchParametersSnapshot: no debugger version
    t =     1.30s             Setting up automation session
    t =     1.98s             Wait for depollsoft.tagmaster to idle
    t =     3.74s Checking existence of `"Search" Button`
    t =     3.78s Tap "Search" Button
    t =     3.78s     Wait for depollsoft.tagmaster to idle
    t =     3.79s     Find the "Search" Button
    t =     3.80s     Check for interrupting elements affecting "Search" Button
    t =     3.82s     Synthesize event
    t =     4.12s     Wait for depollsoft.tagmaster to idle
    t =     5.44s Checking existence of `SearchField (First Match)`
    t =     5.47s Tap SearchField (First Match)
    t =     5.47s     Wait for depollsoft.tagmaster to idle
    t =     5.47s     Find the SearchField (First Match)
    t =     5.49s     Check for interrupting elements affecting "Search" SearchField
    t =     5.52s     Synthesize event
    t =     5.81s     Wait for depollsoft.tagmaster to idle
    t =     6.83s Type 'test' into "Search" SearchField
    t =     6.83s     Wait for depollsoft.tagmaster to idle
    t =     6.83s     Find the "Search" SearchField
    t =     6.86s     Check for interrupting elements affecting "Search" SearchField
    t =     6.90s     Synthesize event
    t =     7.15s     Wait for depollsoft.tagmaster to idle
    t =     7.63s Checking existence of `"Clear text" Button`
    t =     7.66s Tap "Clear text" Button
    t =     7.66s     Wait for depollsoft.tagmaster to idle
    t =     7.66s     Find the "Clear text" Button
    t =     7.68s     Check for interrupting elements affecting "Clear text" Button
    t =     7.71s     Synthesize event
    t =     8.00s     Wait for depollsoft.tagmaster to idle
    t =     8.02s Tear Down
Test Case '-[tagmasterUITests.SearchUITests testCanClearSearchField]' passed (8.298 seconds).
Test Case '-[tagmasterUITests.SearchUITests testCanDismissSearch]' started.
    t =     0.00s Start Test at 2026-09-07 23:07:41.777
    t =     0.02s Set Up
    t =     0.02s     Open depollsoft.tagmaster
    t =     0.02s         Launch depollsoft.tagmaster
    t =     0.02s             Terminate depollsoft.tagmaster:57734
2026-09-07 23:07:42.870 xcodebuild[48078:31738046] [MT] IDELaunchParametersSnapshot: The operation couldn’t be completed. (DebuggerLLDB.DebuggerVersionStore.StoreError error 0.)
2026-09-07 23:07:42.871 xcodebuild[48078:31738046] [MT] IDELaunchParametersSnapshot: no debugger version
    t =     1.30s             Setting up automation session
    t =     1.96s             Wait for depollsoft.tagmaster to idle
    t =     3.71s Checking existence of `"Search" Button`
    t =     3.76s Tap "Search" Button
    t =     3.76s     Wait for depollsoft.tagmaster to idle
    t =     3.76s     Find the "Search" Button
    t =     3.79s     Check for interrupting elements affecting "Search" Button
    t =     3.81s     Synthesize event
    t =     4.10s     Wait for depollsoft.tagmaster to idle
    t =     5.38s Checking existence of `"Cancel" Button`
    t =     5.43s Checking existence of `Button (Element at index 0)`
    t =     5.45s Tap Button (Element at index 0)
    t =     5.45s     Wait for depollsoft.tagmaster to idle
    t =     5.45s     Find the Button (Element at index 0)
    t =     5.47s     Check for interrupting elements affecting "BackButton" Button
    t =     5.49s     Synthesize event
    t =     5.78s     Wait for depollsoft.tagmaster to idle
    t =     6.95s Tear Down
Test Case '-[tagmasterUITests.SearchUITests testCanDismissSearch]' passed (7.222 seconds).
Test Case '-[tagmasterUITests.SearchUITests testCanExecuteSearch]' started.
    t =     0.00s Start Test at 2026-09-07 23:07:49.000
    t =     0.03s Set Up
    t =     0.03s     Open depollsoft.tagmaster
    t =     0.03s         Launch depollsoft.tagmaster
    t =     0.03s             Terminate depollsoft.tagmaster:58829
2026-09-07 23:07:50.080 xcodebuild[48078:31738046] [MT] IDELaunchParametersSnapshot: The operation couldn’t be completed. (DebuggerLLDB.DebuggerVersionStore.StoreError error 0.)
2026-09-07 23:07:50.080 xcodebuild[48078:31738046] [MT] IDELaunchParametersSnapshot: no debugger version
    t =     1.29s             Setting up automation session
    t =     1.95s             Wait for depollsoft.tagmaster to idle
    t =     3.70s Checking existence of `"Search" Button`
    t =     3.75s Tap "Search" Button
    t =     3.75s     Wait for depollsoft.tagmaster to idle
    t =     3.75s     Find the "Search" Button
    t =     3.77s     Check for interrupting elements affecting "Search" Button
    t =     3.79s     Synthesize event
    t =     4.08s     Wait for depollsoft.tagmaster to idle
    t =     5.49s Checking existence of `SearchField (First Match)`
    t =     5.52s Tap SearchField (First Match)
    t =     5.52s     Wait for depollsoft.tagmaster to idle
    t =     5.53s     Find the SearchField (First Match)
    t =     5.54s     Check for interrupting elements affecting "Search" SearchField
    t =     5.57s     Synthesize event
    t =     5.86s     Wait for depollsoft.tagmaster to idle
    t =     6.84s Type 'Hello' into "Search" SearchField
    t =     6.84s     Wait for depollsoft.tagmaster to idle
    t =     6.84s     Find the "Search" SearchField
    t =     6.88s     Check for interrupting elements affecting "Search" SearchField
    t =     6.91s     Synthesize event
    t =     7.20s     Wait for depollsoft.tagmaster to idle
    t =     7.34s Checking existence of `"Search" Button`
    t =     7.39s Tap "Search" Button
    t =     7.39s     Wait for depollsoft.tagmaster to idle
    t =     7.40s     Find the "Search" Button
    t =     7.43s     Check for interrupting elements affecting "Search" Button
    t =     7.46s     Synthesize event
    t =     7.75s     Wait for depollsoft.tagmaster to idle
    t =     9.00s Tear Down
Test Case '-[tagmasterUITests.SearchUITests testCanExecuteSearch]' passed (9.230 seconds).
Test Case '-[tagmasterUITests.SearchUITests testCanTypeInSearchField]' started.
    t =     0.00s Start Test at 2026-09-07 23:07:58.232
    t =     0.03s Set Up
    t =     0.03s     Open depollsoft.tagmaster
    t =     0.03s         Launch depollsoft.tagmaster
    t =     0.03s             Terminate depollsoft.tagmaster:59821
2026-09-07 23:07:59.316 xcodebuild[48078:31738046] [MT] IDELaunchParametersSnapshot: The operation couldn’t be completed. (DebuggerLLDB.DebuggerVersionStore.StoreError error 0.)
2026-09-07 23:07:59.317 xcodebuild[48078:31738046] [MT] IDELaunchParametersSnapshot: no debugger version
    t =     1.31s             Setting up automation session
    t =     1.97s             Wait for depollsoft.tagmaster to idle
    t =     3.73s Checking existence of `"Search" Button`
    t =     3.78s Tap "Search" Button
    t =     3.78s     Wait for depollsoft.tagmaster to idle
    t =     3.78s     Find the "Search" Button
    t =     3.80s     Check for interrupting elements affecting "Search" Button
    t =     3.81s     Synthesize event
    t =     4.10s     Wait for depollsoft.tagmaster to idle
    t =     5.43s Checking existence of `SearchField (First Match)`
    t =     5.46s Tap SearchField (First Match)
    t =     5.46s     Wait for depollsoft.tagmaster to idle
    t =     5.47s     Find the SearchField (First Match)
    t =     5.48s     Check for interrupting elements affecting "Search" SearchField
    t =     5.51s     Synthesize event
    t =     5.80s     Wait for depollsoft.tagmaster to idle
    t =     6.79s Type 'test' into "Search" SearchField
    t =     6.79s     Wait for depollsoft.tagmaster to idle
    t =     6.79s     Find the "Search" SearchField
    t =     6.83s     Check for interrupting elements affecting "Search" SearchField
    t =     6.86s     Synthesize event
    t =     7.13s     Wait for depollsoft.tagmaster to idle
    t =     7.30s Find the "Search" SearchField
    t =     7.33s Tear Down
Test Case '-[tagmasterUITests.SearchUITests testCanTypeInSearchField]' passed (7.553 seconds).
Test Case '-[tagmasterUITests.SearchUITests testMultipleSearchesDoNotCrash]' started.
    t =     0.00s Start Test at 2026-09-07 23:08:05.786
    t =     0.03s Set Up
    t =     0.03s     Open depollsoft.tagmaster
    t =     0.03s         Launch depollsoft.tagmaster
    t =     0.03s             Terminate depollsoft.tagmaster:60487
2026-09-07 23:08:06.884 xcodebuild[48078:31738046] [MT] IDELaunchParametersSnapshot: The operation couldn’t be completed. (DebuggerLLDB.DebuggerVersionStore.StoreError error 0.)
2026-09-07 23:08:06.884 xcodebuild[48078:31738046] [MT] IDELaunchParametersSnapshot: no debugger version
    t =     1.31s             Setting up automation session
    t =     1.97s             Wait for depollsoft.tagmaster to idle
    t =     3.73s Checking existence of `"Search" Button`
    t =     3.77s Tap "Search" Button
    t =     3.77s     Wait for depollsoft.tagmaster to idle
    t =     3.77s     Find the "Search" Button
    t =     3.79s     Check for interrupting elements affecting "Search" Button
    t =     3.80s     Synthesize event
    t =     4.09s     Wait for depollsoft.tagmaster to idle
    t =     5.41s Checking existence of `SearchField (First Match)`
    t =     5.44s Find the SearchField (First Match)
    t =     5.48s Tap "Search" SearchField
    t =     5.48s     Wait for depollsoft.tagmaster to idle
    t =     5.48s     Find the "Search" SearchField
    t =     5.49s     Check for interrupting elements affecting "Search" SearchField
    t =     5.52s     Synthesize event
    t =     5.81s     Wait for depollsoft.tagmaster to idle
    t =     6.78s Type 'test' into "Search" SearchField
    t =     6.78s     Wait for depollsoft.tagmaster to idle
    t =     6.79s     Find the "Search" SearchField
    t =     6.81s     Check for interrupting elements affecting "Search" SearchField
    t =     6.85s     Synthesize event
    t =     7.11s     Wait for depollsoft.tagmaster to idle
    t =     7.78s Checking existence of `"Search" Button`
    t =     7.84s Find the "Search" Button
    t =     7.88s Tap "Search" Button
    t =     7.88s     Wait for depollsoft.tagmaster to idle
    t =     7.89s     Find the "Search" Button
    t =     7.92s     Check for interrupting elements affecting "Search" Button
    t =     7.94s     Synthesize event
    t =     8.23s     Wait for depollsoft.tagmaster to idle
    t =     9.50s Tear Down
Test Case '-[tagmasterUITests.SearchUITests testMultipleSearchesDoNotCrash]' passed (9.718 seconds).
Test Case '-[tagmasterUITests.SearchUITests testSearchFieldExists]' started.
    t =     0.00s Start Test at 2026-09-07 23:08:15.505
    t =     0.03s Set Up
    t =     0.03s     Open depollsoft.tagmaster
    t =     0.03s         Launch depollsoft.tagmaster
    t =     0.03s             Terminate depollsoft.tagmaster:61496
2026-09-07 23:08:16.599 xcodebuild[48078:31738046] [MT] IDELaunchParametersSnapshot: The operation couldn’t be completed. (DebuggerLLDB.DebuggerVersionStore.StoreError error 0.)
2026-09-07 23:08:16.599 xcodebuild[48078:31738046] [MT] IDELaunchParametersSnapshot: no debugger version
    t =     1.30s             Setting up automation session
    t =     1.94s             Wait for depollsoft.tagmaster to idle
    t =     3.70s Checking existence of `"Search" Button`
    t =     3.74s Tap "Search" Button
    t =     3.74s     Wait for depollsoft.tagmaster to idle
    t =     3.75s     Find the "Search" Button
    t =     3.77s     Check for interrupting elements affecting "Search" Button
    t =     3.78s     Synthesize event
    t =     4.08s     Wait for depollsoft.tagmaster to idle
    t =     5.36s Checking existence of `SearchField (First Match)`
    t =     5.40s Tear Down
Test Case '-[tagmasterUITests.SearchUITests testSearchFieldExists]' passed (5.642 seconds).
Test Case '-[tagmasterUITests.SearchUITests testSearchResultsDisplay]' started.
    t =     0.00s Start Test at 2026-09-07 23:08:21.148
    t =     0.03s Set Up
    t =     0.03s     Open depollsoft.tagmaster
    t =     0.03s         Launch depollsoft.tagmaster
    t =     0.03s             Terminate depollsoft.tagmaster:62586
2026-09-07 23:08:22.233 xcodebuild[48078:31738046] [MT] IDELaunchParametersSnapshot: The operation couldn’t be completed. (DebuggerLLDB.DebuggerVersionStore.StoreError error 0.)
2026-09-07 23:08:22.233 xcodebuild[48078:31738046] [MT] IDELaunchParametersSnapshot: no debugger version
    t =     1.30s             Setting up automation session
    t =     1.95s             Wait for depollsoft.tagmaster to idle
    t =     3.70s Checking existence of `"Search" Button`
    t =     3.75s Tap "Search" Button
    t =     3.75s     Wait for depollsoft.tagmaster to idle
    t =     3.75s     Find the "Search" Button
    t =     3.77s     Check for interrupting elements affecting "Search" Button
    t =     3.79s     Synthesize event
    t =     4.08s     Wait for depollsoft.tagmaster to idle
    t =     5.36s Checking existence of `SearchField (First Match)`
    t =     5.40s Tap SearchField (First Match)
    t =     5.40s     Wait for depollsoft.tagmaster to idle
    t =     5.40s     Find the SearchField (First Match)
    t =     5.42s     Check for interrupting elements affecting "Search" SearchField
    t =     5.45s     Synthesize event
    t =     5.74s     Wait for depollsoft.tagmaster to idle
    t =     6.72s Type 'test' into "Search" SearchField
    t =     6.72s     Wait for depollsoft.tagmaster to idle
    t =     6.73s     Find the "Search" SearchField
    t =     6.76s     Check for interrupting elements affecting "Search" SearchField
    t =     6.80s     Synthesize event
    t =     7.06s     Wait for depollsoft.tagmaster to idle
    t =     7.22s Checking existence of `"Search" Button`
    t =     7.28s Tap "Search" Button
    t =     7.28s     Wait for depollsoft.tagmaster to idle
    t =     7.28s     Find the "Search" Button
    t =     7.31s     Check for interrupting elements affecting "Search" Button
    t =     7.34s     Synthesize event
    t =     7.63s     Wait for depollsoft.tagmaster to idle
    t =     9.88s Checking existence of `Table (First Match)`
    t =     9.91s Tear Down
Test Case '-[tagmasterUITests.SearchUITests testSearchResultsDisplay]' passed (10.128 seconds).
Test Case '-[tagmasterUITests.SearchUITests testSearchWithEmptyQueryDoesNotCrash]' started.
    t =     0.00s Start Test at 2026-09-07 23:08:31.278
    t =     0.03s Set Up
    t =     0.03s     Open depollsoft.tagmaster
    t =     0.03s         Launch depollsoft.tagmaster
    t =     0.03s             Terminate depollsoft.tagmaster:63163
2026-09-07 23:08:32.378 xcodebuild[48078:31738046] [MT] IDELaunchParametersSnapshot: The operation couldn’t be completed. (DebuggerLLDB.DebuggerVersionStore.StoreError error 0.)
2026-09-07 23:08:32.378 xcodebuild[48078:31738046] [MT] IDELaunchParametersSnapshot: no debugger version
    t =     1.30s             Setting up automation session
    t =     1.95s             Wait for depollsoft.tagmaster to idle
    t =     3.70s Checking existence of `"Search" Button`
    t =     3.74s Tap "Search" Button
    t =     3.74s     Wait for depollsoft.tagmaster to idle
    t =     3.74s     Find the "Search" Button
    t =     3.76s     Check for interrupting elements affecting "Search" Button
    t =     3.78s     Synthesize event
    t =     4.07s     Wait for depollsoft.tagmaster to idle
    t =     5.36s Checking existence of `"Search" Button`
    t =     5.91s Tear Down
Test Case '-[tagmasterUITests.SearchUITests testSearchWithEmptyQueryDoesNotCrash]' passed (6.114 seconds).
Test Suite 'SearchUITests' passed at 2026-09-07 23:08:37.392.
	 Executed 9 tests, with 0 failures (0 unexpected) in 69.059 (69.069) seconds
Test Suite 'TagDetailUITests' started at 2026-09-07 23:08:37.393.
Test Case '-[tagmasterUITests.TagDetailUITests testCanNavigateBackFromDetail]' started.
    t =     0.00s Start Test at 2026-09-07 23:08:37.394
    t =     0.03s Set Up
    t =     0.03s     Open depollsoft.tagmaster
    t =     0.03s         Launch depollsoft.tagmaster
    t =     0.03s             Terminate depollsoft.tagmaster:64266
2026-09-07 23:08:38.482 xcodebuild[48078:31738046] [MT] IDELaunchParametersSnapshot: The operation couldn’t be completed. (DebuggerLLDB.DebuggerVersionStore.StoreError error 0.)
2026-09-07 23:08:38.483 xcodebuild[48078:31738046] [MT] IDELaunchParametersSnapshot: no debugger version
    t =     1.30s             Setting up automation session
    t =     1.97s             Wait for depollsoft.tagmaster to idle
    t =     4.22s Checking existence of `Table (First Match)`
    t =     4.24s Get number of matches for: Descendants matching type Cell
    t =     4.26s Tap Cell (Element at index 0)
    t =     4.26s     Wait for depollsoft.tagmaster to idle
    t =     4.26s     Find the Cell (Element at index 0)
    t =     4.28s     Check for interrupting elements affecting Cell
    t =     4.30s     Synthesize event
    t =     4.59s     Wait for depollsoft.tagmaster to idle
    t =     5.88s Checking existence of `Button (Element at index 0)`
    t =     5.99s Tap Button (Element at index 0)
    t =     5.99s     Wait for depollsoft.tagmaster to idle
    t =     5.99s     Find the Button (Element at index 0)
    t =     6.04s     Check for interrupting elements affecting "BackButton" Button
    t =     6.08s     Synthesize event
    t =     6.37s     Wait for depollsoft.tagmaster to idle
    t =     7.44s Tear Down
Test Case '-[tagmasterUITests.TagDetailUITests testCanNavigateBackFromDetail]' passed (7.715 seconds).
Test Case '-[tagmasterUITests.TagDetailUITests testCanNavigateToTagDetail]' started.
    t =     0.00s Start Test at 2026-09-07 23:08:45.109
    t =     0.01s Set Up
    t =     0.01s     Open depollsoft.tagmaster
    t =     0.01s         Launch depollsoft.tagmaster
    t =     0.01s             Terminate depollsoft.tagmaster:64882
2026-09-07 23:08:46.184 xcodebuild[48078:31738046] [MT] IDELaunchParametersSnapshot: The operation couldn’t be completed. (DebuggerLLDB.DebuggerVersionStore.StoreError error 0.)
2026-09-07 23:08:46.185 xcodebuild[48078:31738046] [MT] IDELaunchParametersSnapshot: no debugger version
    t =     1.29s             Setting up automation session
    t =     1.96s             Wait for depollsoft.tagmaster to idle
    t =     4.21s Checking existence of `Table (First Match)`
    t =     4.25s Get number of matches for: Descendants matching type Cell
    t =     4.27s Tap Cell (Element at index 0)
    t =     4.27s     Wait for depollsoft.tagmaster to idle
    t =     4.27s     Find the Cell (Element at index 0)
    t =     4.29s     Check for interrupting elements affecting Cell
    t =     4.31s     Synthesize event
    t =     4.59s     Wait for depollsoft.tagmaster to idle
    t =     5.90s Tear Down
Test Case '-[tagmasterUITests.TagDetailUITests testCanNavigateToTagDetail]' passed (6.162 seconds).
Test Case '-[tagmasterUITests.TagDetailUITests testCanScrollDetailContent]' started.
    t =     0.00s Start Test at 2026-09-07 23:08:51.272
    t =     0.03s Set Up
    t =     0.03s     Open depollsoft.tagmaster
    t =     0.03s         Launch depollsoft.tagmaster
    t =     0.03s             Terminate depollsoft.tagmaster:65889
2026-09-07 23:08:52.371 xcodebuild[48078:31738046] [MT] IDELaunchParametersSnapshot: The operation couldn’t be completed. (DebuggerLLDB.DebuggerVersionStore.StoreError error 0.)
2026-09-07 23:08:52.371 xcodebuild[48078:31738046] [MT] IDELaunchParametersSnapshot: no debugger version
    t =     1.31s             Setting up automation session
    t =     1.95s             Wait for depollsoft.tagmaster to idle
    t =     4.19s Checking existence of `Table (First Match)`
    t =     4.22s Get number of matches for: Descendants matching type Cell
    t =     4.25s Tap Cell (Element at index 0)
    t =     4.25s     Wait for depollsoft.tagmaster to idle
    t =     4.25s     Find the Cell (Element at index 0)
    t =     4.27s     Check for interrupting elements affecting Cell
    t =     4.29s     Synthesize event
    t =     4.57s     Wait for depollsoft.tagmaster to idle
    t =     5.87s Checking existence of `ScrollView (First Match)`
    t =     6.07s Checking existence of `Table (First Match)`
    t =     6.08s Swipe up Table (First Match)
    t =     6.08s     Wait for depollsoft.tagmaster to idle
    t =     6.08s     Find the Table (First Match)
    t =     6.09s     Check for interrupting elements affecting Table
    t =     6.14s     Synthesize event
    t =     6.57s     Wait for depollsoft.tagmaster to idle
    t =     9.01s Swipe down Table at {{0.0, 116.0}, {402.0, 675.0}}
    t =     9.01s     Wait for depollsoft.tagmaster to idle
    t =     9.01s     Find the Table at {{0.0, 116.0}, {402.0, 675.0}}
    t =     9.04s     Check for interrupting elements affecting Table
    t =     9.10s     Synthesize event
    t =     9.53s     Wait for depollsoft.tagmaster to idle
    t =    11.11s Tear Down
Test Case '-[tagmasterUITests.TagDetailUITests testCanScrollDetailContent]' passed (11.326 seconds).
Test Case '-[tagmasterUITests.TagDetailUITests testDetailTabsIfExist]' started.
    t =     0.00s Start Test at 2026-09-07 23:09:02.598
    t =     0.02s Set Up
    t =     0.02s     Open depollsoft.tagmaster
    t =     0.02s         Launch depollsoft.tagmaster
    t =     0.02s             Terminate depollsoft.tagmaster:66479
2026-09-07 23:09:03.684 xcodebuild[48078:31738046] [MT] IDELaunchParametersSnapshot: The operation couldn’t be completed. (DebuggerLLDB.DebuggerVersionStore.StoreError error 0.)
2026-09-07 23:09:03.684 xcodebuild[48078:31738046] [MT] IDELaunchParametersSnapshot: no debugger version
    t =     1.30s             Setting up automation session
    t =     1.97s             Wait for depollsoft.tagmaster to idle
    t =     4.22s Checking existence of `Table (First Match)`
    t =     4.24s Get number of matches for: Descendants matching type Cell
    t =     4.26s Tap Cell (Element at index 0)
    t =     4.26s     Wait for depollsoft.tagmaster to idle
    t =     4.26s     Find the Cell (Element at index 0)
    t =     4.28s     Check for interrupting elements affecting Cell
    t =     4.29s     Synthesize event
    t =     4.58s     Wait for depollsoft.tagmaster to idle
    t =     5.88s Checking existence of `SegmentedControl (First Match)`
    t =     6.08s Tear Down
Test Case '-[tagmasterUITests.TagDetailUITests testDetailTabsIfExist]' passed (6.295 seconds).
Test Case '-[tagmasterUITests.TagDetailUITests testFavoriteButtonIfExists]' started.
    t =     0.00s Start Test at 2026-09-07 23:09:08.895
    t =     0.03s Set Up
    t =     0.03s     Open depollsoft.tagmaster
    t =     0.03s         Launch depollsoft.tagmaster
    t =     0.03s             Terminate depollsoft.tagmaster:67635
2026-09-07 23:09:09.980 xcodebuild[48078:31738046] [MT] IDELaunchParametersSnapshot: The operation couldn’t be completed. (DebuggerLLDB.DebuggerVersionStore.StoreError error 0.)
2026-09-07 23:09:09.981 xcodebuild[48078:31738046] [MT] IDELaunchParametersSnapshot: no debugger version
    t =     1.29s             Setting up automation session
    t =     1.96s             Wait for depollsoft.tagmaster to idle
    t =     4.21s Checking existence of `Table (First Match)`
    t =     4.24s Get number of matches for: Descendants matching type Cell
    t =     4.26s Tap Cell (Element at index 0)
    t =     4.26s     Wait for depollsoft.tagmaster to idle
    t =     4.27s     Find the Cell (Element at index 0)
    t =     4.28s     Check for interrupting elements affecting Cell
    t =     4.30s     Synthesize event
    t =     4.59s     Wait for depollsoft.tagmaster to idle
    t =     5.88s Checking existence of `Button (First Match)`
    t =     6.09s Tear Down
Test Case '-[tagmasterUITests.TagDetailUITests testFavoriteButtonIfExists]' passed (6.315 seconds).
Test Case '-[tagmasterUITests.TagDetailUITests testRapidDetailNavigation]' started.
    t =     0.00s Start Test at 2026-09-07 23:09:15.210
    t =     0.02s Set Up
    t =     0.02s     Open depollsoft.tagmaster
    t =     0.02s         Launch depollsoft.tagmaster
    t =     0.02s             Terminate depollsoft.tagmaster:68622
2026-09-07 23:09:16.283 xcodebuild[48078:31738046] [MT] IDELaunchParametersSnapshot: The operation couldn’t be completed. (DebuggerLLDB.DebuggerVersionStore.StoreError error 0.)
2026-09-07 23:09:16.284 xcodebuild[48078:31738046] [MT] IDELaunchParametersSnapshot: no debugger version
    t =     1.28s             Setting up automation session
    t =     1.94s             Wait for depollsoft.tagmaster to idle
    t =     4.19s Checking existence of `Table (First Match)`
    t =     4.22s Get number of matches for: Descendants matching type Cell
    t =     4.25s Tap Cell (Element at index 0)
    t =     4.25s     Wait for depollsoft.tagmaster to idle
    t =     4.25s     Find the Cell (Element at index 0)
    t =     4.27s     Check for interrupting elements affecting Cell
    t =     4.29s     Synthesize event
    t =     4.57s     Wait for depollsoft.tagmaster to idle
    t =     6.16s Checking existence of `Button (Element at index 0)`
    t =     6.28s Tap Button (Element at index 0)
    t =     6.28s     Wait for depollsoft.tagmaster to idle
    t =     6.28s     Find the Button (Element at index 0)
    t =     6.32s     Check for interrupting elements affecting "BackButton" Button
    t =     6.36s     Synthesize event
    t =     6.65s     Wait for depollsoft.tagmaster to idle
    t =     7.72s Checking existence of `Table (First Match)`
    t =     7.73s Get number of matches for: Descendants matching type Cell
    t =     7.75s Tap Cell (Element at index 0)
    t =     7.75s     Wait for depollsoft.tagmaster to idle
    t =     7.75s     Find the Cell (Element at index 0)
    t =     7.77s     Check for interrupting elements affecting Cell
    t =     7.78s     Synthesize event
    t =     8.07s     Wait for depollsoft.tagmaster to idle
    t =     9.56s Checking existence of `Button (Element at index 0)`
    t =     9.67s Tap Button (Element at index 0)
    t =     9.67s     Wait for depollsoft.tagmaster to idle
    t =     9.67s     Find the Button (Element at index 0)
    t =     9.72s     Check for interrupting elements affecting "BackButton" Button
    t =     9.77s     Synthesize event
    t =    10.06s     Wait for depollsoft.tagmaster to idle
    t =    11.13s Checking existence of `Table (First Match)`
    t =    11.16s Get number of matches for: Descendants matching type Cell
    t =    11.18s Tap Cell (Element at index 0)
    t =    11.18s     Wait for depollsoft.tagmaster to idle
    t =    11.18s     Find the Cell (Element at index 0)
    t =    11.20s     Check for interrupting elements affecting Cell
    t =    11.22s     Synthesize event
    t =    11.51s     Wait for depollsoft.tagmaster to idle
    t =    13.01s Checking existence of `Button (Element at index 0)`
    t =    13.12s Tap Button (Element at index 0)
    t =    13.12s     Wait for depollsoft.tagmaster to idle
    t =    13.12s     Find the Button (Element at index 0)
    t =    13.16s     Check for interrupting elements affecting "BackButton" Button
    t =    13.21s     Synthesize event
    t =    13.49s     Wait for depollsoft.tagmaster to idle
    t =    14.59s Tear Down
Test Case '-[tagmasterUITests.TagDetailUITests testRapidDetailNavigation]' passed (14.820 seconds).
Test Case '-[tagmasterUITests.TagDetailUITests testShareButtonIfExists]' started.
    t =     0.00s Start Test at 2026-09-07 23:09:30.031
    t =     0.02s Set Up
    t =     0.02s     Open depollsoft.tagmaster
    t =     0.02s         Launch depollsoft.tagmaster
    t =     0.02s             Terminate depollsoft.tagmaster:69198
2026-09-07 23:09:31.118 xcodebuild[48078:31738046] [MT] IDELaunchParametersSnapshot: The operation couldn’t be completed. (DebuggerLLDB.DebuggerVersionStore.StoreError error 0.)
2026-09-07 23:09:31.119 xcodebuild[48078:31738046] [MT] IDELaunchParametersSnapshot: no debugger version
    t =     1.30s             Setting up automation session
    t =     1.97s             Wait for depollsoft.tagmaster to idle
    t =     4.22s Checking existence of `Table (First Match)`
    t =     4.26s Get number of matches for: Descendants matching type Cell
    t =     4.28s Tap Cell (Element at index 0)
    t =     4.28s     Wait for depollsoft.tagmaster to idle
    t =     4.29s     Find the Cell (Element at index 0)
    t =     4.30s     Check for interrupting elements affecting Cell
    t =     4.32s     Synthesize event
    t =     4.61s     Wait for depollsoft.tagmaster to idle
    t =     5.92s Checking existence of `"Share" Button`
    t =     6.05s Checking existence of `"square.and.arrow.up" Button`
    t =     6.42s Tear Down
Test Case '-[tagmasterUITests.TagDetailUITests testShareButtonIfExists]' passed (6.646 seconds).
Test Case '-[tagmasterUITests.TagDetailUITests testTagDetailHasContent]' started.
    t =     0.00s Start Test at 2026-09-07 23:09:36.678
    t =     0.02s Set Up
    t =     0.02s     Open depollsoft.tagmaster
    t =     0.03s         Launch depollsoft.tagmaster
    t =     0.03s             Terminate depollsoft.tagmaster:70839
2026-09-07 23:09:37.763 xcodebuild[48078:31738046] [MT] IDELaunchParametersSnapshot: The operation couldn’t be completed. (DebuggerLLDB.DebuggerVersionStore.StoreError error 0.)
2026-09-07 23:09:37.763 xcodebuild[48078:31738046] [MT] IDELaunchParametersSnapshot: no debugger version
    t =     1.30s             Setting up automation session
    t =     1.96s             Wait for depollsoft.tagmaster to idle
    t =     4.21s Checking existence of `Table (First Match)`
    t =     4.25s Get number of matches for: Descendants matching type Cell
    t =     4.27s Tap Cell (Element at index 0)
    t =     4.27s     Wait for depollsoft.tagmaster to idle
    t =     4.27s     Find the Cell (Element at index 0)
    t =     4.29s     Check for interrupting elements affecting Cell
    t =     4.31s     Synthesize event
    t =     4.60s     Wait for depollsoft.tagmaster to idle
    t =     5.87s Get number of matches for: Descendants matching type StaticText
    t =     6.03s Tear Down
Test Case '-[tagmasterUITests.TagDetailUITests testTagDetailHasContent]' passed (6.249 seconds).
Test Suite 'TagDetailUITests' passed at 2026-09-07 23:09:42.928.
	 Executed 8 tests, with 0 failures (0 unexpected) in 65.528 (65.535) seconds
Test Suite 'TagMasterPolishUITests' started at 2026-09-07 23:09:42.929.
Test Case '-[tagmasterUITests.TagMasterPolishUITests testPolishScreensAndShareDismissal]' started.
    t =     0.00s Start Test at 2026-09-07 23:09:42.930
    t =     0.03s Set Up
    t =     0.03s     Open depollsoft.tagmaster
    t =     0.03s         Launch depollsoft.tagmaster
    t =     0.03s             Terminate depollsoft.tagmaster:71434
2026-09-07 23:09:44.001 xcodebuild[48078:31738046] [MT] IDELaunchParametersSnapshot: The operation couldn’t be completed. (DebuggerLLDB.DebuggerVersionStore.StoreError error 0.)
2026-09-07 23:09:44.002 xcodebuild[48078:31738046] [MT] IDELaunchParametersSnapshot: no debugger version
    t =     1.28s             Setting up automation session
    t =     1.94s             Wait for depollsoft.tagmaster to idle
    t =     3.20s Waiting 10.0s for "Search" Button to exist
    t =     4.21s     Checking `Expect predicate `existsNoRetry == 1` for object "Search" Button`
    t =     4.21s         Checking existence of `"Search" Button`
    t =     4.26s Checking existence of `"Teachable Tags" StaticText`
    t =     4.34s Added attachment named 'tagmaster-ios-after-home'
    t =     4.34s Tap "Search" Button
    t =     4.34s     Wait for depollsoft.tagmaster to idle
    t =     4.35s     Find the "Search" Button
    t =     4.36s     Check for interrupting elements affecting "Search" Button
    t =     4.38s     Synthesize event
    t =     4.67s     Wait for depollsoft.tagmaster to idle
    t =     5.46s Waiting 5.0s for SearchField (First Match) to exist
    t =     6.48s     Checking `Expect predicate `existsNoRetry == 1` for object SearchField (First Match)`
    t =     6.48s         Checking existence of `SearchField (First Match)`
    t =     6.51s Checking existence of `"Sheet Music" SegmentedControl`
    t =     6.55s Checking existence of `"Sheet Music" SegmentedControl`
    t =     6.57s Find the "Sheet Music" SegmentedControl
    t =     6.65s Added attachment named 'tagmaster-ios-after-search'
    t =     6.65s Tap SearchField (First Match)
    t =     6.65s     Wait for depollsoft.tagmaster to idle
    t =     6.65s     Find the SearchField (First Match)
    t =     6.67s     Check for interrupting elements affecting "Search" SearchField
    t =     6.69s     Synthesize event
    t =     6.98s     Wait for depollsoft.tagmaster to idle
    t =     7.96s Type 'love' into SearchField (First Match)
    t =     7.96s     Wait for depollsoft.tagmaster to idle
    t =     7.96s     Find the SearchField (First Match)
    t =     8.00s     Check for interrupting elements affecting "Search" SearchField
    t =     8.03s     Synthesize event
    t =     8.30s     Wait for depollsoft.tagmaster to idle
    t =     8.46s Checking existence of `Keyboard (First Match)`
    t =     8.55s Added attachment named 'tagmaster-ios-after-search-keyboard'
    t =     8.55s Terminate depollsoft.tagmaster:72071
    t =     9.60s Open depollsoft.tagmaster
    t =     9.60s     Launch depollsoft.tagmaster
2026-09-07 23:09:52.533 xcodebuild[48078:31738046] [MT] IDELaunchParametersSnapshot: The operation couldn’t be completed. (DebuggerLLDB.DebuggerVersionStore.StoreError error 0.)
2026-09-07 23:09:52.533 xcodebuild[48078:31738046] [MT] IDELaunchParametersSnapshot: no debugger version
    t =     9.82s         Setting up automation session
    t =    10.47s         Wait for depollsoft.tagmaster to idle
    t =    11.71s Waiting 10.0s for "Search" Button to exist
    t =    12.75s     Checking `Expect predicate `existsNoRetry == 1` for object "Search" Button`
    t =    12.75s         Checking existence of `"Search" Button`
    t =    12.80s Find the "Settings" StaticText
    t =    12.83s Tap "Settings" StaticText
    t =    12.83s     Wait for depollsoft.tagmaster to idle
    t =    12.83s     Find the "Settings" StaticText
    t =    12.85s     Check for interrupting elements affecting "Settings" StaticText
    t =    12.86s     Synthesize event
    t =    13.15s     Wait for depollsoft.tagmaster to idle
    t =    13.91s Waiting 5.0s for "Log in to back up and synchronize your tag lists." StaticText to exist
    t =    14.95s     Checking `Expect predicate `existsNoRetry == 1` for object "Log in to back up and synchronize your tag lists." StaticText`
    t =    14.95s         Checking existence of `"Log in to back up and synchronize your tag lists." StaticText`
    t =    15.07s Added attachment named 'tagmaster-ios-after-settings'
    t =    15.07s Swipe up Target Application 'depollsoft.tagmaster'
    t =    15.07s     Wait for depollsoft.tagmaster to idle
    t =    15.07s     Find the Target Application 'depollsoft.tagmaster'
    t =    15.08s     Check for interrupting elements affecting "Tag Master" Application
    t =    15.10s     Synthesize event
    t =    15.52s     Wait for depollsoft.tagmaster to idle
    t =    15.99s Checking existence of `"Minimum Rating" SegmentedControl`
    t =    16.02s Waiting 5.0s for "Minimum Rating" SegmentedControl to exist
    t =    17.05s     Checking `Expect predicate `existsNoRetry == 1` for object "Minimum Rating" SegmentedControl`
    t =    17.05s         Checking existence of `"Minimum Rating" SegmentedControl`
    t =    17.16s Added attachment named 'tagmaster-ios-after-settings-filters'
    t =    17.16s Terminate depollsoft.tagmaster:73146
    t =    18.22s Open depollsoft.tagmaster
    t =    18.22s     Launch depollsoft.tagmaster
2026-09-07 23:10:01.153 xcodebuild[48078:31738046] [MT] IDELaunchParametersSnapshot: The operation couldn’t be completed. (DebuggerLLDB.DebuggerVersionStore.StoreError error 0.)
2026-09-07 23:10:01.154 xcodebuild[48078:31738046] [MT] IDELaunchParametersSnapshot: no debugger version
    t =    18.44s         Setting up automation session
    t =    19.11s         Wait for depollsoft.tagmaster to idle
    t =    20.36s Waiting 10.0s for "Search" Button to exist
    t =    21.38s     Checking `Expect predicate `existsNoRetry == 1` for object "Search" Button`
    t =    21.38s         Checking existence of `"Search" Button`
    t =    21.43s Find the "Open Tag" StaticText
    t =    21.46s Waiting 5.0s for "Open Tag" StaticText to exist
    t =    22.48s     Checking `Expect predicate `existsNoRetry == 1` for object "Open Tag" StaticText`
    t =    22.48s         Checking existence of `"Open Tag" StaticText`
    t =    22.52s Tap "Open Tag" StaticText
    t =    22.52s     Wait for depollsoft.tagmaster to idle
    t =    22.52s     Find the "Open Tag" StaticText
    t =    22.54s     Check for interrupting elements affecting "Open Tag" StaticText
    t =    22.56s     Synthesize event
    t =    22.85s     Wait for depollsoft.tagmaster to idle
    t =    23.31s Waiting 3.0s for "Open Tag" Alert to exist
    t =    24.35s     Checking `Expect predicate `existsNoRetry == 1` for object "Open Tag" Alert`
    t =    24.35s         Checking existence of `"Open Tag" Alert`
    t =    24.41s Tap TextField (First Match)
    t =    24.41s     Wait for depollsoft.tagmaster to idle
    t =    24.41s     Find the TextField (First Match)
    t =    24.43s     Check for interrupting elements affecting TextField
    t =    24.46s     Synthesize event
    t =    24.76s     Wait for depollsoft.tagmaster to idle
    t =    25.46s Type '1809' into TextField (First Match)
    t =    25.46s     Wait for depollsoft.tagmaster to idle
    t =    25.47s     Find the TextField (First Match)
    t =    25.51s     Check for interrupting elements affecting TextField
    t =    25.54s     Synthesize event
    t =    25.81s     Wait for depollsoft.tagmaster to idle
    t =    26.03s Tap "Open" Button
    t =    26.04s     Wait for depollsoft.tagmaster to idle
    t =    26.04s     Find the "Open" Button
    t =    26.08s     Check for interrupting elements affecting "Open" Button
    t =    26.12s     Synthesize event
    t =    26.40s     Wait for depollsoft.tagmaster to idle
    t =    27.61s Waiting 20.0s for "Share" Button to exist
    t =    28.65s     Checking `Expect predicate `existsNoRetry == 1` for object "Share" Button`
    t =    28.65s         Checking existence of `"Share" Button`
    t =    29.74s Checking `Expect predicate `enabled == 1` for object "Share" Button`
    t =    29.74s     Find the "Share" Button
    t =    29.78s Waiting 5.0s for "Rate tag" Button to exist
    t =    30.82s     Checking `Expect predicate `existsNoRetry == 1` for object "Rate tag" Button`
    t =    30.82s         Checking existence of `"Rate tag" Button`
    t =    30.84s Checking existence of `"Favorite and Teachable options" Button`
    t =    30.86s Checking existence of `"Refresh" Button`
    t =    30.88s Checking existence of `Button (First Match)`
    t =    30.92s Find the Button (First Match)
    t =    30.95s Checking existence of `"Summary" Button`
    t =    30.97s Find the "Summary" Button
    t =    31.00s Find the "Summary" Button
    t =    31.02s Checking existence of `"Details" Button`
    t =    31.04s Find the "Details" Button
    t =    31.06s Find the "Details" Button
    t =    31.09s Checking existence of `"Tracks" Button`
    t =    31.11s Find the "Tracks" Button
    t =    31.13s Find the "Tracks" Button
    t =    31.16s Checking existence of `"Videos" Button`
    t =    31.18s Find the "Videos" Button
    t =    31.20s Find the "Videos" Button
    t =    31.22s Tap "Details" Button
    t =    31.22s     Wait for depollsoft.tagmaster to idle
    t =    31.23s     Find the "Details" Button
    t =    31.25s     Check for interrupting elements affecting "Details" Button
    t =    31.27s     Synthesize event
    t =    31.55s     Wait for depollsoft.tagmaster to idle
    t =    32.64s Waiting 5.0s for "Tag ID" StaticText to exist
    t =    33.68s     Checking `Expect predicate `existsNoRetry == 1` for object "Tag ID" StaticText`
    t =    33.68s         Checking existence of `"Tag ID" StaticText`
    t =    33.71s Tap "Tracks" Button
    t =    33.71s     Wait for depollsoft.tagmaster to idle
    t =    33.71s     Find the "Tracks" Button
    t =    33.73s     Check for interrupting elements affecting "Tracks" Button
    t =    33.75s     Synthesize event
    t =    34.04s     Wait for depollsoft.tagmaster to idle
    t =    35.12s Checking existence of `Table (First Match)`
    t =    35.24s Added attachment named 'tagmaster-ios-after-tracks'
    t =    35.24s Tap "Videos" Button
    t =    35.24s     Wait for depollsoft.tagmaster to idle
    t =    35.24s     Find the "Videos" Button
    t =    35.26s     Check for interrupting elements affecting "Videos" Button
    t =    35.28s     Synthesize event
    t =    35.57s     Wait for depollsoft.tagmaster to idle
    t =    36.66s Waiting 5.0s for Table (First Match) to exist
    t =    37.70s     Checking `Expect predicate `existsNoRetry == 1` for object Table (First Match)`
    t =    37.70s         Checking existence of `Table (First Match)`
    t =    37.82s Added attachment named 'tagmaster-ios-after-videos'
    t =    37.82s Tap "Summary" Button
    t =    37.82s     Wait for depollsoft.tagmaster to idle
    t =    37.83s     Find the "Summary" Button
    t =    37.88s     Check for interrupting elements affecting "Summary" Button
    t =    37.91s     Synthesize event
    t =    38.20s     Wait for depollsoft.tagmaster to idle
    t =    39.57s Added attachment named 'tagmaster-ios-after-detail'
    t =    39.57s Tap "Share" Button
    t =    39.57s     Wait for depollsoft.tagmaster to idle
    t =    39.58s     Find the "Share" Button
    t =    39.60s     Check for interrupting elements affecting "Share" Button
    t =    39.62s     Synthesize event
    t =    39.92s     Wait for depollsoft.tagmaster to idle
    t =    40.68s Waiting 10.0s for "activityCollectionView" CollectionView to exist
    t =    41.74s     Checking `Expect predicate `existsNoRetry == 1` for object "activityCollectionView" CollectionView`
    t =    41.74s         Checking existence of `"activityCollectionView" CollectionView`
    t =    41.88s Added attachment named 'tagmaster-ios-after-share'
    t =    41.88s Checking existence of `"Close" Button`
    t =    41.91s Checking existence of `"Dismiss" Button`
    t =    41.94s Tap Target Application 'depollsoft.tagmaster'[0.02, 0.75]
    t =    41.94s     Wait for depollsoft.tagmaster to idle
    t =    41.95s     Find the Target Application 'depollsoft.tagmaster'
    t =    41.97s     Check for interrupting elements affecting "Tag Master" Application
    t =    42.00s     Synthesize event
    t =    42.00s         Find the Target Application 'depollsoft.tagmaster'
    t =    42.02s         Find the Target Application 'depollsoft.tagmaster'
    t =    42.05s         Find the Target Application 'depollsoft.tagmaster'
    t =    42.36s     Wait for depollsoft.tagmaster to idle
    t =    44.08s Checking `Expect predicate `exists == 0` for object "activityCollectionView" CollectionView`
    t =    44.08s     Checking existence of `"activityCollectionView" CollectionView`
    t =    44.11s Find the "Rate tag" Button
    t =    44.14s Tap "Rate tag" Button
    t =    44.14s     Wait for depollsoft.tagmaster to idle
    t =    44.14s     Find the "Rate tag" Button
    t =    44.17s     Check for interrupting elements affecting "Rate tag" Button
    t =    44.19s     Synthesize event
    t =    44.48s     Wait for depollsoft.tagmaster to idle
    t =    44.88s Waiting 5.0s for "5 stars" Button to exist
    t =    45.90s     Checking `Expect predicate `existsNoRetry == 1` for object "5 stars" Button`
    t =    45.90s         Checking existence of `"5 stars" Button`
    t =    46.03s Added attachment named 'tagmaster-ios-after-rating'
    t =    46.03s Checking existence of `"Cancel" Button`
    t =    46.06s Tap Target Application 'depollsoft.tagmaster'[0.02, 0.75]
    t =    46.06s     Wait for depollsoft.tagmaster to idle
    t =    46.06s     Find the Target Application 'depollsoft.tagmaster'
    t =    46.08s     Check for interrupting elements affecting "Tag Master" Application
    t =    46.10s     Synthesize event
    t =    46.10s         Find the Target Application 'depollsoft.tagmaster'
    t =    46.12s         Find the Target Application 'depollsoft.tagmaster'
    t =    46.14s         Find the Target Application 'depollsoft.tagmaster'
    t =    46.44s     Wait for depollsoft.tagmaster to idle
    t =    46.81s Find the "Share" Button
    t =    46.84s Terminate depollsoft.tagmaster:74166
    t =    47.90s Open depollsoft.tagmaster
    t =    47.90s     Launch depollsoft.tagmaster
2026-09-07 23:10:30.837 xcodebuild[48078:31738046] [MT] IDELaunchParametersSnapshot: The operation couldn’t be completed. (DebuggerLLDB.DebuggerVersionStore.StoreError error 0.)
2026-09-07 23:10:30.838 xcodebuild[48078:31738046] [MT] IDELaunchParametersSnapshot: no debugger version
    t =    48.12s         Setting up automation session
    t =    48.79s         Wait for depollsoft.tagmaster to idle
    t =    50.04s Waiting 10.0s for "Search" Button to exist
    t =    51.08s     Checking `Expect predicate `existsNoRetry == 1` for object "Search" Button`
    t =    51.08s         Checking existence of `"Search" Button`
    t =    51.11s Tap "Browse" StaticText
    t =    51.11s     Wait for depollsoft.tagmaster to idle
    t =    51.11s     Find the "Browse" StaticText
    t =    51.13s     Check for interrupting elements affecting "Browse" StaticText
    t =    51.15s     Synthesize event
    t =    51.43s     Wait for depollsoft.tagmaster to idle
    t =    52.22s Waiting 30.0s for Cell (First Match) to exist
    t =    53.25s     Checking `Expect predicate `existsNoRetry == 1` for object Cell (First Match)`
    t =    53.25s         Checking existence of `Cell (First Match)`
    t =    53.28s Find the Cell (First Match)
    t =    53.30s Find the "I Tried To Forget You (In Vain). . Tag ID 7593. Rating 0.00 out of 5. Posted Sep 8, 2026. 0 downloads. Sheet music available. Learning tracks unavailable." Cell
    t =    53.32s Find the "I Tried To Forget You (In Vain). . Tag ID 7593. Rating 0.00 out of 5. Posted Sep 8, 2026. 0 downloads. Sheet music available. Learning tracks unavailable." Cell
    t =    53.39s Added attachment named 'tagmaster-ios-after-browse-rows'
    t =    53.40s Tear Down
Test Case '-[tagmasterUITests.TagMasterPolishUITests testPolishScreensAndShareDismissal]' passed (53.697 seconds).
Test Case '-[tagmasterUITests.TagMasterPolishUITests testSummaryLyricsRemainReachableAfterChangingPages]' started.
    t =     0.00s Start Test at 2026-09-07 23:10:36.628
    t =     0.02s Set Up
    t =     0.02s     Open depollsoft.tagmaster
    t =     0.02s         Launch depollsoft.tagmaster
    t =     0.02s             Terminate depollsoft.tagmaster:77468
2026-09-07 23:10:37.715 xcodebuild[48078:31738046] [MT] IDELaunchParametersSnapshot: The operation couldn’t be completed. (DebuggerLLDB.DebuggerVersionStore.StoreError error 0.)
2026-09-07 23:10:37.715 xcodebuild[48078:31738046] [MT] IDELaunchParametersSnapshot: no debugger version
    t =     1.30s             Setting up automation session
    t =     1.95s             Wait for depollsoft.tagmaster to idle
    t =     3.20s Find the "Open Tag" StaticText
    t =     3.24s Waiting 5.0s for "Open Tag" StaticText to exist
    t =     4.28s     Checking `Expect predicate `existsNoRetry == 1` for object "Open Tag" StaticText`
    t =     4.28s         Checking existence of `"Open Tag" StaticText`
    t =     4.32s Tap "Open Tag" StaticText
    t =     4.32s     Wait for depollsoft.tagmaster to idle
    t =     4.33s     Find the "Open Tag" StaticText
    t =     4.35s     Check for interrupting elements affecting "Open Tag" StaticText
    t =     4.36s     Synthesize event
    t =     4.65s     Wait for depollsoft.tagmaster to idle
    t =     5.10s Waiting 3.0s for "Open Tag" Alert to exist
    t =     6.15s     Checking `Expect predicate `existsNoRetry == 1` for object "Open Tag" Alert`
    t =     6.15s         Checking existence of `"Open Tag" Alert`
    t =     6.21s Tap TextField (First Match)
    t =     6.21s     Wait for depollsoft.tagmaster to idle
    t =     6.21s     Find the TextField (First Match)
    t =     6.24s     Check for interrupting elements affecting TextField
    t =     6.27s     Synthesize event
    t =     6.56s     Wait for depollsoft.tagmaster to idle
    t =     7.26s Type '1809' into TextField (First Match)
    t =     7.26s     Wait for depollsoft.tagmaster to idle
    t =     7.27s     Find the TextField (First Match)
    t =     7.31s     Check for interrupting elements affecting TextField
    t =     7.35s     Synthesize event
    t =     7.62s     Wait for depollsoft.tagmaster to idle
    t =     7.84s Tap "Open" Button
    t =     7.84s     Wait for depollsoft.tagmaster to idle
    t =     7.84s     Find the "Open" Button
    t =     7.89s     Check for interrupting elements affecting "Open" Button
    t =     7.92s     Synthesize event
    t =     8.21s     Wait for depollsoft.tagmaster to idle
    t =     9.44s Waiting 20.0s for "Share" Button to exist
    t =    10.45s     Checking `Expect predicate `existsNoRetry == 1` for object "Share" Button`
    t =    10.45s         Checking existence of `"Share" Button`
    t =    11.52s Checking `Expect predicate `enabled == 1` for object "Share" Button`
    t =    11.52s     Find the "Share" Button
    t =    11.56s Waiting 5.0s for "Rate tag" Button to exist
    t =    12.58s     Checking `Expect predicate `existsNoRetry == 1` for object "Rate tag" Button`
    t =    12.58s         Checking existence of `"Rate tag" Button`
    t =    12.63s Tap "Details" Button
    t =    12.63s     Wait for depollsoft.tagmaster to idle
    t =    12.63s     Find the "Details" Button
    t =    12.66s     Check for interrupting elements affecting "Details" Button
    t =    12.68s     Synthesize event
    t =    12.97s     Wait for depollsoft.tagmaster to idle
    t =    14.06s Tap "Summary" Button
    t =    14.06s     Wait for depollsoft.tagmaster to idle
    t =    14.07s     Find the "Summary" Button
    t =    14.10s     Check for interrupting elements affecting "Summary" Button
    t =    14.13s     Synthesize event
    t =    14.42s     Wait for depollsoft.tagmaster to idle
    t =    15.49s Checking existence of `StaticText (First Match)`
    t =    15.55s Find the StaticText (First Match)
    t =    15.59s Find the "And I will wait to face the skies, ever roaming in your eyes. There I go lost in your eyes." StaticText
    t =    15.63s Tear Down
Test Case '-[tagmasterUITests.TagMasterPolishUITests testSummaryLyricsRemainReachableAfterChangingPages]' passed (15.874 seconds).
Test Suite 'TagMasterPolishUITests' passed at 2026-09-07 23:10:52.502.
	 Executed 2 tests, with 0 failures (0 unexpected) in 69.571 (69.573) seconds
Test Suite 'tagmasterUITests' started at 2026-09-07 23:10:52.502.
Test Case '-[tagmasterUITests.tagmasterUITests testAppDoesNotCrashOnRapidInteraction]' started.
    t =     0.00s Start Test at 2026-09-07 23:10:52.503
    t =     0.02s Set Up
    t =     0.02s     Open depollsoft.tagmaster
    t =     0.02s         Launch depollsoft.tagmaster
    t =     0.02s             Terminate depollsoft.tagmaster:78037
2026-09-07 23:10:53.571 xcodebuild[48078:31738046] [MT] IDELaunchParametersSnapshot: The operation couldn’t be completed. (DebuggerLLDB.DebuggerVersionStore.StoreError error 0.)
2026-09-07 23:10:53.571 xcodebuild[48078:31738046] [MT] IDELaunchParametersSnapshot: no debugger version
    t =     1.28s             Setting up automation session
    t =     1.95s             Wait for depollsoft.tagmaster to idle
    t =     4.20s Checking existence of `Table (First Match)`
    t =     4.22s Swipe up Table (First Match)
    t =     4.22s     Wait for depollsoft.tagmaster to idle
    t =     4.22s     Find the Table (First Match)
    t =     4.24s     Check for interrupting elements affecting Table
    t =     4.26s     Synthesize event
    t =     4.69s     Wait for depollsoft.tagmaster to idle
    t =     5.32s Swipe down Table at {{0.0, 168.0}, {402.0, 706.0}}
    t =     5.32s     Wait for depollsoft.tagmaster to idle
    t =     5.32s     Find the Table at {{0.0, 168.0}, {402.0, 706.0}}
    t =     5.35s     Check for interrupting elements affecting Table
    t =     5.37s     Synthesize event
    t =     5.80s     Wait for depollsoft.tagmaster to idle
    t =     6.30s Swipe up Table at {{0.0, 168.0}, {402.0, 706.0}}
    t =     6.30s     Wait for depollsoft.tagmaster to idle
    t =     6.30s     Find the Table at {{0.0, 168.0}, {402.0, 706.0}}
    t =     6.33s     Check for interrupting elements affecting Table
    t =     6.35s     Synthesize event
    t =     6.78s     Wait for depollsoft.tagmaster to idle
    t =     7.55s Swipe down Table at {{0.0, 168.0}, {402.0, 706.0}}
    t =     7.55s     Wait for depollsoft.tagmaster to idle
    t =     7.56s     Find the Table at {{0.0, 168.0}, {402.0, 706.0}}
    t =     7.58s     Check for interrupting elements affecting Table
    t =     7.60s     Synthesize event
    t =     8.03s     Wait for depollsoft.tagmaster to idle
    t =     8.53s Swipe up Table at {{0.0, 168.0}, {402.0, 706.0}}
    t =     8.53s     Wait for depollsoft.tagmaster to idle
    t =     8.53s     Find the Table at {{0.0, 168.0}, {402.0, 706.0}}
    t =     8.56s     Check for interrupting elements affecting Table
    t =     8.58s     Synthesize event
    t =     9.01s     Wait for depollsoft.tagmaster to idle
    t =     9.84s Swipe down Table at {{0.0, 168.0}, {402.0, 706.0}}
    t =     9.84s     Wait for depollsoft.tagmaster to idle
    t =     9.84s     Find the Table at {{0.0, 168.0}, {402.0, 706.0}}
    t =     9.87s     Check for interrupting elements affecting Table
    t =     9.89s     Synthesize event
    t =    10.32s     Wait for depollsoft.tagmaster to idle
    t =    10.80s Tear Down
Test Case '-[tagmasterUITests.tagmasterUITests testAppDoesNotCrashOnRapidInteraction]' passed (11.044 seconds).
Test Case '-[tagmasterUITests.tagmasterUITests testAppHasContent]' started.
    t =     0.00s Start Test at 2026-09-07 23:11:03.548
    t =     0.02s Set Up
    t =     0.02s     Open depollsoft.tagmaster
    t =     0.02s         Launch depollsoft.tagmaster
    t =     0.02s             Terminate depollsoft.tagmaster:79645
2026-09-07 23:11:04.617 xcodebuild[48078:31738046] [MT] IDELaunchParametersSnapshot: The operation couldn’t be completed. (DebuggerLLDB.DebuggerVersionStore.StoreError error 0.)
2026-09-07 23:11:04.617 xcodebuild[48078:31738046] [MT] IDELaunchParametersSnapshot: no debugger version
    t =     1.28s             Setting up automation session
    t =     1.94s             Wait for depollsoft.tagmaster to idle
    t =     3.19s Waiting 5.0s for Any (Element at index 0) to exist
    t =     4.23s     Checking `Expect predicate `existsNoRetry == 1` for object Any (Element at index 0)`
    t =     4.23s         Checking existence of `Any (Element at index 0)`
    t =     4.27s Tear Down
Test Case '-[tagmasterUITests.tagmasterUITests testAppHasContent]' passed (4.514 seconds).
Test Case '-[tagmasterUITests.tagmasterUITests testAppLaunches]' started.
    t =     0.00s Start Test at 2026-09-07 23:11:08.063
    t =     0.02s Set Up
    t =     0.02s     Open depollsoft.tagmaster
    t =     0.02s         Launch depollsoft.tagmaster
    t =     0.02s             Terminate depollsoft.tagmaster:80697
2026-09-07 23:11:09.118 xcodebuild[48078:31738046] [MT] IDELaunchParametersSnapshot: The operation couldn’t be completed. (DebuggerLLDB.DebuggerVersionStore.StoreError error 0.)
2026-09-07 23:11:09.118 xcodebuild[48078:31738046] [MT] IDELaunchParametersSnapshot: no debugger version
    t =     1.27s             Setting up automation session
    t =     1.96s             Wait for depollsoft.tagmaster to idle
    t =     3.20s Tear Down
Test Case '-[tagmasterUITests.tagmasterUITests testAppLaunches]' passed (3.469 seconds).
Test Case '-[tagmasterUITests.tagmasterUITests testCanInteractWithSearch]' started.
    t =     0.00s Start Test at 2026-09-07 23:11:11.533
    t =     0.03s Set Up
    t =     0.03s     Open depollsoft.tagmaster
    t =     0.03s         Launch depollsoft.tagmaster
    t =     0.03s             Terminate depollsoft.tagmaster:81208
2026-09-07 23:11:12.632 xcodebuild[48078:31738046] [MT] IDELaunchParametersSnapshot: The operation couldn’t be completed. (DebuggerLLDB.DebuggerVersionStore.StoreError error 0.)
2026-09-07 23:11:12.632 xcodebuild[48078:31738046] [MT] IDELaunchParametersSnapshot: no debugger version
    t =     1.31s             Setting up automation session
    t =     1.95s             Wait for depollsoft.tagmaster to idle
    t =     3.19s Checking existence of `"Search" Button`
    t =     3.21s Tap "Search" Button
    t =     3.21s     Wait for depollsoft.tagmaster to idle
    t =     3.21s     Find the "Search" Button
    t =     3.23s     Check for interrupting elements affecting "Search" Button
    t =     3.25s     Synthesize event
    t =     3.54s     Wait for depollsoft.tagmaster to idle
    t =     4.83s Tear Down
Test Case '-[tagmasterUITests.tagmasterUITests testCanInteractWithSearch]' passed (5.094 seconds).
Test Case '-[tagmasterUITests.tagmasterUITests testCanScrollContent]' started.
    t =     0.00s Start Test at 2026-09-07 23:11:16.628
    t =     0.02s Set Up
    t =     0.02s     Open depollsoft.tagmaster
    t =     0.02s         Launch depollsoft.tagmaster
    t =     0.02s             Terminate depollsoft.tagmaster:81712
2026-09-07 23:11:17.700 xcodebuild[48078:31738046] [MT] IDELaunchParametersSnapshot: The operation couldn’t be completed. (DebuggerLLDB.DebuggerVersionStore.StoreError error 0.)
2026-09-07 23:11:17.700 xcodebuild[48078:31738046] [MT] IDELaunchParametersSnapshot: no debugger version
    t =     1.29s             Setting up automation session
    t =     1.96s             Wait for depollsoft.tagmaster to idle
    t =     4.21s Checking existence of `Table (First Match)`
    t =     4.24s Swipe up Table (First Match)
    t =     4.24s     Wait for depollsoft.tagmaster to idle
    t =     4.24s     Find the Table (First Match)
    t =     4.26s     Check for interrupting elements affecting Table
    t =     4.28s     Synthesize event
    t =     4.71s     Wait for depollsoft.tagmaster to idle
    t =     5.77s Swipe down Table at {{0.0, 168.0}, {402.0, 706.0}}
    t =     5.77s     Wait for depollsoft.tagmaster to idle
    t =     5.78s     Find the Table at {{0.0, 168.0}, {402.0, 706.0}}
    t =     5.80s     Check for interrupting elements affecting Table
    t =     5.82s     Synthesize event
    t =     6.25s     Wait for depollsoft.tagmaster to idle
    t =     6.74s Tear Down
Test Case '-[tagmasterUITests.tagmasterUITests testCanScrollContent]' passed (7.016 seconds).
Test Case '-[tagmasterUITests.tagmasterUITests testCanTapContentIfExists]' started.
    t =     0.00s Start Test at 2026-09-07 23:11:23.646
    t =     0.03s Set Up
    t =     0.03s     Open depollsoft.tagmaster
    t =     0.03s         Launch depollsoft.tagmaster
    t =     0.03s             Terminate depollsoft.tagmaster:82181
2026-09-07 23:11:24.765 xcodebuild[48078:31738046] [MT] IDELaunchParametersSnapshot: The operation couldn’t be completed. (DebuggerLLDB.DebuggerVersionStore.StoreError error 0.)
2026-09-07 23:11:24.765 xcodebuild[48078:31738046] [MT] IDELaunchParametersSnapshot: no debugger version
    t =     1.33s             Setting up automation session
    t =     1.98s             Wait for depollsoft.tagmaster to idle
    t =     4.23s Checking existence of `Table (First Match)`
    t =     4.26s Get number of matches for: Descendants matching type Cell
    t =     4.28s Tap Cell (Element at index 0)
    t =     4.28s     Wait for depollsoft.tagmaster to idle
    t =     4.28s     Find the Cell (Element at index 0)
    t =     4.30s     Check for interrupting elements affecting Cell
    t =     4.32s     Synthesize event
    t =     4.61s     Wait for depollsoft.tagmaster to idle
    t =     5.95s Tear Down
Test Case '-[tagmasterUITests.tagmasterUITests testCanTapContentIfExists]' passed (6.164 seconds).
Test Case '-[tagmasterUITests.tagmasterUITests testFavoritesOrListExists]' started.
    t =     0.00s Start Test at 2026-09-07 23:11:29.810
    t =     0.02s Set Up
    t =     0.02s     Open depollsoft.tagmaster
    t =     0.02s         Launch depollsoft.tagmaster
    t =     0.02s             Terminate depollsoft.tagmaster:82767
2026-09-07 23:11:30.872 xcodebuild[48078:31738046] [MT] IDELaunchParametersSnapshot: The operation couldn’t be completed. (DebuggerLLDB.DebuggerVersionStore.StoreError error 0.)
2026-09-07 23:11:30.872 xcodebuild[48078:31738046] [MT] IDELaunchParametersSnapshot: no debugger version
    t =     1.27s             Setting up automation session
    t =     1.94s             Wait for depollsoft.tagmaster to idle
    t =     4.18s Checking existence of `StaticText (First Match)`
    t =     4.24s Tear Down
Test Case '-[tagmasterUITests.tagmasterUITests testFavoritesOrListExists]' passed (4.462 seconds).
Test Case '-[tagmasterUITests.tagmasterUITests testLaunchPerformance]' started.
    t =     0.00s Start Test at 2026-09-07 23:11:34.273
    t =     0.03s Set Up
    t =     0.03s     Open depollsoft.tagmaster
    t =     0.03s         Launch depollsoft.tagmaster
    t =     0.03s             Terminate depollsoft.tagmaster:83704
2026-09-07 23:11:35.364 xcodebuild[48078:31738046] [MT] IDELaunchParametersSnapshot: The operation couldn’t be completed. (DebuggerLLDB.DebuggerVersionStore.StoreError error 0.)
2026-09-07 23:11:35.364 xcodebuild[48078:31738046] [MT] IDELaunchParametersSnapshot: no debugger version
    t =     1.31s             Setting up automation session
    t =     1.96s             Wait for depollsoft.tagmaster to idle
    t =     3.21s Open depollsoft.tagmaster
    t =     3.21s     Launch depollsoft.tagmaster
    t =     3.21s         Terminate depollsoft.tagmaster:84222
2026-09-07 23:11:38.534 xcodebuild[48078:31738046] [MT] IDELaunchParametersSnapshot: The operation couldn’t be completed. (DebuggerLLDB.DebuggerVersionStore.StoreError error 0.)
2026-09-07 23:11:38.534 xcodebuild[48078:31738046] [MT] IDELaunchParametersSnapshot: no debugger version
    t =     4.48s         Setting up automation session
    t =     5.14s         Wait for depollsoft.tagmaster to idle
    t =     7.58s Open depollsoft.tagmaster
    t =     7.58s     Launch depollsoft.tagmaster
    t =     7.58s         Terminate depollsoft.tagmaster:84309
2026-09-07 23:11:42.903 xcodebuild[48078:31738046] [MT] IDELaunchParametersSnapshot: The operation couldn’t be completed. (DebuggerLLDB.DebuggerVersionStore.StoreError error 0.)
2026-09-07 23:11:42.903 xcodebuild[48078:31738046] [MT] IDELaunchParametersSnapshot: no debugger version
    t =     8.84s         Setting up automation session
    t =     9.52s         Wait for depollsoft.tagmaster to idle
    t =    11.38s Open depollsoft.tagmaster
    t =    11.38s     Launch depollsoft.tagmaster
    t =    11.38s         Terminate depollsoft.tagmaster:84828
2026-09-07 23:11:46.700 xcodebuild[48078:31738046] [MT] IDELaunchParametersSnapshot: The operation couldn’t be completed. (DebuggerLLDB.DebuggerVersionStore.StoreError error 0.)
2026-09-07 23:11:46.700 xcodebuild[48078:31738046] [MT] IDELaunchParametersSnapshot: no debugger version
    t =    12.63s         Setting up automation session
    t =    13.29s         Wait for depollsoft.tagmaster to idle
    t =    15.16s Open depollsoft.tagmaster
    t =    15.16s     Launch depollsoft.tagmaster
    t =    15.16s         Terminate depollsoft.tagmaster:85360
2026-09-07 23:11:50.504 xcodebuild[48078:31738046] [MT] IDELaunchParametersSnapshot: The operation couldn’t be completed. (DebuggerLLDB.DebuggerVersionStore.StoreError error 0.)
2026-09-07 23:11:50.504 xcodebuild[48078:31738046] [MT] IDELaunchParametersSnapshot: no debugger version
    t =    16.44s         Setting up automation session
    t =    17.10s         Wait for depollsoft.tagmaster to idle
    t =    18.96s Open depollsoft.tagmaster
    t =    18.96s     Launch depollsoft.tagmaster
    t =    18.96s         Terminate depollsoft.tagmaster:85867
2026-09-07 23:11:54.285 xcodebuild[48078:31738046] [MT] IDELaunchParametersSnapshot: The operation couldn’t be completed. (DebuggerLLDB.DebuggerVersionStore.StoreError error 0.)
2026-09-07 23:11:54.285 xcodebuild[48078:31738046] [MT] IDELaunchParametersSnapshot: no debugger version
    t =    20.22s         Setting up automation session
    t =    20.89s         Wait for depollsoft.tagmaster to idle
    t =    22.76s Open depollsoft.tagmaster
    t =    22.76s     Launch depollsoft.tagmaster
    t =    22.76s         Terminate depollsoft.tagmaster:85957
2026-09-07 23:11:58.088 xcodebuild[48078:31738046] [MT] IDELaunchParametersSnapshot: The operation couldn’t be completed. (DebuggerLLDB.DebuggerVersionStore.StoreError error 0.)
2026-09-07 23:11:58.088 xcodebuild[48078:31738046] [MT] IDELaunchParametersSnapshot: no debugger version
    t =    24.02s         Setting up automation session
    t =    24.70s         Wait for depollsoft.tagmaster to idle
/Users/depoll/.local/share/pi-worktrees/20260907070801/fable-audit-ux-worktree-20260907/iOS/tagmaster/tagmasterUITests/tagmasterUITests.swift:165: Test Case '-[tagmasterUITests.tagmasterUITests testLaunchPerformance]' measured [Duration (AppLaunch), s] average: 0.991, relative standard deviation: 1.201%, values: [0.998190, 0.984738, 0.976160, 1.009969, 0.984883], performanceMetricID:com.apple.dt.XCTMetric_ApplicationLaunch-AppLaunch.duration, baselineName: "", baselineAverage: , polarity: prefers smaller, maxPercentRegression: 10.000%, maxPercentRelativeStandardDeviation: 10.000%, maxRegression: 0.000, maxStandardDeviation: 0.000
    t =    26.55s Tear Down
Test Case '-[tagmasterUITests.tagmasterUITests testLaunchPerformance]' passed (26.836 seconds).
Test Case '-[tagmasterUITests.tagmasterUITests testMainContentExists]' started.
    t =     0.00s Start Test at 2026-09-07 23:12:01.110
    t =     0.03s Set Up
    t =     0.03s     Open depollsoft.tagmaster
    t =     0.03s         Launch depollsoft.tagmaster
    t =     0.03s             Terminate depollsoft.tagmaster:86430
2026-09-07 23:12:02.198 xcodebuild[48078:31738046] [MT] IDELaunchParametersSnapshot: The operation couldn’t be completed. (DebuggerLLDB.DebuggerVersionStore.StoreError error 0.)
2026-09-07 23:12:02.198 xcodebuild[48078:31738046] [MT] IDELaunchParametersSnapshot: no debugger version
    t =     1.30s             Setting up automation session
    t =     1.95s             Wait for depollsoft.tagmaster to idle
    t =     4.20s Get number of matches for: Descendants matching type Other
    t =     4.24s Checking existence of `Table (First Match)`
    t =     4.26s Tear Down
Test Case '-[tagmasterUITests.tagmasterUITests testMainContentExists]' passed (4.470 seconds).
Test Case '-[tagmasterUITests.tagmasterUITests testMainScreenDisplays]' started.
    t =     0.00s Start Test at 2026-09-07 23:12:05.580
    t =     0.02s Set Up
    t =     0.02s     Open depollsoft.tagmaster
    t =     0.02s         Launch depollsoft.tagmaster
    t =     0.02s             Terminate depollsoft.tagmaster:86943
2026-09-07 23:12:06.664 xcodebuild[48078:31738046] [MT] IDELaunchParametersSnapshot: The operation couldn’t be completed. (DebuggerLLDB.DebuggerVersionStore.StoreError error 0.)
2026-09-07 23:12:06.664 xcodebuild[48078:31738046] [MT] IDELaunchParametersSnapshot: no debugger version
    t =     1.30s             Setting up automation session
    t =     1.94s             Wait for depollsoft.tagmaster to idle
    t =     4.20s Tear Down
Test Case '-[tagmasterUITests.tagmasterUITests testMainScreenDisplays]' passed (4.418 seconds).
Test Case '-[tagmasterUITests.tagmasterUITests testNavigationBarExists]' started.
    t =     0.00s Start Test at 2026-09-07 23:12:10.000
    t =     0.03s Set Up
    t =     0.03s     Open depollsoft.tagmaster
    t =     0.03s         Launch depollsoft.tagmaster
    t =     0.03s             Terminate depollsoft.tagmaster:87481
2026-09-07 23:12:11.102 xcodebuild[48078:31738046] [MT] IDELaunchParametersSnapshot: The operation couldn’t be completed. (DebuggerLLDB.DebuggerVersionStore.StoreError error 0.)
2026-09-07 23:12:11.102 xcodebuild[48078:31738046] [MT] IDELaunchParametersSnapshot: no debugger version
    t =     1.32s             Setting up automation session
    t =     1.99s             Wait for depollsoft.tagmaster to idle
    t =     3.24s Waiting 5.0s for NavigationBar (First Match) to exist
    t =     4.28s     Checking `Expect predicate `existsNoRetry == 1` for object NavigationBar (First Match)`
    t =     4.28s         Checking existence of `NavigationBar (First Match)`
    t =     4.30s Tear Down
Test Case '-[tagmasterUITests.tagmasterUITests testNavigationBarExists]' passed (4.568 seconds).
Test Case '-[tagmasterUITests.tagmasterUITests testSearchButtonOrFieldExists]' started.
    t =     0.00s Start Test at 2026-09-07 23:12:14.571
    t =     0.03s Set Up
    t =     0.03s     Open depollsoft.tagmaster
    t =     0.03s         Launch depollsoft.tagmaster
    t =     0.03s             Terminate depollsoft.tagmaster:88001
2026-09-07 23:12:15.662 xcodebuild[48078:31738046] [MT] IDELaunchParametersSnapshot: The operation couldn’t be completed. (DebuggerLLDB.DebuggerVersionStore.StoreError error 0.)
2026-09-07 23:12:15.662 xcodebuild[48078:31738046] [MT] IDELaunchParametersSnapshot: no debugger version
    t =     1.30s             Setting up automation session
    t =     1.95s             Wait for depollsoft.tagmaster to idle
    t =     3.20s Checking existence of `"Search" Button`
    t =     3.25s Tear Down
Test Case '-[tagmasterUITests.tagmasterUITests testSearchButtonOrFieldExists]' passed (3.455 seconds).
Test Suite 'tagmasterUITests' passed at 2026-09-07 23:12:18.026.
	 Executed 12 tests, with 0 failures (0 unexpected) in 85.510 (85.524) seconds
Test Suite 'tagmasterUITests.xctest' passed at 2026-09-07 23:12:18.027.
	 Executed 39 tests, with 0 failures (0 unexpected) in 355.989 (356.033) seconds
Test Suite 'All tests' passed at 2026-09-07 23:12:18.028.
	 Executed 39 tests, with 0 failures (0 unexpected) in 355.989 (356.035) seconds
2026-09-07 23:12:26.683 xcodebuild[48078:31738046] [MT] IDETestOperationsObserverDebug: 366.181 elapsed -- Testing started completed.
2026-09-07 23:12:26.683 xcodebuild[48078:31738046] [MT] IDETestOperationsObserverDebug: 0.000 sec, +0.000 sec -- start
2026-09-07 23:12:26.683 xcodebuild[48078:31738046] [MT] IDETestOperationsObserverDebug: 366.181 sec, +366.181 sec -- end

Test session results, code coverage, and logs:
	/tmp/tm-dd/Logs/Test/Test-tagmaster-2026.09.07_23-06-10--0700.xcresult

** TEST SUCCEEDED **

Testing started
