Command line invocation:
    /Applications/Xcode.app/Contents/Developer/usr/bin/xcodebuild -workspace iOS.xcworkspace -scheme tagmaster -configuration Debug -destination "platform=iOS Simulator,id=C8B74E44-94F7-4CED-A47F-DFF98E34237B" -derivedDataPath /tmp/tm-dd -parallel-testing-enabled NO "-only-testing:tagmasterTests" test

Resolve Package Graph


Resolved source packages:
  Promises: https://github.com/google/promises.git @ 2.4.1
  nanopb: https://github.com/firebase/nanopb.git @ 2.30910.1
  abseil: https://github.com/google/abseil-cpp-binary.git @ 1.2024072200.0
  GoogleSignIn: https://github.com/google/GoogleSignIn-iOS @ 7.1.0
  GoogleUtilities: https://github.com/google/GoogleUtilities.git @ 8.1.3
  GoogleDataTransport: https://github.com/google/GoogleDataTransport.git @ 10.1.1
  SDWebImage: https://github.com/SDWebImage/SDWebImage.git @ 5.21.7
  AppAuth: https://github.com/openid/AppAuth-iOS.git @ 1.7.6
  GoogleAdsOnDeviceConversion: https://github.com/googleads/google-ads-on-device-conversion-ios-sdk @ 3.6.1
  AppCheck: https://github.com/google/app-check.git @ 11.3.1
  FirebaseUI: https://github.com/firebase/FirebaseUI-iOS @ 16.1.0
  GTMSessionFetcher: https://github.com/google/gtm-session-fetcher.git @ 3.5.0
  Facebook: https://github.com/facebook/facebook-ios-sdk.git @ 18.1.1
  GoogleMobileAds: https://github.com/googleads/swift-package-manager-google-mobile-ads @ 13.9.0
  InteropForGoogle: https://github.com/google/interop-ios-for-google-sdks.git @ 101.0.0
  GoogleAppMeasurement: https://github.com/google/GoogleAppMeasurement.git @ 12.18.0
  Firebase: https://github.com/firebase/firebase-ios-sdk @ 12.18.0
  GoogleUserMessagingPlatform: https://github.com/googleads/swift-package-manager-google-user-messaging-platform.git @ 3.1.0
  leveldb: https://github.com/firebase/leveldb.git @ 1.22.5
  GTMAppAuth: https://github.com/google/GTMAppAuth.git @ 4.1.1
  gRPC: https://github.com/google/grpc-binary.git @ 1.69.1

ComputePackagePrebuildTargetDependencyGraph

Prepare packages

CreateBuildRequest

SendProjectDescription

CreateBuildOperation

ComputeTargetDependencyGraph
note: Building targets in dependency order
note: Target dependency graph (98 targets)
    Target 'tagmasterUITests' in project 'tagmaster'
        ➜ Explicit dependency on target 'tagmaster' in project 'tagmaster'
    Target 'tagmasterTests' in project 'tagmaster'
        ➜ Explicit dependency on target 'tagmaster' in project 'tagmaster'
    Target 'tagmaster' in project 'tagmaster'
        ➜ Explicit dependency on target 'depolllib' in project 'depolllib'
        ➜ Implicit dependency on target 'pitchperfectlib' in project 'pitchperfectlib' via file 'libpitchperfectlib.a' in build phase 'Link Binary'
        ➜ Explicit dependency on target 'FirebaseAuth' in project 'Firebase'
        ➜ Explicit dependency on target 'FirebaseFirestore' in project 'Firebase'
        ➜ Explicit dependency on target 'FirebaseAuthSwiftUI' in project 'FirebaseUI'
        ➜ Explicit dependency on target 'FirebaseGoogleSwiftUI' in project 'FirebaseUI'
        ➜ Explicit dependency on target 'FirebaseFacebookSwiftUI' in project 'FirebaseUI'
        ➜ Explicit dependency on target 'FirebaseAppleSwiftUI' in project 'FirebaseUI'
        ➜ Explicit dependency on target 'FirebasePhoneAuthSwiftUI' in project 'FirebaseUI'
    Target 'FirebasePhoneAuthSwiftUI' in project 'FirebaseUI'
        ➜ Explicit dependency on target 'FirebasePhoneAuthSwiftUI' in project 'FirebaseUI'
        ➜ Explicit dependency on target 'FirebaseAuthUIComponents' in project 'FirebaseUI'
        ➜ Explicit dependency on target 'FirebaseAuthSwiftUI' in project 'FirebaseUI'
        ➜ Explicit dependency on target 'FirebaseAuth' in project 'Firebase'
    Target 'FirebasePhoneAuthSwiftUI' in project 'FirebaseUI'
        ➜ Explicit dependency on target 'FirebaseAuthUIComponents' in project 'FirebaseUI'
        ➜ Explicit dependency on target 'FirebaseAuthSwiftUI' in project 'FirebaseUI'
        ➜ Explicit dependency on target 'FirebaseAuth' in project 'Firebase'
    Target 'FirebaseAppleSwiftUI' in project 'FirebaseUI'
        ➜ Explicit dependency on target 'FirebaseAppleSwiftUI' in project 'FirebaseUI'
        ➜ Explicit dependency on target 'FirebaseAuthUIComponents' in project 'FirebaseUI'
        ➜ Explicit dependency on target 'FirebaseAuthSwiftUI' in project 'FirebaseUI'
        ➜ Explicit dependency on target 'FirebaseAuth' in project 'Firebase'
    Target 'FirebaseAppleSwiftUI' in project 'FirebaseUI'
        ➜ Explicit dependency on target 'FirebaseAuthUIComponents' in project 'FirebaseUI'
        ➜ Explicit dependency on target 'FirebaseAuthSwiftUI' in project 'FirebaseUI'
        ➜ Explicit dependency on target 'FirebaseAuth' in project 'Firebase'
    Target 'FirebaseFacebookSwiftUI' in project 'FirebaseUI'
        ➜ Explicit dependency on target 'FirebaseFacebookSwiftUI' in project 'FirebaseUI'
        ➜ Explicit dependency on target 'FirebaseAuthUIComponents' in project 'FirebaseUI'
        ➜ Explicit dependency on target 'FirebaseAuthSwiftUI' in project 'FirebaseUI'
        ➜ Explicit dependency on target 'FirebaseAuth' in project 'Firebase'
        ➜ Explicit dependency on target 'FacebookLogin' in project 'Facebook'
        ➜ Explicit dependency on target 'FacebookCore' in project 'Facebook'
    Target 'FirebaseFacebookSwiftUI' in project 'FirebaseUI'
        ➜ Explicit dependency on target 'FirebaseAuthUIComponents' in project 'FirebaseUI'
        ➜ Explicit dependency on target 'FirebaseAuthSwiftUI' in project 'FirebaseUI'
        ➜ Explicit dependency on target 'FirebaseAuth' in project 'Firebase'
        ➜ Explicit dependency on target 'FacebookLogin' in project 'Facebook'
        ➜ Explicit dependency on target 'FacebookCore' in project 'Facebook'
    Target 'FacebookCore' in project 'Facebook'
        ➜ Explicit dependency on target 'FacebookCore' in project 'Facebook'
        ➜ Explicit dependency on target 'Facebook_FacebookCore' in project 'Facebook'
        ➜ Explicit dependency on target 'FacebookAEM' in project 'Facebook'
    Target 'FacebookLogin' in project 'Facebook'
        ➜ Explicit dependency on target 'FacebookLogin' in project 'Facebook'
        ➜ Explicit dependency on target 'Facebook_FacebookLogin' in project 'Facebook'
        ➜ Explicit dependency on target 'FacebookAEM' in project 'Facebook'
        ➜ Explicit dependency on target 'FacebookCore' in project 'Facebook'
    Target 'FacebookLogin' in project 'Facebook'
        ➜ Explicit dependency on target 'Facebook_FacebookLogin' in project 'Facebook'
        ➜ Explicit dependency on target 'FacebookAEM' in project 'Facebook'
        ➜ Explicit dependency on target 'FacebookCore' in project 'Facebook'
    Target 'FacebookCore' in project 'Facebook'
        ➜ Explicit dependency on target 'Facebook_FacebookCore' in project 'Facebook'
        ➜ Explicit dependency on target 'FacebookAEM' in project 'Facebook'
    Target 'Facebook_FacebookCore' in project 'Facebook' (no dependencies)
    Target 'FacebookAEM' in project 'Facebook'
        ➜ Explicit dependency on target 'Facebook_FacebookAEM' in project 'Facebook'
    Target 'Facebook_FacebookAEM' in project 'Facebook' (no dependencies)
    Target 'Facebook_FacebookLogin' in project 'Facebook' (no dependencies)
    Target 'FirebaseGoogleSwiftUI' in project 'FirebaseUI'
        ➜ Explicit dependency on target 'FirebaseGoogleSwiftUI' in project 'FirebaseUI'
        ➜ Explicit dependency on target 'FirebaseAuthUIComponents' in project 'FirebaseUI'
        ➜ Explicit dependency on target 'FirebaseAuthSwiftUI' in project 'FirebaseUI'
        ➜ Explicit dependency on target 'FirebaseAuth' in project 'Firebase'
        ➜ Explicit dependency on target 'GoogleSignIn' in project 'GoogleSignIn'
        ➜ Explicit dependency on target 'GoogleSignInSwift' in project 'GoogleSignIn'
    Target 'FirebaseGoogleSwiftUI' in project 'FirebaseUI'
        ➜ Explicit dependency on target 'FirebaseAuthUIComponents' in project 'FirebaseUI'
        ➜ Explicit dependency on target 'FirebaseAuthSwiftUI' in project 'FirebaseUI'
        ➜ Explicit dependency on target 'FirebaseAuth' in project 'Firebase'
        ➜ Explicit dependency on target 'GoogleSignIn' in project 'GoogleSignIn'
        ➜ Explicit dependency on target 'GoogleSignInSwift' in project 'GoogleSignIn'
    Target 'GoogleSignInSwift' in project 'GoogleSignIn'
        ➜ Explicit dependency on target 'GoogleSignInSwift' in project 'GoogleSignIn'
        ➜ Explicit dependency on target 'GoogleSignIn_GoogleSignInSwift' in project 'GoogleSignIn'
        ➜ Explicit dependency on target 'GoogleSignIn' in project 'GoogleSignIn'
        ➜ Explicit dependency on target 'AppAuth' in project 'AppAuth'
        ➜ Explicit dependency on target 'GTMAppAuth' in project 'GTMAppAuth'
        ➜ Explicit dependency on target 'GTMSessionFetcherCore' in project 'GTMSessionFetcher'
    Target 'GoogleSignInSwift' in project 'GoogleSignIn'
        ➜ Explicit dependency on target 'GoogleSignIn_GoogleSignInSwift' in project 'GoogleSignIn'
        ➜ Explicit dependency on target 'GoogleSignIn' in project 'GoogleSignIn'
        ➜ Explicit dependency on target 'AppAuth' in project 'AppAuth'
        ➜ Explicit dependency on target 'GTMAppAuth' in project 'GTMAppAuth'
        ➜ Explicit dependency on target 'GTMSessionFetcherCore' in project 'GTMSessionFetcher'
    Target 'GoogleSignIn_GoogleSignInSwift' in project 'GoogleSignIn' (no dependencies)
    Target 'GoogleSignIn' in project 'GoogleSignIn'
        ➜ Explicit dependency on target 'GoogleSignIn' in project 'GoogleSignIn'
        ➜ Explicit dependency on target 'GoogleSignIn_GoogleSignIn' in project 'GoogleSignIn'
        ➜ Explicit dependency on target 'AppAuth' in project 'AppAuth'
        ➜ Explicit dependency on target 'GTMAppAuth' in project 'GTMAppAuth'
        ➜ Explicit dependency on target 'GTMSessionFetcherCore' in project 'GTMSessionFetcher'
    Target 'GoogleSignIn' in project 'GoogleSignIn'
        ➜ Explicit dependency on target 'GoogleSignIn_GoogleSignIn' in project 'GoogleSignIn'
        ➜ Explicit dependency on target 'AppAuth' in project 'AppAuth'
        ➜ Explicit dependency on target 'GTMAppAuth' in project 'GTMAppAuth'
        ➜ Explicit dependency on target 'GTMSessionFetcherCore' in project 'GTMSessionFetcher'
    Target 'GTMAppAuth' in project 'GTMAppAuth'
        ➜ Explicit dependency on target 'GTMAppAuth' in project 'GTMAppAuth'
        ➜ Explicit dependency on target 'GTMAppAuth_GTMAppAuth' in project 'GTMAppAuth'
        ➜ Explicit dependency on target 'GTMSessionFetcherCore' in project 'GTMSessionFetcher'
        ➜ Explicit dependency on target 'AppAuthCore' in project 'AppAuth'
    Target 'GTMAppAuth' in project 'GTMAppAuth'
        ➜ Explicit dependency on target 'GTMAppAuth_GTMAppAuth' in project 'GTMAppAuth'
        ➜ Explicit dependency on target 'GTMSessionFetcherCore' in project 'GTMSessionFetcher'
        ➜ Explicit dependency on target 'AppAuthCore' in project 'AppAuth'
    Target 'AppAuthCore' in project 'AppAuth'
        ➜ Explicit dependency on target 'AppAuthCore' in project 'AppAuth'
        ➜ Explicit dependency on target 'AppAuth_AppAuthCore' in project 'AppAuth'
    Target 'GTMAppAuth_GTMAppAuth' in project 'GTMAppAuth' (no dependencies)
    Target 'AppAuth' in project 'AppAuth'
        ➜ Explicit dependency on target 'AppAuth' in project 'AppAuth'
        ➜ Explicit dependency on target 'AppAuth_AppAuth' in project 'AppAuth'
        ➜ Explicit dependency on target 'AppAuthCore' in project 'AppAuth'
    Target 'AppAuth' in project 'AppAuth'
        ➜ Explicit dependency on target 'AppAuth_AppAuth' in project 'AppAuth'
        ➜ Explicit dependency on target 'AppAuthCore' in project 'AppAuth'
    Target 'AppAuthCore' in project 'AppAuth'
        ➜ Explicit dependency on target 'AppAuth_AppAuthCore' in project 'AppAuth'
    Target 'AppAuth_AppAuthCore' in project 'AppAuth' (no dependencies)
    Target 'AppAuth_AppAuth' in project 'AppAuth' (no dependencies)
    Target 'GoogleSignIn_GoogleSignIn' in project 'GoogleSignIn' (no dependencies)
    Target 'FirebaseAuthSwiftUI' in project 'FirebaseUI'
        ➜ Explicit dependency on target 'FirebaseAuthSwiftUI' in project 'FirebaseUI'
        ➜ Explicit dependency on target 'FirebaseUI_FirebaseAuthSwiftUI' in project 'FirebaseUI'
        ➜ Explicit dependency on target 'FirebaseAuthUIComponents' in project 'FirebaseUI'
        ➜ Explicit dependency on target 'FirebaseAuth' in project 'Firebase'
    Target 'FirebaseAuthSwiftUI' in project 'FirebaseUI'
        ➜ Explicit dependency on target 'FirebaseUI_FirebaseAuthSwiftUI' in project 'FirebaseUI'
        ➜ Explicit dependency on target 'FirebaseAuthUIComponents' in project 'FirebaseUI'
        ➜ Explicit dependency on target 'FirebaseAuth' in project 'Firebase'
    Target 'FirebaseAuthUIComponents' in project 'FirebaseUI'
        ➜ Explicit dependency on target 'FirebaseUI_FirebaseAuthUIComponents' in project 'FirebaseUI'
    Target 'FirebaseUI_FirebaseAuthUIComponents' in project 'FirebaseUI' (no dependencies)
    Target 'FirebaseUI_FirebaseAuthSwiftUI' in project 'FirebaseUI' (no dependencies)
    Target 'FirebaseFirestore' in project 'Firebase'
        ➜ Explicit dependency on target 'FirebaseFirestoreTarget' in project 'Firebase'
        ➜ Explicit dependency on target 'FirebaseFirestoreInternalWrapper' in project 'Firebase'
        ➜ Explicit dependency on target 'FirebaseAppCheckInterop' in project 'Firebase'
        ➜ Explicit dependency on target 'Firebase' in project 'Firebase'
        ➜ Explicit dependency on target 'FirebaseCoreInternal' in project 'Firebase'
        ➜ Explicit dependency on target 'FirebaseCore' in project 'Firebase'
        ➜ Explicit dependency on target 'FirebaseCoreExtension' in project 'Firebase'
        ➜ Explicit dependency on target 'FirebaseSharedSwift' in project 'Firebase'
        ➜ Explicit dependency on target 'FirebaseFirestore' in project 'Firebase'
        ➜ Explicit dependency on target 'GULNSData' in project 'GoogleUtilities'
        ➜ Explicit dependency on target 'GULEnvironment' in project 'GoogleUtilities'
        ➜ Explicit dependency on target 'GULLogger' in project 'GoogleUtilities'
        ➜ Explicit dependency on target 'abseil' in project 'abseil'
        ➜ Explicit dependency on target 'gRPC-C++' in project 'gRPC'
        ➜ Explicit dependency on target 'nanopb' in project 'nanopb'
        ➜ Explicit dependency on target 'leveldb' in project 'leveldb'
    Target 'FirebaseFirestoreTarget' in project 'Firebase'
        ➜ Explicit dependency on target 'FirebaseFirestoreInternalWrapper' in project 'Firebase'
        ➜ Explicit dependency on target 'FirebaseAppCheckInterop' in project 'Firebase'
        ➜ Explicit dependency on target 'Firebase' in project 'Firebase'
        ➜ Explicit dependency on target 'FirebaseCoreInternal' in project 'Firebase'
        ➜ Explicit dependency on target 'FirebaseCore' in project 'Firebase'
        ➜ Explicit dependency on target 'FirebaseCoreExtension' in project 'Firebase'
        ➜ Explicit dependency on target 'FirebaseSharedSwift' in project 'Firebase'
        ➜ Explicit dependency on target 'FirebaseFirestore' in project 'Firebase'
        ➜ Explicit dependency on target 'GULNSData' in project 'GoogleUtilities'
        ➜ Explicit dependency on target 'GULEnvironment' in project 'GoogleUtilities'
        ➜ Explicit dependency on target 'GULLogger' in project 'GoogleUtilities'
        ➜ Explicit dependency on target 'abseil' in project 'abseil'
        ➜ Explicit dependency on target 'gRPC-C++' in project 'gRPC'
        ➜ Explicit dependency on target 'nanopb' in project 'nanopb'
        ➜ Explicit dependency on target 'leveldb' in project 'leveldb'
    Target 'FirebaseFirestore' in project 'Firebase'
        ➜ Explicit dependency on target 'Firebase_FirebaseFirestore' in project 'Firebase'
        ➜ Explicit dependency on target 'FirebaseFirestoreInternalWrapper' in project 'Firebase'
        ➜ Explicit dependency on target 'FirebaseAppCheckInterop' in project 'Firebase'
        ➜ Explicit dependency on target 'Firebase' in project 'Firebase'
        ➜ Explicit dependency on target 'FirebaseCoreInternal' in project 'Firebase'
        ➜ Explicit dependency on target 'FirebaseCore' in project 'Firebase'
        ➜ Explicit dependency on target 'FirebaseCoreExtension' in project 'Firebase'
        ➜ Explicit dependency on target 'FirebaseSharedSwift' in project 'Firebase'
        ➜ Explicit dependency on target 'GULNSData' in project 'GoogleUtilities'
        ➜ Explicit dependency on target 'GULEnvironment' in project 'GoogleUtilities'
        ➜ Explicit dependency on target 'GULLogger' in project 'GoogleUtilities'
        ➜ Explicit dependency on target 'abseil' in project 'abseil'
        ➜ Explicit dependency on target 'gRPC-C++' in project 'gRPC'
        ➜ Explicit dependency on target 'nanopb' in project 'nanopb'
        ➜ Explicit dependency on target 'leveldb' in project 'leveldb'
    Target 'leveldb' in project 'leveldb'
        ➜ Explicit dependency on target 'leveldb' in project 'leveldb'
        ➜ Explicit dependency on target 'leveldb_leveldb' in project 'leveldb'
    Target 'leveldb' in project 'leveldb'
        ➜ Explicit dependency on target 'leveldb_leveldb' in project 'leveldb'
    Target 'leveldb_leveldb' in project 'leveldb' (no dependencies)
    Target 'nanopb' in project 'nanopb'
        ➜ Explicit dependency on target 'nanopb' in project 'nanopb'
        ➜ Explicit dependency on target 'nanopb_nanopb' in project 'nanopb'
    Target 'nanopb' in project 'nanopb'
        ➜ Explicit dependency on target 'nanopb_nanopb' in project 'nanopb'
    Target 'nanopb_nanopb' in project 'nanopb' (no dependencies)
    Target 'gRPC-C++' in project 'gRPC'
        ➜ Explicit dependency on target 'grpcppWrapper' in project 'gRPC'
        ➜ Explicit dependency on target 'gRPC_grpcppWrapper' in project 'gRPC'
        ➜ Explicit dependency on target 'grpcWrapper' in project 'gRPC'
        ➜ Explicit dependency on target 'opensslWrapper' in project 'gRPC'
        ➜ Explicit dependency on target 'abseil' in project 'abseil'
    Target 'grpcppWrapper' in project 'gRPC'
        ➜ Explicit dependency on target 'gRPC_grpcppWrapper' in project 'gRPC'
        ➜ Explicit dependency on target 'grpcWrapper' in project 'gRPC'
        ➜ Explicit dependency on target 'opensslWrapper' in project 'gRPC'
        ➜ Explicit dependency on target 'abseil' in project 'abseil'
    Target 'opensslWrapper' in project 'gRPC'
        ➜ Explicit dependency on target 'gRPC_opensslWrapper' in project 'gRPC'
    Target 'gRPC_opensslWrapper' in project 'gRPC' (no dependencies)
    Target 'grpcWrapper' in project 'gRPC'
        ➜ Explicit dependency on target 'gRPC_grpcWrapper' in project 'gRPC'
    Target 'gRPC_grpcWrapper' in project 'gRPC' (no dependencies)
    Target 'gRPC_grpcppWrapper' in project 'gRPC' (no dependencies)
    Target 'abseil' in project 'abseil'
        ➜ Explicit dependency on target 'abslWrapper' in project 'abseil'
        ➜ Explicit dependency on target 'abseil_abslWrapper' in project 'abseil'
    Target 'abslWrapper' in project 'abseil'
        ➜ Explicit dependency on target 'abseil_abslWrapper' in project 'abseil'
    Target 'abseil_abslWrapper' in project 'abseil' (no dependencies)
    Target 'Firebase_FirebaseFirestore' in project 'Firebase' (no dependencies)
    Target 'FirebaseSharedSwift' in project 'Firebase' (no dependencies)
    Target 'FirebaseFirestoreInternalWrapper' in project 'Firebase' (no dependencies)
    Target 'FirebaseAuth' in project 'Firebase'
        ➜ Explicit dependency on target 'FirebaseAuth' in project 'Firebase'
        ➜ Explicit dependency on target 'Firebase_FirebaseAuth' in project 'Firebase'
        ➜ Explicit dependency on target 'FirebaseAppCheckInterop' in project 'Firebase'
        ➜ Explicit dependency on target 'FirebaseAuthInterop' in project 'Firebase'
        ➜ Explicit dependency on target 'FirebaseAuthInternal' in project 'Firebase'
        ➜ Explicit dependency on target 'Firebase' in project 'Firebase'
        ➜ Explicit dependency on target 'FirebaseCoreInternal' in project 'Firebase'
        ➜ Explicit dependency on target 'FirebaseCore' in project 'Firebase'
        ➜ Explicit dependency on target 'FirebaseCoreExtension' in project 'Firebase'
        ➜ Explicit dependency on target 'RecaptchaInterop' in project 'InteropForGoogle'
        ➜ Explicit dependency on target 'GULNSData' in project 'GoogleUtilities'
        ➜ Explicit dependency on target 'GULEnvironment' in project 'GoogleUtilities'
        ➜ Explicit dependency on target 'GULLogger' in project 'GoogleUtilities'
        ➜ Explicit dependency on target 'GULAppDelegateSwizzler' in project 'GoogleUtilities'
        ➜ Explicit dependency on target 'GTMSessionFetcherCore' in project 'GTMSessionFetcher'
    Target 'FirebaseAuth' in project 'Firebase'
        ➜ Explicit dependency on target 'Firebase_FirebaseAuth' in project 'Firebase'
        ➜ Explicit dependency on target 'FirebaseAppCheckInterop' in project 'Firebase'
        ➜ Explicit dependency on target 'FirebaseAuthInterop' in project 'Firebase'
        ➜ Explicit dependency on target 'FirebaseAuthInternal' in project 'Firebase'
        ➜ Explicit dependency on target 'Firebase' in project 'Firebase'
        ➜ Explicit dependency on target 'FirebaseCoreInternal' in project 'Firebase'
        ➜ Explicit dependency on target 'FirebaseCore' in project 'Firebase'
        ➜ Explicit dependency on target 'FirebaseCoreExtension' in project 'Firebase'
        ➜ Explicit dependency on target 'RecaptchaInterop' in project 'InteropForGoogle'
        ➜ Explicit dependency on target 'GULNSData' in project 'GoogleUtilities'
        ➜ Explicit dependency on target 'GULEnvironment' in project 'GoogleUtilities'
        ➜ Explicit dependency on target 'GULLogger' in project 'GoogleUtilities'
        ➜ Explicit dependency on target 'GULAppDelegateSwizzler' in project 'GoogleUtilities'
        ➜ Explicit dependency on target 'GTMSessionFetcherCore' in project 'GTMSessionFetcher'
    Target 'GTMSessionFetcherCore' in project 'GTMSessionFetcher'
        ➜ Explicit dependency on target 'GTMSessionFetcherCore' in project 'GTMSessionFetcher'
        ➜ Explicit dependency on target 'GTMSessionFetcher_GTMSessionFetcherCore' in project 'GTMSessionFetcher'
    Target 'GTMSessionFetcherCore' in project 'GTMSessionFetcher'
        ➜ Explicit dependency on target 'GTMSessionFetcher_GTMSessionFetcherCore' in project 'GTMSessionFetcher'
    Target 'GTMSessionFetcher_GTMSessionFetcherCore' in project 'GTMSessionFetcher' (no dependencies)
    Target 'GULAppDelegateSwizzler' in project 'GoogleUtilities'
        ➜ Explicit dependency on target 'GoogleUtilities-AppDelegateSwizzler' in project 'GoogleUtilities'
        ➜ Explicit dependency on target 'GoogleUtilities_GoogleUtilities-AppDelegateSwizzler' in project 'GoogleUtilities'
        ➜ Explicit dependency on target 'third-party-IsAppEncrypted' in project 'GoogleUtilities'
        ➜ Explicit dependency on target 'GoogleUtilities-Environment' in project 'GoogleUtilities'
        ➜ Explicit dependency on target 'GoogleUtilities-Logger' in project 'GoogleUtilities'
        ➜ Explicit dependency on target 'GoogleUtilities-NSData' in project 'GoogleUtilities'
        ➜ Explicit dependency on target 'GoogleUtilities-Reachability' in project 'GoogleUtilities'
        ➜ Explicit dependency on target 'GoogleUtilities-Network' in project 'GoogleUtilities'
    Target 'GoogleUtilities-AppDelegateSwizzler' in project 'GoogleUtilities'
        ➜ Explicit dependency on target 'GoogleUtilities_GoogleUtilities-AppDelegateSwizzler' in project 'GoogleUtilities'
        ➜ Explicit dependency on target 'third-party-IsAppEncrypted' in project 'GoogleUtilities'
        ➜ Explicit dependency on target 'GoogleUtilities-Environment' in project 'GoogleUtilities'
        ➜ Explicit dependency on target 'GoogleUtilities-Logger' in project 'GoogleUtilities'
        ➜ Explicit dependency on target 'GoogleUtilities-NSData' in project 'GoogleUtilities'
        ➜ Explicit dependency on target 'GoogleUtilities-Reachability' in project 'GoogleUtilities'
        ➜ Explicit dependency on target 'GoogleUtilities-Network' in project 'GoogleUtilities'
    Target 'GoogleUtilities-Network' in project 'GoogleUtilities'
        ➜ Explicit dependency on target 'GoogleUtilities_GoogleUtilities-Network' in project 'GoogleUtilities'
        ➜ Explicit dependency on target 'third-party-IsAppEncrypted' in project 'GoogleUtilities'
        ➜ Explicit dependency on target 'GoogleUtilities-Environment' in project 'GoogleUtilities'
        ➜ Explicit dependency on target 'GoogleUtilities-Logger' in project 'GoogleUtilities'
        ➜ Explicit dependency on target 'GoogleUtilities-NSData' in project 'GoogleUtilities'
        ➜ Explicit dependency on target 'GoogleUtilities-Reachability' in project 'GoogleUtilities'
    Target 'GoogleUtilities_GoogleUtilities-Network' in project 'GoogleUtilities' (no dependencies)
    Target 'GoogleUtilities-Reachability' in project 'GoogleUtilities'
        ➜ Explicit dependency on target 'GoogleUtilities_GoogleUtilities-Reachability' in project 'GoogleUtilities'
        ➜ Explicit dependency on target 'third-party-IsAppEncrypted' in project 'GoogleUtilities'
        ➜ Explicit dependency on target 'GoogleUtilities-Environment' in project 'GoogleUtilities'
        ➜ Explicit dependency on target 'GoogleUtilities-Logger' in project 'GoogleUtilities'
    Target 'GoogleUtilities_GoogleUtilities-Reachability' in project 'GoogleUtilities' (no dependencies)
    Target 'GoogleUtilities_GoogleUtilities-AppDelegateSwizzler' in project 'GoogleUtilities' (no dependencies)
    Target 'FirebaseCoreExtension' in project 'Firebase'
        ➜ Explicit dependency on target 'Firebase_FirebaseCoreExtension' in project 'Firebase'
    Target 'Firebase_FirebaseCoreExtension' in project 'Firebase' (no dependencies)
    Target 'FirebaseCore' in project 'Firebase'
        ➜ Explicit dependency on target 'Firebase_FirebaseCore' in project 'Firebase'
        ➜ Explicit dependency on target 'Firebase' in project 'Firebase'
        ➜ Explicit dependency on target 'FirebaseCoreInternal' in project 'Firebase'
        ➜ Explicit dependency on target 'GULNSData' in project 'GoogleUtilities'
        ➜ Explicit dependency on target 'GULEnvironment' in project 'GoogleUtilities'
        ➜ Explicit dependency on target 'GULLogger' in project 'GoogleUtilities'
    Target 'GULLogger' in project 'GoogleUtilities'
        ➜ Explicit dependency on target 'GoogleUtilities-Logger' in project 'GoogleUtilities'
        ➜ Explicit dependency on target 'GoogleUtilities_GoogleUtilities-Logger' in project 'GoogleUtilities'
        ➜ Explicit dependency on target 'third-party-IsAppEncrypted' in project 'GoogleUtilities'
        ➜ Explicit dependency on target 'GoogleUtilities-Environment' in project 'GoogleUtilities'
    Target 'GoogleUtilities-Logger' in project 'GoogleUtilities'
        ➜ Explicit dependency on target 'GoogleUtilities_GoogleUtilities-Logger' in project 'GoogleUtilities'
        ➜ Explicit dependency on target 'third-party-IsAppEncrypted' in project 'GoogleUtilities'
        ➜ Explicit dependency on target 'GoogleUtilities-Environment' in project 'GoogleUtilities'
    Target 'GoogleUtilities_GoogleUtilities-Logger' in project 'GoogleUtilities' (no dependencies)
    Target 'GULEnvironment' in project 'GoogleUtilities'
        ➜ Explicit dependency on target 'GoogleUtilities-Environment' in project 'GoogleUtilities'
        ➜ Explicit dependency on target 'GoogleUtilities_GoogleUtilities-Environment' in project 'GoogleUtilities'
        ➜ Explicit dependency on target 'third-party-IsAppEncrypted' in project 'GoogleUtilities'
    Target 'GoogleUtilities-Environment' in project 'GoogleUtilities'
        ➜ Explicit dependency on target 'GoogleUtilities_GoogleUtilities-Environment' in project 'GoogleUtilities'
        ➜ Explicit dependency on target 'third-party-IsAppEncrypted' in project 'GoogleUtilities'
    Target 'third-party-IsAppEncrypted' in project 'GoogleUtilities' (no dependencies)
    Target 'GoogleUtilities_GoogleUtilities-Environment' in project 'GoogleUtilities' (no dependencies)
    Target 'Firebase_FirebaseCore' in project 'Firebase' (no dependencies)
    Target 'FirebaseCoreInternal' in project 'Firebase'
        ➜ Explicit dependency on target 'Firebase_FirebaseCoreInternal' in project 'Firebase'
        ➜ Explicit dependency on target 'GULNSData' in project 'GoogleUtilities'
    Target 'GULNSData' in project 'GoogleUtilities'
        ➜ Explicit dependency on target 'GoogleUtilities-NSData' in project 'GoogleUtilities'
        ➜ Explicit dependency on target 'GoogleUtilities_GoogleUtilities-NSData' in project 'GoogleUtilities'
    Target 'GoogleUtilities-NSData' in project 'GoogleUtilities'
        ➜ Explicit dependency on target 'GoogleUtilities_GoogleUtilities-NSData' in project 'GoogleUtilities'
    Target 'GoogleUtilities_GoogleUtilities-NSData' in project 'GoogleUtilities' (no dependencies)
    Target 'Firebase_FirebaseCoreInternal' in project 'Firebase' (no dependencies)
    Target 'Firebase' in project 'Firebase' (no dependencies)
    Target 'FirebaseAuthInternal' in project 'Firebase'
        ➜ Explicit dependency on target 'RecaptchaInterop' in project 'InteropForGoogle'
    Target 'RecaptchaInterop' in project 'InteropForGoogle'
        ➜ Explicit dependency on target 'RecaptchaInterop' in project 'InteropForGoogle'
    Target 'RecaptchaInterop' in project 'InteropForGoogle' (no dependencies)
    Target 'FirebaseAuthInterop' in project 'Firebase' (no dependencies)
    Target 'FirebaseAppCheckInterop' in project 'Firebase' (no dependencies)
    Target 'Firebase_FirebaseAuth' in project 'Firebase' (no dependencies)
    Target 'pitchperfectlib' in project 'pitchperfectlib'
        ➜ Explicit dependency on target 'depolllib' in project 'depolllib'
    Target 'depolllib' in project 'depolllib' (no dependencies)

GatherProvisioningInputs

CreateBuildDescription

ExecuteExternalTool /Applications/Xcode.app/Contents/Developer/Toolchains/XcodeDefault.xctoolchain/usr/bin/clang -v -E -dM -arch arm64 -isysroot /Applications/Xcode.app/Contents/Developer/Platforms/iPhoneSimulator.platform/Developer/SDKs/iPhoneSimulator26.5.sdk -x objective-c -c /dev/null

ExecuteExternalTool /Applications/Xcode.app/Contents/Developer/Toolchains/XcodeDefault.xctoolchain/usr/bin/swiftc --version

ExecuteExternalTool /Applications/Xcode.app/Contents/Developer/Toolchains/XcodeDefault.xctoolchain/usr/bin/clang -v -E -dM -isysroot /Applications/Xcode.app/Contents/Developer/Platforms/iPhoneSimulator.platform/Developer/SDKs/iPhoneSimulator26.5.sdk -x c -c /dev/null

ExecuteExternalTool /Applications/Xcode.app/Contents/Developer/Toolchains/XcodeDefault.xctoolchain/usr/bin/clang -v -E -dM -arch arm64 -isysroot /Applications/Xcode.app/Contents/Developer/Platforms/iPhoneSimulator.platform/Developer/SDKs/iPhoneSimulator26.5.sdk -x c -c /dev/null

ExecuteExternalTool /Applications/Xcode.app/Contents/Developer/Toolchains/XcodeDefault.xctoolchain/usr/bin/clang -v -E -dM -arch arm64 -isysroot /Applications/Xcode.app/Contents/Developer/Platforms/iPhoneSimulator.platform/Developer/SDKs/iPhoneSimulator26.5.sdk -x c++ -c /dev/null

ExecuteExternalTool /Applications/Xcode.app/Contents/Developer/usr/bin/xcstringstool compile --dry-run --output-directory /tmp/tm-dd/Build/Intermediates.noindex/FirebaseUI.build/Debug-iphonesimulator/FirebaseUI_FirebaseAuthSwiftUI.build /tmp/tm-dd/SourcePackages/checkouts/FirebaseUI-iOS/FirebaseSwiftUI/FirebaseAuthSwiftUI/Sources/Strings/Localizable.xcstrings

ExecuteExternalTool /Applications/Xcode.app/Contents/Developer/usr/bin/actool --version --output-format xml1

ExecuteExternalTool /Applications/Xcode.app/Contents/Developer/Toolchains/XcodeDefault.xctoolchain/usr/bin/ld -version_details

ExecuteExternalTool /Applications/Xcode.app/Contents/Developer/Toolchains/XcodeDefault.xctoolchain/usr/bin/libtool -V

ExecuteExternalTool /Applications/Xcode.app/Contents/Developer/Toolchains/XcodeDefault.xctoolchain/usr/bin/clang -v -E -dM -arch x86_64 -isysroot /Applications/Xcode.app/Contents/Developer/Platforms/iPhoneSimulator.platform/Developer/SDKs/iPhoneSimulator26.5.sdk -x objective-c -c /dev/null

ExecuteExternalTool /Applications/Xcode.app/Contents/Developer/usr/bin/ibtool --version --output-format xml1

ExecuteExternalTool /Applications/Xcode.app/Contents/Developer/usr/bin/actool --print-asset-tag-combinations --output-format xml1 /Users/depoll/.local/share/pi-worktrees/20260907070801/fable-audit-ux-worktree-20260907/iOS/tagmaster/tagmaster/Images.xcassets

ExecuteExternalTool /Applications/Xcode.app/Contents/Developer/Toolchains/XcodeDefault.xctoolchain/usr/bin/clang -v -E -dM -arch x86_64 -isysroot /Applications/Xcode.app/Contents/Developer/Platforms/iPhoneSimulator.platform/Developer/SDKs/iPhoneSimulator26.5.sdk -x c -c /dev/null

Build description signature: a7695c88115298ae3c8d734d9bc63904
Build description path: /tmp/tm-dd/Build/Intermediates.noindex/XCBuildData/a7695c88115298ae3c8d734d9bc63904.xcbuilddata
ClangStatCache /Applications/Xcode.app/Contents/Developer/Toolchains/XcodeDefault.xctoolchain/usr/bin/clang-stat-cache /Applications/Xcode.app/Contents/Developer/Platforms/iPhoneSimulator.platform/Developer/SDKs/iPhoneSimulator26.5.sdk /tmp/tm-dd/SDKStatCaches.noindex/iphonesimulator26.5-23F81a-6cfe768891a92b912361537c460fe42b.sdkstatcache
    cd /Users/depoll/.local/share/pi-worktrees/20260907070801/fable-audit-ux-worktree-20260907/iOS
    /Applications/Xcode.app/Contents/Developer/Toolchains/XcodeDefault.xctoolchain/usr/bin/clang-stat-cache /Applications/Xcode.app/Contents/Developer/Platforms/iPhoneSimulator.platform/Developer/SDKs/iPhoneSimulator26.5.sdk -o /tmp/tm-dd/SDKStatCaches.noindex/iphonesimulator26.5-23F81a-6cfe768891a92b912361537c460fe42b.sdkstatcache

ProcessInfoPlistFile /tmp/tm-dd/Build/Products/Debug-iphonesimulator/nanopb_nanopb.bundle/Info.plist /tmp/tm-dd/Build/Intermediates.noindex/nanopb.build/Debug-iphonesimulator/nanopb_nanopb.build/empty-nanopb_nanopb.plist (in target 'nanopb_nanopb' from project 'nanopb')
    cd /tmp/tm-dd/SourcePackages/checkouts/nanopb
    builtin-infoPlistUtility /tmp/tm-dd/Build/Intermediates.noindex/nanopb.build/Debug-iphonesimulator/nanopb_nanopb.build/empty-nanopb_nanopb.plist -producttype com.apple.product-type.bundle -expandbuildsettings -format binary -platform iphonesimulator -o /tmp/tm-dd/Build/Products/Debug-iphonesimulator/nanopb_nanopb.bundle/Info.plist

ProcessInfoPlistFile /tmp/tm-dd/Build/Products/Debug-iphonesimulator/leveldb_leveldb.bundle/Info.plist /tmp/tm-dd/Build/Intermediates.noindex/leveldb.build/Debug-iphonesimulator/leveldb_leveldb.build/empty-leveldb_leveldb.plist (in target 'leveldb_leveldb' from project 'leveldb')
    cd /tmp/tm-dd/SourcePackages/checkouts/leveldb
    builtin-infoPlistUtility /tmp/tm-dd/Build/Intermediates.noindex/leveldb.build/Debug-iphonesimulator/leveldb_leveldb.build/empty-leveldb_leveldb.plist -producttype com.apple.product-type.bundle -expandbuildsettings -format binary -platform iphonesimulator -o /tmp/tm-dd/Build/Products/Debug-iphonesimulator/leveldb_leveldb.bundle/Info.plist

ProcessInfoPlistFile /tmp/tm-dd/Build/Products/Debug-iphonesimulator/gRPC_opensslWrapper.bundle/Info.plist /tmp/tm-dd/Build/Intermediates.noindex/gRPC.build/Debug-iphonesimulator/gRPC_opensslWrapper.build/empty-gRPC_opensslWrapper.plist (in target 'gRPC_opensslWrapper' from project 'gRPC')
    cd /tmp/tm-dd/SourcePackages/checkouts/grpc-binary
    builtin-infoPlistUtility /tmp/tm-dd/Build/Intermediates.noindex/gRPC.build/Debug-iphonesimulator/gRPC_opensslWrapper.build/empty-gRPC_opensslWrapper.plist -producttype com.apple.product-type.bundle -expandbuildsettings -format binary -platform iphonesimulator -o /tmp/tm-dd/Build/Products/Debug-iphonesimulator/gRPC_opensslWrapper.bundle/Info.plist

ProcessInfoPlistFile /tmp/tm-dd/Build/Products/Debug-iphonesimulator/GoogleUtilities_GoogleUtilities-NSData.bundle/Info.plist /tmp/tm-dd/Build/Intermediates.noindex/GoogleUtilities.build/Debug-iphonesimulator/GoogleUtilities_GoogleUtilities-NSData.build/empty-GoogleUtilities_GoogleUtilities-NSData.plist (in target 'GoogleUtilities_GoogleUtilities-NSData' from project 'GoogleUtilities')
    cd /tmp/tm-dd/SourcePackages/checkouts/GoogleUtilities
    builtin-infoPlistUtility /tmp/tm-dd/Build/Intermediates.noindex/GoogleUtilities.build/Debug-iphonesimulator/GoogleUtilities_GoogleUtilities-NSData.build/empty-GoogleUtilities_GoogleUtilities-NSData.plist -producttype com.apple.product-type.bundle -expandbuildsettings -format binary -platform iphonesimulator -o /tmp/tm-dd/Build/Products/Debug-iphonesimulator/GoogleUtilities_GoogleUtilities-NSData.bundle/Info.plist

ProcessInfoPlistFile /tmp/tm-dd/Build/Products/Debug-iphonesimulator/GoogleUtilities_GoogleUtilities-Logger.bundle/Info.plist /tmp/tm-dd/Build/Intermediates.noindex/GoogleUtilities.build/Debug-iphonesimulator/GoogleUtilities_GoogleUtilities-Logger.build/empty-GoogleUtilities_GoogleUtilities-Logger.plist (in target 'GoogleUtilities_GoogleUtilities-Logger' from project 'GoogleUtilities')
    cd /tmp/tm-dd/SourcePackages/checkouts/GoogleUtilities
    builtin-infoPlistUtility /tmp/tm-dd/Build/Intermediates.noindex/GoogleUtilities.build/Debug-iphonesimulator/GoogleUtilities_GoogleUtilities-Logger.build/empty-GoogleUtilities_GoogleUtilities-Logger.plist -producttype com.apple.product-type.bundle -expandbuildsettings -format binary -platform iphonesimulator -o /tmp/tm-dd/Build/Products/Debug-iphonesimulator/GoogleUtilities_GoogleUtilities-Logger.bundle/Info.plist

ProcessInfoPlistFile /tmp/tm-dd/Build/Products/Debug-iphonesimulator/GoogleUtilities_GoogleUtilities-Environment.bundle/Info.plist /tmp/tm-dd/Build/Intermediates.noindex/GoogleUtilities.build/Debug-iphonesimulator/GoogleUtilities_GoogleUtilities-Environment.build/empty-GoogleUtilities_GoogleUtilities-Environment.plist (in target 'GoogleUtilities_GoogleUtilities-Environment' from project 'GoogleUtilities')
    cd /tmp/tm-dd/SourcePackages/checkouts/GoogleUtilities
    builtin-infoPlistUtility /tmp/tm-dd/Build/Intermediates.noindex/GoogleUtilities.build/Debug-iphonesimulator/GoogleUtilities_GoogleUtilities-Environment.build/empty-GoogleUtilities_GoogleUtilities-Environment.plist -producttype com.apple.product-type.bundle -expandbuildsettings -format binary -platform iphonesimulator -o /tmp/tm-dd/Build/Products/Debug-iphonesimulator/GoogleUtilities_GoogleUtilities-Environment.bundle/Info.plist

ProcessInfoPlistFile /tmp/tm-dd/Build/Products/Debug-iphonesimulator/GoogleUtilities_GoogleUtilities-Network.bundle/Info.plist /tmp/tm-dd/Build/Intermediates.noindex/GoogleUtilities.build/Debug-iphonesimulator/GoogleUtilities_GoogleUtilities-Network.build/empty-GoogleUtilities_GoogleUtilities-Network.plist (in target 'GoogleUtilities_GoogleUtilities-Network' from project 'GoogleUtilities')
    cd /tmp/tm-dd/SourcePackages/checkouts/GoogleUtilities
    builtin-infoPlistUtility /tmp/tm-dd/Build/Intermediates.noindex/GoogleUtilities.build/Debug-iphonesimulator/GoogleUtilities_GoogleUtilities-Network.build/empty-GoogleUtilities_GoogleUtilities-Network.plist -producttype com.apple.product-type.bundle -expandbuildsettings -format binary -platform iphonesimulator -o /tmp/tm-dd/Build/Products/Debug-iphonesimulator/GoogleUtilities_GoogleUtilities-Network.bundle/Info.plist

ProcessInfoPlistFile /tmp/tm-dd/Build/Products/Debug-iphonesimulator/GoogleUtilities_GoogleUtilities-AppDelegateSwizzler.bundle/Info.plist /tmp/tm-dd/Build/Intermediates.noindex/GoogleUtilities.build/Debug-iphonesimulator/GoogleUtilities_GoogleUtilities-AppDelegateSwizzler.build/empty-GoogleUtilities_GoogleUtilities-AppDelegateSwizzler.plist (in target 'GoogleUtilities_GoogleUtilities-AppDelegateSwizzler' from project 'GoogleUtilities')
    cd /tmp/tm-dd/SourcePackages/checkouts/GoogleUtilities
    builtin-infoPlistUtility /tmp/tm-dd/Build/Intermediates.noindex/GoogleUtilities.build/Debug-iphonesimulator/GoogleUtilities_GoogleUtilities-AppDelegateSwizzler.build/empty-GoogleUtilities_GoogleUtilities-AppDelegateSwizzler.plist -producttype com.apple.product-type.bundle -expandbuildsettings -format binary -platform iphonesimulator -o /tmp/tm-dd/Build/Products/Debug-iphonesimulator/GoogleUtilities_GoogleUtilities-AppDelegateSwizzler.bundle/Info.plist

ProcessInfoPlistFile /tmp/tm-dd/Build/Products/Debug-iphonesimulator/GoogleSignIn_GoogleSignInSwift.bundle/Info.plist /tmp/tm-dd/Build/Intermediates.noindex/GoogleSignIn.build/Debug-iphonesimulator/GoogleSignIn_GoogleSignInSwift.build/empty-GoogleSignIn_GoogleSignInSwift.plist (in target 'GoogleSignIn_GoogleSignInSwift' from project 'GoogleSignIn')
    cd /tmp/tm-dd/SourcePackages/checkouts/GoogleSignIn-iOS
    builtin-infoPlistUtility /tmp/tm-dd/Build/Intermediates.noindex/GoogleSignIn.build/Debug-iphonesimulator/GoogleSignIn_GoogleSignInSwift.build/empty-GoogleSignIn_GoogleSignInSwift.plist -producttype com.apple.product-type.bundle -expandbuildsettings -format binary -platform iphonesimulator -o /tmp/tm-dd/Build/Products/Debug-iphonesimulator/GoogleSignIn_GoogleSignInSwift.bundle/Info.plist

ProcessInfoPlistFile /tmp/tm-dd/Build/Products/Debug-iphonesimulator/GoogleSignIn_GoogleSignIn.bundle/Info.plist /tmp/tm-dd/Build/Intermediates.noindex/GoogleSignIn.build/Debug-iphonesimulator/GoogleSignIn_GoogleSignIn.build/empty-GoogleSignIn_GoogleSignIn.plist (in target 'GoogleSignIn_GoogleSignIn' from project 'GoogleSignIn')
    cd /tmp/tm-dd/SourcePackages/checkouts/GoogleSignIn-iOS
    builtin-infoPlistUtility /tmp/tm-dd/Build/Intermediates.noindex/GoogleSignIn.build/Debug-iphonesimulator/GoogleSignIn_GoogleSignIn.build/empty-GoogleSignIn_GoogleSignIn.plist -producttype com.apple.product-type.bundle -expandbuildsettings -format binary -platform iphonesimulator -o /tmp/tm-dd/Build/Products/Debug-iphonesimulator/GoogleSignIn_GoogleSignIn.bundle/Info.plist

ProcessInfoPlistFile /tmp/tm-dd/Build/Products/Debug-iphonesimulator/gRPC_grpcWrapper.bundle/Info.plist /tmp/tm-dd/Build/Intermediates.noindex/gRPC.build/Debug-iphonesimulator/gRPC_grpcWrapper.build/empty-gRPC_grpcWrapper.plist (in target 'gRPC_grpcWrapper' from project 'gRPC')
    cd /tmp/tm-dd/SourcePackages/checkouts/grpc-binary
    builtin-infoPlistUtility /tmp/tm-dd/Build/Intermediates.noindex/gRPC.build/Debug-iphonesimulator/gRPC_grpcWrapper.build/empty-gRPC_grpcWrapper.plist -producttype com.apple.product-type.bundle -expandbuildsettings -format binary -platform iphonesimulator -o /tmp/tm-dd/Build/Products/Debug-iphonesimulator/gRPC_grpcWrapper.bundle/Info.plist

ProcessInfoPlistFile /tmp/tm-dd/Build/Products/Debug-iphonesimulator/abseil_abslWrapper.bundle/Info.plist /tmp/tm-dd/Build/Intermediates.noindex/abseil.build/Debug-iphonesimulator/abseil_abslWrapper.build/empty-abseil_abslWrapper.plist (in target 'abseil_abslWrapper' from project 'abseil')
    cd /tmp/tm-dd/SourcePackages/checkouts/abseil-cpp-binary
    builtin-infoPlistUtility /tmp/tm-dd/Build/Intermediates.noindex/abseil.build/Debug-iphonesimulator/abseil_abslWrapper.build/empty-abseil_abslWrapper.plist -producttype com.apple.product-type.bundle -expandbuildsettings -format binary -platform iphonesimulator -o /tmp/tm-dd/Build/Products/Debug-iphonesimulator/abseil_abslWrapper.bundle/Info.plist

ProcessInfoPlistFile /tmp/tm-dd/Build/Products/Debug-iphonesimulator/gRPC_grpcppWrapper.bundle/Info.plist /tmp/tm-dd/Build/Intermediates.noindex/gRPC.build/Debug-iphonesimulator/gRPC_grpcppWrapper.build/empty-gRPC_grpcppWrapper.plist (in target 'gRPC_grpcppWrapper' from project 'gRPC')
    cd /tmp/tm-dd/SourcePackages/checkouts/grpc-binary
    builtin-infoPlistUtility /tmp/tm-dd/Build/Intermediates.noindex/gRPC.build/Debug-iphonesimulator/gRPC_grpcppWrapper.build/empty-gRPC_grpcppWrapper.plist -producttype com.apple.product-type.bundle -expandbuildsettings -format binary -platform iphonesimulator -o /tmp/tm-dd/Build/Products/Debug-iphonesimulator/gRPC_grpcppWrapper.bundle/Info.plist

ProcessInfoPlistFile /tmp/tm-dd/Build/Products/Debug-iphonesimulator/GoogleUtilities_GoogleUtilities-Reachability.bundle/Info.plist /tmp/tm-dd/Build/Intermediates.noindex/GoogleUtilities.build/Debug-iphonesimulator/GoogleUtilities_GoogleUtilities-Reachability.build/empty-GoogleUtilities_GoogleUtilities-Reachability.plist (in target 'GoogleUtilities_GoogleUtilities-Reachability' from project 'GoogleUtilities')
    cd /tmp/tm-dd/SourcePackages/checkouts/GoogleUtilities
    builtin-infoPlistUtility /tmp/tm-dd/Build/Intermediates.noindex/GoogleUtilities.build/Debug-iphonesimulator/GoogleUtilities_GoogleUtilities-Reachability.build/empty-GoogleUtilities_GoogleUtilities-Reachability.plist -producttype com.apple.product-type.bundle -expandbuildsettings -format binary -platform iphonesimulator -o /tmp/tm-dd/Build/Products/Debug-iphonesimulator/GoogleUtilities_GoogleUtilities-Reachability.bundle/Info.plist

ProcessInfoPlistFile /tmp/tm-dd/Build/Products/Debug-iphonesimulator/GTMSessionFetcher_GTMSessionFetcherCore.bundle/Info.plist /tmp/tm-dd/Build/Intermediates.noindex/GTMSessionFetcher.build/Debug-iphonesimulator/GTMSessionFetcher_GTMSessionFetcherCore.build/empty-GTMSessionFetcher_GTMSessionFetcherCore.plist (in target 'GTMSessionFetcher_GTMSessionFetcherCore' from project 'GTMSessionFetcher')
    cd /tmp/tm-dd/SourcePackages/checkouts/gtm-session-fetcher
    builtin-infoPlistUtility /tmp/tm-dd/Build/Intermediates.noindex/GTMSessionFetcher.build/Debug-iphonesimulator/GTMSessionFetcher_GTMSessionFetcherCore.build/empty-GTMSessionFetcher_GTMSessionFetcherCore.plist -producttype com.apple.product-type.bundle -expandbuildsettings -format binary -platform iphonesimulator -o /tmp/tm-dd/Build/Products/Debug-iphonesimulator/GTMSessionFetcher_GTMSessionFetcherCore.bundle/Info.plist

ProcessInfoPlistFile /tmp/tm-dd/Build/Products/Debug-iphonesimulator/GTMAppAuth_GTMAppAuth.bundle/Info.plist /tmp/tm-dd/Build/Intermediates.noindex/GTMAppAuth.build/Debug-iphonesimulator/GTMAppAuth_GTMAppAuth.build/empty-GTMAppAuth_GTMAppAuth.plist (in target 'GTMAppAuth_GTMAppAuth' from project 'GTMAppAuth')
    cd /tmp/tm-dd/SourcePackages/checkouts/GTMAppAuth
    builtin-infoPlistUtility /tmp/tm-dd/Build/Intermediates.noindex/GTMAppAuth.build/Debug-iphonesimulator/GTMAppAuth_GTMAppAuth.build/empty-GTMAppAuth_GTMAppAuth.plist -producttype com.apple.product-type.bundle -expandbuildsettings -format binary -platform iphonesimulator -o /tmp/tm-dd/Build/Products/Debug-iphonesimulator/GTMAppAuth_GTMAppAuth.bundle/Info.plist

ProcessInfoPlistFile /tmp/tm-dd/Build/Products/Debug-iphonesimulator/Firebase_FirebaseFirestore.bundle/Info.plist /tmp/tm-dd/Build/Intermediates.noindex/Firebase.build/Debug-iphonesimulator/Firebase_FirebaseFirestore.build/empty-Firebase_FirebaseFirestore.plist (in target 'Firebase_FirebaseFirestore' from project 'Firebase')
    cd /tmp/tm-dd/SourcePackages/checkouts/firebase-ios-sdk
    builtin-infoPlistUtility /tmp/tm-dd/Build/Intermediates.noindex/Firebase.build/Debug-iphonesimulator/Firebase_FirebaseFirestore.build/empty-Firebase_FirebaseFirestore.plist -producttype com.apple.product-type.bundle -expandbuildsettings -format binary -platform iphonesimulator -o /tmp/tm-dd/Build/Products/Debug-iphonesimulator/Firebase_FirebaseFirestore.bundle/Info.plist

ProcessInfoPlistFile /tmp/tm-dd/Build/Products/Debug-iphonesimulator/Firebase_FirebaseCoreInternal.bundle/Info.plist /tmp/tm-dd/Build/Intermediates.noindex/Firebase.build/Debug-iphonesimulator/Firebase_FirebaseCoreInternal.build/empty-Firebase_FirebaseCoreInternal.plist (in target 'Firebase_FirebaseCoreInternal' from project 'Firebase')
    cd /tmp/tm-dd/SourcePackages/checkouts/firebase-ios-sdk
    builtin-infoPlistUtility /tmp/tm-dd/Build/Intermediates.noindex/Firebase.build/Debug-iphonesimulator/Firebase_FirebaseCoreInternal.build/empty-Firebase_FirebaseCoreInternal.plist -producttype com.apple.product-type.bundle -expandbuildsettings -format binary -platform iphonesimulator -o /tmp/tm-dd/Build/Products/Debug-iphonesimulator/Firebase_FirebaseCoreInternal.bundle/Info.plist

ProcessInfoPlistFile /tmp/tm-dd/Build/Products/Debug-iphonesimulator/Firebase_FirebaseCoreExtension.bundle/Info.plist /tmp/tm-dd/Build/Intermediates.noindex/Firebase.build/Debug-iphonesimulator/Firebase_FirebaseCoreExtension.build/empty-Firebase_FirebaseCoreExtension.plist (in target 'Firebase_FirebaseCoreExtension' from project 'Firebase')
    cd /tmp/tm-dd/SourcePackages/checkouts/firebase-ios-sdk
    builtin-infoPlistUtility /tmp/tm-dd/Build/Intermediates.noindex/Firebase.build/Debug-iphonesimulator/Firebase_FirebaseCoreExtension.build/empty-Firebase_FirebaseCoreExtension.plist -producttype com.apple.product-type.bundle -expandbuildsettings -format binary -platform iphonesimulator -o /tmp/tm-dd/Build/Products/Debug-iphonesimulator/Firebase_FirebaseCoreExtension.bundle/Info.plist

ProcessInfoPlistFile /tmp/tm-dd/Build/Products/Debug-iphonesimulator/Firebase_FirebaseCore.bundle/Info.plist /tmp/tm-dd/Build/Intermediates.noindex/Firebase.build/Debug-iphonesimulator/Firebase_FirebaseCore.build/empty-Firebase_FirebaseCore.plist (in target 'Firebase_FirebaseCore' from project 'Firebase')
    cd /tmp/tm-dd/SourcePackages/checkouts/firebase-ios-sdk
    builtin-infoPlistUtility /tmp/tm-dd/Build/Intermediates.noindex/Firebase.build/Debug-iphonesimulator/Firebase_FirebaseCore.build/empty-Firebase_FirebaseCore.plist -producttype com.apple.product-type.bundle -expandbuildsettings -format binary -platform iphonesimulator -o /tmp/tm-dd/Build/Products/Debug-iphonesimulator/Firebase_FirebaseCore.bundle/Info.plist

ProcessInfoPlistFile /tmp/tm-dd/Build/Products/Debug-iphonesimulator/Firebase_FirebaseAuth.bundle/Info.plist /tmp/tm-dd/Build/Intermediates.noindex/Firebase.build/Debug-iphonesimulator/Firebase_FirebaseAuth.build/empty-Firebase_FirebaseAuth.plist (in target 'Firebase_FirebaseAuth' from project 'Firebase')
    cd /tmp/tm-dd/SourcePackages/checkouts/firebase-ios-sdk
    builtin-infoPlistUtility /tmp/tm-dd/Build/Intermediates.noindex/Firebase.build/Debug-iphonesimulator/Firebase_FirebaseAuth.build/empty-Firebase_FirebaseAuth.plist -producttype com.apple.product-type.bundle -expandbuildsettings -format binary -platform iphonesimulator -o /tmp/tm-dd/Build/Products/Debug-iphonesimulator/Firebase_FirebaseAuth.bundle/Info.plist

ProcessInfoPlistFile /tmp/tm-dd/Build/Products/Debug-iphonesimulator/Facebook_FacebookLogin.bundle/Info.plist /tmp/tm-dd/Build/Intermediates.noindex/Facebook.build/Debug-iphonesimulator/Facebook_FacebookLogin.build/empty-Facebook_FacebookLogin.plist (in target 'Facebook_FacebookLogin' from project 'Facebook')
    cd /tmp/tm-dd/SourcePackages/checkouts/facebook-ios-sdk
    builtin-infoPlistUtility /tmp/tm-dd/Build/Intermediates.noindex/Facebook.build/Debug-iphonesimulator/Facebook_FacebookLogin.build/empty-Facebook_FacebookLogin.plist -producttype com.apple.product-type.bundle -expandbuildsettings -format binary -platform iphonesimulator -o /tmp/tm-dd/Build/Products/Debug-iphonesimulator/Facebook_FacebookLogin.bundle/Info.plist

ProcessInfoPlistFile /tmp/tm-dd/Build/Products/Debug-iphonesimulator/Facebook_FacebookCore.bundle/Info.plist /tmp/tm-dd/Build/Intermediates.noindex/Facebook.build/Debug-iphonesimulator/Facebook_FacebookCore.build/empty-Facebook_FacebookCore.plist (in target 'Facebook_FacebookCore' from project 'Facebook')
    cd /tmp/tm-dd/SourcePackages/checkouts/facebook-ios-sdk
    builtin-infoPlistUtility /tmp/tm-dd/Build/Intermediates.noindex/Facebook.build/Debug-iphonesimulator/Facebook_FacebookCore.build/empty-Facebook_FacebookCore.plist -producttype com.apple.product-type.bundle -expandbuildsettings -format binary -platform iphonesimulator -o /tmp/tm-dd/Build/Products/Debug-iphonesimulator/Facebook_FacebookCore.bundle/Info.plist

ProcessInfoPlistFile /tmp/tm-dd/Build/Products/Debug-iphonesimulator/Facebook_FacebookAEM.bundle/Info.plist /tmp/tm-dd/Build/Intermediates.noindex/Facebook.build/Debug-iphonesimulator/Facebook_FacebookAEM.build/empty-Facebook_FacebookAEM.plist (in target 'Facebook_FacebookAEM' from project 'Facebook')
    cd /tmp/tm-dd/SourcePackages/checkouts/facebook-ios-sdk
    builtin-infoPlistUtility /tmp/tm-dd/Build/Intermediates.noindex/Facebook.build/Debug-iphonesimulator/Facebook_FacebookAEM.build/empty-Facebook_FacebookAEM.plist -producttype com.apple.product-type.bundle -expandbuildsettings -format binary -platform iphonesimulator -o /tmp/tm-dd/Build/Products/Debug-iphonesimulator/Facebook_FacebookAEM.bundle/Info.plist

ProcessInfoPlistFile /tmp/tm-dd/Build/Products/Debug-iphonesimulator/AppAuth_AppAuthCore.bundle/Info.plist /tmp/tm-dd/Build/Intermediates.noindex/AppAuth.build/Debug-iphonesimulator/AppAuth_AppAuthCore.build/empty-AppAuth_AppAuthCore.plist (in target 'AppAuth_AppAuthCore' from project 'AppAuth')
    cd /tmp/tm-dd/SourcePackages/checkouts/AppAuth-iOS
    builtin-infoPlistUtility /tmp/tm-dd/Build/Intermediates.noindex/AppAuth.build/Debug-iphonesimulator/AppAuth_AppAuthCore.build/empty-AppAuth_AppAuthCore.plist -producttype com.apple.product-type.bundle -expandbuildsettings -format binary -platform iphonesimulator -o /tmp/tm-dd/Build/Products/Debug-iphonesimulator/AppAuth_AppAuthCore.bundle/Info.plist

ProcessInfoPlistFile /tmp/tm-dd/Build/Products/Debug-iphonesimulator/AppAuth_AppAuth.bundle/Info.plist /tmp/tm-dd/Build/Intermediates.noindex/AppAuth.build/Debug-iphonesimulator/AppAuth_AppAuth.build/empty-AppAuth_AppAuth.plist (in target 'AppAuth_AppAuth' from project 'AppAuth')
    cd /tmp/tm-dd/SourcePackages/checkouts/AppAuth-iOS
    builtin-infoPlistUtility /tmp/tm-dd/Build/Intermediates.noindex/AppAuth.build/Debug-iphonesimulator/AppAuth_AppAuth.build/empty-AppAuth_AppAuth.plist -producttype com.apple.product-type.bundle -expandbuildsettings -format binary -platform iphonesimulator -o /tmp/tm-dd/Build/Products/Debug-iphonesimulator/AppAuth_AppAuth.bundle/Info.plist

ProcessInfoPlistFile /tmp/tm-dd/Build/Products/Debug-iphonesimulator/FirebaseUI_FirebaseAuthUIComponents.bundle/Info.plist /tmp/tm-dd/Build/Intermediates.noindex/FirebaseUI.build/Debug-iphonesimulator/FirebaseUI_FirebaseAuthUIComponents.build/empty-FirebaseUI_FirebaseAuthUIComponents.plist (in target 'FirebaseUI_FirebaseAuthUIComponents' from project 'FirebaseUI')
    cd /tmp/tm-dd/SourcePackages/checkouts/FirebaseUI-iOS
    builtin-infoPlistUtility /tmp/tm-dd/Build/Intermediates.noindex/FirebaseUI.build/Debug-iphonesimulator/FirebaseUI_FirebaseAuthUIComponents.build/empty-FirebaseUI_FirebaseAuthUIComponents.plist -producttype com.apple.product-type.bundle -expandbuildsettings -format binary -platform iphonesimulator -additionalcontentfile /tmp/tm-dd/Build/Intermediates.noindex/FirebaseUI.build/Debug-iphonesimulator/FirebaseUI_FirebaseAuthUIComponents.build/assetcatalog_generated_info.plist -o /tmp/tm-dd/Build/Products/Debug-iphonesimulator/FirebaseUI_FirebaseAuthUIComponents.bundle/Info.plist

ProcessInfoPlistFile /tmp/tm-dd/Build/Products/Debug-iphonesimulator/FirebaseUI_FirebaseAuthSwiftUI.bundle/Info.plist /tmp/tm-dd/Build/Intermediates.noindex/FirebaseUI.build/Debug-iphonesimulator/FirebaseUI_FirebaseAuthSwiftUI.build/empty-FirebaseUI_FirebaseAuthSwiftUI.plist (in target 'FirebaseUI_FirebaseAuthSwiftUI' from project 'FirebaseUI')
    cd /tmp/tm-dd/SourcePackages/checkouts/FirebaseUI-iOS
    builtin-infoPlistUtility /tmp/tm-dd/Build/Intermediates.noindex/FirebaseUI.build/Debug-iphonesimulator/FirebaseUI_FirebaseAuthSwiftUI.build/empty-FirebaseUI_FirebaseAuthSwiftUI.plist -producttype com.apple.product-type.bundle -expandbuildsettings -format binary -platform iphonesimulator -o /tmp/tm-dd/Build/Products/Debug-iphonesimulator/FirebaseUI_FirebaseAuthSwiftUI.bundle/Info.plist

CompileXCStrings /tmp/tm-dd/Build/Intermediates.noindex/FirebaseUI.build/Debug-iphonesimulator/FirebaseUI_FirebaseAuthSwiftUI.build/ /tmp/tm-dd/SourcePackages/checkouts/FirebaseUI-iOS/FirebaseSwiftUI/FirebaseAuthSwiftUI/Sources/Strings/Localizable.xcstrings (in target 'FirebaseUI_FirebaseAuthSwiftUI' from project 'FirebaseUI')
    cd /tmp/tm-dd/SourcePackages/checkouts/FirebaseUI-iOS
    /Applications/Xcode.app/Contents/Developer/usr/bin/xcstringstool compile --output-directory /tmp/tm-dd/Build/Intermediates.noindex/FirebaseUI.build/Debug-iphonesimulator/FirebaseUI_FirebaseAuthSwiftUI.build /tmp/tm-dd/SourcePackages/checkouts/FirebaseUI-iOS/FirebaseSwiftUI/FirebaseAuthSwiftUI/Sources/Strings/Localizable.xcstrings

SwiftDriver tagmasterUITests normal arm64 com.apple.xcode.tools.swift.compiler (in target 'tagmasterUITests' from project 'tagmaster')
    cd /Users/depoll/.local/share/pi-worktrees/20260907070801/fable-audit-ux-worktree-20260907/iOS/tagmaster
    builtin-SwiftDriver -- /Applications/Xcode.app/Contents/Developer/Toolchains/XcodeDefault.xctoolchain/usr/bin/swiftc -module-name tagmasterUITests -O @/tmp/tm-dd/Build/Intermediates.noindex/tagmaster.build/Debug-iphonesimulator/tagmasterUITests.build/Objects-normal/arm64/tagmasterUITests.SwiftFileList -module-alias Testing\=_Testing_Unavailable -plugin-path /Applications/Xcode.app/Contents/Developer/Toolchains/XcodeDefault.xctoolchain/usr/lib/swift/host/plugins/testing -enable-bare-slash-regex -enable-experimental-feature DebugDescriptionMacro -sdk /Applications/Xcode.app/Contents/Developer/Platforms/iPhoneSimulator.platform/Developer/SDKs/iPhoneSimulator26.5.sdk -target arm64-apple-ios17.0-simulator -g -module-cache-path /tmp/tm-dd/ModuleCache.noindex -Xfrontend -serialize-debugging-options -enable-testing -Xcc -D_LIBCPP_HARDENING_MODE\=_LIBCPP_HARDENING_MODE_DEBUG -swift-version 5 -I /tmp/tm-dd/Build/Products/Debug-iphonesimulator -Isystem /Applications/Xcode.app/Contents/Developer/Platforms/iPhoneSimulator.platform/Developer/usr/lib -F /tmp/tm-dd/Build/Products/Debug-iphonesimulator -F /Applications/Xcode.app/Contents/Developer/Platforms/iPhoneSimulator.platform/Developer/Library/Frameworks -F /Applications/Xcode.app/Contents/Developer/Platforms/iPhoneSimulator.platform/Developer/SDKs/iPhoneSimulator26.5.sdk/Developer/Library/Frameworks -c -j12 -enable-batch-mode -incremental -Xcc -ivfsstatcache -Xcc /tmp/tm-dd/SDKStatCaches.noindex/iphonesimulator26.5-23F81a-6cfe768891a92b912361537c460fe42b.sdkstatcache -output-file-map /tmp/tm-dd/Build/Intermediates.noindex/tagmaster.build/Debug-iphonesimulator/tagmasterUITests.build/Objects-normal/arm64/tagmasterUITests-OutputFileMap.json -use-frontend-parseable-output -save-temps -no-color-diagnostics -explicit-module-build -module-cache-path /tmp/tm-dd/Build/Intermediates.noindex/SwiftExplicitPrecompiledModules -clang-scanner-module-cache-path /tmp/tm-dd/ModuleCache.noindex -sdk-module-cache-path /tmp/tm-dd/ModuleCache.noindex -serialize-diagnostics -emit-dependencies -emit-module -emit-module-path /tmp/tm-dd/Build/Intermediates.noindex/tagmaster.build/Debug-iphonesimulator/tagmasterUITests.build/Objects-normal/arm64/tagmasterUITests.swiftmodule -validate-clang-modules-once -clang-build-session-file /tmp/tm-dd/ModuleCache.noindex/Session.modulevalidation -Xcc -I/tmp/tm-dd/Build/Intermediates.noindex/tagmaster.build/Debug-iphonesimulator/tagmasterUITests.build/swift-overrides.hmap -emit-const-values -Xfrontend -const-gather-protocols-file -Xfrontend /tmp/tm-dd/Build/Intermediates.noindex/tagmaster.build/Debug-iphonesimulator/tagmasterUITests.build/Objects-normal/arm64/tagmasterUITests_const_extract_protocols.json -Xcc -iquote -Xcc /tmp/tm-dd/Build/Intermediates.noindex/tagmaster.build/Debug-iphonesimulator/tagmasterUITests.build/tagmasterUITests-generated-files.hmap -Xcc -I/tmp/tm-dd/Build/Intermediates.noindex/tagmaster.build/Debug-iphonesimulator/tagmasterUITests.build/tagmasterUITests-own-target-headers.hmap -Xcc -I/tmp/tm-dd/Build/Intermediates.noindex/tagmaster.build/Debug-iphonesimulator/tagmasterUITests.build/tagmasterUITests-all-non-framework-target-headers.hmap -Xcc -ivfsoverlay -Xcc /tmp/tm-dd/Build/Intermediates.noindex/tagmaster.build/Debug-iphonesimulator/tagmaster-85bdfcdf5e55a9673c632043f2056190-VFS-iphonesimulator/all-product-headers.yaml -Xcc -iquote -Xcc /tmp/tm-dd/Build/Intermediates.noindex/tagmaster.build/Debug-iphonesimulator/tagmasterUITests.build/tagmasterUITests-project-headers.hmap -Xcc -I/tmp/tm-dd/Build/Products/Debug-iphonesimulator/include -Xcc -I/tmp/tm-dd/Build/Intermediates.noindex/tagmaster.build/Debug-iphonesimulator/tagmasterUITests.build/DerivedSources-normal/arm64 -Xcc -I/tmp/tm-dd/Build/Intermediates.noindex/tagmaster.build/Debug-iphonesimulator/tagmasterUITests.build/DerivedSources/arm64 -Xcc -I/tmp/tm-dd/Build/Intermediates.noindex/tagmaster.build/Debug-iphonesimulator/tagmasterUITests.build/DerivedSources -Xcc -DDEBUG\=1 -emit-objc-header -emit-objc-header-path /tmp/tm-dd/Build/Intermediates.noindex/tagmaster.build/Debug-iphonesimulator/tagmasterUITests.build/Objects-normal/arm64/tagmasterUITests-Swift.h -working-directory /Users/depoll/.local/share/pi-worktrees/20260907070801/fable-audit-ux-worktree-20260907/iOS/tagmaster -experimental-emit-module-separately -disable-cmo

CopyStringsFile /tmp/tm-dd/Build/Products/Debug-iphonesimulator/FirebaseUI_FirebaseAuthSwiftUI.bundle/zh.lproj/Localizable.strings /tmp/tm-dd/Build/Intermediates.noindex/FirebaseUI.build/Debug-iphonesimulator/FirebaseUI_FirebaseAuthSwiftUI.build/zh.lproj/Localizable.strings (in target 'FirebaseUI_FirebaseAuthSwiftUI' from project 'FirebaseUI')
    cd /tmp/tm-dd/SourcePackages/checkouts/FirebaseUI-iOS
    builtin-copyStrings --validate --outputencoding binary --outfilename Localizable.strings --outdir /tmp/tm-dd/Build/Products/Debug-iphonesimulator/FirebaseUI_FirebaseAuthSwiftUI.bundle/zh.lproj -- /tmp/tm-dd/Build/Intermediates.noindex/FirebaseUI.build/Debug-iphonesimulator/FirebaseUI_FirebaseAuthSwiftUI.build/zh.lproj/Localizable.strings
/tmp/tm-dd/Build/Intermediates.noindex/FirebaseUI.build/Debug-iphonesimulator/FirebaseUI_FirebaseAuthSwiftUI.build/zh.lproj/Localizable.strings:1:1: note: detected encoding of input file as Unicode (UTF-8) (in target 'FirebaseUI_FirebaseAuthSwiftUI' from project 'FirebaseUI')

CopyStringsFile /tmp/tm-dd/Build/Products/Debug-iphonesimulator/FirebaseUI_FirebaseAuthSwiftUI.bundle/sk.lproj/Localizable.strings /tmp/tm-dd/Build/Intermediates.noindex/FirebaseUI.build/Debug-iphonesimulator/FirebaseUI_FirebaseAuthSwiftUI.build/sk.lproj/Localizable.strings (in target 'FirebaseUI_FirebaseAuthSwiftUI' from project 'FirebaseUI')
    cd /tmp/tm-dd/SourcePackages/checkouts/FirebaseUI-iOS
    builtin-copyStrings --validate --outputencoding binary --outfilename Localizable.strings --outdir /tmp/tm-dd/Build/Products/Debug-iphonesimulator/FirebaseUI_FirebaseAuthSwiftUI.bundle/sk.lproj -- /tmp/tm-dd/Build/Intermediates.noindex/FirebaseUI.build/Debug-iphonesimulator/FirebaseUI_FirebaseAuthSwiftUI.build/sk.lproj/Localizable.strings
/tmp/tm-dd/Build/Intermediates.noindex/FirebaseUI.build/Debug-iphonesimulator/FirebaseUI_FirebaseAuthSwiftUI.build/sk.lproj/Localizable.strings:1:1: note: detected encoding of input file as Unicode (UTF-8) (in target 'FirebaseUI_FirebaseAuthSwiftUI' from project 'FirebaseUI')

CopyStringsFile /tmp/tm-dd/Build/Products/Debug-iphonesimulator/FirebaseUI_FirebaseAuthSwiftUI.bundle/sr.lproj/Localizable.strings /tmp/tm-dd/Build/Intermediates.noindex/FirebaseUI.build/Debug-iphonesimulator/FirebaseUI_FirebaseAuthSwiftUI.build/sr.lproj/Localizable.strings (in target 'FirebaseUI_FirebaseAuthSwiftUI' from project 'FirebaseUI')
    cd /tmp/tm-dd/SourcePackages/checkouts/FirebaseUI-iOS
    builtin-copyStrings --validate --outputencoding binary --outfilename Localizable.strings --outdir /tmp/tm-dd/Build/Products/Debug-iphonesimulator/FirebaseUI_FirebaseAuthSwiftUI.bundle/sr.lproj -- /tmp/tm-dd/Build/Intermediates.noindex/FirebaseUI.build/Debug-iphonesimulator/FirebaseUI_FirebaseAuthSwiftUI.build/sr.lproj/Localizable.strings
/tmp/tm-dd/Build/Intermediates.noindex/FirebaseUI.build/Debug-iphonesimulator/FirebaseUI_FirebaseAuthSwiftUI.build/sr.lproj/Localizable.strings:1:1: note: detected encoding of input file as Unicode (UTF-8) (in target 'FirebaseUI_FirebaseAuthSwiftUI' from project 'FirebaseUI')

CopyStringsFile /tmp/tm-dd/Build/Products/Debug-iphonesimulator/FirebaseUI_FirebaseAuthSwiftUI.bundle/id.lproj/Localizable.strings /tmp/tm-dd/Build/Intermediates.noindex/FirebaseUI.build/Debug-iphonesimulator/FirebaseUI_FirebaseAuthSwiftUI.build/id.lproj/Localizable.strings (in target 'FirebaseUI_FirebaseAuthSwiftUI' from project 'FirebaseUI')
    cd /tmp/tm-dd/SourcePackages/checkouts/FirebaseUI-iOS
    builtin-copyStrings --validate --outputencoding binary --outfilename Localizable.strings --outdir /tmp/tm-dd/Build/Products/Debug-iphonesimulator/FirebaseUI_FirebaseAuthSwiftUI.bundle/id.lproj -- /tmp/tm-dd/Build/Intermediates.noindex/FirebaseUI.build/Debug-iphonesimulator/FirebaseUI_FirebaseAuthSwiftUI.build/id.lproj/Localizable.strings
/tmp/tm-dd/Build/Intermediates.noindex/FirebaseUI.build/Debug-iphonesimulator/FirebaseUI_FirebaseAuthSwiftUI.build/id.lproj/Localizable.strings:1:1: note: detected encoding of input file as Unicode (UTF-8) (in target 'FirebaseUI_FirebaseAuthSwiftUI' from project 'FirebaseUI')

CopyStringsFile /tmp/tm-dd/Build/Products/Debug-iphonesimulator/FirebaseUI_FirebaseAuthSwiftUI.bundle/hu.lproj/Localizable.strings /tmp/tm-dd/Build/Intermediates.noindex/FirebaseUI.build/Debug-iphonesimulator/FirebaseUI_FirebaseAuthSwiftUI.build/hu.lproj/Localizable.strings (in target 'FirebaseUI_FirebaseAuthSwiftUI' from project 'FirebaseUI')
    cd /tmp/tm-dd/SourcePackages/checkouts/FirebaseUI-iOS
    builtin-copyStrings --validate --outputencoding binary --outfilename Localizable.strings --outdir /tmp/tm-dd/Build/Products/Debug-iphonesimulator/FirebaseUI_FirebaseAuthSwiftUI.bundle/hu.lproj -- /tmp/tm-dd/Build/Intermediates.noindex/FirebaseUI.build/Debug-iphonesimulator/FirebaseUI_FirebaseAuthSwiftUI.build/hu.lproj/Localizable.strings
/tmp/tm-dd/Build/Intermediates.noindex/FirebaseUI.build/Debug-iphonesimulator/FirebaseUI_FirebaseAuthSwiftUI.build/hu.lproj/Localizable.strings:1:1: note: detected encoding of input file as Unicode (UTF-8) (in target 'FirebaseUI_FirebaseAuthSwiftUI' from project 'FirebaseUI')

CopyStringsFile /tmp/tm-dd/Build/Products/Debug-iphonesimulator/FirebaseUI_FirebaseAuthSwiftUI.bundle/hi.lproj/Localizable.strings /tmp/tm-dd/Build/Intermediates.noindex/FirebaseUI.build/Debug-iphonesimulator/FirebaseUI_FirebaseAuthSwiftUI.build/hi.lproj/Localizable.strings (in target 'FirebaseUI_FirebaseAuthSwiftUI' from project 'FirebaseUI')
    cd /tmp/tm-dd/SourcePackages/checkouts/FirebaseUI-iOS
    builtin-copyStrings --validate --outputencoding binary --outfilename Localizable.strings --outdir /tmp/tm-dd/Build/Products/Debug-iphonesimulator/FirebaseUI_FirebaseAuthSwiftUI.bundle/hi.lproj -- /tmp/tm-dd/Build/Intermediates.noindex/FirebaseUI.build/Debug-iphonesimulator/FirebaseUI_FirebaseAuthSwiftUI.build/hi.lproj/Localizable.strings
/tmp/tm-dd/Build/Intermediates.noindex/FirebaseUI.build/Debug-iphonesimulator/FirebaseUI_FirebaseAuthSwiftUI.build/hi.lproj/Localizable.strings:1:1: note: detected encoding of input file as Unicode (UTF-8) (in target 'FirebaseUI_FirebaseAuthSwiftUI' from project 'FirebaseUI')

CopyStringsFile /tmp/tm-dd/Build/Products/Debug-iphonesimulator/FirebaseUI_FirebaseAuthSwiftUI.bundle/ca.lproj/Localizable.strings /tmp/tm-dd/Build/Intermediates.noindex/FirebaseUI.build/Debug-iphonesimulator/FirebaseUI_FirebaseAuthSwiftUI.build/ca.lproj/Localizable.strings (in target 'FirebaseUI_FirebaseAuthSwiftUI' from project 'FirebaseUI')
    cd /tmp/tm-dd/SourcePackages/checkouts/FirebaseUI-iOS
    builtin-copyStrings --validate --outputencoding binary --outfilename Localizable.strings --outdir /tmp/tm-dd/Build/Products/Debug-iphonesimulator/FirebaseUI_FirebaseAuthSwiftUI.bundle/ca.lproj -- /tmp/tm-dd/Build/Intermediates.noindex/FirebaseUI.build/Debug-iphonesimulator/FirebaseUI_FirebaseAuthSwiftUI.build/ca.lproj/Localizable.strings
/tmp/tm-dd/Build/Intermediates.noindex/FirebaseUI.build/Debug-iphonesimulator/FirebaseUI_FirebaseAuthSwiftUI.build/ca.lproj/Localizable.strings:1:1: note: detected encoding of input file as Unicode (UTF-8) (in target 'FirebaseUI_FirebaseAuthSwiftUI' from project 'FirebaseUI')

CopyStringsFile /tmp/tm-dd/Build/Products/Debug-iphonesimulator/FirebaseUI_FirebaseAuthSwiftUI.bundle/ur.lproj/Localizable.strings /tmp/tm-dd/Build/Intermediates.noindex/FirebaseUI.build/Debug-iphonesimulator/FirebaseUI_FirebaseAuthSwiftUI.build/ur.lproj/Localizable.strings (in target 'FirebaseUI_FirebaseAuthSwiftUI' from project 'FirebaseUI')
    cd /tmp/tm-dd/SourcePackages/checkouts/FirebaseUI-iOS
    builtin-copyStrings --validate --outputencoding binary --outfilename Localizable.strings --outdir /tmp/tm-dd/Build/Products/Debug-iphonesimulator/FirebaseUI_FirebaseAuthSwiftUI.bundle/ur.lproj -- /tmp/tm-dd/Build/Intermediates.noindex/FirebaseUI.build/Debug-iphonesimulator/FirebaseUI_FirebaseAuthSwiftUI.build/ur.lproj/Localizable.strings
/tmp/tm-dd/Build/Intermediates.noindex/FirebaseUI.build/Debug-iphonesimulator/FirebaseUI_FirebaseAuthSwiftUI.build/ur.lproj/Localizable.strings:1:1: note: detected encoding of input file as Unicode (UTF-8) (in target 'FirebaseUI_FirebaseAuthSwiftUI' from project 'FirebaseUI')

CopyStringsFile /tmp/tm-dd/Build/Products/Debug-iphonesimulator/FirebaseUI_FirebaseAuthSwiftUI.bundle/tr.lproj/Localizable.strings /tmp/tm-dd/Build/Intermediates.noindex/FirebaseUI.build/Debug-iphonesimulator/FirebaseUI_FirebaseAuthSwiftUI.build/tr.lproj/Localizable.strings (in target 'FirebaseUI_FirebaseAuthSwiftUI' from project 'FirebaseUI')
    cd /tmp/tm-dd/SourcePackages/checkouts/FirebaseUI-iOS
    builtin-copyStrings --validate --outputencoding binary --outfilename Localizable.strings --outdir /tmp/tm-dd/Build/Products/Debug-iphonesimulator/FirebaseUI_FirebaseAuthSwiftUI.bundle/tr.lproj -- /tmp/tm-dd/Build/Intermediates.noindex/FirebaseUI.build/Debug-iphonesimulator/FirebaseUI_FirebaseAuthSwiftUI.build/tr.lproj/Localizable.strings
/tmp/tm-dd/Build/Intermediates.noindex/FirebaseUI.build/Debug-iphonesimulator/FirebaseUI_FirebaseAuthSwiftUI.build/tr.lproj/Localizable.strings:1:1: note: detected encoding of input file as Unicode (UTF-8) (in target 'FirebaseUI_FirebaseAuthSwiftUI' from project 'FirebaseUI')

CopyStringsFile /tmp/tm-dd/Build/Products/Debug-iphonesimulator/FirebaseUI_FirebaseAuthSwiftUI.bundle/vi.lproj/Localizable.strings /tmp/tm-dd/Build/Intermediates.noindex/FirebaseUI.build/Debug-iphonesimulator/FirebaseUI_FirebaseAuthSwiftUI.build/vi.lproj/Localizable.strings (in target 'FirebaseUI_FirebaseAuthSwiftUI' from project 'FirebaseUI')
    cd /tmp/tm-dd/SourcePackages/checkouts/FirebaseUI-iOS
    builtin-copyStrings --validate --outputencoding binary --outfilename Localizable.strings --outdir /tmp/tm-dd/Build/Products/Debug-iphonesimulator/FirebaseUI_FirebaseAuthSwiftUI.bundle/vi.lproj -- /tmp/tm-dd/Build/Intermediates.noindex/FirebaseUI.build/Debug-iphonesimulator/FirebaseUI_FirebaseAuthSwiftUI.build/vi.lproj/Localizable.strings
/tmp/tm-dd/Build/Intermediates.noindex/FirebaseUI.build/Debug-iphonesimulator/FirebaseUI_FirebaseAuthSwiftUI.build/vi.lproj/Localizable.strings:1:1: note: detected encoding of input file as Unicode (UTF-8) (in target 'FirebaseUI_FirebaseAuthSwiftUI' from project 'FirebaseUI')

CopyStringsFile /tmp/tm-dd/Build/Products/Debug-iphonesimulator/FirebaseUI_FirebaseAuthSwiftUI.bundle/th.lproj/Localizable.strings /tmp/tm-dd/Build/Intermediates.noindex/FirebaseUI.build/Debug-iphonesimulator/FirebaseUI_FirebaseAuthSwiftUI.build/th.lproj/Localizable.strings (in target 'FirebaseUI_FirebaseAuthSwiftUI' from project 'FirebaseUI')
    cd /tmp/tm-dd/SourcePackages/checkouts/FirebaseUI-iOS
    builtin-copyStrings --validate --outputencoding binary --outfilename Localizable.strings --outdir /tmp/tm-dd/Build/Products/Debug-iphonesimulator/FirebaseUI_FirebaseAuthSwiftUI.bundle/th.lproj -- /tmp/tm-dd/Build/Intermediates.noindex/FirebaseUI.build/Debug-iphonesimulator/FirebaseUI_FirebaseAuthSwiftUI.build/th.lproj/Localizable.strings
/tmp/tm-dd/Build/Intermediates.noindex/FirebaseUI.build/Debug-iphonesimulator/FirebaseUI_FirebaseAuthSwiftUI.build/th.lproj/Localizable.strings:1:1: note: detected encoding of input file as Unicode (UTF-8) (in target 'FirebaseUI_FirebaseAuthSwiftUI' from project 'FirebaseUI')

CopyStringsFile /tmp/tm-dd/Build/Products/Debug-iphonesimulator/FirebaseUI_FirebaseAuthSwiftUI.bundle/zh-Hant.lproj/Localizable.strings /tmp/tm-dd/Build/Intermediates.noindex/FirebaseUI.build/Debug-iphonesimulator/FirebaseUI_FirebaseAuthSwiftUI.build/zh-Hant.lproj/Localizable.strings (in target 'FirebaseUI_FirebaseAuthSwiftUI' from project 'FirebaseUI')
    cd /tmp/tm-dd/SourcePackages/checkouts/FirebaseUI-iOS
    builtin-copyStrings --validate --outputencoding binary --outfilename Localizable.strings --outdir /tmp/tm-dd/Build/Products/Debug-iphonesimulator/FirebaseUI_FirebaseAuthSwiftUI.bundle/zh-Hant.lproj -- /tmp/tm-dd/Build/Intermediates.noindex/FirebaseUI.build/Debug-iphonesimulator/FirebaseUI_FirebaseAuthSwiftUI.build/zh-Hant.lproj/Localizable.strings
/tmp/tm-dd/Build/Intermediates.noindex/FirebaseUI.build/Debug-iphonesimulator/FirebaseUI_FirebaseAuthSwiftUI.build/zh-Hant.lproj/Localizable.strings:1:1: note: detected encoding of input file as Unicode (UTF-8) (in target 'FirebaseUI_FirebaseAuthSwiftUI' from project 'FirebaseUI')

CopyStringsFile /tmp/tm-dd/Build/Products/Debug-iphonesimulator/FirebaseUI_FirebaseAuthSwiftUI.bundle/zh-Hant-TW.lproj/Localizable.strings /tmp/tm-dd/Build/Intermediates.noindex/FirebaseUI.build/Debug-iphonesimulator/FirebaseUI_FirebaseAuthSwiftUI.build/zh-Hant-TW.lproj/Localizable.strings (in target 'FirebaseUI_FirebaseAuthSwiftUI' from project 'FirebaseUI')
    cd /tmp/tm-dd/SourcePackages/checkouts/FirebaseUI-iOS
    builtin-copyStrings --validate --outputencoding binary --outfilename Localizable.strings --outdir /tmp/tm-dd/Build/Products/Debug-iphonesimulator/FirebaseUI_FirebaseAuthSwiftUI.bundle/zh-Hant-TW.lproj -- /tmp/tm-dd/Build/Intermediates.noindex/FirebaseUI.build/Debug-iphonesimulator/FirebaseUI_FirebaseAuthSwiftUI.build/zh-Hant-TW.lproj/Localizable.strings
/tmp/tm-dd/Build/Intermediates.noindex/FirebaseUI.build/Debug-iphonesimulator/FirebaseUI_FirebaseAuthSwiftUI.build/zh-Hant-TW.lproj/Localizable.strings:1:1: note: detected encoding of input file as Unicode (UTF-8) (in target 'FirebaseUI_FirebaseAuthSwiftUI' from project 'FirebaseUI')

CopyStringsFile /tmp/tm-dd/Build/Products/Debug-iphonesimulator/FirebaseUI_FirebaseAuthSwiftUI.bundle/ta.lproj/Localizable.strings /tmp/tm-dd/Build/Intermediates.noindex/FirebaseUI.build/Debug-iphonesimulator/FirebaseUI_FirebaseAuthSwiftUI.build/ta.lproj/Localizable.strings (in target 'FirebaseUI_FirebaseAuthSwiftUI' from project 'FirebaseUI')
    cd /tmp/tm-dd/SourcePackages/checkouts/FirebaseUI-iOS
    builtin-copyStrings --validate --outputencoding binary --outfilename Localizable.strings --outdir /tmp/tm-dd/Build/Products/Debug-iphonesimulator/FirebaseUI_FirebaseAuthSwiftUI.bundle/ta.lproj -- /tmp/tm-dd/Build/Intermediates.noindex/FirebaseUI.build/Debug-iphonesimulator/FirebaseUI_FirebaseAuthSwiftUI.build/ta.lproj/Localizable.strings
/tmp/tm-dd/Build/Intermediates.noindex/FirebaseUI.build/Debug-iphonesimulator/FirebaseUI_FirebaseAuthSwiftUI.build/ta.lproj/Localizable.strings:1:1: note: detected encoding of input file as Unicode (UTF-8) (in target 'FirebaseUI_FirebaseAuthSwiftUI' from project 'FirebaseUI')

CopyStringsFile /tmp/tm-dd/Build/Products/Debug-iphonesimulator/FirebaseUI_FirebaseAuthSwiftUI.bundle/uk.lproj/Localizable.strings /tmp/tm-dd/Build/Intermediates.noindex/FirebaseUI.build/Debug-iphonesimulator/FirebaseUI_FirebaseAuthSwiftUI.build/uk.lproj/Localizable.strings (in target 'FirebaseUI_FirebaseAuthSwiftUI' from project 'FirebaseUI')
    cd /tmp/tm-dd/SourcePackages/checkouts/FirebaseUI-iOS
    builtin-copyStrings --validate --outputencoding binary --outfilename Localizable.strings --outdir /tmp/tm-dd/Build/Products/Debug-iphonesimulator/FirebaseUI_FirebaseAuthSwiftUI.bundle/uk.lproj -- /tmp/tm-dd/Build/Intermediates.noindex/FirebaseUI.build/Debug-iphonesimulator/FirebaseUI_FirebaseAuthSwiftUI.build/uk.lproj/Localizable.strings
/tmp/tm-dd/Build/Intermediates.noindex/FirebaseUI.build/Debug-iphonesimulator/FirebaseUI_FirebaseAuthSwiftUI.build/uk.lproj/Localizable.strings:1:1: note: detected encoding of input file as Unicode (UTF-8) (in target 'FirebaseUI_FirebaseAuthSwiftUI' from project 'FirebaseUI')

CopyStringsFile /tmp/tm-dd/Build/Products/Debug-iphonesimulator/FirebaseUI_FirebaseAuthSwiftUI.bundle/sv.lproj/Localizable.strings /tmp/tm-dd/Build/Intermediates.noindex/FirebaseUI.build/Debug-iphonesimulator/FirebaseUI_FirebaseAuthSwiftUI.build/sv.lproj/Localizable.strings (in target 'FirebaseUI_FirebaseAuthSwiftUI' from project 'FirebaseUI')
    cd /tmp/tm-dd/SourcePackages/checkouts/FirebaseUI-iOS
    builtin-copyStrings --validate --outputencoding binary --outfilename Localizable.strings --outdir /tmp/tm-dd/Build/Products/Debug-iphonesimulator/FirebaseUI_FirebaseAuthSwiftUI.bundle/sv.lproj -- /tmp/tm-dd/Build/Intermediates.noindex/FirebaseUI.build/Debug-iphonesimulator/FirebaseUI_FirebaseAuthSwiftUI.build/sv.lproj/Localizable.strings
/tmp/tm-dd/Build/Intermediates.noindex/FirebaseUI.build/Debug-iphonesimulator/FirebaseUI_FirebaseAuthSwiftUI.build/sv.lproj/Localizable.strings:1:1: note: detected encoding of input file as Unicode (UTF-8) (in target 'FirebaseUI_FirebaseAuthSwiftUI' from project 'FirebaseUI')

CopyStringsFile /tmp/tm-dd/Build/Products/Debug-iphonesimulator/FirebaseUI_FirebaseAuthSwiftUI.bundle/sr-Latn.lproj/Localizable.strings /tmp/tm-dd/Build/Intermediates.noindex/FirebaseUI.build/Debug-iphonesimulator/FirebaseUI_FirebaseAuthSwiftUI.build/sr-Latn.lproj/Localizable.strings (in target 'FirebaseUI_FirebaseAuthSwiftUI' from project 'FirebaseUI')
    cd /tmp/tm-dd/SourcePackages/checkouts/FirebaseUI-iOS
    builtin-copyStrings --validate --outputencoding binary --outfilename Localizable.strings --outdir /tmp/tm-dd/Build/Products/Debug-iphonesimulator/FirebaseUI_FirebaseAuthSwiftUI.bundle/sr-Latn.lproj -- /tmp/tm-dd/Build/Intermediates.noindex/FirebaseUI.build/Debug-iphonesimulator/FirebaseUI_FirebaseAuthSwiftUI.build/sr-Latn.lproj/Localizable.strings
/tmp/tm-dd/Build/Intermediates.noindex/FirebaseUI.build/Debug-iphonesimulator/FirebaseUI_FirebaseAuthSwiftUI.build/sr-Latn.lproj/Localizable.strings:1:1: note: detected encoding of input file as Unicode (UTF-8) (in target 'FirebaseUI_FirebaseAuthSwiftUI' from project 'FirebaseUI')

CopyStringsFile /tmp/tm-dd/Build/Products/Debug-iphonesimulator/FirebaseUI_FirebaseAuthSwiftUI.bundle/sl.lproj/Localizable.strings /tmp/tm-dd/Build/Intermediates.noindex/FirebaseUI.build/Debug-iphonesimulator/FirebaseUI_FirebaseAuthSwiftUI.build/sl.lproj/Localizable.strings (in target 'FirebaseUI_FirebaseAuthSwiftUI' from project 'FirebaseUI')
    cd /tmp/tm-dd/SourcePackages/checkouts/FirebaseUI-iOS
    builtin-copyStrings --validate --outputencoding binary --outfilename Localizable.strings --outdir /tmp/tm-dd/Build/Products/Debug-iphonesimulator/FirebaseUI_FirebaseAuthSwiftUI.bundle/sl.lproj -- /tmp/tm-dd/Build/Intermediates.noindex/FirebaseUI.build/Debug-iphonesimulator/FirebaseUI_FirebaseAuthSwiftUI.build/sl.lproj/Localizable.strings
/tmp/tm-dd/Build/Intermediates.noindex/FirebaseUI.build/Debug-iphonesimulator/FirebaseUI_FirebaseAuthSwiftUI.build/sl.lproj/Localizable.strings:1:1: note: detected encoding of input file as Unicode (UTF-8) (in target 'FirebaseUI_FirebaseAuthSwiftUI' from project 'FirebaseUI')

CopyStringsFile /tmp/tm-dd/Build/Products/Debug-iphonesimulator/FirebaseUI_FirebaseAuthSwiftUI.bundle/ru.lproj/Localizable.strings /tmp/tm-dd/Build/Intermediates.noindex/FirebaseUI.build/Debug-iphonesimulator/FirebaseUI_FirebaseAuthSwiftUI.build/ru.lproj/Localizable.strings (in target 'FirebaseUI_FirebaseAuthSwiftUI' from project 'FirebaseUI')
    cd /tmp/tm-dd/SourcePackages/checkouts/FirebaseUI-iOS
    builtin-copyStrings --validate --outputencoding binary --outfilename Localizable.strings --outdir /tmp/tm-dd/Build/Products/Debug-iphonesimulator/FirebaseUI_FirebaseAuthSwiftUI.bundle/ru.lproj -- /tmp/tm-dd/Build/Intermediates.noindex/FirebaseUI.build/Debug-iphonesimulator/FirebaseUI_FirebaseAuthSwiftUI.build/ru.lproj/Localizable.strings
/tmp/tm-dd/Build/Intermediates.noindex/FirebaseUI.build/Debug-iphonesimulator/FirebaseUI_FirebaseAuthSwiftUI.build/ru.lproj/Localizable.strings:1:1: note: detected encoding of input file as Unicode (UTF-8) (in target 'FirebaseUI_FirebaseAuthSwiftUI' from project 'FirebaseUI')

CopyStringsFile /tmp/tm-dd/Build/Products/Debug-iphonesimulator/FirebaseUI_FirebaseAuthSwiftUI.bundle/ro.lproj/Localizable.strings /tmp/tm-dd/Build/Intermediates.noindex/FirebaseUI.build/Debug-iphonesimulator/FirebaseUI_FirebaseAuthSwiftUI.build/ro.lproj/Localizable.strings (in target 'FirebaseUI_FirebaseAuthSwiftUI' from project 'FirebaseUI')
    cd /tmp/tm-dd/SourcePackages/checkouts/FirebaseUI-iOS
    builtin-copyStrings --validate --outputencoding binary --outfilename Localizable.strings --outdir /tmp/tm-dd/Build/Products/Debug-iphonesimulator/FirebaseUI_FirebaseAuthSwiftUI.bundle/ro.lproj -- /tmp/tm-dd/Build/Intermediates.noindex/FirebaseUI.build/Debug-iphonesimulator/FirebaseUI_FirebaseAuthSwiftUI.build/ro.lproj/Localizable.strings
/tmp/tm-dd/Build/Intermediates.noindex/FirebaseUI.build/Debug-iphonesimulator/FirebaseUI_FirebaseAuthSwiftUI.build/ro.lproj/Localizable.strings:1:1: note: detected encoding of input file as Unicode (UTF-8) (in target 'FirebaseUI_FirebaseAuthSwiftUI' from project 'FirebaseUI')

CopyStringsFile /tmp/tm-dd/Build/Products/Debug-iphonesimulator/FirebaseUI_FirebaseAuthSwiftUI.bundle/pt.lproj/Localizable.strings /tmp/tm-dd/Build/Intermediates.noindex/FirebaseUI.build/Debug-iphonesimulator/FirebaseUI_FirebaseAuthSwiftUI.build/pt.lproj/Localizable.strings (in target 'FirebaseUI_FirebaseAuthSwiftUI' from project 'FirebaseUI')
    cd /tmp/tm-dd/SourcePackages/checkouts/FirebaseUI-iOS
    builtin-copyStrings --validate --outputencoding binary --outfilename Localizable.strings --outdir /tmp/tm-dd/Build/Products/Debug-iphonesimulator/FirebaseUI_FirebaseAuthSwiftUI.bundle/pt.lproj -- /tmp/tm-dd/Build/Intermediates.noindex/FirebaseUI.build/Debug-iphonesimulator/FirebaseUI_FirebaseAuthSwiftUI.build/pt.lproj/Localizable.strings
/tmp/tm-dd/Build/Intermediates.noindex/FirebaseUI.build/Debug-iphonesimulator/FirebaseUI_FirebaseAuthSwiftUI.build/pt.lproj/Localizable.strings:1:1: note: detected encoding of input file as Unicode (UTF-8) (in target 'FirebaseUI_FirebaseAuthSwiftUI' from project 'FirebaseUI')

CopyStringsFile /tmp/tm-dd/Build/Products/Debug-iphonesimulator/FirebaseUI_FirebaseAuthSwiftUI.bundle/pt-PT.lproj/Localizable.strings /tmp/tm-dd/Build/Intermediates.noindex/FirebaseUI.build/Debug-iphonesimulator/FirebaseUI_FirebaseAuthSwiftUI.build/pt-PT.lproj/Localizable.strings (in target 'FirebaseUI_FirebaseAuthSwiftUI' from project 'FirebaseUI')
    cd /tmp/tm-dd/SourcePackages/checkouts/FirebaseUI-iOS
    builtin-copyStrings --validate --outputencoding binary --outfilename Localizable.strings --outdir /tmp/tm-dd/Build/Products/Debug-iphonesimulator/FirebaseUI_FirebaseAuthSwiftUI.bundle/pt-PT.lproj -- /tmp/tm-dd/Build/Intermediates.noindex/FirebaseUI.build/Debug-iphonesimulator/FirebaseUI_FirebaseAuthSwiftUI.build/pt-PT.lproj/Localizable.strings
/tmp/tm-dd/Build/Intermediates.noindex/FirebaseUI.build/Debug-iphonesimulator/FirebaseUI_FirebaseAuthSwiftUI.build/pt-PT.lproj/Localizable.strings:1:1: note: detected encoding of input file as Unicode (UTF-8) (in target 'FirebaseUI_FirebaseAuthSwiftUI' from project 'FirebaseUI')

CopyStringsFile /tmp/tm-dd/Build/Products/Debug-iphonesimulator/FirebaseUI_FirebaseAuthSwiftUI.bundle/pt-BR.lproj/Localizable.strings /tmp/tm-dd/Build/Intermediates.noindex/FirebaseUI.build/Debug-iphonesimulator/FirebaseUI_FirebaseAuthSwiftUI.build/pt-BR.lproj/Localizable.strings (in target 'FirebaseUI_FirebaseAuthSwiftUI' from project 'FirebaseUI')
    cd /tmp/tm-dd/SourcePackages/checkouts/FirebaseUI-iOS
    builtin-copyStrings --validate --outputencoding binary --outfilename Localizable.strings --outdir /tmp/tm-dd/Build/Products/Debug-iphonesimulator/FirebaseUI_FirebaseAuthSwiftUI.bundle/pt-BR.lproj -- /tmp/tm-dd/Build/Intermediates.noindex/FirebaseUI.build/Debug-iphonesimulator/FirebaseUI_FirebaseAuthSwiftUI.build/pt-BR.lproj/Localizable.strings
/tmp/tm-dd/Build/Intermediates.noindex/FirebaseUI.build/Debug-iphonesimulator/FirebaseUI_FirebaseAuthSwiftUI.build/pt-BR.lproj/Localizable.strings:1:1: note: detected encoding of input file as Unicode (UTF-8) (in target 'FirebaseUI_FirebaseAuthSwiftUI' from project 'FirebaseUI')

CopyStringsFile /tmp/tm-dd/Build/Products/Debug-iphonesimulator/FirebaseUI_FirebaseAuthSwiftUI.bundle/pl.lproj/Localizable.strings /tmp/tm-dd/Build/Intermediates.noindex/FirebaseUI.build/Debug-iphonesimulator/FirebaseUI_FirebaseAuthSwiftUI.build/pl.lproj/Localizable.strings (in target 'FirebaseUI_FirebaseAuthSwiftUI' from project 'FirebaseUI')
    cd /tmp/tm-dd/SourcePackages/checkouts/FirebaseUI-iOS
    builtin-copyStrings --validate --outputencoding binary --outfilename Localizable.strings --outdir /tmp/tm-dd/Build/Products/Debug-iphonesimulator/FirebaseUI_FirebaseAuthSwiftUI.bundle/pl.lproj -- /tmp/tm-dd/Build/Intermediates.noindex/FirebaseUI.build/Debug-iphonesimulator/FirebaseUI_FirebaseAuthSwiftUI.build/pl.lproj/Localizable.strings
/tmp/tm-dd/Build/Intermediates.noindex/FirebaseUI.build/Debug-iphonesimulator/FirebaseUI_FirebaseAuthSwiftUI.build/pl.lproj/Localizable.strings:1:1: note: detected encoding of input file as Unicode (UTF-8) (in target 'FirebaseUI_FirebaseAuthSwiftUI' from project 'FirebaseUI')

CopyStringsFile /tmp/tm-dd/Build/Products/Debug-iphonesimulator/FirebaseUI_FirebaseAuthSwiftUI.bundle/nn-NO.lproj/Localizable.strings /tmp/tm-dd/Build/Intermediates.noindex/FirebaseUI.build/Debug-iphonesimulator/FirebaseUI_FirebaseAuthSwiftUI.build/nn-NO.lproj/Localizable.strings (in target 'FirebaseUI_FirebaseAuthSwiftUI' from project 'FirebaseUI')
    cd /tmp/tm-dd/SourcePackages/checkouts/FirebaseUI-iOS
    builtin-copyStrings --validate --outputencoding binary --outfilename Localizable.strings --outdir /tmp/tm-dd/Build/Products/Debug-iphonesimulator/FirebaseUI_FirebaseAuthSwiftUI.bundle/nn-NO.lproj -- /tmp/tm-dd/Build/Intermediates.noindex/FirebaseUI.build/Debug-iphonesimulator/FirebaseUI_FirebaseAuthSwiftUI.build/nn-NO.lproj/Localizable.strings
/tmp/tm-dd/Build/Intermediates.noindex/FirebaseUI.build/Debug-iphonesimulator/FirebaseUI_FirebaseAuthSwiftUI.build/nn-NO.lproj/Localizable.strings:1:1: note: detected encoding of input file as Unicode (UTF-8) (in target 'FirebaseUI_FirebaseAuthSwiftUI' from project 'FirebaseUI')

CopyStringsFile /tmp/tm-dd/Build/Products/Debug-iphonesimulator/FirebaseUI_FirebaseAuthSwiftUI.bundle/nl.lproj/Localizable.strings /tmp/tm-dd/Build/Intermediates.noindex/FirebaseUI.build/Debug-iphonesimulator/FirebaseUI_FirebaseAuthSwiftUI.build/nl.lproj/Localizable.strings (in target 'FirebaseUI_FirebaseAuthSwiftUI' from project 'FirebaseUI')
    cd /tmp/tm-dd/SourcePackages/checkouts/FirebaseUI-iOS
    builtin-copyStrings --validate --outputencoding binary --outfilename Localizable.strings --outdir /tmp/tm-dd/Build/Products/Debug-iphonesimulator/FirebaseUI_FirebaseAuthSwiftUI.bundle/nl.lproj -- /tmp/tm-dd/Build/Intermediates.noindex/FirebaseUI.build/Debug-iphonesimulator/FirebaseUI_FirebaseAuthSwiftUI.build/nl.lproj/Localizable.strings
/tmp/tm-dd/Build/Intermediates.noindex/FirebaseUI.build/Debug-iphonesimulator/FirebaseUI_FirebaseAuthSwiftUI.build/nl.lproj/Localizable.strings:1:1: note: detected encoding of input file as Unicode (UTF-8) (in target 'FirebaseUI_FirebaseAuthSwiftUI' from project 'FirebaseUI')

CopyStringsFile /tmp/tm-dd/Build/Products/Debug-iphonesimulator/FirebaseUI_FirebaseAuthSwiftUI.bundle/nb.lproj/Localizable.strings /tmp/tm-dd/Build/Intermediates.noindex/FirebaseUI.build/Debug-iphonesimulator/FirebaseUI_FirebaseAuthSwiftUI.build/nb.lproj/Localizable.strings (in target 'FirebaseUI_FirebaseAuthSwiftUI' from project 'FirebaseUI')
    cd /tmp/tm-dd/SourcePackages/checkouts/FirebaseUI-iOS
    builtin-copyStrings --validate --outputencoding binary --outfilename Localizable.strings --outdir /tmp/tm-dd/Build/Products/Debug-iphonesimulator/FirebaseUI_FirebaseAuthSwiftUI.bundle/nb.lproj -- /tmp/tm-dd/Build/Intermediates.noindex/FirebaseUI.build/Debug-iphonesimulator/FirebaseUI_FirebaseAuthSwiftUI.build/nb.lproj/Localizable.strings
/tmp/tm-dd/Build/Intermediates.noindex/FirebaseUI.build/Debug-iphonesimulator/FirebaseUI_FirebaseAuthSwiftUI.build/nb.lproj/Localizable.strings:1:1: note: detected encoding of input file as Unicode (UTF-8) (in target 'FirebaseUI_FirebaseAuthSwiftUI' from project 'FirebaseUI')

CopyStringsFile /tmp/tm-dd/Build/Products/Debug-iphonesimulator/FirebaseUI_FirebaseAuthSwiftUI.bundle/ms.lproj/Localizable.strings /tmp/tm-dd/Build/Intermediates.noindex/FirebaseUI.build/Debug-iphonesimulator/FirebaseUI_FirebaseAuthSwiftUI.build/ms.lproj/Localizable.strings (in target 'FirebaseUI_FirebaseAuthSwiftUI' from project 'FirebaseUI')
    cd /tmp/tm-dd/SourcePackages/checkouts/FirebaseUI-iOS
    builtin-copyStrings --validate --outputencoding binary --outfilename Localizable.strings --outdir /tmp/tm-dd/Build/Products/Debug-iphonesimulator/FirebaseUI_FirebaseAuthSwiftUI.bundle/ms.lproj -- /tmp/tm-dd/Build/Intermediates.noindex/FirebaseUI.build/Debug-iphonesimulator/FirebaseUI_FirebaseAuthSwiftUI.build/ms.lproj/Localizable.strings
/tmp/tm-dd/Build/Intermediates.noindex/FirebaseUI.build/Debug-iphonesimulator/FirebaseUI_FirebaseAuthSwiftUI.build/ms.lproj/Localizable.strings:1:1: note: detected encoding of input file as Unicode (UTF-8) (in target 'FirebaseUI_FirebaseAuthSwiftUI' from project 'FirebaseUI')

CopyStringsFile /tmp/tm-dd/Build/Products/Debug-iphonesimulator/FirebaseUI_FirebaseAuthSwiftUI.bundle/mr.lproj/Localizable.strings /tmp/tm-dd/Build/Intermediates.noindex/FirebaseUI.build/Debug-iphonesimulator/FirebaseUI_FirebaseAuthSwiftUI.build/mr.lproj/Localizable.strings (in target 'FirebaseUI_FirebaseAuthSwiftUI' from project 'FirebaseUI')
    cd /tmp/tm-dd/SourcePackages/checkouts/FirebaseUI-iOS
    builtin-copyStrings --validate --outputencoding binary --outfilename Localizable.strings --outdir /tmp/tm-dd/Build/Products/Debug-iphonesimulator/FirebaseUI_FirebaseAuthSwiftUI.bundle/mr.lproj -- /tmp/tm-dd/Build/Intermediates.noindex/FirebaseUI.build/Debug-iphonesimulator/FirebaseUI_FirebaseAuthSwiftUI.build/mr.lproj/Localizable.strings
/tmp/tm-dd/Build/Intermediates.noindex/FirebaseUI.build/Debug-iphonesimulator/FirebaseUI_FirebaseAuthSwiftUI.build/mr.lproj/Localizable.strings:1:1: note: detected encoding of input file as Unicode (UTF-8) (in target 'FirebaseUI_FirebaseAuthSwiftUI' from project 'FirebaseUI')

CopyStringsFile /tmp/tm-dd/Build/Products/Debug-iphonesimulator/FirebaseUI_FirebaseAuthSwiftUI.bundle/lv.lproj/Localizable.strings /tmp/tm-dd/Build/Intermediates.noindex/FirebaseUI.build/Debug-iphonesimulator/FirebaseUI_FirebaseAuthSwiftUI.build/lv.lproj/Localizable.strings (in target 'FirebaseUI_FirebaseAuthSwiftUI' from project 'FirebaseUI')
    cd /tmp/tm-dd/SourcePackages/checkouts/FirebaseUI-iOS
    builtin-copyStrings --validate --outputencoding binary --outfilename Localizable.strings --outdir /tmp/tm-dd/Build/Products/Debug-iphonesimulator/FirebaseUI_FirebaseAuthSwiftUI.bundle/lv.lproj -- /tmp/tm-dd/Build/Intermediates.noindex/FirebaseUI.build/Debug-iphonesimulator/FirebaseUI_FirebaseAuthSwiftUI.build/lv.lproj/Localizable.strings
/tmp/tm-dd/Build/Intermediates.noindex/FirebaseUI.build/Debug-iphonesimulator/FirebaseUI_FirebaseAuthSwiftUI.build/lv.lproj/Localizable.strings:1:1: note: detected encoding of input file as Unicode (UTF-8) (in target 'FirebaseUI_FirebaseAuthSwiftUI' from project 'FirebaseUI')

CopyStringsFile /tmp/tm-dd/Build/Products/Debug-iphonesimulator/FirebaseUI_FirebaseAuthSwiftUI.bundle/ln.lproj/Localizable.strings /tmp/tm-dd/Build/Intermediates.noindex/FirebaseUI.build/Debug-iphonesimulator/FirebaseUI_FirebaseAuthSwiftUI.build/ln.lproj/Localizable.strings (in target 'FirebaseUI_FirebaseAuthSwiftUI' from project 'FirebaseUI')
    cd /tmp/tm-dd/SourcePackages/checkouts/FirebaseUI-iOS
    builtin-copyStrings --validate --outputencoding binary --outfilename Localizable.strings --outdir /tmp/tm-dd/Build/Products/Debug-iphonesimulator/FirebaseUI_FirebaseAuthSwiftUI.bundle/ln.lproj -- /tmp/tm-dd/Build/Intermediates.noindex/FirebaseUI.build/Debug-iphonesimulator/FirebaseUI_FirebaseAuthSwiftUI.build/ln.lproj/Localizable.strings
/tmp/tm-dd/Build/Intermediates.noindex/FirebaseUI.build/Debug-iphonesimulator/FirebaseUI_FirebaseAuthSwiftUI.build/ln.lproj/Localizable.strings:1:1: note: detected encoding of input file as Unicode (UTF-8) (in target 'FirebaseUI_FirebaseAuthSwiftUI' from project 'FirebaseUI')

CopyStringsFile /tmp/tm-dd/Build/Products/Debug-iphonesimulator/FirebaseUI_FirebaseAuthSwiftUI.bundle/ko.lproj/Localizable.strings /tmp/tm-dd/Build/Intermediates.noindex/FirebaseUI.build/Debug-iphonesimulator/FirebaseUI_FirebaseAuthSwiftUI.build/ko.lproj/Localizable.strings (in target 'FirebaseUI_FirebaseAuthSwiftUI' from project 'FirebaseUI')
    cd /tmp/tm-dd/SourcePackages/checkouts/FirebaseUI-iOS
    builtin-copyStrings --validate --outputencoding binary --outfilename Localizable.strings --outdir /tmp/tm-dd/Build/Products/Debug-iphonesimulator/FirebaseUI_FirebaseAuthSwiftUI.bundle/ko.lproj -- /tmp/tm-dd/Build/Intermediates.noindex/FirebaseUI.build/Debug-iphonesimulator/FirebaseUI_FirebaseAuthSwiftUI.build/ko.lproj/Localizable.strings
/tmp/tm-dd/Build/Intermediates.noindex/FirebaseUI.build/Debug-iphonesimulator/FirebaseUI_FirebaseAuthSwiftUI.build/ko.lproj/Localizable.strings:1:1: note: detected encoding of input file as Unicode (UTF-8) (in target 'FirebaseUI_FirebaseAuthSwiftUI' from project 'FirebaseUI')

CopyStringsFile /tmp/tm-dd/Build/Products/Debug-iphonesimulator/FirebaseUI_FirebaseAuthSwiftUI.bundle/kn.lproj/Localizable.strings /tmp/tm-dd/Build/Intermediates.noindex/FirebaseUI.build/Debug-iphonesimulator/FirebaseUI_FirebaseAuthSwiftUI.build/kn.lproj/Localizable.strings (in target 'FirebaseUI_FirebaseAuthSwiftUI' from project 'FirebaseUI')
    cd /tmp/tm-dd/SourcePackages/checkouts/FirebaseUI-iOS
    builtin-copyStrings --validate --outputencoding binary --outfilename Localizable.strings --outdir /tmp/tm-dd/Build/Products/Debug-iphonesimulator/FirebaseUI_FirebaseAuthSwiftUI.bundle/kn.lproj -- /tmp/tm-dd/Build/Intermediates.noindex/FirebaseUI.build/Debug-iphonesimulator/FirebaseUI_FirebaseAuthSwiftUI.build/kn.lproj/Localizable.strings
/tmp/tm-dd/Build/Intermediates.noindex/FirebaseUI.build/Debug-iphonesimulator/FirebaseUI_FirebaseAuthSwiftUI.build/kn.lproj/Localizable.strings:1:1: note: detected encoding of input file as Unicode (UTF-8) (in target 'FirebaseUI_FirebaseAuthSwiftUI' from project 'FirebaseUI')

CopyStringsFile /tmp/tm-dd/Build/Products/Debug-iphonesimulator/FirebaseUI_FirebaseAuthSwiftUI.bundle/ja.lproj/Localizable.strings /tmp/tm-dd/Build/Intermediates.noindex/FirebaseUI.build/Debug-iphonesimulator/FirebaseUI_FirebaseAuthSwiftUI.build/ja.lproj/Localizable.strings (in target 'FirebaseUI_FirebaseAuthSwiftUI' from project 'FirebaseUI')
    cd /tmp/tm-dd/SourcePackages/checkouts/FirebaseUI-iOS
    builtin-copyStrings --validate --outputencoding binary --outfilename Localizable.strings --outdir /tmp/tm-dd/Build/Products/Debug-iphonesimulator/FirebaseUI_FirebaseAuthSwiftUI.bundle/ja.lproj -- /tmp/tm-dd/Build/Intermediates.noindex/FirebaseUI.build/Debug-iphonesimulator/FirebaseUI_FirebaseAuthSwiftUI.build/ja.lproj/Localizable.strings
/tmp/tm-dd/Build/Intermediates.noindex/FirebaseUI.build/Debug-iphonesimulator/FirebaseUI_FirebaseAuthSwiftUI.build/ja.lproj/Localizable.strings:1:1: note: detected encoding of input file as Unicode (UTF-8) (in target 'FirebaseUI_FirebaseAuthSwiftUI' from project 'FirebaseUI')

CopyStringsFile /tmp/tm-dd/Build/Products/Debug-iphonesimulator/FirebaseUI_FirebaseAuthSwiftUI.bundle/it.lproj/Localizable.strings /tmp/tm-dd/Build/Intermediates.noindex/FirebaseUI.build/Debug-iphonesimulator/FirebaseUI_FirebaseAuthSwiftUI.build/it.lproj/Localizable.strings (in target 'FirebaseUI_FirebaseAuthSwiftUI' from project 'FirebaseUI')
    cd /tmp/tm-dd/SourcePackages/checkouts/FirebaseUI-iOS
    builtin-copyStrings --validate --outputencoding binary --outfilename Localizable.strings --outdir /tmp/tm-dd/Build/Products/Debug-iphonesimulator/FirebaseUI_FirebaseAuthSwiftUI.bundle/it.lproj -- /tmp/tm-dd/Build/Intermediates.noindex/FirebaseUI.build/Debug-iphonesimulator/FirebaseUI_FirebaseAuthSwiftUI.build/it.lproj/Localizable.strings
/tmp/tm-dd/Build/Intermediates.noindex/FirebaseUI.build/Debug-iphonesimulator/FirebaseUI_FirebaseAuthSwiftUI.build/it.lproj/Localizable.strings:1:1: note: detected encoding of input file as Unicode (UTF-8) (in target 'FirebaseUI_FirebaseAuthSwiftUI' from project 'FirebaseUI')

CopyStringsFile /tmp/tm-dd/Build/Products/Debug-iphonesimulator/FirebaseUI_FirebaseAuthSwiftUI.bundle/he.lproj/Localizable.strings /tmp/tm-dd/Build/Intermediates.noindex/FirebaseUI.build/Debug-iphonesimulator/FirebaseUI_FirebaseAuthSwiftUI.build/he.lproj/Localizable.strings (in target 'FirebaseUI_FirebaseAuthSwiftUI' from project 'FirebaseUI')
    cd /tmp/tm-dd/SourcePackages/checkouts/FirebaseUI-iOS
    builtin-copyStrings --validate --outputencoding binary --outfilename Localizable.strings --outdir /tmp/tm-dd/Build/Products/Debug-iphonesimulator/FirebaseUI_FirebaseAuthSwiftUI.bundle/he.lproj -- /tmp/tm-dd/Build/Intermediates.noindex/FirebaseUI.build/Debug-iphonesimulator/FirebaseUI_FirebaseAuthSwiftUI.build/he.lproj/Localizable.strings
/tmp/tm-dd/Build/Intermediates.noindex/FirebaseUI.build/Debug-iphonesimulator/FirebaseUI_FirebaseAuthSwiftUI.build/he.lproj/Localizable.strings:1:1: note: detected encoding of input file as Unicode (UTF-8) (in target 'FirebaseUI_FirebaseAuthSwiftUI' from project 'FirebaseUI')

CopyStringsFile /tmp/tm-dd/Build/Products/Debug-iphonesimulator/FirebaseUI_FirebaseAuthSwiftUI.bundle/hr.lproj/Localizable.strings /tmp/tm-dd/Build/Intermediates.noindex/FirebaseUI.build/Debug-iphonesimulator/FirebaseUI_FirebaseAuthSwiftUI.build/hr.lproj/Localizable.strings (in target 'FirebaseUI_FirebaseAuthSwiftUI' from project 'FirebaseUI')
    cd /tmp/tm-dd/SourcePackages/checkouts/FirebaseUI-iOS
    builtin-copyStrings --validate --outputencoding binary --outfilename Localizable.strings --outdir /tmp/tm-dd/Build/Products/Debug-iphonesimulator/FirebaseUI_FirebaseAuthSwiftUI.bundle/hr.lproj -- /tmp/tm-dd/Build/Intermediates.noindex/FirebaseUI.build/Debug-iphonesimulator/FirebaseUI_FirebaseAuthSwiftUI.build/hr.lproj/Localizable.strings
/tmp/tm-dd/Build/Intermediates.noindex/FirebaseUI.build/Debug-iphonesimulator/FirebaseUI_FirebaseAuthSwiftUI.build/hr.lproj/Localizable.strings:1:1: note: detected encoding of input file as Unicode (UTF-8) (in target 'FirebaseUI_FirebaseAuthSwiftUI' from project 'FirebaseUI')

CopyStringsFile /tmp/tm-dd/Build/Products/Debug-iphonesimulator/FirebaseUI_FirebaseAuthSwiftUI.bundle/gu.lproj/Localizable.strings /tmp/tm-dd/Build/Intermediates.noindex/FirebaseUI.build/Debug-iphonesimulator/FirebaseUI_FirebaseAuthSwiftUI.build/gu.lproj/Localizable.strings (in target 'FirebaseUI_FirebaseAuthSwiftUI' from project 'FirebaseUI')
    cd /tmp/tm-dd/SourcePackages/checkouts/FirebaseUI-iOS
    builtin-copyStrings --validate --outputencoding binary --outfilename Localizable.strings --outdir /tmp/tm-dd/Build/Products/Debug-iphonesimulator/FirebaseUI_FirebaseAuthSwiftUI.bundle/gu.lproj -- /tmp/tm-dd/Build/Intermediates.noindex/FirebaseUI.build/Debug-iphonesimulator/FirebaseUI_FirebaseAuthSwiftUI.build/gu.lproj/Localizable.strings
/tmp/tm-dd/Build/Intermediates.noindex/FirebaseUI.build/Debug-iphonesimulator/FirebaseUI_FirebaseAuthSwiftUI.build/gu.lproj/Localizable.strings:1:1: note: detected encoding of input file as Unicode (UTF-8) (in target 'FirebaseUI_FirebaseAuthSwiftUI' from project 'FirebaseUI')

CopyStringsFile /tmp/tm-dd/Build/Products/Debug-iphonesimulator/FirebaseUI_FirebaseAuthSwiftUI.bundle/gsw.lproj/Localizable.strings /tmp/tm-dd/Build/Intermediates.noindex/FirebaseUI.build/Debug-iphonesimulator/FirebaseUI_FirebaseAuthSwiftUI.build/gsw.lproj/Localizable.strings (in target 'FirebaseUI_FirebaseAuthSwiftUI' from project 'FirebaseUI')
    cd /tmp/tm-dd/SourcePackages/checkouts/FirebaseUI-iOS
    builtin-copyStrings --validate --outputencoding binary --outfilename Localizable.strings --outdir /tmp/tm-dd/Build/Products/Debug-iphonesimulator/FirebaseUI_FirebaseAuthSwiftUI.bundle/gsw.lproj -- /tmp/tm-dd/Build/Intermediates.noindex/FirebaseUI.build/Debug-iphonesimulator/FirebaseUI_FirebaseAuthSwiftUI.build/gsw.lproj/Localizable.strings
/tmp/tm-dd/Build/Intermediates.noindex/FirebaseUI.build/Debug-iphonesimulator/FirebaseUI_FirebaseAuthSwiftUI.build/gsw.lproj/Localizable.strings:1:1: note: detected encoding of input file as Unicode (UTF-8) (in target 'FirebaseUI_FirebaseAuthSwiftUI' from project 'FirebaseUI')

CopyStringsFile /tmp/tm-dd/Build/Products/Debug-iphonesimulator/FirebaseUI_FirebaseAuthSwiftUI.bundle/fr.lproj/Localizable.strings /tmp/tm-dd/Build/Intermediates.noindex/FirebaseUI.build/Debug-iphonesimulator/FirebaseUI_FirebaseAuthSwiftUI.build/fr.lproj/Localizable.strings (in target 'FirebaseUI_FirebaseAuthSwiftUI' from project 'FirebaseUI')
    cd /tmp/tm-dd/SourcePackages/checkouts/FirebaseUI-iOS
    builtin-copyStrings --validate --outputencoding binary --outfilename Localizable.strings --outdir /tmp/tm-dd/Build/Products/Debug-iphonesimulator/FirebaseUI_FirebaseAuthSwiftUI.bundle/fr.lproj -- /tmp/tm-dd/Build/Intermediates.noindex/FirebaseUI.build/Debug-iphonesimulator/FirebaseUI_FirebaseAuthSwiftUI.build/fr.lproj/Localizable.strings
/tmp/tm-dd/Build/Intermediates.noindex/FirebaseUI.build/Debug-iphonesimulator/FirebaseUI_FirebaseAuthSwiftUI.build/fr.lproj/Localizable.strings:1:1: note: detected encoding of input file as Unicode (UTF-8) (in target 'FirebaseUI_FirebaseAuthSwiftUI' from project 'FirebaseUI')

CopyStringsFile /tmp/tm-dd/Build/Products/Debug-iphonesimulator/FirebaseUI_FirebaseAuthSwiftUI.bundle/fr-CH.lproj/Localizable.strings /tmp/tm-dd/Build/Intermediates.noindex/FirebaseUI.build/Debug-iphonesimulator/FirebaseUI_FirebaseAuthSwiftUI.build/fr-CH.lproj/Localizable.strings (in target 'FirebaseUI_FirebaseAuthSwiftUI' from project 'FirebaseUI')
    cd /tmp/tm-dd/SourcePackages/checkouts/FirebaseUI-iOS
    builtin-copyStrings --validate --outputencoding binary --outfilename Localizable.strings --outdir /tmp/tm-dd/Build/Products/Debug-iphonesimulator/FirebaseUI_FirebaseAuthSwiftUI.bundle/fr-CH.lproj -- /tmp/tm-dd/Build/Intermediates.noindex/FirebaseUI.build/Debug-iphonesimulator/FirebaseUI_FirebaseAuthSwiftUI.build/fr-CH.lproj/Localizable.strings
/tmp/tm-dd/Build/Intermediates.noindex/FirebaseUI.build/Debug-iphonesimulator/FirebaseUI_FirebaseAuthSwiftUI.build/fr-CH.lproj/Localizable.strings:1:1: note: detected encoding of input file as Unicode (UTF-8) (in target 'FirebaseUI_FirebaseAuthSwiftUI' from project 'FirebaseUI')

CopyStringsFile /tmp/tm-dd/Build/Products/Debug-iphonesimulator/FirebaseUI_FirebaseAuthSwiftUI.bundle/fil.lproj/Localizable.strings /tmp/tm-dd/Build/Intermediates.noindex/FirebaseUI.build/Debug-iphonesimulator/FirebaseUI_FirebaseAuthSwiftUI.build/fil.lproj/Localizable.strings (in target 'FirebaseUI_FirebaseAuthSwiftUI' from project 'FirebaseUI')
    cd /tmp/tm-dd/SourcePackages/checkouts/FirebaseUI-iOS
    builtin-copyStrings --validate --outputencoding binary --outfilename Localizable.strings --outdir /tmp/tm-dd/Build/Products/Debug-iphonesimulator/FirebaseUI_FirebaseAuthSwiftUI.bundle/fil.lproj -- /tmp/tm-dd/Build/Intermediates.noindex/FirebaseUI.build/Debug-iphonesimulator/FirebaseUI_FirebaseAuthSwiftUI.build/fil.lproj/Localizable.strings
/tmp/tm-dd/Build/Intermediates.noindex/FirebaseUI.build/Debug-iphonesimulator/FirebaseUI_FirebaseAuthSwiftUI.build/fil.lproj/Localizable.strings:1:1: note: detected encoding of input file as Unicode (UTF-8) (in target 'FirebaseUI_FirebaseAuthSwiftUI' from project 'FirebaseUI')

CopyStringsFile /tmp/tm-dd/Build/Products/Debug-iphonesimulator/FirebaseUI_FirebaseAuthSwiftUI.bundle/fi.lproj/Localizable.strings /tmp/tm-dd/Build/Intermediates.noindex/FirebaseUI.build/Debug-iphonesimulator/FirebaseUI_FirebaseAuthSwiftUI.build/fi.lproj/Localizable.strings (in target 'FirebaseUI_FirebaseAuthSwiftUI' from project 'FirebaseUI')
    cd /tmp/tm-dd/SourcePackages/checkouts/FirebaseUI-iOS
    builtin-copyStrings --validate --outputencoding binary --outfilename Localizable.strings --outdir /tmp/tm-dd/Build/Products/Debug-iphonesimulator/FirebaseUI_FirebaseAuthSwiftUI.bundle/fi.lproj -- /tmp/tm-dd/Build/Intermediates.noindex/FirebaseUI.build/Debug-iphonesimulator/FirebaseUI_FirebaseAuthSwiftUI.build/fi.lproj/Localizable.strings
/tmp/tm-dd/Build/Intermediates.noindex/FirebaseUI.build/Debug-iphonesimulator/FirebaseUI_FirebaseAuthSwiftUI.build/fi.lproj/Localizable.strings:1:1: note: detected encoding of input file as Unicode (UTF-8) (in target 'FirebaseUI_FirebaseAuthSwiftUI' from project 'FirebaseUI')

CopyStringsFile /tmp/tm-dd/Build/Products/Debug-iphonesimulator/FirebaseUI_FirebaseAuthSwiftUI.bundle/fa.lproj/Localizable.strings /tmp/tm-dd/Build/Intermediates.noindex/FirebaseUI.build/Debug-iphonesimulator/FirebaseUI_FirebaseAuthSwiftUI.build/fa.lproj/Localizable.strings (in target 'FirebaseUI_FirebaseAuthSwiftUI' from project 'FirebaseUI')
    cd /tmp/tm-dd/SourcePackages/checkouts/FirebaseUI-iOS
    builtin-copyStrings --validate --outputencoding binary --outfilename Localizable.strings --outdir /tmp/tm-dd/Build/Products/Debug-iphonesimulator/FirebaseUI_FirebaseAuthSwiftUI.bundle/fa.lproj -- /tmp/tm-dd/Build/Intermediates.noindex/FirebaseUI.build/Debug-iphonesimulator/FirebaseUI_FirebaseAuthSwiftUI.build/fa.lproj/Localizable.strings
/tmp/tm-dd/Build/Intermediates.noindex/FirebaseUI.build/Debug-iphonesimulator/FirebaseUI_FirebaseAuthSwiftUI.build/fa.lproj/Localizable.strings:1:1: note: detected encoding of input file as Unicode (UTF-8) (in target 'FirebaseUI_FirebaseAuthSwiftUI' from project 'FirebaseUI')

CopyStringsFile /tmp/tm-dd/Build/Products/Debug-iphonesimulator/FirebaseUI_FirebaseAuthSwiftUI.bundle/es.lproj/Localizable.strings /tmp/tm-dd/Build/Intermediates.noindex/FirebaseUI.build/Debug-iphonesimulator/FirebaseUI_FirebaseAuthSwiftUI.build/es.lproj/Localizable.strings (in target 'FirebaseUI_FirebaseAuthSwiftUI' from project 'FirebaseUI')
    cd /tmp/tm-dd/SourcePackages/checkouts/FirebaseUI-iOS
    builtin-copyStrings --validate --outputencoding binary --outfilename Localizable.strings --outdir /tmp/tm-dd/Build/Products/Debug-iphonesimulator/FirebaseUI_FirebaseAuthSwiftUI.bundle/es.lproj -- /tmp/tm-dd/Build/Intermediates.noindex/FirebaseUI.build/Debug-iphonesimulator/FirebaseUI_FirebaseAuthSwiftUI.build/es.lproj/Localizable.strings
/tmp/tm-dd/Build/Intermediates.noindex/FirebaseUI.build/Debug-iphonesimulator/FirebaseUI_FirebaseAuthSwiftUI.build/es.lproj/Localizable.strings:1:1: note: detected encoding of input file as Unicode (UTF-8) (in target 'FirebaseUI_FirebaseAuthSwiftUI' from project 'FirebaseUI')

CopyStringsFile /tmp/tm-dd/Build/Products/Debug-iphonesimulator/FirebaseUI_FirebaseAuthSwiftUI.bundle/en.lproj/Localizable.strings /tmp/tm-dd/Build/Intermediates.noindex/FirebaseUI.build/Debug-iphonesimulator/FirebaseUI_FirebaseAuthSwiftUI.build/en.lproj/Localizable.strings (in target 'FirebaseUI_FirebaseAuthSwiftUI' from project 'FirebaseUI')
    cd /tmp/tm-dd/SourcePackages/checkouts/FirebaseUI-iOS
    builtin-copyStrings --validate --outputencoding binary --outfilename Localizable.strings --outdir /tmp/tm-dd/Build/Products/Debug-iphonesimulator/FirebaseUI_FirebaseAuthSwiftUI.bundle/en.lproj -- /tmp/tm-dd/Build/Intermediates.noindex/FirebaseUI.build/Debug-iphonesimulator/FirebaseUI_FirebaseAuthSwiftUI.build/en.lproj/Localizable.strings
/tmp/tm-dd/Build/Intermediates.noindex/FirebaseUI.build/Debug-iphonesimulator/FirebaseUI_FirebaseAuthSwiftUI.build/en.lproj/Localizable.strings:1:1: note: detected encoding of input file as Unicode (UTF-8) (in target 'FirebaseUI_FirebaseAuthSwiftUI' from project 'FirebaseUI')

CopyStringsFile /tmp/tm-dd/Build/Products/Debug-iphonesimulator/FirebaseUI_FirebaseAuthSwiftUI.bundle/en-ZA.lproj/Localizable.strings /tmp/tm-dd/Build/Intermediates.noindex/FirebaseUI.build/Debug-iphonesimulator/FirebaseUI_FirebaseAuthSwiftUI.build/en-ZA.lproj/Localizable.strings (in target 'FirebaseUI_FirebaseAuthSwiftUI' from project 'FirebaseUI')
    cd /tmp/tm-dd/SourcePackages/checkouts/FirebaseUI-iOS
    builtin-copyStrings --validate --outputencoding binary --outfilename Localizable.strings --outdir /tmp/tm-dd/Build/Products/Debug-iphonesimulator/FirebaseUI_FirebaseAuthSwiftUI.bundle/en-ZA.lproj -- /tmp/tm-dd/Build/Intermediates.noindex/FirebaseUI.build/Debug-iphonesimulator/FirebaseUI_FirebaseAuthSwiftUI.build/en-ZA.lproj/Localizable.strings
/tmp/tm-dd/Build/Intermediates.noindex/FirebaseUI.build/Debug-iphonesimulator/FirebaseUI_FirebaseAuthSwiftUI.build/en-ZA.lproj/Localizable.strings:1:1: note: detected encoding of input file as Unicode (UTF-8) (in target 'FirebaseUI_FirebaseAuthSwiftUI' from project 'FirebaseUI')

CopyStringsFile /tmp/tm-dd/Build/Products/Debug-iphonesimulator/FirebaseUI_FirebaseAuthSwiftUI.bundle/en-IN.lproj/Localizable.strings /tmp/tm-dd/Build/Intermediates.noindex/FirebaseUI.build/Debug-iphonesimulator/FirebaseUI_FirebaseAuthSwiftUI.build/en-IN.lproj/Localizable.strings (in target 'FirebaseUI_FirebaseAuthSwiftUI' from project 'FirebaseUI')
    cd /tmp/tm-dd/SourcePackages/checkouts/FirebaseUI-iOS
    builtin-copyStrings --validate --outputencoding binary --outfilename Localizable.strings --outdir /tmp/tm-dd/Build/Products/Debug-iphonesimulator/FirebaseUI_FirebaseAuthSwiftUI.bundle/en-IN.lproj -- /tmp/tm-dd/Build/Intermediates.noindex/FirebaseUI.build/Debug-iphonesimulator/FirebaseUI_FirebaseAuthSwiftUI.build/en-IN.lproj/Localizable.strings
/tmp/tm-dd/Build/Intermediates.noindex/FirebaseUI.build/Debug-iphonesimulator/FirebaseUI_FirebaseAuthSwiftUI.build/en-IN.lproj/Localizable.strings:1:1: note: detected encoding of input file as Unicode (UTF-8) (in target 'FirebaseUI_FirebaseAuthSwiftUI' from project 'FirebaseUI')

CopyStringsFile /tmp/tm-dd/Build/Products/Debug-iphonesimulator/FirebaseUI_FirebaseAuthSwiftUI.bundle/en-IE.lproj/Localizable.strings /tmp/tm-dd/Build/Intermediates.noindex/FirebaseUI.build/Debug-iphonesimulator/FirebaseUI_FirebaseAuthSwiftUI.build/en-IE.lproj/Localizable.strings (in target 'FirebaseUI_FirebaseAuthSwiftUI' from project 'FirebaseUI')
    cd /tmp/tm-dd/SourcePackages/checkouts/FirebaseUI-iOS
    builtin-copyStrings --validate --outputencoding binary --outfilename Localizable.strings --outdir /tmp/tm-dd/Build/Products/Debug-iphonesimulator/FirebaseUI_FirebaseAuthSwiftUI.bundle/en-IE.lproj -- /tmp/tm-dd/Build/Intermediates.noindex/FirebaseUI.build/Debug-iphonesimulator/FirebaseUI_FirebaseAuthSwiftUI.build/en-IE.lproj/Localizable.strings
/tmp/tm-dd/Build/Intermediates.noindex/FirebaseUI.build/Debug-iphonesimulator/FirebaseUI_FirebaseAuthSwiftUI.build/en-IE.lproj/Localizable.strings:1:1: note: detected encoding of input file as Unicode (UTF-8) (in target 'FirebaseUI_FirebaseAuthSwiftUI' from project 'FirebaseUI')

CopyStringsFile /tmp/tm-dd/Build/Products/Debug-iphonesimulator/FirebaseUI_FirebaseAuthSwiftUI.bundle/en-GB.lproj/Localizable.strings /tmp/tm-dd/Build/Intermediates.noindex/FirebaseUI.build/Debug-iphonesimulator/FirebaseUI_FirebaseAuthSwiftUI.build/en-GB.lproj/Localizable.strings (in target 'FirebaseUI_FirebaseAuthSwiftUI' from project 'FirebaseUI')
    cd /tmp/tm-dd/SourcePackages/checkouts/FirebaseUI-iOS
    builtin-copyStrings --validate --outputencoding binary --outfilename Localizable.strings --outdir /tmp/tm-dd/Build/Products/Debug-iphonesimulator/FirebaseUI_FirebaseAuthSwiftUI.bundle/en-GB.lproj -- /tmp/tm-dd/Build/Intermediates.noindex/FirebaseUI.build/Debug-iphonesimulator/FirebaseUI_FirebaseAuthSwiftUI.build/en-GB.lproj/Localizable.strings
/tmp/tm-dd/Build/Intermediates.noindex/FirebaseUI.build/Debug-iphonesimulator/FirebaseUI_FirebaseAuthSwiftUI.build/en-GB.lproj/Localizable.strings:1:1: note: detected encoding of input file as Unicode (UTF-8) (in target 'FirebaseUI_FirebaseAuthSwiftUI' from project 'FirebaseUI')

CopyStringsFile /tmp/tm-dd/Build/Products/Debug-iphonesimulator/FirebaseUI_FirebaseAuthSwiftUI.bundle/en-CA.lproj/Localizable.strings /tmp/tm-dd/Build/Intermediates.noindex/FirebaseUI.build/Debug-iphonesimulator/FirebaseUI_FirebaseAuthSwiftUI.build/en-CA.lproj/Localizable.strings (in target 'FirebaseUI_FirebaseAuthSwiftUI' from project 'FirebaseUI')
    cd /tmp/tm-dd/SourcePackages/checkouts/FirebaseUI-iOS
    builtin-copyStrings --validate --outputencoding binary --outfilename Localizable.strings --outdir /tmp/tm-dd/Build/Products/Debug-iphonesimulator/FirebaseUI_FirebaseAuthSwiftUI.bundle/en-CA.lproj -- /tmp/tm-dd/Build/Intermediates.noindex/FirebaseUI.build/Debug-iphonesimulator/FirebaseUI_FirebaseAuthSwiftUI.build/en-CA.lproj/Localizable.strings
/tmp/tm-dd/Build/Intermediates.noindex/FirebaseUI.build/Debug-iphonesimulator/FirebaseUI_FirebaseAuthSwiftUI.build/en-CA.lproj/Localizable.strings:1:1: note: detected encoding of input file as Unicode (UTF-8) (in target 'FirebaseUI_FirebaseAuthSwiftUI' from project 'FirebaseUI')

CopyStringsFile /tmp/tm-dd/Build/Products/Debug-iphonesimulator/FirebaseUI_FirebaseAuthSwiftUI.bundle/en-AU.lproj/Localizable.strings /tmp/tm-dd/Build/Intermediates.noindex/FirebaseUI.build/Debug-iphonesimulator/FirebaseUI_FirebaseAuthSwiftUI.build/en-AU.lproj/Localizable.strings (in target 'FirebaseUI_FirebaseAuthSwiftUI' from project 'FirebaseUI')
    cd /tmp/tm-dd/SourcePackages/checkouts/FirebaseUI-iOS
    builtin-copyStrings --validate --outputencoding binary --outfilename Localizable.strings --outdir /tmp/tm-dd/Build/Products/Debug-iphonesimulator/FirebaseUI_FirebaseAuthSwiftUI.bundle/en-AU.lproj -- /tmp/tm-dd/Build/Intermediates.noindex/FirebaseUI.build/Debug-iphonesimulator/FirebaseUI_FirebaseAuthSwiftUI.build/en-AU.lproj/Localizable.strings
/tmp/tm-dd/Build/Intermediates.noindex/FirebaseUI.build/Debug-iphonesimulator/FirebaseUI_FirebaseAuthSwiftUI.build/en-AU.lproj/Localizable.strings:1:1: note: detected encoding of input file as Unicode (UTF-8) (in target 'FirebaseUI_FirebaseAuthSwiftUI' from project 'FirebaseUI')

CopyStringsFile /tmp/tm-dd/Build/Products/Debug-iphonesimulator/FirebaseUI_FirebaseAuthSwiftUI.bundle/el.lproj/Localizable.strings /tmp/tm-dd/Build/Intermediates.noindex/FirebaseUI.build/Debug-iphonesimulator/FirebaseUI_FirebaseAuthSwiftUI.build/el.lproj/Localizable.strings (in target 'FirebaseUI_FirebaseAuthSwiftUI' from project 'FirebaseUI')
    cd /tmp/tm-dd/SourcePackages/checkouts/FirebaseUI-iOS
    builtin-copyStrings --validate --outputencoding binary --outfilename Localizable.strings --outdir /tmp/tm-dd/Build/Products/Debug-iphonesimulator/FirebaseUI_FirebaseAuthSwiftUI.bundle/el.lproj -- /tmp/tm-dd/Build/Intermediates.noindex/FirebaseUI.build/Debug-iphonesimulator/FirebaseUI_FirebaseAuthSwiftUI.build/el.lproj/Localizable.strings
/tmp/tm-dd/Build/Intermediates.noindex/FirebaseUI.build/Debug-iphonesimulator/FirebaseUI_FirebaseAuthSwiftUI.build/el.lproj/Localizable.strings:1:1: note: detected encoding of input file as Unicode (UTF-8) (in target 'FirebaseUI_FirebaseAuthSwiftUI' from project 'FirebaseUI')

CopyStringsFile /tmp/tm-dd/Build/Products/Debug-iphonesimulator/FirebaseUI_FirebaseAuthSwiftUI.bundle/de.lproj/Localizable.strings /tmp/tm-dd/Build/Intermediates.noindex/FirebaseUI.build/Debug-iphonesimulator/FirebaseUI_FirebaseAuthSwiftUI.build/de.lproj/Localizable.strings (in target 'FirebaseUI_FirebaseAuthSwiftUI' from project 'FirebaseUI')
    cd /tmp/tm-dd/SourcePackages/checkouts/FirebaseUI-iOS
    builtin-copyStrings --validate --outputencoding binary --outfilename Localizable.strings --outdir /tmp/tm-dd/Build/Products/Debug-iphonesimulator/FirebaseUI_FirebaseAuthSwiftUI.bundle/de.lproj -- /tmp/tm-dd/Build/Intermediates.noindex/FirebaseUI.build/Debug-iphonesimulator/FirebaseUI_FirebaseAuthSwiftUI.build/de.lproj/Localizable.strings
/tmp/tm-dd/Build/Intermediates.noindex/FirebaseUI.build/Debug-iphonesimulator/FirebaseUI_FirebaseAuthSwiftUI.build/de.lproj/Localizable.strings:1:1: note: detected encoding of input file as Unicode (UTF-8) (in target 'FirebaseUI_FirebaseAuthSwiftUI' from project 'FirebaseUI')

CopyStringsFile /tmp/tm-dd/Build/Products/Debug-iphonesimulator/FirebaseUI_FirebaseAuthSwiftUI.bundle/de-CH.lproj/Localizable.strings /tmp/tm-dd/Build/Intermediates.noindex/FirebaseUI.build/Debug-iphonesimulator/FirebaseUI_FirebaseAuthSwiftUI.build/de-CH.lproj/Localizable.strings (in target 'FirebaseUI_FirebaseAuthSwiftUI' from project 'FirebaseUI')
    cd /tmp/tm-dd/SourcePackages/checkouts/FirebaseUI-iOS
    builtin-copyStrings --validate --outputencoding binary --outfilename Localizable.strings --outdir /tmp/tm-dd/Build/Products/Debug-iphonesimulator/FirebaseUI_FirebaseAuthSwiftUI.bundle/de-CH.lproj -- /tmp/tm-dd/Build/Intermediates.noindex/FirebaseUI.build/Debug-iphonesimulator/FirebaseUI_FirebaseAuthSwiftUI.build/de-CH.lproj/Localizable.strings
/tmp/tm-dd/Build/Intermediates.noindex/FirebaseUI.build/Debug-iphonesimulator/FirebaseUI_FirebaseAuthSwiftUI.build/de-CH.lproj/Localizable.strings:1:1: note: detected encoding of input file as Unicode (UTF-8) (in target 'FirebaseUI_FirebaseAuthSwiftUI' from project 'FirebaseUI')

CopyStringsFile /tmp/tm-dd/Build/Products/Debug-iphonesimulator/FirebaseUI_FirebaseAuthSwiftUI.bundle/de-AT.lproj/Localizable.strings /tmp/tm-dd/Build/Intermediates.noindex/FirebaseUI.build/Debug-iphonesimulator/FirebaseUI_FirebaseAuthSwiftUI.build/de-AT.lproj/Localizable.strings (in target 'FirebaseUI_FirebaseAuthSwiftUI' from project 'FirebaseUI')
    cd /tmp/tm-dd/SourcePackages/checkouts/FirebaseUI-iOS
    builtin-copyStrings --validate --outputencoding binary --outfilename Localizable.strings --outdir /tmp/tm-dd/Build/Products/Debug-iphonesimulator/FirebaseUI_FirebaseAuthSwiftUI.bundle/de-AT.lproj -- /tmp/tm-dd/Build/Intermediates.noindex/FirebaseUI.build/Debug-iphonesimulator/FirebaseUI_FirebaseAuthSwiftUI.build/de-AT.lproj/Localizable.strings
/tmp/tm-dd/Build/Intermediates.noindex/FirebaseUI.build/Debug-iphonesimulator/FirebaseUI_FirebaseAuthSwiftUI.build/de-AT.lproj/Localizable.strings:1:1: note: detected encoding of input file as Unicode (UTF-8) (in target 'FirebaseUI_FirebaseAuthSwiftUI' from project 'FirebaseUI')

CopyStringsFile /tmp/tm-dd/Build/Products/Debug-iphonesimulator/FirebaseUI_FirebaseAuthSwiftUI.bundle/da.lproj/Localizable.strings /tmp/tm-dd/Build/Intermediates.noindex/FirebaseUI.build/Debug-iphonesimulator/FirebaseUI_FirebaseAuthSwiftUI.build/da.lproj/Localizable.strings (in target 'FirebaseUI_FirebaseAuthSwiftUI' from project 'FirebaseUI')
    cd /tmp/tm-dd/SourcePackages/checkouts/FirebaseUI-iOS
    builtin-copyStrings --validate --outputencoding binary --outfilename Localizable.strings --outdir /tmp/tm-dd/Build/Products/Debug-iphonesimulator/FirebaseUI_FirebaseAuthSwiftUI.bundle/da.lproj -- /tmp/tm-dd/Build/Intermediates.noindex/FirebaseUI.build/Debug-iphonesimulator/FirebaseUI_FirebaseAuthSwiftUI.build/da.lproj/Localizable.strings
/tmp/tm-dd/Build/Intermediates.noindex/FirebaseUI.build/Debug-iphonesimulator/FirebaseUI_FirebaseAuthSwiftUI.build/da.lproj/Localizable.strings:1:1: note: detected encoding of input file as Unicode (UTF-8) (in target 'FirebaseUI_FirebaseAuthSwiftUI' from project 'FirebaseUI')

CopyStringsFile /tmp/tm-dd/Build/Products/Debug-iphonesimulator/FirebaseUI_FirebaseAuthSwiftUI.bundle/cs.lproj/Localizable.strings /tmp/tm-dd/Build/Intermediates.noindex/FirebaseUI.build/Debug-iphonesimulator/FirebaseUI_FirebaseAuthSwiftUI.build/cs.lproj/Localizable.strings (in target 'FirebaseUI_FirebaseAuthSwiftUI' from project 'FirebaseUI')
    cd /tmp/tm-dd/SourcePackages/checkouts/FirebaseUI-iOS
    builtin-copyStrings --validate --outputencoding binary --outfilename Localizable.strings --outdir /tmp/tm-dd/Build/Products/Debug-iphonesimulator/FirebaseUI_FirebaseAuthSwiftUI.bundle/cs.lproj -- /tmp/tm-dd/Build/Intermediates.noindex/FirebaseUI.build/Debug-iphonesimulator/FirebaseUI_FirebaseAuthSwiftUI.build/cs.lproj/Localizable.strings
/tmp/tm-dd/Build/Intermediates.noindex/FirebaseUI.build/Debug-iphonesimulator/FirebaseUI_FirebaseAuthSwiftUI.build/cs.lproj/Localizable.strings:1:1: note: detected encoding of input file as Unicode (UTF-8) (in target 'FirebaseUI_FirebaseAuthSwiftUI' from project 'FirebaseUI')

CopyStringsFile /tmp/tm-dd/Build/Products/Debug-iphonesimulator/FirebaseUI_FirebaseAuthSwiftUI.bundle/bn.lproj/Localizable.strings /tmp/tm-dd/Build/Intermediates.noindex/FirebaseUI.build/Debug-iphonesimulator/FirebaseUI_FirebaseAuthSwiftUI.build/bn.lproj/Localizable.strings (in target 'FirebaseUI_FirebaseAuthSwiftUI' from project 'FirebaseUI')
    cd /tmp/tm-dd/SourcePackages/checkouts/FirebaseUI-iOS
    builtin-copyStrings --validate --outputencoding binary --outfilename Localizable.strings --outdir /tmp/tm-dd/Build/Products/Debug-iphonesimulator/FirebaseUI_FirebaseAuthSwiftUI.bundle/bn.lproj -- /tmp/tm-dd/Build/Intermediates.noindex/FirebaseUI.build/Debug-iphonesimulator/FirebaseUI_FirebaseAuthSwiftUI.build/bn.lproj/Localizable.strings
/tmp/tm-dd/Build/Intermediates.noindex/FirebaseUI.build/Debug-iphonesimulator/FirebaseUI_FirebaseAuthSwiftUI.build/bn.lproj/Localizable.strings:1:1: note: detected encoding of input file as Unicode (UTF-8) (in target 'FirebaseUI_FirebaseAuthSwiftUI' from project 'FirebaseUI')

CopyStringsFile /tmp/tm-dd/Build/Products/Debug-iphonesimulator/FirebaseUI_FirebaseAuthSwiftUI.bundle/bg.lproj/Localizable.strings /tmp/tm-dd/Build/Intermediates.noindex/FirebaseUI.build/Debug-iphonesimulator/FirebaseUI_FirebaseAuthSwiftUI.build/bg.lproj/Localizable.strings (in target 'FirebaseUI_FirebaseAuthSwiftUI' from project 'FirebaseUI')
    cd /tmp/tm-dd/SourcePackages/checkouts/FirebaseUI-iOS
    builtin-copyStrings --validate --outputencoding binary --outfilename Localizable.strings --outdir /tmp/tm-dd/Build/Products/Debug-iphonesimulator/FirebaseUI_FirebaseAuthSwiftUI.bundle/bg.lproj -- /tmp/tm-dd/Build/Intermediates.noindex/FirebaseUI.build/Debug-iphonesimulator/FirebaseUI_FirebaseAuthSwiftUI.build/bg.lproj/Localizable.strings
/tmp/tm-dd/Build/Intermediates.noindex/FirebaseUI.build/Debug-iphonesimulator/FirebaseUI_FirebaseAuthSwiftUI.build/bg.lproj/Localizable.strings:1:1: note: detected encoding of input file as Unicode (UTF-8) (in target 'FirebaseUI_FirebaseAuthSwiftUI' from project 'FirebaseUI')

CopyStringsFile /tmp/tm-dd/Build/Products/Debug-iphonesimulator/FirebaseUI_FirebaseAuthSwiftUI.bundle/ar.lproj/Localizable.strings /tmp/tm-dd/Build/Intermediates.noindex/FirebaseUI.build/Debug-iphonesimulator/FirebaseUI_FirebaseAuthSwiftUI.build/ar.lproj/Localizable.strings (in target 'FirebaseUI_FirebaseAuthSwiftUI' from project 'FirebaseUI')
    cd /tmp/tm-dd/SourcePackages/checkouts/FirebaseUI-iOS
    builtin-copyStrings --validate --outputencoding binary --outfilename Localizable.strings --outdir /tmp/tm-dd/Build/Products/Debug-iphonesimulator/FirebaseUI_FirebaseAuthSwiftUI.bundle/ar.lproj -- /tmp/tm-dd/Build/Intermediates.noindex/FirebaseUI.build/Debug-iphonesimulator/FirebaseUI_FirebaseAuthSwiftUI.build/ar.lproj/Localizable.strings
/tmp/tm-dd/Build/Intermediates.noindex/FirebaseUI.build/Debug-iphonesimulator/FirebaseUI_FirebaseAuthSwiftUI.build/ar.lproj/Localizable.strings:1:1: note: detected encoding of input file as Unicode (UTF-8) (in target 'FirebaseUI_FirebaseAuthSwiftUI' from project 'FirebaseUI')

Copy /tmp/tm-dd/Build/Products/Debug-iphonesimulator/tagmaster.app/FirebaseUI_FirebaseAuthSwiftUI.bundle /tmp/tm-dd/Build/Products/Debug-iphonesimulator/FirebaseUI_FirebaseAuthSwiftUI.bundle (in target 'tagmaster' from project 'tagmaster')
    cd /Users/depoll/.local/share/pi-worktrees/20260907070801/fable-audit-ux-worktree-20260907/iOS/tagmaster
    builtin-copy -exclude .DS_Store -exclude CVS -exclude .svn -exclude .git -exclude .hg -resolve-src-symlinks /tmp/tm-dd/Build/Products/Debug-iphonesimulator/FirebaseUI_FirebaseAuthSwiftUI.bundle /tmp/tm-dd/Build/Products/Debug-iphonesimulator/tagmaster.app

SwiftEmitModule normal arm64 Emitting\ module\ for\ tagmasterUITests (in target 'tagmasterUITests' from project 'tagmaster')

EmitSwiftModule normal arm64 (in target 'tagmasterUITests' from project 'tagmaster')
    cd /Users/depoll/.local/share/pi-worktrees/20260907070801/fable-audit-ux-worktree-20260907/iOS/tagmaster
    

SwiftCompile normal arm64 Compiling\ TagDetailUITests.swift /Users/depoll/.local/share/pi-worktrees/20260907070801/fable-audit-ux-worktree-20260907/iOS/tagmaster/tagmasterUITests/TagDetailUITests.swift (in target 'tagmasterUITests' from project 'tagmaster')
SwiftCompile normal arm64 /Users/depoll/.local/share/pi-worktrees/20260907070801/fable-audit-ux-worktree-20260907/iOS/tagmaster/tagmasterUITests/TagDetailUITests.swift (in target 'tagmasterUITests' from project 'tagmaster')
    cd /Users/depoll/.local/share/pi-worktrees/20260907070801/fable-audit-ux-worktree-20260907/iOS/tagmaster
    

ProcessInfoPlistFile /tmp/tm-dd/Build/Products/Debug-iphonesimulator/tagmaster.app/Info.plist /Users/depoll/.local/share/pi-worktrees/20260907070801/fable-audit-ux-worktree-20260907/iOS/tagmaster/tagmaster/tagmaster-Info.plist (in target 'tagmaster' from project 'tagmaster')
    cd /Users/depoll/.local/share/pi-worktrees/20260907070801/fable-audit-ux-worktree-20260907/iOS/tagmaster
    builtin-infoPlistUtility /Users/depoll/.local/share/pi-worktrees/20260907070801/fable-audit-ux-worktree-20260907/iOS/tagmaster/tagmaster/tagmaster-Info.plist -producttype com.apple.product-type.application -genpkginfo /tmp/tm-dd/Build/Products/Debug-iphonesimulator/tagmaster.app/PkgInfo -expandbuildsettings -format binary -platform iphonesimulator -additionalcontentfile /tmp/tm-dd/Build/Intermediates.noindex/tagmaster.build/Debug-iphonesimulator/tagmaster.build/LaunchScreen-PartialInfo.plist -additionalcontentfile /tmp/tm-dd/Build/Intermediates.noindex/tagmaster.build/Debug-iphonesimulator/tagmaster.build/assetcatalog_generated_info.plist -scanforprivacyfile /tmp/tm-dd/Build/Products/Debug-iphonesimulator/tagmaster.app/AppAuth_AppAuth.bundle -scanforprivacyfile /tmp/tm-dd/Build/Products/Debug-iphonesimulator/tagmaster.app/AppAuth_AppAuthCore.bundle -scanforprivacyfile /tmp/tm-dd/Build/Products/Debug-iphonesimulator/tagmaster.app/Facebook_FacebookAEM.bundle -scanforprivacyfile /tmp/tm-dd/Build/Products/Debug-iphonesimulator/tagmaster.app/Facebook_FacebookCore.bundle -scanforprivacyfile /tmp/tm-dd/Build/Products/Debug-iphonesimulator/tagmaster.app/Facebook_FacebookLogin.bundle -scanforprivacyfile /tmp/tm-dd/Build/Products/Debug-iphonesimulator/tagmaster.app/FirebaseUI_FirebaseAuthSwiftUI.bundle -scanforprivacyfile /tmp/tm-dd/Build/Products/Debug-iphonesimulator/tagmaster.app/FirebaseUI_FirebaseAuthUIComponents.bundle -scanforprivacyfile /tmp/tm-dd/Build/Products/Debug-iphonesimulator/tagmaster.app/Firebase_FirebaseAuth.bundle -scanforprivacyfile /tmp/tm-dd/Build/Products/Debug-iphonesimulator/tagmaster.app/Firebase_FirebaseCore.bundle -scanforprivacyfile /tmp/tm-dd/Build/Products/Debug-iphonesimulator/tagmaster.app/Firebase_FirebaseCoreExtension.bundle -scanforprivacyfile /tmp/tm-dd/Build/Products/Debug-iphonesimulator/tagmaster.app/Firebase_FirebaseCoreInternal.bundle -scanforprivacyfile /tmp/tm-dd/Build/Products/Debug-iphonesimulator/tagmaster.app/Firebase_FirebaseFirestore.bundle -scanforprivacyfile /tmp/tm-dd/Build/Products/Debug-iphonesimulator/tagmaster.app/Frameworks/FBAEMKit.framework -scanforprivacyfile /tmp/tm-dd/Build/Products/Debug-iphonesimulator/tagmaster.app/Frameworks/FBSDKCoreKit.framework -scanforprivacyfile /tmp/tm-dd/Build/Products/Debug-iphonesimulator/tagmaster.app/Frameworks/FBSDKCoreKit_Basics.framework -scanforprivacyfile /tmp/tm-dd/Build/Products/Debug-iphonesimulator/tagmaster.app/Frameworks/FBSDKLoginKit.framework -scanforprivacyfile /tmp/tm-dd/Build/Products/Debug-iphonesimulator/tagmaster.app/Frameworks/FirebaseFirestoreInternal.framework -scanforprivacyfile /tmp/tm-dd/Build/Products/Debug-iphonesimulator/tagmaster.app/Frameworks/absl.framework -scanforprivacyfile /tmp/tm-dd/Build/Products/Debug-iphonesimulator/tagmaster.app/Frameworks/grpc.framework -scanforprivacyfile /tmp/tm-dd/Build/Products/Debug-iphonesimulator/tagmaster.app/Frameworks/grpcpp.framework -scanforprivacyfile /tmp/tm-dd/Build/Products/Debug-iphonesimulator/tagmaster.app/Frameworks/openssl_grpc.framework -scanforprivacyfile /tmp/tm-dd/Build/Products/Debug-iphonesimulator/tagmaster.app/GTMAppAuth_GTMAppAuth.bundle -scanforprivacyfile /tmp/tm-dd/Build/Products/Debug-iphonesimulator/tagmaster.app/GTMSessionFetcher_GTMSessionFetcherCore.bundle -scanforprivacyfile /tmp/tm-dd/Build/Products/Debug-iphonesimulator/tagmaster.app/GoogleSignIn_GoogleSignIn.bundle -scanforprivacyfile /tmp/tm-dd/Build/Products/Debug-iphonesimulator/tagmaster.app/GoogleSignIn_GoogleSignInSwift.bundle -scanforprivacyfile /tmp/tm-dd/Build/Products/Debug-iphonesimulator/tagmaster.app/GoogleUtilities_GoogleUtilities-AppDelegateSwizzler.bundle -scanforprivacyfile /tmp/tm-dd/Build/Products/Debug-iphonesimulator/tagmaster.app/GoogleUtilities_GoogleUtilities-Environment.bundle -scanforprivacyfile /tmp/tm-dd/Build/Products/Debug-iphonesimulator/tagmaster.app/GoogleUtilities_GoogleUtilities-Logger.bundle -scanforprivacyfile /tmp/tm-dd/Build/Products/Debug-iphonesimulator/tagmaster.app/GoogleUtilities_GoogleUtilities-NSData.bundle -scanforprivacyfile /tmp/tm-dd/Build/Products/Debug-iphonesimulator/tagmaster.app/GoogleUtilities_GoogleUtilities-Network.bundle -scanforprivacyfile /tmp/tm-dd/Build/Products/Debug-iphonesimulator/tagmaster.app/GoogleUtilities_GoogleUtilities-Reachability.bundle -scanforprivacyfile /tmp/tm-dd/Build/Products/Debug-iphonesimulator/tagmaster.app/abseil_abslWrapper.bundle -scanforprivacyfile /tmp/tm-dd/Build/Products/Debug-iphonesimulator/tagmaster.app/gRPC_grpcWrapper.bundle -scanforprivacyfile /tmp/tm-dd/Build/Products/Debug-iphonesimulator/tagmaster.app/gRPC_grpcppWrapper.bundle -scanforprivacyfile /tmp/tm-dd/Build/Products/Debug-iphonesimulator/tagmaster.app/gRPC_opensslWrapper.bundle -scanforprivacyfile /tmp/tm-dd/Build/Products/Debug-iphonesimulator/tagmaster.app/leveldb_leveldb.bundle -scanforprivacyfile /tmp/tm-dd/Build/Products/Debug-iphonesimulator/tagmaster.app/nanopb_nanopb.bundle -o /tmp/tm-dd/Build/Products/Debug-iphonesimulator/tagmaster.app/Info.plist

CopySwiftLibs /tmp/tm-dd/Build/Products/Debug-iphonesimulator/tagmaster.app (in target 'tagmaster' from project 'tagmaster')
    cd /Users/depoll/.local/share/pi-worktrees/20260907070801/fable-audit-ux-worktree-20260907/iOS/tagmaster
    builtin-swiftStdLibTool --copy --verbose --sign - --scan-executable /tmp/tm-dd/Build/Products/Debug-iphonesimulator/tagmaster.app/tagmaster.debug.dylib --scan-folder /tmp/tm-dd/Build/Products/Debug-iphonesimulator/tagmaster.app/Frameworks --scan-folder /tmp/tm-dd/Build/Products/Debug-iphonesimulator/tagmaster.app/PlugIns --scan-folder /tmp/tm-dd/Build/Products/Debug-iphonesimulator/tagmaster.app/SystemExtensions --scan-folder /tmp/tm-dd/Build/Products/Debug-iphonesimulator/tagmaster.app/Extensions --scan-folder /Applications/Xcode.app/Contents/Developer/Platforms/iPhoneSimulator.platform/Developer/SDKs/iPhoneSimulator26.5.sdk/System/Library/Frameworks/AVKit.framework --scan-folder /Applications/Xcode.app/Contents/Developer/Platforms/iPhoneSimulator.platform/Developer/SDKs/iPhoneSimulator26.5.sdk/System/Library/Frameworks/CoreData.framework --scan-folder /Applications/Xcode.app/Contents/Developer/Platforms/iPhoneSimulator.platform/Developer/SDKs/iPhoneSimulator26.5.sdk/System/Library/Frameworks/SystemConfiguration.framework --scan-folder /Applications/Xcode.app/Contents/Developer/Platforms/iPhoneSimulator.platform/Developer/SDKs/iPhoneSimulator26.5.sdk/System/Library/Frameworks/StoreKit.framework --scan-folder /Applications/Xcode.app/Contents/Developer/Platforms/iPhoneSimulator.platform/Developer/SDKs/iPhoneSimulator26.5.sdk/System/Library/Frameworks/Security.framework --scan-folder /Applications/Xcode.app/Contents/Developer/Platforms/iPhoneSimulator.platform/Developer/SDKs/iPhoneSimulator26.5.sdk/System/Library/Frameworks/QuartzCore.framework --scan-folder /Applications/Xcode.app/Contents/Developer/Platforms/iPhoneSimulator.platform/Developer/SDKs/iPhoneSimulator26.5.sdk/System/Library/Frameworks/CoreLocation.framework --scan-folder /Applications/Xcode.app/Contents/Developer/Platforms/iPhoneSimulator.platform/Developer/SDKs/iPhoneSimulator26.5.sdk/System/Library/Frameworks/CFNetwork.framework --scan-folder /Applications/Xcode.app/Contents/Developer/Platforms/iPhoneSimulator.platform/Developer/SDKs/iPhoneSimulator26.5.sdk/System/Library/Frameworks/MessageUI.framework --scan-folder /Applications/Xcode.app/Contents/Developer/Platforms/iPhoneSimulator.platform/Developer/SDKs/iPhoneSimulator26.5.sdk/System/Library/Frameworks/MediaPlayer.framework --scan-folder /Applications/Xcode.app/Contents/Developer/Platforms/iPhoneSimulator.platform/Developer/SDKs/iPhoneSimulator26.5.sdk/System/Library/Frameworks/AppTrackingTransparency.framework --scan-folder /Applications/Xcode.app/Contents/Developer/Platforms/iPhoneSimulator.platform/Developer/SDKs/iPhoneSimulator26.5.sdk/System/Library/Frameworks/QuickLook.framework --scan-folder /Applications/Xcode.app/Contents/Developer/Platforms/iPhoneSimulator.platform/Developer/SDKs/iPhoneSimulator26.5.sdk/System/Library/Frameworks/AudioToolbox.framework --scan-folder /Applications/Xcode.app/Contents/Developer/Platforms/iPhoneSimulator.platform/Developer/SDKs/iPhoneSimulator26.5.sdk/System/Library/Frameworks/UIKit.framework --scan-folder /Applications/Xcode.app/Contents/Developer/Platforms/iPhoneSimulator.platform/Developer/SDKs/iPhoneSimulator26.5.sdk/System/Library/Frameworks/Foundation.framework --scan-folder /Applications/Xcode.app/Contents/Developer/Platforms/iPhoneSimulator.platform/Developer/SDKs/iPhoneSimulator26.5.sdk/System/Library/Frameworks/CoreAudio.framework --scan-folder /Applications/Xcode.app/Contents/Developer/Platforms/iPhoneSimulator.platform/Developer/SDKs/iPhoneSimulator26.5.sdk/System/Library/Frameworks/CoreGraphics.framework --scan-folder /Applications/Xcode.app/Contents/Developer/Platforms/MacOSX.platform/Developer/SDKs/MacOSX10.15.sdk/System/Library/Frameworks/CoreServices.framework --platform iphonesimulator --toolchain /Applications/Xcode.app/Contents/Developer/Toolchains/XcodeDefault.xctoolchain --destination /tmp/tm-dd/Build/Products/Debug-iphonesimulator/tagmaster.app/Frameworks --strip-bitcode --strip-bitcode-tool /Applications/Xcode.app/Contents/Developer/Toolchains/XcodeDefault.xctoolchain/usr/bin/bitcode_strip --emit-dependency-info /tmp/tm-dd/Build/Intermediates.noindex/tagmaster.build/Debug-iphonesimulator/tagmaster.build/SwiftStdLibToolInputDependencies.dep --filter-for-swift-os

Copy /tmp/tm-dd/Build/Products/Debug-iphonesimulator/tagmaster.app/PlugIns/tagmasterTests.xctest/FirebaseUI_FirebaseAuthSwiftUI.bundle /tmp/tm-dd/Build/Products/Debug-iphonesimulator/FirebaseUI_FirebaseAuthSwiftUI.bundle (in target 'tagmasterTests' from project 'tagmaster')
    cd /Users/depoll/.local/share/pi-worktrees/20260907070801/fable-audit-ux-worktree-20260907/iOS/tagmaster
    builtin-copy -exclude .DS_Store -exclude CVS -exclude .svn -exclude .git -exclude .hg -resolve-src-symlinks /tmp/tm-dd/Build/Products/Debug-iphonesimulator/FirebaseUI_FirebaseAuthSwiftUI.bundle /tmp/tm-dd/Build/Products/Debug-iphonesimulator/tagmaster.app/PlugIns/tagmasterTests.xctest

SwiftDriverJobDiscovery normal arm64 Emitting module for tagmasterUITests (in target 'tagmasterUITests' from project 'tagmaster')

SwiftDriver\ Compilation\ Requirements tagmasterUITests normal arm64 com.apple.xcode.tools.swift.compiler (in target 'tagmasterUITests' from project 'tagmaster')
    cd /Users/depoll/.local/share/pi-worktrees/20260907070801/fable-audit-ux-worktree-20260907/iOS/tagmaster
    builtin-Swift-Compilation-Requirements -- /Applications/Xcode.app/Contents/Developer/Toolchains/XcodeDefault.xctoolchain/usr/bin/swiftc -module-name tagmasterUITests -O @/tmp/tm-dd/Build/Intermediates.noindex/tagmaster.build/Debug-iphonesimulator/tagmasterUITests.build/Objects-normal/arm64/tagmasterUITests.SwiftFileList -module-alias Testing\=_Testing_Unavailable -plugin-path /Applications/Xcode.app/Contents/Developer/Toolchains/XcodeDefault.xctoolchain/usr/lib/swift/host/plugins/testing -enable-bare-slash-regex -enable-experimental-feature DebugDescriptionMacro -sdk /Applications/Xcode.app/Contents/Developer/Platforms/iPhoneSimulator.platform/Developer/SDKs/iPhoneSimulator26.5.sdk -target arm64-apple-ios17.0-simulator -g -module-cache-path /tmp/tm-dd/ModuleCache.noindex -Xfrontend -serialize-debugging-options -enable-testing -Xcc -D_LIBCPP_HARDENING_MODE\=_LIBCPP_HARDENING_MODE_DEBUG -swift-version 5 -I /tmp/tm-dd/Build/Products/Debug-iphonesimulator -Isystem /Applications/Xcode.app/Contents/Developer/Platforms/iPhoneSimulator.platform/Developer/usr/lib -F /tmp/tm-dd/Build/Products/Debug-iphonesimulator -F /Applications/Xcode.app/Contents/Developer/Platforms/iPhoneSimulator.platform/Developer/Library/Frameworks -F /Applications/Xcode.app/Contents/Developer/Platforms/iPhoneSimulator.platform/Developer/SDKs/iPhoneSimulator26.5.sdk/Developer/Library/Frameworks -c -j12 -enable-batch-mode -incremental -Xcc -ivfsstatcache -Xcc /tmp/tm-dd/SDKStatCaches.noindex/iphonesimulator26.5-23F81a-6cfe768891a92b912361537c460fe42b.sdkstatcache -output-file-map /tmp/tm-dd/Build/Intermediates.noindex/tagmaster.build/Debug-iphonesimulator/tagmasterUITests.build/Objects-normal/arm64/tagmasterUITests-OutputFileMap.json -use-frontend-parseable-output -save-temps -no-color-diagnostics -explicit-module-build -module-cache-path /tmp/tm-dd/Build/Intermediates.noindex/SwiftExplicitPrecompiledModules -clang-scanner-module-cache-path /tmp/tm-dd/ModuleCache.noindex -sdk-module-cache-path /tmp/tm-dd/ModuleCache.noindex -serialize-diagnostics -emit-dependencies -emit-module -emit-module-path /tmp/tm-dd/Build/Intermediates.noindex/tagmaster.build/Debug-iphonesimulator/tagmasterUITests.build/Objects-normal/arm64/tagmasterUITests.swiftmodule -validate-clang-modules-once -clang-build-session-file /tmp/tm-dd/ModuleCache.noindex/Session.modulevalidation -Xcc -I/tmp/tm-dd/Build/Intermediates.noindex/tagmaster.build/Debug-iphonesimulator/tagmasterUITests.build/swift-overrides.hmap -emit-const-values -Xfrontend -const-gather-protocols-file -Xfrontend /tmp/tm-dd/Build/Intermediates.noindex/tagmaster.build/Debug-iphonesimulator/tagmasterUITests.build/Objects-normal/arm64/tagmasterUITests_const_extract_protocols.json -Xcc -iquote -Xcc /tmp/tm-dd/Build/Intermediates.noindex/tagmaster.build/Debug-iphonesimulator/tagmasterUITests.build/tagmasterUITests-generated-files.hmap -Xcc -I/tmp/tm-dd/Build/Intermediates.noindex/tagmaster.build/Debug-iphonesimulator/tagmasterUITests.build/tagmasterUITests-own-target-headers.hmap -Xcc -I/tmp/tm-dd/Build/Intermediates.noindex/tagmaster.build/Debug-iphonesimulator/tagmasterUITests.build/tagmasterUITests-all-non-framework-target-headers.hmap -Xcc -ivfsoverlay -Xcc /tmp/tm-dd/Build/Intermediates.noindex/tagmaster.build/Debug-iphonesimulator/tagmaster-85bdfcdf5e55a9673c632043f2056190-VFS-iphonesimulator/all-product-headers.yaml -Xcc -iquote -Xcc /tmp/tm-dd/Build/Intermediates.noindex/tagmaster.build/Debug-iphonesimulator/tagmasterUITests.build/tagmasterUITests-project-headers.hmap -Xcc -I/tmp/tm-dd/Build/Products/Debug-iphonesimulator/include -Xcc -I/tmp/tm-dd/Build/Intermediates.noindex/tagmaster.build/Debug-iphonesimulator/tagmasterUITests.build/DerivedSources-normal/arm64 -Xcc -I/tmp/tm-dd/Build/Intermediates.noindex/tagmaster.build/Debug-iphonesimulator/tagmasterUITests.build/DerivedSources/arm64 -Xcc -I/tmp/tm-dd/Build/Intermediates.noindex/tagmaster.build/Debug-iphonesimulator/tagmasterUITests.build/DerivedSources -Xcc -DDEBUG\=1 -emit-objc-header -emit-objc-header-path /tmp/tm-dd/Build/Intermediates.noindex/tagmaster.build/Debug-iphonesimulator/tagmasterUITests.build/Objects-normal/arm64/tagmasterUITests-Swift.h -working-directory /Users/depoll/.local/share/pi-worktrees/20260907070801/fable-audit-ux-worktree-20260907/iOS/tagmaster -experimental-emit-module-separately -disable-cmo

Copy /tmp/tm-dd/Build/Products/Debug-iphonesimulator/tagmasterUITests.swiftmodule/Project/arm64-apple-ios-simulator.swiftsourceinfo /tmp/tm-dd/Build/Intermediates.noindex/tagmaster.build/Debug-iphonesimulator/tagmasterUITests.build/Objects-normal/arm64/tagmasterUITests.swiftsourceinfo (in target 'tagmasterUITests' from project 'tagmaster')
    cd /Users/depoll/.local/share/pi-worktrees/20260907070801/fable-audit-ux-worktree-20260907/iOS/tagmaster
    builtin-copy -exclude .DS_Store -exclude CVS -exclude .svn -exclude .git -exclude .hg -resolve-src-symlinks -rename /tmp/tm-dd/Build/Intermediates.noindex/tagmaster.build/Debug-iphonesimulator/tagmasterUITests.build/Objects-normal/arm64/tagmasterUITests.swiftsourceinfo /tmp/tm-dd/Build/Products/Debug-iphonesimulator/tagmasterUITests.swiftmodule/Project/arm64-apple-ios-simulator.swiftsourceinfo

Copy /tmp/tm-dd/Build/Products/Debug-iphonesimulator/tagmasterUITests.swiftmodule/arm64-apple-ios-simulator.swiftmodule /tmp/tm-dd/Build/Intermediates.noindex/tagmaster.build/Debug-iphonesimulator/tagmasterUITests.build/Objects-normal/arm64/tagmasterUITests.swiftmodule (in target 'tagmasterUITests' from project 'tagmaster')
    cd /Users/depoll/.local/share/pi-worktrees/20260907070801/fable-audit-ux-worktree-20260907/iOS/tagmaster
    builtin-copy -exclude .DS_Store -exclude CVS -exclude .svn -exclude .git -exclude .hg -resolve-src-symlinks -rename /tmp/tm-dd/Build/Intermediates.noindex/tagmaster.build/Debug-iphonesimulator/tagmasterUITests.build/Objects-normal/arm64/tagmasterUITests.swiftmodule /tmp/tm-dd/Build/Products/Debug-iphonesimulator/tagmasterUITests.swiftmodule/arm64-apple-ios-simulator.swiftmodule

Copy /tmp/tm-dd/Build/Products/Debug-iphonesimulator/tagmasterUITests.swiftmodule/arm64-apple-ios-simulator.abi.json /tmp/tm-dd/Build/Intermediates.noindex/tagmaster.build/Debug-iphonesimulator/tagmasterUITests.build/Objects-normal/arm64/tagmasterUITests.abi.json (in target 'tagmasterUITests' from project 'tagmaster')
    cd /Users/depoll/.local/share/pi-worktrees/20260907070801/fable-audit-ux-worktree-20260907/iOS/tagmaster
    builtin-copy -exclude .DS_Store -exclude CVS -exclude .svn -exclude .git -exclude .hg -resolve-src-symlinks -rename /tmp/tm-dd/Build/Intermediates.noindex/tagmaster.build/Debug-iphonesimulator/tagmasterUITests.build/Objects-normal/arm64/tagmasterUITests.abi.json /tmp/tm-dd/Build/Products/Debug-iphonesimulator/tagmasterUITests.swiftmodule/arm64-apple-ios-simulator.abi.json

ProcessInfoPlistFile /tmp/tm-dd/Build/Products/Debug-iphonesimulator/tagmaster.app/PlugIns/tagmasterTests.xctest/Info.plist /Users/depoll/.local/share/pi-worktrees/20260907070801/fable-audit-ux-worktree-20260907/iOS/tagmaster/tagmasterTests/tagmasterTests-Info.plist (in target 'tagmasterTests' from project 'tagmaster')
    cd /Users/depoll/.local/share/pi-worktrees/20260907070801/fable-audit-ux-worktree-20260907/iOS/tagmaster
    builtin-infoPlistUtility /Users/depoll/.local/share/pi-worktrees/20260907070801/fable-audit-ux-worktree-20260907/iOS/tagmaster/tagmasterTests/tagmasterTests-Info.plist -producttype com.apple.product-type.bundle.unit-test -expandbuildsettings -format binary -platform iphonesimulator -scanforprivacyfile /tmp/tm-dd/Build/Products/Debug-iphonesimulator/tagmaster.app/PlugIns/tagmasterTests.xctest/AppAuth_AppAuth.bundle -scanforprivacyfile /tmp/tm-dd/Build/Products/Debug-iphonesimulator/tagmaster.app/PlugIns/tagmasterTests.xctest/AppAuth_AppAuthCore.bundle -scanforprivacyfile /tmp/tm-dd/Build/Products/Debug-iphonesimulator/tagmaster.app/PlugIns/tagmasterTests.xctest/Facebook_FacebookAEM.bundle -scanforprivacyfile /tmp/tm-dd/Build/Products/Debug-iphonesimulator/tagmaster.app/PlugIns/tagmasterTests.xctest/Facebook_FacebookCore.bundle -scanforprivacyfile /tmp/tm-dd/Build/Products/Debug-iphonesimulator/tagmaster.app/PlugIns/tagmasterTests.xctest/Facebook_FacebookLogin.bundle -scanforprivacyfile /tmp/tm-dd/Build/Products/Debug-iphonesimulator/tagmaster.app/PlugIns/tagmasterTests.xctest/FirebaseUI_FirebaseAuthSwiftUI.bundle -scanforprivacyfile /tmp/tm-dd/Build/Products/Debug-iphonesimulator/tagmaster.app/PlugIns/tagmasterTests.xctest/FirebaseUI_FirebaseAuthUIComponents.bundle -scanforprivacyfile /tmp/tm-dd/Build/Products/Debug-iphonesimulator/tagmaster.app/PlugIns/tagmasterTests.xctest/Firebase_FirebaseAuth.bundle -scanforprivacyfile /tmp/tm-dd/Build/Products/Debug-iphonesimulator/tagmaster.app/PlugIns/tagmasterTests.xctest/Firebase_FirebaseCore.bundle -scanforprivacyfile /tmp/tm-dd/Build/Products/Debug-iphonesimulator/tagmaster.app/PlugIns/tagmasterTests.xctest/Firebase_FirebaseCoreExtension.bundle -scanforprivacyfile /tmp/tm-dd/Build/Products/Debug-iphonesimulator/tagmaster.app/PlugIns/tagmasterTests.xctest/Firebase_FirebaseCoreInternal.bundle -scanforprivacyfile /tmp/tm-dd/Build/Products/Debug-iphonesimulator/tagmaster.app/PlugIns/tagmasterTests.xctest/Firebase_FirebaseFirestore.bundle -scanforprivacyfile /tmp/tm-dd/Build/Products/Debug-iphonesimulator/tagmaster.app/PlugIns/tagmasterTests.xctest/GTMAppAuth_GTMAppAuth.bundle -scanforprivacyfile /tmp/tm-dd/Build/Products/Debug-iphonesimulator/tagmaster.app/PlugIns/tagmasterTests.xctest/GTMSessionFetcher_GTMSessionFetcherCore.bundle -scanforprivacyfile /tmp/tm-dd/Build/Products/Debug-iphonesimulator/tagmaster.app/PlugIns/tagmasterTests.xctest/GoogleSignIn_GoogleSignIn.bundle -scanforprivacyfile /tmp/tm-dd/Build/Products/Debug-iphonesimulator/tagmaster.app/PlugIns/tagmasterTests.xctest/GoogleSignIn_GoogleSignInSwift.bundle -scanforprivacyfile /tmp/tm-dd/Build/Products/Debug-iphonesimulator/tagmaster.app/PlugIns/tagmasterTests.xctest/GoogleUtilities_GoogleUtilities-AppDelegateSwizzler.bundle -scanforprivacyfile /tmp/tm-dd/Build/Products/Debug-iphonesimulator/tagmaster.app/PlugIns/tagmasterTests.xctest/GoogleUtilities_GoogleUtilities-Environment.bundle -scanforprivacyfile /tmp/tm-dd/Build/Products/Debug-iphonesimulator/tagmaster.app/PlugIns/tagmasterTests.xctest/GoogleUtilities_GoogleUtilities-Logger.bundle -scanforprivacyfile /tmp/tm-dd/Build/Products/Debug-iphonesimulator/tagmaster.app/PlugIns/tagmasterTests.xctest/GoogleUtilities_GoogleUtilities-NSData.bundle -scanforprivacyfile /tmp/tm-dd/Build/Products/Debug-iphonesimulator/tagmaster.app/PlugIns/tagmasterTests.xctest/GoogleUtilities_GoogleUtilities-Network.bundle -scanforprivacyfile /tmp/tm-dd/Build/Products/Debug-iphonesimulator/tagmaster.app/PlugIns/tagmasterTests.xctest/GoogleUtilities_GoogleUtilities-Reachability.bundle -scanforprivacyfile /tmp/tm-dd/Build/Products/Debug-iphonesimulator/tagmaster.app/PlugIns/tagmasterTests.xctest/abseil_abslWrapper.bundle -scanforprivacyfile /tmp/tm-dd/Build/Products/Debug-iphonesimulator/tagmaster.app/PlugIns/tagmasterTests.xctest/gRPC_grpcWrapper.bundle -scanforprivacyfile /tmp/tm-dd/Build/Products/Debug-iphonesimulator/tagmaster.app/PlugIns/tagmasterTests.xctest/gRPC_grpcppWrapper.bundle -scanforprivacyfile /tmp/tm-dd/Build/Products/Debug-iphonesimulator/tagmaster.app/PlugIns/tagmasterTests.xctest/gRPC_opensslWrapper.bundle -scanforprivacyfile /tmp/tm-dd/Build/Products/Debug-iphonesimulator/tagmaster.app/PlugIns/tagmasterTests.xctest/leveldb_leveldb.bundle -scanforprivacyfile /tmp/tm-dd/Build/Products/Debug-iphonesimulator/tagmaster.app/PlugIns/tagmasterTests.xctest/nanopb_nanopb.bundle -o /tmp/tm-dd/Build/Products/Debug-iphonesimulator/tagmaster.app/PlugIns/tagmasterTests.xctest/Info.plist

CopySwiftLibs /tmp/tm-dd/Build/Products/Debug-iphonesimulator/tagmaster.app/PlugIns/tagmasterTests.xctest (in target 'tagmasterTests' from project 'tagmaster')
    cd /Users/depoll/.local/share/pi-worktrees/20260907070801/fable-audit-ux-worktree-20260907/iOS/tagmaster
    builtin-swiftStdLibTool --copy --verbose --sign - --scan-executable /tmp/tm-dd/Build/Products/Debug-iphonesimulator/tagmaster.app/PlugIns/tagmasterTests.xctest/tagmasterTests --scan-folder /tmp/tm-dd/Build/Products/Debug-iphonesimulator/tagmaster.app/PlugIns/tagmasterTests.xctest/Frameworks --scan-folder /tmp/tm-dd/Build/Products/Debug-iphonesimulator/tagmaster.app/PlugIns/tagmasterTests.xctest/PlugIns --scan-folder /tmp/tm-dd/Build/Products/Debug-iphonesimulator/tagmaster.app/PlugIns/tagmasterTests.xctest/SystemExtensions --scan-folder /tmp/tm-dd/Build/Products/Debug-iphonesimulator/tagmaster.app/PlugIns/tagmasterTests.xctest/Extensions --scan-folder /Applications/Xcode.app/Contents/Developer/Platforms/iPhoneSimulator.platform/Developer/SDKs/iPhoneSimulator26.5.sdk/System/Library/Frameworks/UIKit.framework --scan-folder /Applications/Xcode.app/Contents/Developer/Platforms/iPhoneSimulator.platform/Developer/SDKs/iPhoneSimulator26.5.sdk/System/Library/Frameworks/Foundation.framework --platform iphonesimulator --toolchain /Applications/Xcode.app/Contents/Developer/Toolchains/XcodeDefault.xctoolchain --destination /tmp/tm-dd/Build/Products/Debug-iphonesimulator/tagmaster.app/PlugIns/tagmasterTests.xctest/Frameworks --strip-bitcode --scan-executable /Applications/Xcode.app/Contents/Developer/Platforms/iPhoneSimulator.platform/Developer/usr/lib/libXCTestSwiftSupport.dylib --strip-bitcode-tool /Applications/Xcode.app/Contents/Developer/Toolchains/XcodeDefault.xctoolchain/usr/bin/bitcode_strip --emit-dependency-info /tmp/tm-dd/Build/Intermediates.noindex/tagmaster.build/Debug-iphonesimulator/tagmasterTests.build/SwiftStdLibToolInputDependencies.dep --filter-for-swift-os

CodeSign /tmp/tm-dd/Build/Products/Debug-iphonesimulator/tagmaster.app/tagmaster.debug.dylib (in target 'tagmaster' from project 'tagmaster')
    cd /Users/depoll/.local/share/pi-worktrees/20260907070801/fable-audit-ux-worktree-20260907/iOS/tagmaster
    
    Signing Identity:     "Sign to Run Locally"
    
    /usr/bin/codesign --force --sign - --timestamp\=none --generate-entitlement-der /tmp/tm-dd/Build/Products/Debug-iphonesimulator/tagmaster.app/tagmaster.debug.dylib
/tmp/tm-dd/Build/Products/Debug-iphonesimulator/tagmaster.app/tagmaster.debug.dylib: replacing existing signature

CodeSign /tmp/tm-dd/Build/Products/Debug-iphonesimulator/tagmaster.app/__preview.dylib (in target 'tagmaster' from project 'tagmaster')
    cd /Users/depoll/.local/share/pi-worktrees/20260907070801/fable-audit-ux-worktree-20260907/iOS/tagmaster
    
    Signing Identity:     "Sign to Run Locally"
    
    /usr/bin/codesign --force --sign - --timestamp\=none --generate-entitlement-der /tmp/tm-dd/Build/Products/Debug-iphonesimulator/tagmaster.app/__preview.dylib
/tmp/tm-dd/Build/Products/Debug-iphonesimulator/tagmaster.app/__preview.dylib: replacing existing signature

CodeSign /tmp/tm-dd/Build/Products/Debug-iphonesimulator/tagmaster.app (in target 'tagmaster' from project 'tagmaster')
    cd /Users/depoll/.local/share/pi-worktrees/20260907070801/fable-audit-ux-worktree-20260907/iOS/tagmaster
    
    Signing Identity:     "Sign to Run Locally"
    
    /usr/bin/codesign --force --sign - --entitlements /tmp/tm-dd/Build/Intermediates.noindex/tagmaster.build/Debug-iphonesimulator/tagmaster.build/tagmaster.app.xcent --timestamp\=none --generate-entitlement-der /tmp/tm-dd/Build/Products/Debug-iphonesimulator/tagmaster.app
/tmp/tm-dd/Build/Products/Debug-iphonesimulator/tagmaster.app: replacing existing signature

Validate /tmp/tm-dd/Build/Products/Debug-iphonesimulator/tagmaster.app (in target 'tagmaster' from project 'tagmaster')
    cd /Users/depoll/.local/share/pi-worktrees/20260907070801/fable-audit-ux-worktree-20260907/iOS/tagmaster
    builtin-validationUtility /tmp/tm-dd/Build/Products/Debug-iphonesimulator/tagmaster.app -shallow-bundle -infoplist-subpath Info.plist

ProcessInfoPlistFile /tmp/tm-dd/Build/Products/Debug-iphonesimulator/tagmasterUITests-Runner.app/PlugIns/tagmasterUITests.xctest/Info.plist /Users/depoll/.local/share/pi-worktrees/20260907070801/fable-audit-ux-worktree-20260907/iOS/tagmaster/tagmasterUITests/Info.plist (in target 'tagmasterUITests' from project 'tagmaster')
    cd /Users/depoll/.local/share/pi-worktrees/20260907070801/fable-audit-ux-worktree-20260907/iOS/tagmaster
    builtin-infoPlistUtility /Users/depoll/.local/share/pi-worktrees/20260907070801/fable-audit-ux-worktree-20260907/iOS/tagmaster/tagmasterUITests/Info.plist -producttype com.apple.product-type.bundle.ui-testing -expandbuildsettings -format binary -platform iphonesimulator -additionalcontentfile /tmp/tm-dd/Build/Intermediates.noindex/tagmaster.build/Debug-iphonesimulator/tagmasterUITests.build/ProductTypeInfoPlistAdditions.plist -o /tmp/tm-dd/Build/Products/Debug-iphonesimulator/tagmasterUITests-Runner.app/PlugIns/tagmasterUITests.xctest/Info.plist

SwiftDriverJobDiscovery normal arm64 Compiling TagDetailUITests.swift (in target 'tagmasterUITests' from project 'tagmaster')

SwiftDriver\ Compilation tagmasterUITests normal arm64 com.apple.xcode.tools.swift.compiler (in target 'tagmasterUITests' from project 'tagmaster')
    cd /Users/depoll/.local/share/pi-worktrees/20260907070801/fable-audit-ux-worktree-20260907/iOS/tagmaster
    builtin-Swift-Compilation -- /Applications/Xcode.app/Contents/Developer/Toolchains/XcodeDefault.xctoolchain/usr/bin/swiftc -module-name tagmasterUITests -O @/tmp/tm-dd/Build/Intermediates.noindex/tagmaster.build/Debug-iphonesimulator/tagmasterUITests.build/Objects-normal/arm64/tagmasterUITests.SwiftFileList -module-alias Testing\=_Testing_Unavailable -plugin-path /Applications/Xcode.app/Contents/Developer/Toolchains/XcodeDefault.xctoolchain/usr/lib/swift/host/plugins/testing -enable-bare-slash-regex -enable-experimental-feature DebugDescriptionMacro -sdk /Applications/Xcode.app/Contents/Developer/Platforms/iPhoneSimulator.platform/Developer/SDKs/iPhoneSimulator26.5.sdk -target arm64-apple-ios17.0-simulator -g -module-cache-path /tmp/tm-dd/ModuleCache.noindex -Xfrontend -serialize-debugging-options -enable-testing -Xcc -D_LIBCPP_HARDENING_MODE\=_LIBCPP_HARDENING_MODE_DEBUG -swift-version 5 -I /tmp/tm-dd/Build/Products/Debug-iphonesimulator -Isystem /Applications/Xcode.app/Contents/Developer/Platforms/iPhoneSimulator.platform/Developer/usr/lib -F /tmp/tm-dd/Build/Products/Debug-iphonesimulator -F /Applications/Xcode.app/Contents/Developer/Platforms/iPhoneSimulator.platform/Developer/Library/Frameworks -F /Applications/Xcode.app/Contents/Developer/Platforms/iPhoneSimulator.platform/Developer/SDKs/iPhoneSimulator26.5.sdk/Developer/Library/Frameworks -c -j12 -enable-batch-mode -incremental -Xcc -ivfsstatcache -Xcc /tmp/tm-dd/SDKStatCaches.noindex/iphonesimulator26.5-23F81a-6cfe768891a92b912361537c460fe42b.sdkstatcache -output-file-map /tmp/tm-dd/Build/Intermediates.noindex/tagmaster.build/Debug-iphonesimulator/tagmasterUITests.build/Objects-normal/arm64/tagmasterUITests-OutputFileMap.json -use-frontend-parseable-output -save-temps -no-color-diagnostics -explicit-module-build -module-cache-path /tmp/tm-dd/Build/Intermediates.noindex/SwiftExplicitPrecompiledModules -clang-scanner-module-cache-path /tmp/tm-dd/ModuleCache.noindex -sdk-module-cache-path /tmp/tm-dd/ModuleCache.noindex -serialize-diagnostics -emit-dependencies -emit-module -emit-module-path /tmp/tm-dd/Build/Intermediates.noindex/tagmaster.build/Debug-iphonesimulator/tagmasterUITests.build/Objects-normal/arm64/tagmasterUITests.swiftmodule -validate-clang-modules-once -clang-build-session-file /tmp/tm-dd/ModuleCache.noindex/Session.modulevalidation -Xcc -I/tmp/tm-dd/Build/Intermediates.noindex/tagmaster.build/Debug-iphonesimulator/tagmasterUITests.build/swift-overrides.hmap -emit-const-values -Xfrontend -const-gather-protocols-file -Xfrontend /tmp/tm-dd/Build/Intermediates.noindex/tagmaster.build/Debug-iphonesimulator/tagmasterUITests.build/Objects-normal/arm64/tagmasterUITests_const_extract_protocols.json -Xcc -iquote -Xcc /tmp/tm-dd/Build/Intermediates.noindex/tagmaster.build/Debug-iphonesimulator/tagmasterUITests.build/tagmasterUITests-generated-files.hmap -Xcc -I/tmp/tm-dd/Build/Intermediates.noindex/tagmaster.build/Debug-iphonesimulator/tagmasterUITests.build/tagmasterUITests-own-target-headers.hmap -Xcc -I/tmp/tm-dd/Build/Intermediates.noindex/tagmaster.build/Debug-iphonesimulator/tagmasterUITests.build/tagmasterUITests-all-non-framework-target-headers.hmap -Xcc -ivfsoverlay -Xcc /tmp/tm-dd/Build/Intermediates.noindex/tagmaster.build/Debug-iphonesimulator/tagmaster-85bdfcdf5e55a9673c632043f2056190-VFS-iphonesimulator/all-product-headers.yaml -Xcc -iquote -Xcc /tmp/tm-dd/Build/Intermediates.noindex/tagmaster.build/Debug-iphonesimulator/tagmasterUITests.build/tagmasterUITests-project-headers.hmap -Xcc -I/tmp/tm-dd/Build/Products/Debug-iphonesimulator/include -Xcc -I/tmp/tm-dd/Build/Intermediates.noindex/tagmaster.build/Debug-iphonesimulator/tagmasterUITests.build/DerivedSources-normal/arm64 -Xcc -I/tmp/tm-dd/Build/Intermediates.noindex/tagmaster.build/Debug-iphonesimulator/tagmasterUITests.build/DerivedSources/arm64 -Xcc -I/tmp/tm-dd/Build/Intermediates.noindex/tagmaster.build/Debug-iphonesimulator/tagmasterUITests.build/DerivedSources -Xcc -DDEBUG\=1 -emit-objc-header -emit-objc-header-path /tmp/tm-dd/Build/Intermediates.noindex/tagmaster.build/Debug-iphonesimulator/tagmasterUITests.build/Objects-normal/arm64/tagmasterUITests-Swift.h -working-directory /Users/depoll/.local/share/pi-worktrees/20260907070801/fable-audit-ux-worktree-20260907/iOS/tagmaster -experimental-emit-module-separately -disable-cmo

Ld /tmp/tm-dd/Build/Products/Debug-iphonesimulator/tagmasterUITests-Runner.app/PlugIns/tagmasterUITests.xctest/tagmasterUITests normal (in target 'tagmasterUITests' from project 'tagmaster')
    cd /Users/depoll/.local/share/pi-worktrees/20260907070801/fable-audit-ux-worktree-20260907/iOS/tagmaster
    /Applications/Xcode.app/Contents/Developer/Toolchains/XcodeDefault.xctoolchain/usr/bin/clang -Xlinker -reproducible -target arm64-apple-ios17.0-simulator -bundle -isysroot /Applications/Xcode.app/Contents/Developer/Platforms/iPhoneSimulator.platform/Developer/SDKs/iPhoneSimulator26.5.sdk -O0 -L/tmp/tm-dd/Build/Intermediates.noindex/EagerLinkingTBDs/Debug-iphonesimulator -L/tmp/tm-dd/Build/Products/Debug-iphonesimulator -L/Applications/Xcode.app/Contents/Developer/Platforms/iPhoneSimulator.platform/Developer/usr/lib -F/tmp/tm-dd/Build/Intermediates.noindex/EagerLinkingTBDs/Debug-iphonesimulator -F/tmp/tm-dd/Build/Products/Debug-iphonesimulator -iframework /Applications/Xcode.app/Contents/Developer/Platforms/iPhoneSimulator.platform/Developer/Library/Frameworks -iframework /Applications/Xcode.app/Contents/Developer/Platforms/iPhoneSimulator.platform/Developer/SDKs/iPhoneSimulator26.5.sdk/Developer/Library/Frameworks -filelist /tmp/tm-dd/Build/Intermediates.noindex/tagmaster.build/Debug-iphonesimulator/tagmasterUITests.build/Objects-normal/arm64/tagmasterUITests.LinkFileList -Xlinker -rpath -Xlinker /usr/lib/swift -Xlinker -rpath -Xlinker @loader_path/Frameworks -Xlinker -dead_strip -Xlinker -object_path_lto -Xlinker /tmp/tm-dd/Build/Intermediates.noindex/tagmaster.build/Debug-iphonesimulator/tagmasterUITests.build/Objects-normal/arm64/tagmasterUITests_lto.o -rdynamic -Xlinker -no_deduplicate -Xlinker -objc_abi_version -Xlinker 2 -Xlinker -dependency_info -Xlinker /tmp/tm-dd/Build/Intermediates.noindex/tagmaster.build/Debug-iphonesimulator/tagmasterUITests.build/Objects-normal/arm64/tagmasterUITests_dependency_info.dat -fobjc-link-runtime -L/Applications/Xcode.app/Contents/Developer/Toolchains/XcodeDefault.xctoolchain/usr/lib/swift/iphonesimulator -L/usr/lib/swift -Xlinker -add_ast_path -Xlinker /tmp/tm-dd/Build/Intermediates.noindex/tagmaster.build/Debug-iphonesimulator/tagmasterUITests.build/Objects-normal/arm64/tagmasterUITests.swiftmodule @/tmp/tm-dd/Build/Intermediates.noindex/tagmaster.build/Debug-iphonesimulator/tagmasterUITests.build/Objects-normal/arm64/tagmasterUITests-linker-args.resp -Xlinker -needed_framework -Xlinker XCTest -framework XCTest -Xlinker -needed-lXCTestSwiftSupport -lXCTestSwiftSupport -Xlinker -sectcreate -Xlinker __TEXT -Xlinker __entitlements -Xlinker /tmp/tm-dd/Build/Intermediates.noindex/tagmaster.build/Debug-iphonesimulator/tagmasterUITests.build/tagmasterUITests.xctest-Simulated.xcent -Xlinker -sectcreate -Xlinker __TEXT -Xlinker __ents_der -Xlinker /tmp/tm-dd/Build/Intermediates.noindex/tagmaster.build/Debug-iphonesimulator/tagmasterUITests.build/tagmasterUITests.xctest-Simulated.xcent.der -framework Foundation -Xlinker -no_adhoc_codesign -o /tmp/tm-dd/Build/Products/Debug-iphonesimulator/tagmasterUITests-Runner.app/PlugIns/tagmasterUITests.xctest/tagmasterUITests

GenerateDSYMFile /tmp/tm-dd/Build/Products/Debug-iphonesimulator/tagmasterUITests-Runner.app/PlugIns/tagmasterUITests.xctest.dSYM /tmp/tm-dd/Build/Products/Debug-iphonesimulator/tagmasterUITests-Runner.app/PlugIns/tagmasterUITests.xctest/tagmasterUITests (in target 'tagmasterUITests' from project 'tagmaster')
    cd /Users/depoll/.local/share/pi-worktrees/20260907070801/fable-audit-ux-worktree-20260907/iOS/tagmaster
    /Applications/Xcode.app/Contents/Developer/Toolchains/XcodeDefault.xctoolchain/usr/bin/dsymutil /tmp/tm-dd/Build/Products/Debug-iphonesimulator/tagmasterUITests-Runner.app/PlugIns/tagmasterUITests.xctest/tagmasterUITests -o /tmp/tm-dd/Build/Products/Debug-iphonesimulator/tagmasterUITests-Runner.app/PlugIns/tagmasterUITests.xctest.dSYM

CopySwiftLibs /tmp/tm-dd/Build/Products/Debug-iphonesimulator/tagmasterUITests-Runner.app/PlugIns/tagmasterUITests.xctest (in target 'tagmasterUITests' from project 'tagmaster')
    cd /Users/depoll/.local/share/pi-worktrees/20260907070801/fable-audit-ux-worktree-20260907/iOS/tagmaster
    builtin-swiftStdLibTool --copy --verbose --sign - --scan-executable /tmp/tm-dd/Build/Products/Debug-iphonesimulator/tagmasterUITests-Runner.app/PlugIns/tagmasterUITests.xctest/tagmasterUITests --scan-folder /tmp/tm-dd/Build/Products/Debug-iphonesimulator/tagmasterUITests-Runner.app/PlugIns/tagmasterUITests.xctest/Frameworks --scan-folder /tmp/tm-dd/Build/Products/Debug-iphonesimulator/tagmasterUITests-Runner.app/PlugIns/tagmasterUITests.xctest/PlugIns --scan-folder /tmp/tm-dd/Build/Products/Debug-iphonesimulator/tagmasterUITests-Runner.app/PlugIns/tagmasterUITests.xctest/SystemExtensions --scan-folder /tmp/tm-dd/Build/Products/Debug-iphonesimulator/tagmasterUITests-Runner.app/PlugIns/tagmasterUITests.xctest/Extensions --scan-folder /Applications/Xcode.app/Contents/Developer/Platforms/iPhoneOS.platform/Developer/SDKs/iPhoneOS18.0.sdk/System/Library/Frameworks/Foundation.framework --platform iphonesimulator --toolchain /Applications/Xcode.app/Contents/Developer/Toolchains/XcodeDefault.xctoolchain --destination /tmp/tm-dd/Build/Products/Debug-iphonesimulator/tagmasterUITests-Runner.app/PlugIns/tagmasterUITests.xctest/Frameworks --strip-bitcode --scan-executable /Applications/Xcode.app/Contents/Developer/Platforms/iPhoneSimulator.platform/Developer/usr/lib/libXCTestSwiftSupport.dylib --strip-bitcode-tool /Applications/Xcode.app/Contents/Developer/Toolchains/XcodeDefault.xctoolchain/usr/bin/bitcode_strip --emit-dependency-info /tmp/tm-dd/Build/Intermediates.noindex/tagmaster.build/Debug-iphonesimulator/tagmasterUITests.build/SwiftStdLibToolInputDependencies.dep --filter-for-swift-os

ExtractAppIntentsMetadata (in target 'tagmasterUITests' from project 'tagmaster')
    cd /Users/depoll/.local/share/pi-worktrees/20260907070801/fable-audit-ux-worktree-20260907/iOS/tagmaster
    /Applications/Xcode.app/Contents/Developer/Toolchains/XcodeDefault.xctoolchain/usr/bin/appintentsmetadataprocessor --toolchain-dir /Applications/Xcode.app/Contents/Developer/Toolchains/XcodeDefault.xctoolchain --module-name tagmasterUITests --sdk-root /Applications/Xcode.app/Contents/Developer/Platforms/iPhoneSimulator.platform/Developer/SDKs/iPhoneSimulator26.5.sdk --xcode-version 17F113 --platform-family iOS --deployment-target 17.0 --bundle-identifier com.depollsoft.tagmasterUITests --output /tmp/tm-dd/Build/Products/Debug-iphonesimulator/tagmasterUITests-Runner.app/PlugIns/tagmasterUITests.xctest --target-triple arm64-apple-ios17.0-simulator --binary-file /tmp/tm-dd/Build/Products/Debug-iphonesimulator/tagmasterUITests-Runner.app/PlugIns/tagmasterUITests.xctest/tagmasterUITests --dependency-file /tmp/tm-dd/Build/Intermediates.noindex/tagmaster.build/Debug-iphonesimulator/tagmasterUITests.build/Objects-normal/arm64/tagmasterUITests_dependency_info.dat --stringsdata-file /tmp/tm-dd/Build/Intermediates.noindex/tagmaster.build/Debug-iphonesimulator/tagmasterUITests.build/Objects-normal/arm64/ExtractedAppShortcutsMetadata.stringsdata --source-file-list /tmp/tm-dd/Build/Intermediates.noindex/tagmaster.build/Debug-iphonesimulator/tagmasterUITests.build/Objects-normal/arm64/tagmasterUITests.SwiftFileList --metadata-file-list /tmp/tm-dd/Build/Intermediates.noindex/tagmaster.build/Debug-iphonesimulator/tagmasterUITests.build/tagmasterUITests.DependencyMetadataFileList --static-metadata-file-list /tmp/tm-dd/Build/Intermediates.noindex/tagmaster.build/Debug-iphonesimulator/tagmasterUITests.build/tagmasterUITests.DependencyStaticMetadataFileList --swift-const-vals-list /tmp/tm-dd/Build/Intermediates.noindex/tagmaster.build/Debug-iphonesimulator/tagmasterUITests.build/Objects-normal/arm64/tagmasterUITests.SwiftConstValuesFileList --compile-time-extraction --deployment-aware-processing --validate-assistant-intents --no-app-shortcuts-localization
2026-09-07 23:05:46.771 appintentsmetadataprocessor[45476:31733164] Starting appintentsmetadataprocessor export
2026-09-07 23:05:46.772 appintentsmetadataprocessor[45476:31733164] warning: Metadata extraction skipped. No AppIntents.framework dependency found.

CodeSign /tmp/tm-dd/Build/Products/Debug-iphonesimulator/tagmasterUITests-Runner.app/PlugIns/tagmasterUITests.xctest (in target 'tagmasterUITests' from project 'tagmaster')
    cd /Users/depoll/.local/share/pi-worktrees/20260907070801/fable-audit-ux-worktree-20260907/iOS/tagmaster
    
    Signing Identity:     "Sign to Run Locally"
    
    /usr/bin/codesign --force --sign - --timestamp\=none --generate-entitlement-der /tmp/tm-dd/Build/Products/Debug-iphonesimulator/tagmasterUITests-Runner.app/PlugIns/tagmasterUITests.xctest

CodeSign /tmp/tm-dd/Build/Products/Debug-iphonesimulator/tagmasterUITests-Runner.app (in target 'tagmasterUITests' from project 'tagmaster')
    cd /Users/depoll/.local/share/pi-worktrees/20260907070801/fable-audit-ux-worktree-20260907/iOS/tagmaster
    
    Signing Identity:     "Sign to Run Locally"
    
    /usr/bin/codesign --force --sign - --timestamp\=none --generate-entitlement-der /tmp/tm-dd/Build/Products/Debug-iphonesimulator/tagmasterUITests-Runner.app
/tmp/tm-dd/Build/Products/Debug-iphonesimulator/tagmasterUITests-Runner.app: replacing existing signature

warning: Traditional headermap style is no longer supported; please migrate to using separate headermaps and set 'ALWAYS_SEARCH_USER_PATHS' to NO. (in target 'tagmasterUITests' from project 'tagmaster')
warning: Traditional headermap style is no longer supported; please migrate to using separate headermaps and set 'ALWAYS_SEARCH_USER_PATHS' to NO. (in target 'tagmasterTests' from project 'tagmaster')
2026-09-07 23:05:48.908711-0700 tagmaster[45497:31733472] [UIKit App Config] `UIScene` lifecycle will soon be required. Failure to adopt will result in an assert in the future.
Test Suite 'All tests' started at 2026-09-07 23:05:49.015.
Test Suite 'tagmasterTests.xctest' started at 2026-09-07 23:05:49.015.
Test Suite 'DPHomeViewControllerExtensionTests' started at 2026-09-07 23:05:49.015.
Test Case '-[tagmasterTests.DPHomeViewControllerExtensionTests testNavigationItemsConfigured]' started.
2026-09-07 23:05:49.052331-0700 tagmaster[45497:31733472] [framework] CoreUI: CUIThemeStore: No theme registered with id=0
2026-09-07 23:05:49.052449-0700 tagmaster[45497:31733472] [framework] CoreUI: CUIThemeStore: No theme registered with id=0
Test Case '-[tagmasterTests.DPHomeViewControllerExtensionTests testNavigationItemsConfigured]' passed (0.051 seconds).
Test Case '-[tagmasterTests.DPHomeViewControllerExtensionTests testOnUserDataChangedReloadsTableView]' started.
Test Case '-[tagmasterTests.DPHomeViewControllerExtensionTests testOnUserDataChangedReloadsTableView]' passed (0.011 seconds).
Test Case '-[tagmasterTests.DPHomeViewControllerExtensionTests testOpenTagAlertHasCancelAndOpenActions]' started.
2026-09-07 23:05:49.090428-0700 tagmaster[45497:31733472] [Assert] Presenting view controller <UIAlertController: 0x106719200> from detached view controller <DPHomeViewController: 0x10671cf00> is not supported, and may result in incorrect safe area insets and a corrupt root presentation. Make sure <DPHomeViewController: 0x10671cf00> is in the view controller hierarchy before presenting from it. Will become a hard exception in a future release.
2026-09-07 23:05:49.178982-0700 tagmaster[45497:31733472] [LayoutConstraints] Changing the translatesAutoresizingMaskIntoConstraints property of a UICollectionViewCell that is managed by a UICollectionView is not supported, and will result in incorrect self-sizing. View: <_UIAlertControllerTextFieldViewCollectionCell: 0x114017000; frame = (0 0; 320 24); gestureRecognizers = <NSArray: 0x1141f94e0>; layer = <CALayer: 0x11431bd80>>
2026-09-07 23:05:49.326249-0700 tagmaster[45497:31733472] Unbalanced calls to begin/end appearance transitions for <UINavigationController: 0x106718000>.
2026-09-07 23:05:49.326422-0700 tagmaster[45497:31733472] Unbalanced calls to begin/end appearance transitions for <UINavigationController: 0x106718600>.
Test Case '-[tagmasterTests.DPHomeViewControllerExtensionTests testOpenTagAlertHasCancelAndOpenActions]' passed (0.337 seconds).
Test Case '-[tagmasterTests.DPHomeViewControllerExtensionTests testOpenTagAlertHasTextField]' started.
2026-09-07 23:05:49.437630-0700 tagmaster[45497:31733472] [Assert] Presenting view controller <UIAlertController: 0x106718600> from detached view controller <DPHomeViewController: 0x115c91900> is not supported, and may result in incorrect safe area insets and a corrupt root presentation. Make sure <DPHomeViewController: 0x115c91900> is in the view controller hierarchy before presenting from it. Will become a hard exception in a future release.
2026-09-07 23:05:49.482118-0700 tagmaster[45497:31733472] [LayoutConstraints] Changing the translatesAutoresizingMaskIntoConstraints property of a UICollectionViewCell that is managed by a UICollectionView is not supported, and will result in incorrect self-sizing. View: <_UIAlertControllerTextFieldViewCollectionCell: 0x10a681b00; frame = (0 0; 320 24); gestureRecognizers = <NSArray: 0x115fb0db0>; layer = <CALayer: 0x1180240f0>>
2026-09-07 23:05:49.488550-0700 tagmaster[45497:31733472] [RTILog] -[RTIInputSystemClient remoteTextInputSessionWithID:performInputOperation:]  perform input operation requires a valid sessionID. inputModality = Keyboard, inputOperation = <null selector>, customInfoType = UIEmojiSearchOperations
Test Case '-[tagmasterTests.DPHomeViewControllerExtensionTests testOpenTagAlertHasTextField]' passed (0.333 seconds).
Test Case '-[tagmasterTests.DPHomeViewControllerExtensionTests testOpenTagMethodExists]' started.
2026-09-07 23:05:49.765707-0700 tagmaster[45497:31733472] [RTILog] -[RTIInputSystemClient remoteTextInputSessionWithID:performInputOperation:]  perform input operation requires a valid sessionID. inputModality = Keyboard, inputOperation = <null selector>, customInfoType = UIEmojiSearchOperations
Test Case '-[tagmasterTests.DPHomeViewControllerExtensionTests testOpenTagMethodExists]' passed (0.024 seconds).
Test Case '-[tagmasterTests.DPHomeViewControllerExtensionTests testOpenTagPresentsAlertController]' started.
2026-09-07 23:05:49.801608-0700 tagmaster[45497:31733472] [Assert] Presenting view controller <UIAlertController: 0x10671a400> from detached view controller <DPHomeViewController: 0x115c92d00> is not supported, and may result in incorrect safe area insets and a corrupt root presentation. Make sure <DPHomeViewController: 0x115c92d00> is in the view controller hierarchy before presenting from it. Will become a hard exception in a future release.
2026-09-07 23:05:49.836106-0700 tagmaster[45497:31733472] [LayoutConstraints] Changing the translatesAutoresizingMaskIntoConstraints property of a UICollectionViewCell that is managed by a UICollectionView is not supported, and will result in incorrect self-sizing. View: <_UIAlertControllerTextFieldViewCollectionCell: 0x11816cf00; frame = (0 0; 320 24); gestureRecognizers = <NSArray: 0x115fb3a30>; layer = <CALayer: 0x118151ec0>>
2026-09-07 23:05:49.842932-0700 tagmaster[45497:31733472] [RTILog] -[RTIInputSystemClient remoteTextInputSessionWithID:performInputOperation:]  perform input operation requires a valid sessionID. inputModality = Keyboard, inputOperation = <null selector>, customInfoType = UIEmojiSearchOperations
2026-09-07 23:05:49.881416-0700 tagmaster[45497:31733472] Unbalanced calls to begin/end appearance transitions for <UINavigationController: 0x106718c00>.
Test Case '-[tagmasterTests.DPHomeViewControllerExtensionTests testOpenTagPresentsAlertController]' passed (0.347 seconds).
Test Case '-[tagmasterTests.DPHomeViewControllerExtensionTests testTextFieldAllowsDecimalDigits]' started.
2026-09-07 23:05:50.136726-0700 tagmaster[45497:31733472] [RTILog] -[RTIInputSystemClient remoteTextInputSessionWithID:performInputOperation:]  perform input operation requires a valid sessionID. inputModality = Keyboard, inputOperation = <null selector>, customInfoType = UIEmojiSearchOperations
Test Case '-[tagmasterTests.DPHomeViewControllerExtensionTests testTextFieldAllowsDecimalDigits]' passed (0.023 seconds).
Test Case '-[tagmasterTests.DPHomeViewControllerExtensionTests testTextFieldAllowsDeletion]' started.
2026-09-07 23:05:50.171572-0700 tagmaster[45497:31733472] [RTILog] -[RTIInputSystemClient remoteTextInputSessionWithID:performInputOperation:]  perform input operation requires a valid sessionID. inputModality = Keyboard, inputOperation = <null selector>, customInfoType = UIEmojiSearchOperations
Test Case '-[tagmasterTests.DPHomeViewControllerExtensionTests testTextFieldAllowsDeletion]' passed (0.034 seconds).
Test Case '-[tagmasterTests.DPHomeViewControllerExtensionTests testTextFieldRejectsNonDigits]' started.
2026-09-07 23:05:50.205306-0700 tagmaster[45497:31733472] [RTILog] -[RTIInputSystemClient remoteTextInputSessionWithID:performInputOperation:]  perform input operation requires a valid sessionID. inputModality = Keyboard, inputOperation = <null selector>, customInfoType = UIEmojiSearchOperations
Test Case '-[tagmasterTests.DPHomeViewControllerExtensionTests testTextFieldRejectsNonDigits]' passed (0.033 seconds).
Test Case '-[tagmasterTests.DPHomeViewControllerExtensionTests testTextFieldShouldReturnWithEmptyText]' started.
2026-09-07 23:05:50.238395-0700 tagmaster[45497:31733472] [RTILog] -[RTIInputSystemClient remoteTextInputSessionWithID:performInputOperation:]  perform input operation requires a valid sessionID. inputModality = Keyboard, inputOperation = <null selector>, customInfoType = UIEmojiSearchOperations
Test Case '-[tagmasterTests.DPHomeViewControllerExtensionTests testTextFieldShouldReturnWithEmptyText]' passed (0.033 seconds).
Test Case '-[tagmasterTests.DPHomeViewControllerExtensionTests testTextFieldShouldReturnWithInvalidNumber]' started.
2026-09-07 23:05:50.271638-0700 tagmaster[45497:31733472] [RTILog] -[RTIInputSystemClient remoteTextInputSessionWithID:performInputOperation:]  perform input operation requires a valid sessionID. inputModality = Keyboard, inputOperation = <null selector>, customInfoType = UIEmojiSearchOperations
Test Case '-[tagmasterTests.DPHomeViewControllerExtensionTests testTextFieldShouldReturnWithInvalidNumber]' passed (0.033 seconds).
Test Case '-[tagmasterTests.DPHomeViewControllerExtensionTests testTextFieldShouldReturnWithNilText]' started.
2026-09-07 23:05:50.304212-0700 tagmaster[45497:31733472] [RTILog] -[RTIInputSystemClient remoteTextInputSessionWithID:performInputOperation:]  perform input operation requires a valid sessionID. inputModality = Keyboard, inputOperation = <null selector>, customInfoType = UIEmojiSearchOperations
Test Case '-[tagmasterTests.DPHomeViewControllerExtensionTests testTextFieldShouldReturnWithNilText]' passed (0.032 seconds).
Test Case '-[tagmasterTests.DPHomeViewControllerExtensionTests testTextFieldShouldReturnWithValidNumber]' started.
2026-09-07 23:05:50.336885-0700 tagmaster[45497:31733472] [RTILog] -[RTIInputSystemClient remoteTextInputSessionWithID:performInputOperation:]  perform input operation requires a valid sessionID. inputModality = Keyboard, inputOperation = <null selector>, customInfoType = UIEmojiSearchOperations
Test Case '-[tagmasterTests.DPHomeViewControllerExtensionTests testTextFieldShouldReturnWithValidNumber]' passed (0.033 seconds).
Test Case '-[tagmasterTests.DPHomeViewControllerExtensionTests testViewDidLoadExtensionRegistersNotification]' started.
2026-09-07 23:05:50.369352-0700 tagmaster[45497:31733472] [RTILog] -[RTIInputSystemClient remoteTextInputSessionWithID:performInputOperation:]  perform input operation requires a valid sessionID. inputModality = Keyboard, inputOperation = <null selector>, customInfoType = UIEmojiSearchOperations
Test Case '-[tagmasterTests.DPHomeViewControllerExtensionTests testViewDidLoadExtensionRegistersNotification]' passed (0.031 seconds).
Test Suite 'DPHomeViewControllerExtensionTests' passed at 2026-09-07 23:05:50.375.
	 Executed 14 tests, with 0 failures (0 unexpected) in 1.356 (1.360) seconds
Test Suite 'DPRemoteLocationTests' started at 2026-09-07 23:05:50.376.
Test Case '-[DPRemoteLocationTests testCacheKeyIncludesSanitizedURLAndType]' started.
Test Case '-[DPRemoteLocationTests testCacheKeyIncludesSanitizedURLAndType]' passed (0.001 seconds).
Test Suite 'DPRemoteLocationTests' passed at 2026-09-07 23:05:50.377.
	 Executed 1 test, with 0 failures (0 unexpected) in 0.001 (0.001) seconds
Test Suite 'DPSearchViewControllerTests' started at 2026-09-07 23:05:50.377.
Test Case '-[DPSearchViewControllerTests testCollectionSegmentedControlHasCorrectItems]' started.
2026-09-07 23:05:50.413231-0700 tagmaster[45497:31733472] [RTILog] -[RTIInputSystemClient remoteTextInputSessionWithID:performInputOperation:]  perform input operation requires a valid sessionID. inputModality = Keyboard, inputOperation = <null selector>, customInfoType = UIEmojiSearchOperations
Test Case '-[DPSearchViewControllerTests testCollectionSegmentedControlHasCorrectItems]' passed (0.043 seconds).
Test Case '-[DPSearchViewControllerTests testDismissKeyboardResignsSearchBar]' started.
2026-09-07 23:05:50.451962-0700 tagmaster[45497:31733472] [RTILog] -[RTIInputSystemClient remoteTextInputSessionWithID:performInputOperation:]  perform input operation requires a valid sessionID. inputModality = Keyboard, inputOperation = <null selector>, customInfoType = UIEmojiSearchOperations
Test Case '-[DPSearchViewControllerTests testDismissKeyboardResignsSearchBar]' passed (0.038 seconds).
Test Case '-[DPSearchViewControllerTests testEmptySearchShowsPlaceholder]' started.
2026-09-07 23:05:50.491267-0700 tagmaster[45497:31733472] [RTILog] -[RTIInputSystemClient remoteTextInputSessionWithID:performInputOperation:]  perform input operation requires a valid sessionID. inputModality = Keyboard, inputOperation = <null selector>, customInfoType = UIEmojiSearchOperations
Test Case '-[DPSearchViewControllerTests testEmptySearchShowsPlaceholder]' passed (0.039 seconds).
Test Case '-[DPSearchViewControllerTests testLearningTracksSegmentedControlHasCorrectItems]' started.
2026-09-07 23:05:50.530897-0700 tagmaster[45497:31733472] [RTILog] -[RTIInputSystemClient remoteTextInputSessionWithID:performInputOperation:]  perform input operation requires a valid sessionID. inputModality = Keyboard, inputOperation = <null selector>, customInfoType = UIEmojiSearchOperations
Test Case '-[DPSearchViewControllerTests testLearningTracksSegmentedControlHasCorrectItems]' passed (0.039 seconds).
Test Case '-[DPSearchViewControllerTests testNavigationItemHasSearchButton]' started.
2026-09-07 23:05:50.573412-0700 tagmaster[45497:31733472] [RTILog] -[RTIInputSystemClient remoteTextInputSessionWithID:performInputOperation:]  perform input operation requires a valid sessionID. inputModality = Keyboard, inputOperation = <null selector>, customInfoType = UIEmojiSearchOperations
Test Case '-[DPSearchViewControllerTests testNavigationItemHasSearchButton]' passed (0.043 seconds).
Test Case '-[DPSearchViewControllerTests testNavigationTitleIsSearch]' started.
2026-09-07 23:05:50.612057-0700 tagmaster[45497:31733472] [RTILog] -[RTIInputSystemClient remoteTextInputSessionWithID:performInputOperation:]  perform input operation requires a valid sessionID. inputModality = Keyboard, inputOperation = <null selector>, customInfoType = UIEmojiSearchOperations
Test Case '-[DPSearchViewControllerTests testNavigationTitleIsSearch]' passed (0.038 seconds).
Test Case '-[DPSearchViewControllerTests testPartsAnyDoesNotSetFilter]' started.
2026-09-07 23:05:50.662565-0700 tagmaster[45497:31733472] [RTILog] -[RTIInputSystemClient remoteTextInputSessionWithID:performInputOperation:]  perform input operation requires a valid sessionID. inputModality = Keyboard, inputOperation = <null selector>, customInfoType = UIEmojiSearchOperations
Test Case '-[DPSearchViewControllerTests testPartsAnyDoesNotSetFilter]' passed (0.050 seconds).
Test Case '-[DPSearchViewControllerTests testPartsSegmentedControlHasCorrectItems]' started.
2026-09-07 23:05:50.696417-0700 tagmaster[45497:31733472] [RTILog] -[RTIInputSystemClient remoteTextInputSessionWithID:performInputOperation:]  perform input operation requires a valid sessionID. inputModality = Keyboard, inputOperation = <null selector>, customInfoType = UIEmojiSearchOperations
Test Case '-[DPSearchViewControllerTests testPartsSegmentedControlHasCorrectItems]' passed (0.034 seconds).
Test Case '-[DPSearchViewControllerTests testPartsSelectionCalculatesCorrectValue]' started.
2026-09-07 23:05:50.754658-0700 tagmaster[45497:31733472] [RTILog] -[RTIInputSystemClient remoteTextInputSessionWithID:performInputOperation:]  perform input operation requires a valid sessionID. inputModality = Keyboard, inputOperation = <null selector>, customInfoType = UIEmojiSearchOperations
Test Case '-[DPSearchViewControllerTests testPartsSelectionCalculatesCorrectValue]' passed (0.058 seconds).
Test Case '-[DPSearchViewControllerTests testSearchBarDelegateConformance]' started.
2026-09-07 23:05:50.789173-0700 tagmaster[45497:31733472] [RTILog] -[RTIInputSystemClient remoteTextInputSessionWithID:performInputOperation:]  perform input operation requires a valid sessionID. inputModality = Keyboard, inputOperation = <null selector>, customInfoType = UIEmojiSearchOperations
Test Case '-[DPSearchViewControllerTests testSearchBarDelegateConformance]' passed (0.036 seconds).
Test Case '-[DPSearchViewControllerTests testSearchBarHasCorrectPlaceholder]' started.
2026-09-07 23:05:50.828874-0700 tagmaster[45497:31733472] [RTILog] -[RTIInputSystemClient remoteTextInputSessionWithID:performInputOperation:]  perform input operation requires a valid sessionID. inputModality = Keyboard, inputOperation = <null selector>, customInfoType = UIEmojiSearchOperations
Test Case '-[DPSearchViewControllerTests testSearchBarHasCorrectPlaceholder]' passed (0.039 seconds).
Test Case '-[DPSearchViewControllerTests testSearchClearsOnEmpty]' started.
2026-09-07 23:05:50.868558-0700 tagmaster[45497:31733472] [RTILog] -[RTIInputSystemClient remoteTextInputSessionWithID:performInputOperation:]  perform input operation requires a valid sessionID. inputModality = Keyboard, inputOperation = <null selector>, customInfoType = UIEmojiSearchOperations
Test Case '-[DPSearchViewControllerTests testSearchClearsOnEmpty]' passed (0.040 seconds).
Test Case '-[DPSearchViewControllerTests testSearchQuerySendsRequest]' started.
2026-09-07 23:05:50.926695-0700 tagmaster[45497:31733472] [RTILog] -[RTIInputSystemClient remoteTextInputSessionWithID:performInputOperation:]  perform input operation requires a valid sessionID. inputModality = Keyboard, inputOperation = <null selector>, customInfoType = UIEmojiSearchOperations
Test Case '-[DPSearchViewControllerTests testSearchQuerySendsRequest]' passed (0.057 seconds).
Test Case '-[DPSearchViewControllerTests testSearchWithCollectionClassicSetsFilter]' started.
2026-09-07 23:05:50.974539-0700 tagmaster[45497:31733472] [RTILog] -[RTIInputSystemClient remoteTextInputSessionWithID:performInputOperation:]  perform input operation requires a valid sessionID. inputModality = Keyboard, inputOperation = <null selector>, customInfoType = UIEmojiSearchOperations
Test Case '-[DPSearchViewControllerTests testSearchWithCollectionClassicSetsFilter]' passed (0.047 seconds).
Test Case '-[DPSearchViewControllerTests testSearchWithCollectionEasySetsFilter]' started.
2026-09-07 23:05:51.019179-0700 tagmaster[45497:31733472] [RTILog] -[RTIInputSystemClient remoteTextInputSessionWithID:performInputOperation:]  perform input operation requires a valid sessionID. inputModality = Keyboard, inputOperation = <null selector>, customInfoType = UIEmojiSearchOperations
Test Case '-[DPSearchViewControllerTests testSearchWithCollectionEasySetsFilter]' passed (0.044 seconds).
Test Case '-[DPSearchViewControllerTests testSearchWithLearningTracksYesSetsFilter]' started.
2026-09-07 23:05:51.046418-0700 tagmaster[45497:31733472] [ObservationTracking] Observable object key path '\ScrollPocketCollectorModel.<computed 0x0000000185316ef4 (CompactableSet<ScrollPocketReceiverBox>)>' changed; performing invalidation for [updateProperties] of: <UIScrollView: 0x115d25400; frame = (0 0; 0 0); clipsToBounds = YES; gestureRecognizers = <NSArray: 0x115d1fe40>; layer = <CALayer: 0x115d1fab0>; contentOffset: {0, 0}; contentSize: {0, 0}; adjustedContentInset: {0, 3, 0, 3} topEdge=<style=automatic backgroundCapture=color<<UIDynamicSystemColor: 0x10679d6c0; name = systemBackgroundColor>>>>
2026-09-07 23:05:51.046718-0700 tagmaster[45497:31733472] [ObservationTracking] Observable object key path '\ScrollPocketCollectorModel.<computed 0x0000000185316ef4 (CompactableSet<ScrollPocketReceiverBox>)>' changed; performing invalidation for [updateProperties] of: <UIScrollView: 0x115d25400; frame = (0 0; 0 0); clipsToBounds = YES; gestureRecognizers = <NSArray: 0x115d1fe40>; layer = <CALayer: 0x115d1fab0>; contentOffset: {0, 0}; contentSize: {0, 0}; adjustedContentInset: {0, 3, 0, 3} topEdge=<style=automatic backgroundCapture=color<<UIDynamicSystemColor: 0x10679d6c0; name = systemBackgroundColor>>>>
2026-09-07 23:05:51.047116-0700 tagmaster[45497:31733472] [ObservationTracking] Observable object key path '\ScrollPocketCollectorModel.<computed 0x0000000185316ef4 (CompactableSet<ScrollPocketReceiverBox>)>' changed; performing invalidation for [updateProperties] of: <UIScrollView: 0x115d25400; frame = (0 0; 0 0); clipsToBounds = YES; gestureRecognizers = <NSArray: 0x115d1fe40>; layer = <CALayer: 0x115d1fab0>; contentOffset: {0, 0}; contentSize: {0, 0}; adjustedContentInset: {0, 3, 0, 3} topEdge=<style=automatic backgroundCapture=color<<UIDynamicSystemColor: 0x10679d6c0; name = systemBackgroundColor>>>>
2026-09-07 23:05:51.047368-0700 tagmaster[45497:31733472] [ObservationTracking] Observable object key path '\ScrollPocketCollectorModel.<computed 0x0000000185316ef4 (CompactableSet<ScrollPocketReceiverBox>)>' changed; performing invalidation for [updateProperties] of: <UIScrollView: 0x115d24a00; frame = (0 0; 0 0); clipsToBounds = YES; gestureRecognizers = <NSArray: 0x115d1e4c0>; layer = <CALayer: 0x115d1d800>; contentOffset: {0, 0}; contentSize: {0, 0}; adjustedContentInset: {0, 3, 0, 3} topEdge=<style=automatic backgroundCapture=color<<UIDynamicSystemColor: 0x10679d6c0; name = systemBackgroundColor>>>>
2026-09-07 23:05:51.047564-0700 tagmaster[45497:31733472] [ObservationTracking] Observable object key path '\ScrollPocketCollectorModel.<computed 0x0000000185316ef4 (CompactableSet<ScrollPocketReceiverBox>)>' changed; performing invalidation for [updateProperties] of: <UIScrollView: 0x115d24a00; frame = (0 0; 0 0); clipsToBounds = YES; gestureRecognizers = <NSArray: 0x115d1e4c0>; layer = <CALayer: 0x115d1d800>; contentOffset: {0, 0}; contentSize: {0, 0}; adjustedContentInset: {0, 3, 0, 3} topEdge=<style=automatic backgroundCapture=color<<UIDynamicSystemColor: 0x10679d6c0; name = systemBackgroundColor>>>>
2026-09-07 23:05:51.047776-0700 tagmaster[45497:31733472] [ObservationTracking] Observable object key path '\ScrollPocketCollectorModel.<computed 0x0000000185316ef4 (CompactableSet<ScrollPocketReceiverBox>)>' changed; performing invalidation for [updateProperties] of: <UIScrollView: 0x115d25400; frame = (0 0; 0 0); clipsToBounds = YES; gestureRecognizers = <NSArray: 0x115d1fe40>; layer = <CALayer: 0x115d1fab0>; contentOffset: {0, 0}; contentSize: {0, 0}; adjustedContentInset: {0, 3, 0, 3} topEdge=<style=automatic backgroundCapture=color<<UIDynamicSystemColor: 0x10679d6c0; name = systemBackgroundColor>>>>
2026-09-07 23:05:51.048059-0700 tagmaster[45497:31733472] [ObservationTracking] Observable object key path '\ScrollPocketCollectorModel.<computed 0x0000000185316ef4 (CompactableSet<ScrollPocketReceiverBox>)>' changed; performing invalidation for [updateProperties] of: <UIScrollView: 0x115d25400; frame = (0 0; 0 0); clipsToBounds = YES; gestureRecognizers = <NSArray: 0x115d1fe40>; layer = <CALayer: 0x115d1fab0>; contentOffset: {0, 0}; contentSize: {0, 0}; adjustedContentInset: {0, 3, 0, 3} topEdge=<style=automatic backgroundCapture=color<<UIDynamicSystemColor: 0x10679d6c0; name = systemBackgroundColor>>>>
2026-09-07 23:05:51.048283-0700 tagmaster[45497:31733472] [ObservationTracking] Observable object key path '\ScrollPocketCollectorModel.<computed 0x0000000185316ef4 (CompactableSet<ScrollPocketReceiverBox>)>' changed; performing invalidation for [updateProperties] of: <UIScrollView: 0x115d24000; frame = (0 0; 0 0); clipsToBounds = YES; gestureRecognizers = <NSArray: 0x115d1cab0>; layer = <CALayer: 0x115d1c720>; contentOffset: {0, 0}; contentSize: {0, 0}; adjustedContentInset: {0, 3, 0, 3} topEdge=<style=automatic backgroundCapture=color<<UIDynamicSystemColor: 0x10679d6c0; name = systemBackgroundColor>>>>
2026-09-07 23:05:51.048489-0700 tagmaster[45497:31733472] [ObservationTracking] Observable object key path '\ScrollPocketCollectorModel.<computed 0x0000000185316ef4 (CompactableSet<ScrollPocketReceiverBox>)>' changed; performing invalidation for [updateProperties] of: <UIScrollView: 0x115d24a00; frame = (0 0; 0 0); clipsToBounds = YES; gestureRecognizers = <NSArray: 0x115d1e4c0>; layer = <CALayer: 0x115d1d800>; contentOffset: {0, 0}; contentSize: {0, 0}; adjustedContentInset: {0, 3, 0, 3} topEdge=<style=automatic backgroundCapture=color<<UIDynamicSystemColor: 0x10679d6c0; name = systemBackgroundColor>>>>
2026-09-07 23:05:51.048695-0700 tagmaster[45497:31733472] [ObservationTracking] Observable object key path '\ScrollPocketCollectorModel.<computed 0x0000000185316ef4 (CompactableSet<ScrollPocketReceiverBox>)>' changed; performing invalidation for [updateProperties] of: <UIScrollView: 0x115d24a00; frame = (0 0; 0 0); clipsToBounds = YES; gestureRecognizers = <NSArray: 0x115d1e4c0>; layer = <CALayer: 0x115d1d800>; contentOffset: {0, 0}; contentSize: {0, 0}; adjustedContentInset: {0, 3, 0, 3} topEdge=<style=automatic backgroundCapture=color<<UIDynamicSystemColor: 0x10679d6c0; name = systemBackgroundColor>>>>
2026-09-07 23:05:51.048903-0700 tagmaster[45497:31733472] [ObservationTracking] Observable object key path '\ScrollPocketCollectorModel.<computed 0x0000000185316ef4 (CompactableSet<ScrollPocketReceiverBox>)>' changed; performing invalidation for [updateProperties] of: <UIScrollView: 0x115d24000; frame = (0 0; 0 0); clipsToBounds = YES; gestureRecognizers = <NSArray: 0x115d1cab0>; layer = <CALayer: 0x115d1c720>; contentOffset: {0, 0}; contentSize: {0, 0}; adjustedContentInset: {0, 3, 0, 3} topEdge=<style=automatic backgroundCapture=color<<UIDynamicSystemColor: 0x10679d6c0; name = systemBackgroundColor>>>>
2026-09-07 23:05:51.049108-0700 tagmaster[45497:31733472] [ObservationTracking] Observable object key path '\ScrollPocketCollectorModel.<computed 0x0000000185316ef4 (CompactableSet<ScrollPocketReceiverBox>)>' changed; performing invalidation for [updateProperties] of: <UIScrollView: 0x115d25400; frame = (0 0; 0 0); clipsToBounds = YES; gestureRecognizers = <NSArray: 0x115d1fe40>; layer = <CALayer: 0x115d1fab0>; contentOffset: {0, 0}; contentSize: {0, 0}; adjustedContentInset: {0, 3, 0, 3} topEdge=<style=automatic backgroundCapture=color<<UIDynamicSystemColor: 0x10679d6c0; name = systemBackgroundColor>>>>
2026-09-07 23:05:51.076080-0700 tagmaster[45497:31733472] [RTILog] -[RTIInputSystemClient remoteTextInputSessionWithID:performInputOperation:]  perform input operation requires a valid sessionID. inputModality = Keyboard, inputOperation = <null selector>, customInfoType = UIEmojiSearchOperations
Test Case '-[DPSearchViewControllerTests testSearchWithLearningTracksYesSetsFilter]' passed (0.057 seconds).
Test Case '-[DPSearchViewControllerTests testSearchWithPartsFilterSetsCorrectValue]' started.
2026-09-07 23:05:51.096411-0700 tagmaster[45497:31733472] [ObservationTracking] Observable object key path '\ScrollPocketCollectorModel.<computed 0x0000000185316ef4 (CompactableSet<ScrollPocketReceiverBox>)>' changed; performing invalidation for [updateProperties] of: <UIScrollView: 0x1090d2800; frame = (0 600; 0 0); gestureRecognizers = <NSArray: 0x1143d0510>; layer = <CALayer: 0x1143d00c0>; contentOffset: {0, 0}; contentSize: {0, 0}; adjustedContentInset: {0, 0, 0, 0} topEdge=<style=automatic backgroundCapture=color<<UIDynamicSystemColor: 0x10679d6c0; name = systemBackgroundColor>>>>
2026-09-07 23:05:51.096783-0700 tagmaster[45497:31733472] [ObservationTracking] Observable object key path '\ScrollPocketCollectorModel.<computed 0x0000000185316ef4 (CompactableSet<ScrollPocketReceiverBox>)>' changed; performing invalidation for [updateProperties] of: <UIScrollView: 0x1090d2800; frame = (0 600; 0 0); gestureRecognizers = <NSArray: 0x1143d0510>; layer = <CALayer: 0x1143d00c0>; contentOffset: {0, 0}; contentSize: {0, 0}; adjustedContentInset: {0, 0, 0, 0} topEdge=<style=automatic backgroundCapture=color<<UIDynamicSystemColor: 0x10679d6c0; name = systemBackgroundColor>>>>
2026-09-07 23:05:51.097032-0700 tagmaster[45497:31733472] [ObservationTracking] Observable object key path '\ScrollPocketCollectorModel.<computed 0x0000000185316ef4 (CompactableSet<ScrollPocketReceiverBox>)>' changed; performing invalidation for [updateProperties] of: <UIScrollView: 0x115d25400; frame = (0 0; 0 0); clipsToBounds = YES; gestureRecognizers = <NSArray: 0x115d1fe40>; layer = <CALayer: 0x115d1fab0>; contentOffset: {0, 0}; contentSize: {0, 0}; adjustedContentInset: {0, 3, 0, 3} topEdge=<style=automatic backgroundCapture=color<<UIDynamicSystemColor: 0x10679d6c0; name = systemBackgroundColor>>>>
2026-09-07 23:05:51.097254-0700 tagmaster[45497:31733472] [ObservationTracking] Observable object key path '\ScrollPocketCollectorModel.<computed 0x0000000185316ef4 (CompactableSet<ScrollPocketReceiverBox>)>' changed; performing invalidation for [updateProperties] of: <UIScrollView: 0x115d25400; frame = (0 0; 0 0); clipsToBounds = YES; gestureRecognizers = <NSArray: 0x115d1fe40>; layer = <CALayer: 0x115d1fab0>; contentOffset: {0, 0}; contentSize: {0, 0}; adjustedContentInset: {0, 3, 0, 3} topEdge=<style=automatic backgroundCapture=color<<UIDynamicSystemColor: 0x10679d6c0; name = systemBackgroundColor>>>>
2026-09-07 23:05:51.097806-0700 tagmaster[45497:31733472] [ObservationTracking] Observable object key path '\ScrollPocketCollectorModel.<computed 0x0000000185316ef4 (CompactableSet<ScrollPocketReceiverBox>)>' changed; performing invalidation for [updateProperties] of: <UIScrollView: 0x1090d2800; frame = (0 600; 0 0); gestureRecognizers = <NSArray: 0x1143d0510>; layer = <CALayer: 0x1143d00c0>; contentOffset: {0, 0}; contentSize: {0, 0}; adjustedContentInset: {0, 0, 0, 0} topEdge=<style=automatic backgroundCapture=color<<UIDynamicSystemColor: 0x10679d6c0; name = systemBackgroundColor>>>>
2026-09-07 23:05:51.098017-0700 tagmaster[45497:31733472] [ObservationTracking] Observable object key path '\ScrollPocketCollectorModel.<computed 0x0000000185316ef4 (CompactableSet<ScrollPocketReceiverBox>)>' changed; performing invalidation for [updateProperties] of: <UIScrollView: 0x115d24a00; frame = (0 0; 0 0); clipsToBounds = YES; gestureRecognizers = <NSArray: 0x115d1e4c0>; layer = <CALayer: 0x115d1d800>; contentOffset: {0, 0}; contentSize: {0, 0}; adjustedContentInset: {0, 3, 0, 3} topEdge=<style=automatic backgroundCapture=color<<UIDynamicSystemColor: 0x10679d6c0; name = systemBackgroundColor>>>>
2026-09-07 23:05:51.098223-0700 tagmaster[45497:31733472] [ObservationTracking] Observable object key path '\ScrollPocketCollectorModel.<computed 0x0000000185316ef4 (CompactableSet<ScrollPocketReceiverBox>)>' changed; performing invalidation for [updateProperties] of: <UIScrollView: 0x115d25400; frame = (0 0; 0 0); clipsToBounds = YES; gestureRecognizers = <NSArray: 0x115d1fe40>; layer = <CALayer: 0x115d1fab0>; contentOffset: {0, 0}; contentSize: {0, 0}; adjustedContentInset: {0, 3, 0, 3} topEdge=<style=automatic backgroundCapture=color<<UIDynamicSystemColor: 0x10679d6c0; name = systemBackgroundColor>>>>
2026-09-07 23:05:51.098428-0700 tagmaster[45497:31733472] [ObservationTracking] Observable object key path '\ScrollPocketCollectorModel.<computed 0x0000000185316ef4 (CompactableSet<ScrollPocketReceiverBox>)>' changed; performing invalidation for [updateProperties] of: <UIScrollView: 0x115d25400; frame = (0 0; 0 0); clipsToBounds = YES; gestureRecognizers = <NSArray: 0x115d1fe40>; layer = <CALayer: 0x115d1fab0>; contentOffset: {0, 0}; contentSize: {0, 0}; adjustedContentInset: {0, 3, 0, 3} topEdge=<style=automatic backgroundCapture=color<<UIDynamicSystemColor: 0x10679d6c0; name = systemBackgroundColor>>>>
2026-09-07 23:05:51.098655-0700 tagmaster[45497:31733472] [ObservationTracking] Observable object key path '\ScrollPocketCollectorModel.<computed 0x0000000185316ef4 (CompactableSet<ScrollPocketReceiverBox>)>' changed; performing invalidation for [updateProperties] of: <UIScrollView: 0x115d24a00; frame = (0 0; 0 0); clipsToBounds = YES; gestureRecognizers = <NSArray: 0x115d1e4c0>; layer = <CALayer: 0x115d1d800>; contentOffset: {0, 0}; contentSize: {0, 0}; adjustedContentInset: {0, 3, 0, 3} topEdge=<style=automatic backgroundCapture=color<<UIDynamicSystemColor: 0x10679d6c0; name = systemBackgroundColor>>>>
2026-09-07 23:05:51.098935-0700 tagmaster[45497:31733472] [ObservationTracking] Observable object key path '\ScrollPocketCollectorModel.<computed 0x0000000185316ef4 (CompactableSet<ScrollPocketReceiverBox>)>' changed; performing invalidation for [updateProperties] of: <UIScrollView: 0x115d24a00; frame = (0 0; 0 0); clipsToBounds = YES; gestureRecognizers = <NSArray: 0x115d1e4c0>; layer = <CALayer: 0x115d1d800>; contentOffset: {0, 0}; contentSize: {0, 0}; adjustedContentInset: {0, 3, 0, 3} topEdge=<style=automatic backgroundCapture=color<<UIDynamicSystemColor: 0x10679d6c0; name = systemBackgroundColor>>>>
2026-09-07 23:05:51.099148-0700 tagmaster[45497:31733472] [ObservationTracking] Observable object key path '\ScrollPocketCollectorModel.<computed 0x0000000185316ef4 (CompactableSet<ScrollPocketReceiverBox>)>' changed; performing invalidation for [updateProperties] of: <UIScrollView: 0x115d24000; frame = (0 0; 0 0); clipsToBounds = YES; gestureRecognizers = <NSArray: 0x115d1cab0>; layer = <CALayer: 0x115d1c720>; contentOffset: {0, 0}; contentSize: {0, 0}; adjustedContentInset: {0, 3, 0, 3} topEdge=<style=automatic backgroundCapture=color<<UIDynamicSystemColor: 0x10679d6c0; name = systemBackgroundColor>>>>
2026-09-07 23:05:51.099356-0700 tagmaster[45497:31733472] [ObservationTracking] Observable object key path '\ScrollPocketCollectorModel.<computed 0x0000000185316ef4 (CompactableSet<ScrollPocketReceiverBox>)>' changed; performing invalidation for [updateProperties] of: <UIScrollView: 0x115d25400; frame = (0 0; 0 0); clipsToBounds = YES; gestureRecognizers = <NSArray: 0x115d1fe40>; layer = <CALayer: 0x115d1fab0>; contentOffset: {0, 0}; contentSize: {0, 0}; adjustedContentInset: {0, 3, 0, 3} topEdge=<style=automatic backgroundCapture=color<<UIDynamicSystemColor: 0x10679d6c0; name = systemBackgroundColor>>>>
2026-09-07 23:05:51.099591-0700 tagmaster[45497:31733472] [ObservationTracking] Observable object key path '\ScrollPocketCollectorModel.<computed 0x0000000185316ef4 (CompactableSet<ScrollPocketReceiverBox>)>' changed; performing invalidation for [updateProperties] of: <UIScrollView: 0x115d25400; frame = (0 0; 0 0); clipsToBounds = YES; gestureRecognizers = <NSArray: 0x115d1fe40>; layer = <CALayer: 0x115d1fab0>; contentOffset: {0, 0}; contentSize: {0, 0}; adjustedContentInset: {0, 3, 0, 3} topEdge=<style=automatic backgroundCapture=color<<UIDynamicSystemColor: 0x10679d6c0; name = systemBackgroundColor>>>>
2026-09-07 23:05:51.099801-0700 tagmaster[45497:31733472] [ObservationTracking] Observable object key path '\ScrollPocketCollectorModel.<computed 0x0000000185316ef4 (CompactableSet<ScrollPocketReceiverBox>)>' changed; performing invalidation for [updateProperties] of: <UIScrollView: 0x115d24000; frame = (0 0; 0 0); clipsToBounds = YES; gestureRecognizers = <NSArray: 0x115d1cab0>; layer = <CALayer: 0x115d1c720>; contentOffset: {0, 0}; contentSize: {0, 0}; adjustedContentInset: {0, 3, 0, 3} topEdge=<style=automatic backgroundCapture=color<<UIDynamicSystemColor: 0x10679d6c0; name = systemBackgroundColor>>>>
2026-09-07 23:05:51.100004-0700 tagmaster[45497:31733472] [ObservationTracking] Observable object key path '\ScrollPocketCollectorModel.<computed 0x0000000185316ef4 (CompactableSet<ScrollPocketReceiverBox>)>' changed; performing invalidation for [updateProperties] of: <UIScrollView: 0x115d24a00; frame = (0 0; 0 0); clipsToBounds = YES; gestureRecognizers = <NSArray: 0x115d1e4c0>; layer = <CALayer: 0x115d1d800>; contentOffset: {0, 0}; contentSize: {0, 0}; adjustedContentInset: {0, 3, 0, 3} topEdge=<style=automatic backgroundCapture=color<<UIDynamicSystemColor: 0x10679d6c0; name = systemBackgroundColor>>>>
2026-09-07 23:05:51.126250-0700 tagmaster[45497:31733472] [RTILog] -[RTIInputSystemClient remoteTextInputSessionWithID:performInputOperation:]  perform input operation requires a valid sessionID. inputModality = Keyboard, inputOperation = <null selector>, customInfoType = UIEmojiSearchOperations
Test Case '-[DPSearchViewControllerTests testSearchWithPartsFilterSetsCorrectValue]' passed (0.050 seconds).
Test Case '-[DPSearchViewControllerTests testSearchWithSheetMusicNoSetsFilter]' started.
2026-09-07 23:05:51.145968-0700 tagmaster[45497:31733472] [ObservationTracking] Observable object key path '\ScrollPocketCollectorModel.<computed 0x0000000185316ef4 (CompactableSet<ScrollPocketReceiverBox>)>' changed; performing invalidation for [updateProperties] of: <UIScrollView: 0x1090d2800; frame = (0 600; 0 0); gestureRecognizers = <NSArray: 0x1143d0510>; layer = <CALayer: 0x1143d00c0>; contentOffset: {0, 0}; contentSize: {0, 0}; adjustedContentInset: {0, 0, 0, 0} topEdge=<style=automatic backgroundCapture=color<<UIDynamicSystemColor: 0x10679d6c0; name = systemBackgroundColor>>>>
2026-09-07 23:05:51.146403-0700 tagmaster[45497:31733472] [ObservationTracking] Observable object key path '\ScrollPocketCollectorModel.<computed 0x0000000185316ef4 (CompactableSet<ScrollPocketReceiverBox>)>' changed; performing invalidation for [updateProperties] of: <UIScrollView: 0x1090d2800; frame = (0 600; 0 0); gestureRecognizers = <NSArray: 0x1143d0510>; layer = <CALayer: 0x1143d00c0>; contentOffset: {0, 0}; contentSize: {0, 0}; adjustedContentInset: {0, 0, 0, 0} topEdge=<style=automatic backgroundCapture=color<<UIDynamicSystemColor: 0x10679d6c0; name = systemBackgroundColor>>>>
2026-09-07 23:05:51.146623-0700 tagmaster[45497:31733472] [ObservationTracking] Observable object key path '\ScrollPocketCollectorModel.<computed 0x0000000185316ef4 (CompactableSet<ScrollPocketReceiverBox>)>' changed; performing invalidation for [updateProperties] of: <UIScrollView: 0x115d25400; frame = (0 0; 0 0); clipsToBounds = YES; gestureRecognizers = <NSArray: 0x115d1fe40>; layer = <CALayer: 0x115d1fab0>; contentOffset: {0, 0}; contentSize: {0, 0}; adjustedContentInset: {0, 3, 0, 3} topEdge=<style=automatic backgroundCapture=color<<UIDynamicSystemColor: 0x10679d6c0; name = systemBackgroundColor>>>>
2026-09-07 23:05:51.146831-0700 tagmaster[45497:31733472] [ObservationTracking] Observable object key path '\ScrollPocketCollectorModel.<computed 0x0000000185316ef4 (CompactableSet<ScrollPocketReceiverBox>)>' changed; performing invalidation for [updateProperties] of: <UIScrollView: 0x115d25400; frame = (0 0; 0 0); clipsToBounds = YES; gestureRecognizers = <NSArray: 0x115d1fe40>; layer = <CALayer: 0x115d1fab0>; contentOffset: {0, 0}; contentSize: {0, 0}; adjustedContentInset: {0, 3, 0, 3} topEdge=<style=automatic backgroundCapture=color<<UIDynamicSystemColor: 0x10679d6c0; name = systemBackgroundColor>>>>
2026-09-07 23:05:51.147178-0700 tagmaster[45497:31733472] [ObservationTracking] Observable object key path '\ScrollPocketCollectorModel.<computed 0x0000000185316ef4 (CompactableSet<ScrollPocketReceiverBox>)>' changed; performing invalidation for [updateProperties] of: <UIScrollView: 0x115d24a00; frame = (0 0; 0 0); clipsToBounds = YES; gestureRecognizers = <NSArray: 0x115d1e4c0>; layer = <CALayer: 0x115d1d800>; contentOffset: {0, 0}; contentSize: {0, 0}; adjustedContentInset: {0, 3, 0, 3} topEdge=<style=automatic backgroundCapture=color<<UIDynamicSystemColor: 0x10679d6c0; name = systemBackgroundColor>>>>
2026-09-07 23:05:51.147416-0700 tagmaster[45497:31733472] [ObservationTracking] Observable object key path '\ScrollPocketCollectorModel.<computed 0x0000000185316ef4 (CompactableSet<ScrollPocketReceiverBox>)>' changed; performing invalidation for [updateProperties] of: <UIScrollView: 0x1090d2800; frame = (0 600; 0 0); gestureRecognizers = <NSArray: 0x1143d0510>; layer = <CALayer: 0x1143d00c0>; contentOffset: {0, 0}; contentSize: {0, 0}; adjustedContentInset: {0, 0, 0, 0} topEdge=<style=automatic backgroundCapture=color<<UIDynamicSystemColor: 0x10679d6c0; name = systemBackgroundColor>>>>
2026-09-07 23:05:51.147633-0700 tagmaster[45497:31733472] [ObservationTracking] Observable object key path '\ScrollPocketCollectorModel.<computed 0x0000000185316ef4 (CompactableSet<ScrollPocketReceiverBox>)>' changed; performing invalidation for [updateProperties] of: <UIScrollView: 0x115d25400; frame = (0 0; 0 0); clipsToBounds = YES; gestureRecognizers = <NSArray: 0x115d1fe40>; layer = <CALayer: 0x115d1fab0>; contentOffset: {0, 0}; contentSize: {0, 0}; adjustedContentInset: {0, 3, 0, 3} topEdge=<style=automatic backgroundCapture=color<<UIDynamicSystemColor: 0x10679d6c0; name = systemBackgroundColor>>>>
2026-09-07 23:05:51.147844-0700 tagmaster[45497:31733472] [ObservationTracking] Observable object key path '\ScrollPocketCollectorModel.<computed 0x0000000185316ef4 (CompactableSet<ScrollPocketReceiverBox>)>' changed; performing invalidation for [updateProperties] of: <UIScrollView: 0x115d24a00; frame = (0 0; 0 0); clipsToBounds = YES; gestureRecognizers = <NSArray: 0x115d1e4c0>; layer = <CALayer: 0x115d1d800>; contentOffset: {0, 0}; contentSize: {0, 0}; adjustedContentInset: {0, 3, 0, 3} topEdge=<style=automatic backgroundCapture=color<<UIDynamicSystemColor: 0x10679d6c0; name = systemBackgroundColor>>>>
2026-09-07 23:05:51.148048-0700 tagmaster[45497:31733472] [ObservationTracking] Observable object key path '\ScrollPocketCollectorModel.<computed 0x0000000185316ef4 (CompactableSet<ScrollPocketReceiverBox>)>' changed; performing invalidation for [updateProperties] of: <UIScrollView: 0x115d25400; frame = (0 0; 0 0); clipsToBounds = YES; gestureRecognizers = <NSArray: 0x115d1fe40>; layer = <CALayer: 0x115d1fab0>; contentOffset: {0, 0}; contentSize: {0, 0}; adjustedContentInset: {0, 3, 0, 3} topEdge=<style=automatic backgroundCapture=color<<UIDynamicSystemColor: 0x10679d6c0; name = systemBackgroundColor>>>>
2026-09-07 23:05:51.148335-0700 tagmaster[45497:31733472] [ObservationTracking] Observable object key path '\ScrollPocketCollectorModel.<computed 0x0000000185316ef4 (CompactableSet<ScrollPocketReceiverBox>)>' changed; performing invalidation for [updateProperties] of: <UIScrollView: 0x115d24a00; frame = (0 0; 0 0); clipsToBounds = YES; gestureRecognizers = <NSArray: 0x115d1e4c0>; layer = <CALayer: 0x115d1d800>; contentOffset: {0, 0}; contentSize: {0, 0}; adjustedContentInset: {0, 3, 0, 3} topEdge=<style=automatic backgroundCapture=color<<UIDynamicSystemColor: 0x10679d6c0; name = systemBackgroundColor>>>>
2026-09-07 23:05:51.148540-0700 tagmaster[45497:31733472] [ObservationTracking] Observable object key path '\ScrollPocketCollectorModel.<computed 0x0000000185316ef4 (CompactableSet<ScrollPocketReceiverBox>)>' changed; performing invalidation for [updateProperties] of: <UIScrollView: 0x115d25400; frame = (0 0; 0 0); clipsToBounds = YES; gestureRecognizers = <NSArray: 0x115d1fe40>; layer = <CALayer: 0x115d1fab0>; contentOffset: {0, 0}; contentSize: {0, 0}; adjustedContentInset: {0, 3, 0, 3} topEdge=<style=automatic backgroundCapture=color<<UIDynamicSystemColor: 0x10679d6c0; name = systemBackgroundColor>>>>
2026-09-07 23:05:51.148745-0700 tagmaster[45497:31733472] [ObservationTracking] Observable object key path '\ScrollPocketCollectorModel.<computed 0x0000000185316ef4 (CompactableSet<ScrollPocketReceiverBox>)>' changed; performing invalidation for [updateProperties] of: <UIScrollView: 0x115d24000; frame = (0 0; 0 0); clipsToBounds = YES; gestureRecognizers = <NSArray: 0x115d1cab0>; layer = <CALayer: 0x115d1c720>; contentOffset: {0, 0}; contentSize: {0, 0}; adjustedContentInset: {0, 3, 0, 3} topEdge=<style=automatic backgroundCapture=color<<UIDynamicSystemColor: 0x10679d6c0; name = systemBackgroundColor>>>>
2026-09-07 23:05:51.148951-0700 tagmaster[45497:31733472] [ObservationTracking] Observable object key path '\ScrollPocketCollectorModel.<computed 0x0000000185316ef4 (CompactableSet<ScrollPocketReceiverBox>)>' changed; performing invalidation for [updateProperties] of: <UIScrollView: 0x115d24000; frame = (0 0; 0 0); clipsToBounds = YES; gestureRecognizers = <NSArray: 0x115d1cab0>; layer = <CALayer: 0x115d1c720>; contentOffset: {0, 0}; contentSize: {0, 0}; adjustedContentInset: {0, 3, 0, 3} topEdge=<style=automatic backgroundCapture=color<<UIDynamicSystemColor: 0x10679d6c0; name = systemBackgroundColor>>>>
2026-09-07 23:05:51.149166-0700 tagmaster[45497:31733472] [ObservationTracking] Observable object key path '\ScrollPocketCollectorModel.<computed 0x0000000185316ef4 (CompactableSet<ScrollPocketReceiverBox>)>' changed; performing invalidation for [updateProperties] of: <UIScrollView: 0x115d24a00; frame = (0 0; 0 0); clipsToBounds = YES; gestureRecognizers = <NSArray: 0x115d1e4c0>; layer = <CALayer: 0x115d1d800>; contentOffset: {0, 0}; contentSize: {0, 0}; adjustedContentInset: {0, 3, 0, 3} topEdge=<style=automatic backgroundCapture=color<<UIDynamicSystemColor: 0x10679d6c0; name = systemBackgroundColor>>>>
2026-09-07 23:05:51.149409-0700 tagmaster[45497:31733472] [ObservationTracking] Observable object key path '\ScrollPocketCollectorModel.<computed 0x0000000185316ef4 (CompactableSet<ScrollPocketReceiverBox>)>' changed; performing invalidation for [updateProperties] of: <UIScrollView: 0x115d25400; frame = (0 0; 0 0); clipsToBounds = YES; gestureRecognizers = <NSArray: 0x115d1fe40>; layer = <CALayer: 0x115d1fab0>; contentOffset: {0, 0}; contentSize: {0, 0}; adjustedContentInset: {0, 3, 0, 3} topEdge=<style=automatic backgroundCapture=color<<UIDynamicSystemColor: 0x10679d6c0; name = systemBackgroundColor>>>>
2026-09-07 23:05:51.176199-0700 tagmaster[45497:31733472] [RTILog] -[RTIInputSystemClient remoteTextInputSessionWithID:performInputOperation:]  perform input operation requires a valid sessionID. inputModality = Keyboard, inputOperation = <null selector>, customInfoType = UIEmojiSearchOperations
Test Case '-[DPSearchViewControllerTests testSearchWithSheetMusicNoSetsFilter]' passed (0.050 seconds).
Test Case '-[DPSearchViewControllerTests testSearchWithSheetMusicYesSetsFilter]' started.
2026-09-07 23:05:51.195816-0700 tagmaster[45497:31733472] [ObservationTracking] Observable object key path '\ScrollPocketCollectorModel.<computed 0x0000000185316ef4 (CompactableSet<ScrollPocketReceiverBox>)>' changed; performing invalidation for [updateProperties] of: <UIScrollView: 0x1090d2800; frame = (0 600; 0 0); gestureRecognizers = <NSArray: 0x1143d0510>; layer = <CALayer: 0x1143d00c0>; contentOffset: {0, 0}; contentSize: {0, 0}; adjustedContentInset: {0, 0, 0, 0} topEdge=<style=automatic backgroundCapture=color<<UIDynamicSystemColor: 0x10679d6c0; name = systemBackgroundColor>>>>
2026-09-07 23:05:51.196165-0700 tagmaster[45497:31733472] [ObservationTracking] Observable object key path '\ScrollPocketCollectorModel.<computed 0x0000000185316ef4 (CompactableSet<ScrollPocketReceiverBox>)>' changed; performing invalidation for [updateProperties] of: <UIScrollView: 0x115d25400; frame = (0 0; 0 0); clipsToBounds = YES; gestureRecognizers = <NSArray: 0x115d1fe40>; layer = <CALayer: 0x115d1fab0>; contentOffset: {0, 0}; contentSize: {0, 0}; adjustedContentInset: {0, 3, 0, 3} topEdge=<style=automatic backgroundCapture=color<<UIDynamicSystemColor: 0x10679d6c0; name = systemBackgroundColor>>>>
2026-09-07 23:05:51.196374-0700 tagmaster[45497:31733472] [ObservationTracking] Observable object key path '\ScrollPocketCollectorModel.<computed 0x0000000185316ef4 (CompactableSet<ScrollPocketReceiverBox>)>' changed; performing invalidation for [updateProperties] of: <UIScrollView: 0x1090d2800; frame = (0 600; 0 0); gestureRecognizers = <NSArray: 0x1143d0510>; layer = <CALayer: 0x1143d00c0>; contentOffset: {0, 0}; contentSize: {0, 0}; adjustedContentInset: {0, 0, 0, 0} topEdge=<style=automatic backgroundCapture=color<<UIDynamicSystemColor: 0x10679d6c0; name = systemBackgroundColor>>>>
2026-09-07 23:05:51.196577-0700 tagmaster[45497:31733472] [ObservationTracking] Observable object key path '\ScrollPocketCollectorModel.<computed 0x0000000185316ef4 (CompactableSet<ScrollPocketReceiverBox>)>' changed; performing invalidation for [updateProperties] of: <UIScrollView: 0x115d25400; frame = (0 0; 0 0); clipsToBounds = YES; gestureRecognizers = <NSArray: 0x115d1fe40>; layer = <CALayer: 0x115d1fab0>; contentOffset: {0, 0}; contentSize: {0, 0}; adjustedContentInset: {0, 3, 0, 3} topEdge=<style=automatic backgroundCapture=color<<UIDynamicSystemColor: 0x10679d6c0; name = systemBackgroundColor>>>>
2026-09-07 23:05:51.197057-0700 tagmaster[45497:31733472] [ObservationTracking] Observable object key path '\ScrollPocketCollectorModel.<computed 0x0000000185316ef4 (CompactableSet<ScrollPocketReceiverBox>)>' changed; performing invalidation for [updateProperties] of: <UIScrollView: 0x115d25400; frame = (0 0; 0 0); clipsToBounds = YES; gestureRecognizers = <NSArray: 0x115d1fe40>; layer = <CALayer: 0x115d1fab0>; contentOffset: {0, 0}; contentSize: {0, 0}; adjustedContentInset: {0, 3, 0, 3} topEdge=<style=automatic backgroundCapture=color<<UIDynamicSystemColor: 0x10679d6c0; name = systemBackgroundColor>>>>
2026-09-07 23:05:51.197304-0700 tagmaster[45497:31733472] [ObservationTracking] Observable object key path '\ScrollPocketCollectorModel.<computed 0x0000000185316ef4 (CompactableSet<ScrollPocketReceiverBox>)>' changed; performing invalidation for [updateProperties] of: <UIScrollView: 0x115d24a00; frame = (0 0; 0 0); clipsToBounds = YES; gestureRecognizers = <NSArray: 0x115d1e4c0>; layer = <CALayer: 0x115d1d800>; contentOffset: {0, 0}; contentSize: {0, 0}; adjustedContentInset: {0, 3, 0, 3} topEdge=<style=automatic backgroundCapture=color<<UIDynamicSystemColor: 0x10679d6c0; name = systemBackgroundColor>>>>
2026-09-07 23:05:51.197517-0700 tagmaster[45497:31733472] [ObservationTracking] Observable object key path '\ScrollPocketCollectorModel.<computed 0x0000000185316ef4 (CompactableSet<ScrollPocketReceiverBox>)>' changed; performing invalidation for [updateProperties] of: <UIScrollView: 0x1090d2800; frame = (0 600; 0 0); gestureRecognizers = <NSArray: 0x1143d0510>; layer = <CALayer: 0x1143d00c0>; contentOffset: {0, 0}; contentSize: {0, 0}; adjustedContentInset: {0, 0, 0, 0} topEdge=<style=automatic backgroundCapture=color<<UIDynamicSystemColor: 0x10679d6c0; name = systemBackgroundColor>>>>
2026-09-07 23:05:51.197726-0700 tagmaster[45497:31733472] [ObservationTracking] Observable object key path '\ScrollPocketCollectorModel.<computed 0x0000000185316ef4 (CompactableSet<ScrollPocketReceiverBox>)>' changed; performing invalidation for [updateProperties] of: <UIScrollView: 0x115d25400; frame = (0 0; 0 0); clipsToBounds = YES; gestureRecognizers = <NSArray: 0x115d1fe40>; layer = <CALayer: 0x115d1fab0>; contentOffset: {0, 0}; contentSize: {0, 0}; adjustedContentInset: {0, 3, 0, 3} topEdge=<style=automatic backgroundCapture=color<<UIDynamicSystemColor: 0x10679d6c0; name = systemBackgroundColor>>>>
2026-09-07 23:05:51.197930-0700 tagmaster[45497:31733472] [ObservationTracking] Observable object key path '\ScrollPocketCollectorModel.<computed 0x0000000185316ef4 (CompactableSet<ScrollPocketReceiverBox>)>' changed; performing invalidation for [updateProperties] of: <UIScrollView: 0x115d24a00; frame = (0 0; 0 0); clipsToBounds = YES; gestureRecognizers = <NSArray: 0x115d1e4c0>; layer = <CALayer: 0x115d1d800>; contentOffset: {0, 0}; contentSize: {0, 0}; adjustedContentInset: {0, 3, 0, 3} topEdge=<style=automatic backgroundCapture=color<<UIDynamicSystemColor: 0x10679d6c0; name = systemBackgroundColor>>>>
2026-09-07 23:05:51.198238-0700 tagmaster[45497:31733472] [ObservationTracking] Observable object key path '\ScrollPocketCollectorModel.<computed 0x0000000185316ef4 (CompactableSet<ScrollPocketReceiverBox>)>' changed; performing invalidation for [updateProperties] of: <UIScrollView: 0x115d25400; frame = (0 0; 0 0); clipsToBounds = YES; gestureRecognizers = <NSArray: 0x115d1fe40>; layer = <CALayer: 0x115d1fab0>; contentOffset: {0, 0}; contentSize: {0, 0}; adjustedContentInset: {0, 3, 0, 3} topEdge=<style=automatic backgroundCapture=color<<UIDynamicSystemColor: 0x10679d6c0; name = systemBackgroundColor>>>>
2026-09-07 23:05:51.198447-0700 tagmaster[45497:31733472] [ObservationTracking] Observable object key path '\ScrollPocketCollectorModel.<computed 0x0000000185316ef4 (CompactableSet<ScrollPocketReceiverBox>)>' changed; performing invalidation for [updateProperties] of: <UIScrollView: 0x115d24a00; frame = (0 0; 0 0); clipsToBounds = YES; gestureRecognizers = <NSArray: 0x115d1e4c0>; layer = <CALayer: 0x115d1d800>; contentOffset: {0, 0}; contentSize: {0, 0}; adjustedContentInset: {0, 3, 0, 3} topEdge=<style=automatic backgroundCapture=color<<UIDynamicSystemColor: 0x10679d6c0; name = systemBackgroundColor>>>>
2026-09-07 23:05:51.198654-0700 tagmaster[45497:31733472] [ObservationTracking] Observable object key path '\ScrollPocketCollectorModel.<computed 0x0000000185316ef4 (CompactableSet<ScrollPocketReceiverBox>)>' changed; performing invalidation for [updateProperties] of: <UIScrollView: 0x115d24000; frame = (0 0; 0 0); clipsToBounds = YES; gestureRecognizers = <NSArray: 0x115d1cab0>; layer = <CALayer: 0x115d1c720>; contentOffset: {0, 0}; contentSize: {0, 0}; adjustedContentInset: {0, 3, 0, 3} topEdge=<style=automatic backgroundCapture=color<<UIDynamicSystemColor: 0x10679d6c0; name = systemBackgroundColor>>>>
2026-09-07 23:05:51.198880-0700 tagmaster[45497:31733472] [ObservationTracking] Observable object key path '\ScrollPocketCollectorModel.<computed 0x0000000185316ef4 (CompactableSet<ScrollPocketReceiverBox>)>' changed; performing invalidation for [updateProperties] of: <UIScrollView: 0x115d24000; frame = (0 0; 0 0); clipsToBounds = YES; gestureRecognizers = <NSArray: 0x115d1cab0>; layer = <CALayer: 0x115d1c720>; contentOffset: {0, 0}; contentSize: {0, 0}; adjustedContentInset: {0, 3, 0, 3} topEdge=<style=automatic backgroundCapture=color<<UIDynamicSystemColor: 0x10679d6c0; name = systemBackgroundColor>>>>
2026-09-07 23:05:51.199095-0700 tagmaster[45497:31733472] [ObservationTracking] Observable object key path '\ScrollPocketCollectorModel.<computed 0x0000000185316ef4 (CompactableSet<ScrollPocketReceiverBox>)>' changed; performing invalidation for [updateProperties] of: <UIScrollView: 0x115d25400; frame = (0 0; 0 0); clipsToBounds = YES; gestureRecognizers = <NSArray: 0x115d1fe40>; layer = <CALayer: 0x115d1fab0>; contentOffset: {0, 0}; contentSize: {0, 0}; adjustedContentInset: {0, 3, 0, 3} topEdge=<style=automatic backgroundCapture=color<<UIDynamicSystemColor: 0x10679d6c0; name = systemBackgroundColor>>>>
2026-09-07 23:05:51.199304-0700 tagmaster[45497:31733472] [ObservationTracking] Observable object key path '\ScrollPocketCollectorModel.<computed 0x0000000185316ef4 (CompactableSet<ScrollPocketReceiverBox>)>' changed; performing invalidation for [updateProperties] of: <UIScrollView: 0x115d24a00; frame = (0 0; 0 0); clipsToBounds = YES; gestureRecognizers = <NSArray: 0x115d1e4c0>; layer = <CALayer: 0x115d1d800>; contentOffset: {0, 0}; contentSize: {0, 0}; adjustedContentInset: {0, 3, 0, 3} topEdge=<style=automatic backgroundCapture=color<<UIDynamicSystemColor: 0x10679d6c0; name = systemBackgroundColor>>>>
2026-09-07 23:05:51.226079-0700 tagmaster[45497:31733472] [RTILog] -[RTIInputSystemClient remoteTextInputSessionWithID:performInputOperation:]  perform input operation requires a valid sessionID. inputModality = Keyboard, inputOperation = <null selector>, customInfoType = UIEmojiSearchOperations
Test Case '-[DPSearchViewControllerTests testSearchWithSheetMusicYesSetsFilter]' passed (0.049 seconds).
Test Case '-[DPSearchViewControllerTests testSearchWithSortByDownloadsSetsCorrectOption]' started.
2026-09-07 23:05:51.245377-0700 tagmaster[45497:31733472] [ObservationTracking] Observable object key path '\ScrollPocketCollectorModel.<computed 0x0000000185316ef4 (CompactableSet<ScrollPocketReceiverBox>)>' changed; performing invalidation for [updateProperties] of: <UIScrollView: 0x1090d2800; frame = (0 600; 0 0); gestureRecognizers = <NSArray: 0x1143d0510>; layer = <CALayer: 0x1143d00c0>; contentOffset: {0, 0}; contentSize: {0, 0}; adjustedContentInset: {0, 0, 0, 0} topEdge=<style=automatic backgroundCapture=color<<UIDynamicSystemColor: 0x10679d6c0; name = systemBackgroundColor>>>>
2026-09-07 23:05:51.245729-0700 tagmaster[45497:31733472] [ObservationTracking] Observable object key path '\ScrollPocketCollectorModel.<computed 0x0000000185316ef4 (CompactableSet<ScrollPocketReceiverBox>)>' changed; performing invalidation for [updateProperties] of: <UIScrollView: 0x1090d2800; frame = (0 600; 0 0); gestureRecognizers = <NSArray: 0x1143d0510>; layer = <CALayer: 0x1143d00c0>; contentOffset: {0, 0}; contentSize: {0, 0}; adjustedContentInset: {0, 0, 0, 0} topEdge=<style=automatic backgroundCapture=color<<UIDynamicSystemColor: 0x10679d6c0; name = systemBackgroundColor>>>>
2026-09-07 23:05:51.245939-0700 tagmaster[45497:31733472] [ObservationTracking] Observable object key path '\ScrollPocketCollectorModel.<computed 0x0000000185316ef4 (CompactableSet<ScrollPocketReceiverBox>)>' changed; performing invalidation for [updateProperties] of: <UIScrollView: 0x115d25400; frame = (0 0; 0 0); clipsToBounds = YES; gestureRecognizers = <NSArray: 0x115d1fe40>; layer = <CALayer: 0x115d1fab0>; contentOffset: {0, 0}; contentSize: {0, 0}; adjustedContentInset: {0, 3, 0, 3} topEdge=<style=automatic backgroundCapture=color<<UIDynamicSystemColor: 0x10679d6c0; name = systemBackgroundColor>>>>
2026-09-07 23:05:51.246146-0700 tagmaster[45497:31733472] [ObservationTracking] Observable object key path '\ScrollPocketCollectorModel.<computed 0x0000000185316ef4 (CompactableSet<ScrollPocketReceiverBox>)>' changed; performing invalidation for [updateProperties] of: <UIScrollView: 0x115d25400; frame = (0 0; 0 0); clipsToBounds = YES; gestureRecognizers = <NSArray: 0x115d1fe40>; layer = <CALayer: 0x115d1fab0>; contentOffset: {0, 0}; contentSize: {0, 0}; adjustedContentInset: {0, 3, 0, 3} topEdge=<style=automatic backgroundCapture=color<<UIDynamicSystemColor: 0x10679d6c0; name = systemBackgroundColor>>>>
2026-09-07 23:05:51.247071-0700 tagmaster[45497:31733472] [ObservationTracking] Observable object key path '\ScrollPocketCollectorModel.<computed 0x0000000185316ef4 (CompactableSet<ScrollPocketReceiverBox>)>' changed; performing invalidation for [updateProperties] of: <UIScrollView: 0x1090d2800; frame = (0 600; 0 0); gestureRecognizers = <NSArray: 0x1143d0510>; layer = <CALayer: 0x1143d00c0>; contentOffset: {0, 0}; contentSize: {0, 0}; adjustedContentInset: {0, 0, 0, 0} topEdge=<style=automatic backgroundCapture=color<<UIDynamicSystemColor: 0x10679d6c0; name = systemBackgroundColor>>>>
2026-09-07 23:05:51.247294-0700 tagmaster[45497:31733472] [ObservationTracking] Observable object key path '\ScrollPocketCollectorModel.<computed 0x0000000185316ef4 (CompactableSet<ScrollPocketReceiverBox>)>' changed; performing invalidation for [updateProperties] of: <UIScrollView: 0x115d25400; frame = (0 0; 0 0); clipsToBounds = YES; gestureRecognizers = <NSArray: 0x115d1fe40>; layer = <CALayer: 0x115d1fab0>; contentOffset: {0, 0}; contentSize: {0, 0}; adjustedContentInset: {0, 3, 0, 3} topEdge=<style=automatic backgroundCapture=color<<UIDynamicSystemColor: 0x10679d6c0; name = systemBackgroundColor>>>>
2026-09-07 23:05:51.247506-0700 tagmaster[45497:31733472] [ObservationTracking] Observable object key path '\ScrollPocketCollectorModel.<computed 0x0000000185316ef4 (CompactableSet<ScrollPocketReceiverBox>)>' changed; performing invalidation for [updateProperties] of: <UIScrollView: 0x115d24a00; frame = (0 0; 0 0); clipsToBounds = YES; gestureRecognizers = <NSArray: 0x115d1e4c0>; layer = <CALayer: 0x115d1d800>; contentOffset: {0, 0}; contentSize: {0, 0}; adjustedContentInset: {0, 3, 0, 3} topEdge=<style=automatic backgroundCapture=color<<UIDynamicSystemColor: 0x10679d6c0; name = systemBackgroundColor>>>>
2026-09-07 23:05:51.247723-0700 tagmaster[45497:31733472] [ObservationTracking] Observable object key path '\ScrollPocketCollectorModel.<computed 0x0000000185316ef4 (CompactableSet<ScrollPocketReceiverBox>)>' changed; performing invalidation for [updateProperties] of: <UIScrollView: 0x115d25400; frame = (0 0; 0 0); clipsToBounds = YES; gestureRecognizers = <NSArray: 0x115d1fe40>; layer = <CALayer: 0x115d1fab0>; contentOffset: {0, 0}; contentSize: {0, 0}; adjustedContentInset: {0, 3, 0, 3} topEdge=<style=automatic backgroundCapture=color<<UIDynamicSystemColor: 0x10679d6c0; name = systemBackgroundColor>>>>
2026-09-07 23:05:51.247959-0700 tagmaster[45497:31733472] [ObservationTracking] Observable object key path '\ScrollPocketCollectorModel.<computed 0x0000000185316ef4 (CompactableSet<ScrollPocketReceiverBox>)>' changed; performing invalidation for [updateProperties] of: <UIScrollView: 0x115d24a00; frame = (0 0; 0 0); clipsToBounds = YES; gestureRecognizers = <NSArray: 0x115d1e4c0>; layer = <CALayer: 0x115d1d800>; contentOffset: {0, 0}; contentSize: {0, 0}; adjustedContentInset: {0, 3, 0, 3} topEdge=<style=automatic backgroundCapture=color<<UIDynamicSystemColor: 0x10679d6c0; name = systemBackgroundColor>>>>
2026-09-07 23:05:51.248240-0700 tagmaster[45497:31733472] [ObservationTracking] Observable object key path '\ScrollPocketCollectorModel.<computed 0x0000000185316ef4 (CompactableSet<ScrollPocketReceiverBox>)>' changed; performing invalidation for [updateProperties] of: <UIScrollView: 0x115d24000; frame = (0 0; 0 0); clipsToBounds = YES; gestureRecognizers = <NSArray: 0x115d1cab0>; layer = <CALayer: 0x115d1c720>; contentOffset: {0, 0}; contentSize: {0, 0}; adjustedContentInset: {0, 3, 0, 3} topEdge=<style=automatic backgroundCapture=color<<UIDynamicSystemColor: 0x10679d6c0; name = systemBackgroundColor>>>>
2026-09-07 23:05:51.248449-0700 tagmaster[45497:31733472] [ObservationTracking] Observable object key path '\ScrollPocketCollectorModel.<computed 0x0000000185316ef4 (CompactableSet<ScrollPocketReceiverBox>)>' changed; performing invalidation for [updateProperties] of: <UIScrollView: 0x115d25400; frame = (0 0; 0 0); clipsToBounds = YES; gestureRecognizers = <NSArray: 0x115d1fe40>; layer = <CALayer: 0x115d1fab0>; contentOffset: {0, 0}; contentSize: {0, 0}; adjustedContentInset: {0, 3, 0, 3} topEdge=<style=automatic backgroundCapture=color<<UIDynamicSystemColor: 0x10679d6c0; name = systemBackgroundColor>>>>
2026-09-07 23:05:51.248654-0700 tagmaster[45497:31733472] [ObservationTracking] Observable object key path '\ScrollPocketCollectorModel.<computed 0x0000000185316ef4 (CompactableSet<ScrollPocketReceiverBox>)>' changed; performing invalidation for [updateProperties] of: <UIScrollView: 0x115d24a00; frame = (0 0; 0 0); clipsToBounds = YES; gestureRecognizers = <NSArray: 0x115d1e4c0>; layer = <CALayer: 0x115d1d800>; contentOffset: {0, 0}; contentSize: {0, 0}; adjustedContentInset: {0, 3, 0, 3} topEdge=<style=automatic backgroundCapture=color<<UIDynamicSystemColor: 0x10679d6c0; name = systemBackgroundColor>>>>
2026-09-07 23:05:51.248877-0700 tagmaster[45497:31733472] [ObservationTracking] Observable object key path '\ScrollPocketCollectorModel.<computed 0x0000000185316ef4 (CompactableSet<ScrollPocketReceiverBox>)>' changed; performing invalidation for [updateProperties] of: <UIScrollView: 0x115d25400; frame = (0 0; 0 0); clipsToBounds = YES; gestureRecognizers = <NSArray: 0x115d1fe40>; layer = <CALayer: 0x115d1fab0>; contentOffset: {0, 0}; contentSize: {0, 0}; adjustedContentInset: {0, 3, 0, 3} topEdge=<style=automatic backgroundCapture=color<<UIDynamicSystemColor: 0x10679d6c0; name = systemBackgroundColor>>>>
2026-09-07 23:05:51.249085-0700 tagmaster[45497:31733472] [ObservationTracking] Observable object key path '\ScrollPocketCollectorModel.<computed 0x0000000185316ef4 (CompactableSet<ScrollPocketReceiverBox>)>' changed; performing invalidation for [updateProperties] of: <UIScrollView: 0x115d24a00; frame = (0 0; 0 0); clipsToBounds = YES; gestureRecognizers = <NSArray: 0x115d1e4c0>; layer = <CALayer: 0x115d1d800>; contentOffset: {0, 0}; contentSize: {0, 0}; adjustedContentInset: {0, 3, 0, 3} topEdge=<style=automatic backgroundCapture=color<<UIDynamicSystemColor: 0x10679d6c0; name = systemBackgroundColor>>>>
2026-09-07 23:05:51.249288-0700 tagmaster[45497:31733472] [ObservationTracking] Observable object key path '\ScrollPocketCollectorModel.<computed 0x0000000185316ef4 (CompactableSet<ScrollPocketReceiverBox>)>' changed; performing invalidation for [updateProperties] of: <UIScrollView: 0x115d24000; frame = (0 0; 0 0); clipsToBounds = YES; gestureRecognizers = <NSArray: 0x115d1cab0>; layer = <CALayer: 0x115d1c720>; contentOffset: {0, 0}; contentSize: {0, 0}; adjustedContentInset: {0, 3, 0, 3} topEdge=<style=automatic backgroundCapture=color<<UIDynamicSystemColor: 0x10679d6c0; name = systemBackgroundColor>>>>
2026-09-07 23:05:51.276958-0700 tagmaster[45497:31733472] [RTILog] -[RTIInputSystemClient remoteTextInputSessionWithID:performInputOperation:]  perform input operation requires a valid sessionID. inputModality = Keyboard, inputOperation = <null selector>, customInfoType = UIEmojiSearchOperations
Test Case '-[DPSearchViewControllerTests testSearchWithSortByDownloadsSetsCorrectOption]' passed (0.050 seconds).
Test Case '-[DPSearchViewControllerTests testSearchWithSortByRatingSetsCorrectOption]' started.
2026-09-07 23:05:51.295917-0700 tagmaster[45497:31733472] [ObservationTracking] Observable object key path '\ScrollPocketCollectorModel.<computed 0x0000000185316ef4 (CompactableSet<ScrollPocketReceiverBox>)>' changed; performing invalidation for [updateProperties] of: <UIScrollView: 0x1090d2800; frame = (0 600; 0 0); gestureRecognizers = <NSArray: 0x1143d0510>; layer = <CALayer: 0x1143d00c0>; contentOffset: {0, 0}; contentSize: {0, 0}; adjustedContentInset: {0, 0, 0, 0} topEdge=<style=automatic backgroundCapture=color<<UIDynamicSystemColor: 0x10679d6c0; name = systemBackgroundColor>>>>
2026-09-07 23:05:51.296267-0700 tagmaster[45497:31733472] [ObservationTracking] Observable object key path '\ScrollPocketCollectorModel.<computed 0x0000000185316ef4 (CompactableSet<ScrollPocketReceiverBox>)>' changed; performing invalidation for [updateProperties] of: <UIScrollView: 0x115d25400; frame = (0 0; 0 0); clipsToBounds = YES; gestureRecognizers = <NSArray: 0x115d1fe40>; layer = <CALayer: 0x115d1fab0>; contentOffset: {0, 0}; contentSize: {0, 0}; adjustedContentInset: {0, 3, 0, 3} topEdge=<style=automatic backgroundCapture=color<<UIDynamicSystemColor: 0x10679d6c0; name = systemBackgroundColor>>>>
2026-09-07 23:05:51.296474-0700 tagmaster[45497:31733472] [ObservationTracking] Observable object key path '\ScrollPocketCollectorModel.<computed 0x0000000185316ef4 (CompactableSet<ScrollPocketReceiverBox>)>' changed; performing invalidation for [updateProperties] of: <UIScrollView: 0x1090d2800; frame = (0 600; 0 0); gestureRecognizers = <NSArray: 0x1143d0510>; layer = <CALayer: 0x1143d00c0>; contentOffset: {0, 0}; contentSize: {0, 0}; adjustedContentInset: {0, 0, 0, 0} topEdge=<style=automatic backgroundCapture=color<<UIDynamicSystemColor: 0x10679d6c0; name = systemBackgroundColor>>>>
2026-09-07 23:05:51.296678-0700 tagmaster[45497:31733472] [ObservationTracking] Observable object key path '\ScrollPocketCollectorModel.<computed 0x0000000185316ef4 (CompactableSet<ScrollPocketReceiverBox>)>' changed; performing invalidation for [updateProperties] of: <UIScrollView: 0x115d25400; frame = (0 0; 0 0); clipsToBounds = YES; gestureRecognizers = <NSArray: 0x115d1fe40>; layer = <CALayer: 0x115d1fab0>; contentOffset: {0, 0}; contentSize: {0, 0}; adjustedContentInset: {0, 3, 0, 3} topEdge=<style=automatic backgroundCapture=color<<UIDynamicSystemColor: 0x10679d6c0; name = systemBackgroundColor>>>>
2026-09-07 23:05:51.297380-0700 tagmaster[45497:31733472] [ObservationTracking] Observable object key path '\ScrollPocketCollectorModel.<computed 0x0000000185316ef4 (CompactableSet<ScrollPocketReceiverBox>)>' changed; performing invalidation for [updateProperties] of: <UIScrollView: 0x115d25400; frame = (0 0; 0 0); clipsToBounds = YES; gestureRecognizers = <NSArray: 0x115d1fe40>; layer = <CALayer: 0x115d1fab0>; contentOffset: {0, 0}; contentSize: {0, 0}; adjustedContentInset: {0, 3, 0, 3} topEdge=<style=automatic backgroundCapture=color<<UIDynamicSystemColor: 0x10679d6c0; name = systemBackgroundColor>>>>
2026-09-07 23:05:51.297588-0700 tagmaster[45497:31733472] [ObservationTracking] Observable object key path '\ScrollPocketCollectorModel.<computed 0x0000000185316ef4 (CompactableSet<ScrollPocketReceiverBox>)>' changed; performing invalidation for [updateProperties] of: <UIScrollView: 0x1090d2800; frame = (0 600; 0 0); gestureRecognizers = <NSArray: 0x1143d0510>; layer = <CALayer: 0x1143d00c0>; contentOffset: {0, 0}; contentSize: {0, 0}; adjustedContentInset: {0, 0, 0, 0} topEdge=<style=automatic backgroundCapture=color<<UIDynamicSystemColor: 0x10679d6c0; name = systemBackgroundColor>>>>
2026-09-07 23:05:51.297832-0700 tagmaster[45497:31733472] [ObservationTracking] Observable object key path '\ScrollPocketCollectorModel.<computed 0x0000000185316ef4 (CompactableSet<ScrollPocketReceiverBox>)>' changed; performing invalidation for [updateProperties] of: <UIScrollView: 0x115d24a00; frame = (0 0; 0 0); clipsToBounds = YES; gestureRecognizers = <NSArray: 0x115d1e4c0>; layer = <CALayer: 0x115d1d800>; contentOffset: {0, 0}; contentSize: {0, 0}; adjustedContentInset: {0, 3, 0, 3} topEdge=<style=automatic backgroundCapture=color<<UIDynamicSystemColor: 0x10679d6c0; name = systemBackgroundColor>>>>
2026-09-07 23:05:51.298046-0700 tagmaster[45497:31733472] [ObservationTracking] Observable object key path '\ScrollPocketCollectorModel.<computed 0x0000000185316ef4 (CompactableSet<ScrollPocketReceiverBox>)>' changed; performing invalidation for [updateProperties] of: <UIScrollView: 0x115d24a00; frame = (0 0; 0 0); clipsToBounds = YES; gestureRecognizers = <NSArray: 0x115d1e4c0>; layer = <CALayer: 0x115d1d800>; contentOffset: {0, 0}; contentSize: {0, 0}; adjustedContentInset: {0, 3, 0, 3} topEdge=<style=automatic backgroundCapture=color<<UIDynamicSystemColor: 0x10679d6c0; name = systemBackgroundColor>>>>
2026-09-07 23:05:51.298250-0700 tagmaster[45497:31733472] [ObservationTracking] Observable object key path '\ScrollPocketCollectorModel.<computed 0x0000000185316ef4 (CompactableSet<ScrollPocketReceiverBox>)>' changed; performing invalidation for [updateProperties] of: <UIScrollView: 0x115d25400; frame = (0 0; 0 0); clipsToBounds = YES; gestureRecognizers = <NSArray: 0x115d1fe40>; layer = <CALayer: 0x115d1fab0>; contentOffset: {0, 0}; contentSize: {0, 0}; adjustedContentInset: {0, 3, 0, 3} topEdge=<style=automatic backgroundCapture=color<<UIDynamicSystemColor: 0x10679d6c0; name = systemBackgroundColor>>>>
2026-09-07 23:05:51.298535-0700 tagmaster[45497:31733472] [ObservationTracking] Observable object key path '\ScrollPocketCollectorModel.<computed 0x0000000185316ef4 (CompactableSet<ScrollPocketReceiverBox>)>' changed; performing invalidation for [updateProperties] of: <UIScrollView: 0x115d25400; frame = (0 0; 0 0); clipsToBounds = YES; gestureRecognizers = <NSArray: 0x115d1fe40>; layer = <CALayer: 0x115d1fab0>; contentOffset: {0, 0}; contentSize: {0, 0}; adjustedContentInset: {0, 3, 0, 3} topEdge=<style=automatic backgroundCapture=color<<UIDynamicSystemColor: 0x10679d6c0; name = systemBackgroundColor>>>>
2026-09-07 23:05:51.298766-0700 tagmaster[45497:31733472] [ObservationTracking] Observable object key path '\ScrollPocketCollectorModel.<computed 0x0000000185316ef4 (CompactableSet<ScrollPocketReceiverBox>)>' changed; performing invalidation for [updateProperties] of: <UIScrollView: 0x115d24000; frame = (0 0; 0 0); clipsToBounds = YES; gestureRecognizers = <NSArray: 0x115d1cab0>; layer = <CALayer: 0x115d1c720>; contentOffset: {0, 0}; contentSize: {0, 0}; adjustedContentInset: {0, 3, 0, 3} topEdge=<style=automatic backgroundCapture=color<<UIDynamicSystemColor: 0x10679d6c0; name = systemBackgroundColor>>>>
2026-09-07 23:05:51.298976-0700 tagmaster[45497:31733472] [ObservationTracking] Observable object key path '\ScrollPocketCollectorModel.<computed 0x0000000185316ef4 (CompactableSet<ScrollPocketReceiverBox>)>' changed; performing invalidation for [updateProperties] of: <UIScrollView: 0x115d24a00; frame = (0 0; 0 0); clipsToBounds = YES; gestureRecognizers = <NSArray: 0x115d1e4c0>; layer = <CALayer: 0x115d1d800>; contentOffset: {0, 0}; contentSize: {0, 0}; adjustedContentInset: {0, 3, 0, 3} topEdge=<style=automatic backgroundCapture=color<<UIDynamicSystemColor: 0x10679d6c0; name = systemBackgroundColor>>>>
2026-09-07 23:05:51.299183-0700 tagmaster[45497:31733472] [ObservationTracking] Observable object key path '\ScrollPocketCollectorModel.<computed 0x0000000185316ef4 (CompactableSet<ScrollPocketReceiverBox>)>' changed; performing invalidation for [updateProperties] of: <UIScrollView: 0x115d24000; frame = (0 0; 0 0); clipsToBounds = YES; gestureRecognizers = <NSArray: 0x115d1cab0>; layer = <CALayer: 0x115d1c720>; contentOffset: {0, 0}; contentSize: {0, 0}; adjustedContentInset: {0, 3, 0, 3} topEdge=<style=automatic backgroundCapture=color<<UIDynamicSystemColor: 0x10679d6c0; name = systemBackgroundColor>>>>
2026-09-07 23:05:51.299398-0700 tagmaster[45497:31733472] [ObservationTracking] Observable object key path '\ScrollPocketCollectorModel.<computed 0x0000000185316ef4 (CompactableSet<ScrollPocketReceiverBox>)>' changed; performing invalidation for [updateProperties] of: <UIScrollView: 0x115d24a00; frame = (0 0; 0 0); clipsToBounds = YES; gestureRecognizers = <NSArray: 0x115d1e4c0>; layer = <CALayer: 0x115d1d800>; contentOffset: {0, 0}; contentSize: {0, 0}; adjustedContentInset: {0, 3, 0, 3} topEdge=<style=automatic backgroundCapture=color<<UIDynamicSystemColor: 0x10679d6c0; name = systemBackgroundColor>>>>
2026-09-07 23:05:51.299627-0700 tagmaster[45497:31733472] [ObservationTracking] Observable object key path '\ScrollPocketCollectorModel.<computed 0x0000000185316ef4 (CompactableSet<ScrollPocketReceiverBox>)>' changed; performing invalidation for [updateProperties] of: <UIScrollView: 0x115d25400; frame = (0 0; 0 0); clipsToBounds = YES; gestureRecognizers = <NSArray: 0x115d1fe40>; layer = <CALayer: 0x115d1fab0>; contentOffset: {0, 0}; contentSize: {0, 0}; adjustedContentInset: {0, 3, 0, 3} topEdge=<style=automatic backgroundCapture=color<<UIDynamicSystemColor: 0x10679d6c0; name = systemBackgroundColor>>>>
2026-09-07 23:05:51.327246-0700 tagmaster[45497:31733472] [RTILog] -[RTIInputSystemClient remoteTextInputSessionWithID:performInputOperation:]  perform input operation requires a valid sessionID. inputModality = Keyboard, inputOperation = <null selector>, customInfoType = UIEmojiSearchOperations
Test Case '-[DPSearchViewControllerTests testSearchWithSortByRatingSetsCorrectOption]' passed (0.050 seconds).
Test Case '-[DPSearchViewControllerTests testSearchWithSortByRecentSetsCorrectOption]' started.
2026-09-07 23:05:51.346700-0700 tagmaster[45497:31733472] [ObservationTracking] Observable object key path '\ScrollPocketCollectorModel.<computed 0x0000000185316ef4 (CompactableSet<ScrollPocketReceiverBox>)>' changed; performing invalidation for [updateProperties] of: <UIScrollView: 0x1090d2800; frame = (0 600; 0 0); gestureRecognizers = <NSArray: 0x1143d0510>; layer = <CALayer: 0x1143d00c0>; contentOffset: {0, 0}; contentSize: {0, 0}; adjustedContentInset: {0, 0, 0, 0} topEdge=<style=automatic backgroundCapture=color<<UIDynamicSystemColor: 0x10679d6c0; name = systemBackgroundColor>>>>
2026-09-07 23:05:51.347055-0700 tagmaster[45497:31733472] [ObservationTracking] Observable object key path '\ScrollPocketCollectorModel.<computed 0x0000000185316ef4 (CompactableSet<ScrollPocketReceiverBox>)>' changed; performing invalidation for [updateProperties] of: <UIScrollView: 0x115d25400; frame = (0 0; 0 0); clipsToBounds = YES; gestureRecognizers = <NSArray: 0x115d1fe40>; layer = <CALayer: 0x115d1fab0>; contentOffset: {0, 0}; contentSize: {0, 0}; adjustedContentInset: {0, 3, 0, 3} topEdge=<style=automatic backgroundCapture=color<<UIDynamicSystemColor: 0x10679d6c0; name = systemBackgroundColor>>>>
2026-09-07 23:05:51.347268-0700 tagmaster[45497:31733472] [ObservationTracking] Observable object key path '\ScrollPocketCollectorModel.<computed 0x0000000185316ef4 (CompactableSet<ScrollPocketReceiverBox>)>' changed; performing invalidation for [updateProperties] of: <UIScrollView: 0x1090d2800; frame = (0 600; 0 0); gestureRecognizers = <NSArray: 0x1143d0510>; layer = <CALayer: 0x1143d00c0>; contentOffset: {0, 0}; contentSize: {0, 0}; adjustedContentInset: {0, 0, 0, 0} topEdge=<style=automatic backgroundCapture=color<<UIDynamicSystemColor: 0x10679d6c0; name = systemBackgroundColor>>>>
2026-09-07 23:05:51.347474-0700 tagmaster[45497:31733472] [ObservationTracking] Observable object key path '\ScrollPocketCollectorModel.<computed 0x0000000185316ef4 (CompactableSet<ScrollPocketReceiverBox>)>' changed; performing invalidation for [updateProperties] of: <UIScrollView: 0x115d25400; frame = (0 0; 0 0); clipsToBounds = YES; gestureRecognizers = <NSArray: 0x115d1fe40>; layer = <CALayer: 0x115d1fab0>; contentOffset: {0, 0}; contentSize: {0, 0}; adjustedContentInset: {0, 3, 0, 3} topEdge=<style=automatic backgroundCapture=color<<UIDynamicSystemColor: 0x10679d6c0; name = systemBackgroundColor>>>>
2026-09-07 23:05:51.347814-0700 tagmaster[45497:31733472] [ObservationTracking] Observable object key path '\ScrollPocketCollectorModel.<computed 0x0000000185316ef4 (CompactableSet<ScrollPocketReceiverBox>)>' changed; performing invalidation for [updateProperties] of: <UIScrollView: 0x115d25400; frame = (0 0; 0 0); clipsToBounds = YES; gestureRecognizers = <NSArray: 0x115d1fe40>; layer = <CALayer: 0x115d1fab0>; contentOffset: {0, 0}; contentSize: {0, 0}; adjustedContentInset: {0, 3, 0, 3} topEdge=<style=automatic backgroundCapture=color<<UIDynamicSystemColor: 0x10679d6c0; name = systemBackgroundColor>>>>
2026-09-07 23:05:51.348029-0700 tagmaster[45497:31733472] [ObservationTracking] Observable object key path '\ScrollPocketCollectorModel.<computed 0x0000000185316ef4 (CompactableSet<ScrollPocketReceiverBox>)>' changed; performing invalidation for [updateProperties] of: <UIScrollView: 0x115d24a00; frame = (0 0; 0 0); clipsToBounds = YES; gestureRecognizers = <NSArray: 0x115d1e4c0>; layer = <CALayer: 0x115d1d800>; contentOffset: {0, 0}; contentSize: {0, 0}; adjustedContentInset: {0, 3, 0, 3} topEdge=<style=automatic backgroundCapture=color<<UIDynamicSystemColor: 0x10679d6c0; name = systemBackgroundColor>>>>
2026-09-07 23:05:51.348235-0700 tagmaster[45497:31733472] [ObservationTracking] Observable object key path '\ScrollPocketCollectorModel.<computed 0x0000000185316ef4 (CompactableSet<ScrollPocketReceiverBox>)>' changed; performing invalidation for [updateProperties] of: <UIScrollView: 0x1090d2800; frame = (0 600; 0 0); gestureRecognizers = <NSArray: 0x1143d0510>; layer = <CALayer: 0x1143d00c0>; contentOffset: {0, 0}; contentSize: {0, 0}; adjustedContentInset: {0, 0, 0, 0} topEdge=<style=automatic backgroundCapture=color<<UIDynamicSystemColor: 0x10679d6c0; name = systemBackgroundColor>>>>
2026-09-07 23:05:51.349076-0700 tagmaster[45497:31733472] [ObservationTracking] Observable object key path '\ScrollPocketCollectorModel.<computed 0x0000000185316ef4 (CompactableSet<ScrollPocketReceiverBox>)>' changed; performing invalidation for [updateProperties] of: <UIScrollView: 0x115d25400; frame = (0 0; 0 0); clipsToBounds = YES; gestureRecognizers = <NSArray: 0x115d1fe40>; layer = <CALayer: 0x115d1fab0>; contentOffset: {0, 0}; contentSize: {0, 0}; adjustedContentInset: {0, 3, 0, 3} topEdge=<style=automatic backgroundCapture=color<<UIDynamicSystemColor: 0x10679d6c0; name = systemBackgroundColor>>>>
2026-09-07 23:05:51.349315-0700 tagmaster[45497:31733472] [ObservationTracking] Observable object key path '\ScrollPocketCollectorModel.<computed 0x0000000185316ef4 (CompactableSet<ScrollPocketReceiverBox>)>' changed; performing invalidation for [updateProperties] of: <UIScrollView: 0x115d24a00; frame = (0 0; 0 0); clipsToBounds = YES; gestureRecognizers = <NSArray: 0x115d1e4c0>; layer = <CALayer: 0x115d1d800>; contentOffset: {0, 0}; contentSize: {0, 0}; adjustedContentInset: {0, 3, 0, 3} topEdge=<style=automatic backgroundCapture=color<<UIDynamicSystemColor: 0x10679d6c0; name = systemBackgroundColor>>>>
2026-09-07 23:05:51.349741-0700 tagmaster[45497:31733472] [ObservationTracking] Observable object key path '\ScrollPocketCollectorModel.<computed 0x0000000185316ef4 (CompactableSet<ScrollPocketReceiverBox>)>' changed; performing invalidation for [updateProperties] of: <UIScrollView: 0x115d25400; frame = (0 0; 0 0); clipsToBounds = YES; gestureRecognizers = <NSArray: 0x115d1fe40>; layer = <CALayer: 0x115d1fab0>; contentOffset: {0, 0}; contentSize: {0, 0}; adjustedContentInset: {0, 3, 0, 3} topEdge=<style=automatic backgroundCapture=color<<UIDynamicSystemColor: 0x10679d6c0; name = systemBackgroundColor>>>>
2026-09-07 23:05:51.349990-0700 tagmaster[45497:31733472] [ObservationTracking] Observable object key path '\ScrollPocketCollectorModel.<computed 0x0000000185316ef4 (CompactableSet<ScrollPocketReceiverBox>)>' changed; performing invalidation for [updateProperties] of: <UIScrollView: 0x115d24a00; frame = (0 0; 0 0); clipsToBounds = YES; gestureRecognizers = <NSArray: 0x115d1e4c0>; layer = <CALayer: 0x115d1d800>; contentOffset: {0, 0}; contentSize: {0, 0}; adjustedContentInset: {0, 3, 0, 3} topEdge=<style=automatic backgroundCapture=color<<UIDynamicSystemColor: 0x10679d6c0; name = systemBackgroundColor>>>>
2026-09-07 23:05:51.350208-0700 tagmaster[45497:31733472] [ObservationTracking] Observable object key path '\ScrollPocketCollectorModel.<computed 0x0000000185316ef4 (CompactableSet<ScrollPocketReceiverBox>)>' changed; performing invalidation for [updateProperties] of: <UIScrollView: 0x115d24000; frame = (0 0; 0 0); clipsToBounds = YES; gestureRecognizers = <NSArray: 0x115d1cab0>; layer = <CALayer: 0x115d1c720>; contentOffset: {0, 0}; contentSize: {0, 0}; adjustedContentInset: {0, 3, 0, 3} topEdge=<style=automatic backgroundCapture=color<<UIDynamicSystemColor: 0x10679d6c0; name = systemBackgroundColor>>>>
2026-09-07 23:05:51.350461-0700 tagmaster[45497:31733472] [ObservationTracking] Observable object key path '\ScrollPocketCollectorModel.<computed 0x0000000185316ef4 (CompactableSet<ScrollPocketReceiverBox>)>' changed; performing invalidation for [updateProperties] of: <UIScrollView: 0x115d24000; frame = (0 0; 0 0); clipsToBounds = YES; gestureRecognizers = <NSArray: 0x115d1cab0>; layer = <CALayer: 0x115d1c720>; contentOffset: {0, 0}; contentSize: {0, 0}; adjustedContentInset: {0, 3, 0, 3} topEdge=<style=automatic backgroundCapture=color<<UIDynamicSystemColor: 0x10679d6c0; name = systemBackgroundColor>>>>
2026-09-07 23:05:51.350672-0700 tagmaster[45497:31733472] [ObservationTracking] Observable object key path '\ScrollPocketCollectorModel.<computed 0x0000000185316ef4 (CompactableSet<ScrollPocketReceiverBox>)>' changed; performing invalidation for [updateProperties] of: <UIScrollView: 0x115d25400; frame = (0 0; 0 0); clipsToBounds = YES; gestureRecognizers = <NSArray: 0x115d1fe40>; layer = <CALayer: 0x115d1fab0>; contentOffset: {0, 0}; contentSize: {0, 0}; adjustedContentInset: {0, 3, 0, 3} topEdge=<style=automatic backgroundCapture=color<<UIDynamicSystemColor: 0x10679d6c0; name = systemBackgroundColor>>>>
2026-09-07 23:05:51.350879-0700 tagmaster[45497:31733472] [ObservationTracking] Observable object key path '\ScrollPocketCollectorModel.<computed 0x0000000185316ef4 (CompactableSet<ScrollPocketReceiverBox>)>' changed; performing invalidation for [updateProperties] of: <UIScrollView: 0x115d24a00; frame = (0 0; 0 0); clipsToBounds = YES; gestureRecognizers = <NSArray: 0x115d1e4c0>; layer = <CALayer: 0x115d1d800>; contentOffset: {0, 0}; contentSize: {0, 0}; adjustedContentInset: {0, 3, 0, 3} topEdge=<style=automatic backgroundCapture=color<<UIDynamicSystemColor: 0x10679d6c0; name = systemBackgroundColor>>>>
2026-09-07 23:05:51.379196-0700 tagmaster[45497:31733472] [RTILog] -[RTIInputSystemClient remoteTextInputSessionWithID:performInputOperation:]  perform input operation requires a valid sessionID. inputModality = Keyboard, inputOperation = <null selector>, customInfoType = UIEmojiSearchOperations
Test Case '-[DPSearchViewControllerTests testSearchWithSortByRecentSetsCorrectOption]' passed (0.052 seconds).
Test Case '-[DPSearchViewControllerTests testSearchWithSortByTitleSetsCorrectOption]' started.
2026-09-07 23:05:51.398630-0700 tagmaster[45497:31733472] [ObservationTracking] Observable object key path '\ScrollPocketCollectorModel.<computed 0x0000000185316ef4 (CompactableSet<ScrollPocketReceiverBox>)>' changed; performing invalidation for [updateProperties] of: <UIScrollView: 0x1090d2800; frame = (0 600; 0 0); gestureRecognizers = <NSArray: 0x1143d0510>; layer = <CALayer: 0x1143d00c0>; contentOffset: {0, 0}; contentSize: {0, 0}; adjustedContentInset: {0, 0, 0, 0} topEdge=<style=automatic backgroundCapture=color<<UIDynamicSystemColor: 0x10679d6c0; name = systemBackgroundColor>>>>
2026-09-07 23:05:51.398995-0700 tagmaster[45497:31733472] [ObservationTracking] Observable object key path '\ScrollPocketCollectorModel.<computed 0x0000000185316ef4 (CompactableSet<ScrollPocketReceiverBox>)>' changed; performing invalidation for [updateProperties] of: <UIScrollView: 0x1090d2800; frame = (0 600; 0 0); gestureRecognizers = <NSArray: 0x1143d0510>; layer = <CALayer: 0x1143d00c0>; contentOffset: {0, 0}; contentSize: {0, 0}; adjustedContentInset: {0, 0, 0, 0} topEdge=<style=automatic backgroundCapture=color<<UIDynamicSystemColor: 0x10679d6c0; name = systemBackgroundColor>>>>
2026-09-07 23:05:51.399212-0700 tagmaster[45497:31733472] [ObservationTracking] Observable object key path '\ScrollPocketCollectorModel.<computed 0x0000000185316ef4 (CompactableSet<ScrollPocketReceiverBox>)>' changed; performing invalidation for [updateProperties] of: <UIScrollView: 0x115d25400; frame = (0 0; 0 0); clipsToBounds = YES; gestureRecognizers = <NSArray: 0x115d1fe40>; layer = <CALayer: 0x115d1fab0>; contentOffset: {0, 0}; contentSize: {0, 0}; adjustedContentInset: {0, 3, 0, 3} topEdge=<style=automatic backgroundCapture=color<<UIDynamicSystemColor: 0x10679d6c0; name = systemBackgroundColor>>>>
2026-09-07 23:05:51.399424-0700 tagmaster[45497:31733472] [ObservationTracking] Observable object key path '\ScrollPocketCollectorModel.<computed 0x0000000185316ef4 (CompactableSet<ScrollPocketReceiverBox>)>' changed; performing invalidation for [updateProperties] of: <UIScrollView: 0x115d25400; frame = (0 0; 0 0); clipsToBounds = YES; gestureRecognizers = <NSArray: 0x115d1fe40>; layer = <CALayer: 0x115d1fab0>; contentOffset: {0, 0}; contentSize: {0, 0}; adjustedContentInset: {0, 3, 0, 3} topEdge=<style=automatic backgroundCapture=color<<UIDynamicSystemColor: 0x10679d6c0; name = systemBackgroundColor>>>>
2026-09-07 23:05:51.399703-0700 tagmaster[45497:31733472] [ObservationTracking] Observable object key path '\ScrollPocketCollectorModel.<computed 0x0000000185316ef4 (CompactableSet<ScrollPocketReceiverBox>)>' changed; performing invalidation for [updateProperties] of: <UIScrollView: 0x1090d2800; frame = (0 600; 0 0); gestureRecognizers = <NSArray: 0x1143d0510>; layer = <CALayer: 0x1143d00c0>; contentOffset: {0, 0}; contentSize: {0, 0}; adjustedContentInset: {0, 0, 0, 0} topEdge=<style=automatic backgroundCapture=color<<UIDynamicSystemColor: 0x10679d6c0; name = systemBackgroundColor>>>>
2026-09-07 23:05:51.400074-0700 tagmaster[45497:31733472] [ObservationTracking] Observable object key path '\ScrollPocketCollectorModel.<computed 0x0000000185316ef4 (CompactableSet<ScrollPocketReceiverBox>)>' changed; performing invalidation for [updateProperties] of: <UIScrollView: 0x115d25400; frame = (0 0; 0 0); clipsToBounds = YES; gestureRecognizers = <NSArray: 0x115d1fe40>; layer = <CALayer: 0x115d1fab0>; contentOffset: {0, 0}; contentSize: {0, 0}; adjustedContentInset: {0, 3, 0, 3} topEdge=<style=automatic backgroundCapture=color<<UIDynamicSystemColor: 0x10679d6c0; name = systemBackgroundColor>>>>
2026-09-07 23:05:51.400322-0700 tagmaster[45497:31733472] [ObservationTracking] Observable object key path '\ScrollPocketCollectorModel.<computed 0x0000000185316ef4 (CompactableSet<ScrollPocketReceiverBox>)>' changed; performing invalidation for [updateProperties] of: <UIScrollView: 0x115d24a00; frame = (0 0; 0 0); clipsToBounds = YES; gestureRecognizers = <NSArray: 0x115d1e4c0>; layer = <CALayer: 0x115d1d800>; contentOffset: {0, 0}; contentSize: {0, 0}; adjustedContentInset: {0, 3, 0, 3} topEdge=<style=automatic backgroundCapture=color<<UIDynamicSystemColor: 0x10679d6c0; name = systemBackgroundColor>>>>
2026-09-07 23:05:51.400542-0700 tagmaster[45497:31733472] [ObservationTracking] Observable object key path '\ScrollPocketCollectorModel.<computed 0x0000000185316ef4 (CompactableSet<ScrollPocketReceiverBox>)>' changed; performing invalidation for [updateProperties] of: <UIScrollView: 0x115d25400; frame = (0 0; 0 0); clipsToBounds = YES; gestureRecognizers = <NSArray: 0x115d1fe40>; layer = <CALayer: 0x115d1fab0>; contentOffset: {0, 0}; contentSize: {0, 0}; adjustedContentInset: {0, 3, 0, 3} topEdge=<style=automatic backgroundCapture=color<<UIDynamicSystemColor: 0x10679d6c0; name = systemBackgroundColor>>>>
2026-09-07 23:05:51.400751-0700 tagmaster[45497:31733472] [ObservationTracking] Observable object key path '\ScrollPocketCollectorModel.<computed 0x0000000185316ef4 (CompactableSet<ScrollPocketReceiverBox>)>' changed; performing invalidation for [updateProperties] of: <UIScrollView: 0x115d24a00; frame = (0 0; 0 0); clipsToBounds = YES; gestureRecognizers = <NSArray: 0x115d1e4c0>; layer = <CALayer: 0x115d1d800>; contentOffset: {0, 0}; contentSize: {0, 0}; adjustedContentInset: {0, 3, 0, 3} topEdge=<style=automatic backgroundCapture=color<<UIDynamicSystemColor: 0x10679d6c0; name = systemBackgroundColor>>>>
2026-09-07 23:05:51.401038-0700 tagmaster[45497:31733472] [ObservationTracking] Observable object key path '\ScrollPocketCollectorModel.<computed 0x0000000185316ef4 (CompactableSet<ScrollPocketReceiverBox>)>' changed; performing invalidation for [updateProperties] of: <UIScrollView: 0x115d24000; frame = (0 0; 0 0); clipsToBounds = YES; gestureRecognizers = <NSArray: 0x115d1cab0>; layer = <CALayer: 0x115d1c720>; contentOffset: {0, 0}; contentSize: {0, 0}; adjustedContentInset: {0, 3, 0, 3} topEdge=<style=automatic backgroundCapture=color<<UIDynamicSystemColor: 0x10679d6c0; name = systemBackgroundColor>>>>
2026-09-07 23:05:51.401244-0700 tagmaster[45497:31733472] [ObservationTracking] Observable object key path '\ScrollPocketCollectorModel.<computed 0x0000000185316ef4 (CompactableSet<ScrollPocketReceiverBox>)>' changed; performing invalidation for [updateProperties] of: <UIScrollView: 0x115d25400; frame = (0 0; 0 0); clipsToBounds = YES; gestureRecognizers = <NSArray: 0x115d1fe40>; layer = <CALayer: 0x115d1fab0>; contentOffset: {0, 0}; contentSize: {0, 0}; adjustedContentInset: {0, 3, 0, 3} topEdge=<style=automatic backgroundCapture=color<<UIDynamicSystemColor: 0x10679d6c0; name = systemBackgroundColor>>>>
2026-09-07 23:05:51.401450-0700 tagmaster[45497:31733472] [ObservationTracking] Observable object key path '\ScrollPocketCollectorModel.<computed 0x0000000185316ef4 (CompactableSet<ScrollPocketReceiverBox>)>' changed; performing invalidation for [updateProperties] of: <UIScrollView: 0x115d24a00; frame = (0 0; 0 0); clipsToBounds = YES; gestureRecognizers = <NSArray: 0x115d1e4c0>; layer = <CALayer: 0x115d1d800>; contentOffset: {0, 0}; contentSize: {0, 0}; adjustedContentInset: {0, 3, 0, 3} topEdge=<style=automatic backgroundCapture=color<<UIDynamicSystemColor: 0x10679d6c0; name = systemBackgroundColor>>>>
2026-09-07 23:05:51.401656-0700 tagmaster[45497:31733472] [ObservationTracking] Observable object key path '\ScrollPocketCollectorModel.<computed 0x0000000185316ef4 (CompactableSet<ScrollPocketReceiverBox>)>' changed; performing invalidation for [updateProperties] of: <UIScrollView: 0x115d25400; frame = (0 0; 0 0); clipsToBounds = YES; gestureRecognizers = <NSArray: 0x115d1fe40>; layer = <CALayer: 0x115d1fab0>; contentOffset: {0, 0}; contentSize: {0, 0}; adjustedContentInset: {0, 3, 0, 3} topEdge=<style=automatic backgroundCapture=color<<UIDynamicSystemColor: 0x10679d6c0; name = systemBackgroundColor>>>>
2026-09-07 23:05:51.401859-0700 tagmaster[45497:31733472] [ObservationTracking] Observable object key path '\ScrollPocketCollectorModel.<computed 0x0000000185316ef4 (CompactableSet<ScrollPocketReceiverBox>)>' changed; performing invalidation for [updateProperties] of: <UIScrollView: 0x115d24a00; frame = (0 0; 0 0); clipsToBounds = YES; gestureRecognizers = <NSArray: 0x115d1e4c0>; layer = <CALayer: 0x115d1d800>; contentOffset: {0, 0}; contentSize: {0, 0}; adjustedContentInset: {0, 3, 0, 3} topEdge=<style=automatic backgroundCapture=color<<UIDynamicSystemColor: 0x10679d6c0; name = systemBackgroundColor>>>>
2026-09-07 23:05:51.402064-0700 tagmaster[45497:31733472] [ObservationTracking] Observable object key path '\ScrollPocketCollectorModel.<computed 0x0000000185316ef4 (CompactableSet<ScrollPocketReceiverBox>)>' changed; performing invalidation for [updateProperties] of: <UIScrollView: 0x115d24000; frame = (0 0; 0 0); clipsToBounds = YES; gestureRecognizers = <NSArray: 0x115d1cab0>; layer = <CALayer: 0x115d1c720>; contentOffset: {0, 0}; contentSize: {0, 0}; adjustedContentInset: {0, 3, 0, 3} topEdge=<style=automatic backgroundCapture=color<<UIDynamicSystemColor: 0x10679d6c0; name = systemBackgroundColor>>>>
2026-09-07 23:05:51.430113-0700 tagmaster[45497:31733472] [RTILog] -[RTIInputSystemClient remoteTextInputSessionWithID:performInputOperation:]  perform input operation requires a valid sessionID. inputModality = Keyboard, inputOperation = <null selector>, customInfoType = UIEmojiSearchOperations
Test Case '-[DPSearchViewControllerTests testSearchWithSortByTitleSetsCorrectOption]' passed (0.051 seconds).
Test Case '-[DPSearchViewControllerTests testSettingsLoadOnViewLoad]' started.
2026-09-07 23:05:51.450527-0700 tagmaster[45497:31733472] [ObservationTracking] Observable object key path '\ScrollPocketCollectorModel.<computed 0x0000000185316ef4 (CompactableSet<ScrollPocketReceiverBox>)>' changed; performing invalidation for [updateProperties] of: <UIScrollView: 0x1090d2800; frame = (0 600; 0 0); gestureRecognizers = <NSArray: 0x1143d0510>; layer = <CALayer: 0x1143d00c0>; contentOffset: {0, 0}; contentSize: {0, 0}; adjustedContentInset: {0, 0, 0, 0} topEdge=<style=automatic backgroundCapture=color<<UIDynamicSystemColor: 0x10679d6c0; name = systemBackgroundColor>>>>
2026-09-07 23:05:51.450911-0700 tagmaster[45497:31733472] [ObservationTracking] Observable object key path '\ScrollPocketCollectorModel.<computed 0x0000000185316ef4 (CompactableSet<ScrollPocketReceiverBox>)>' changed; performing invalidation for [updateProperties] of: <UIScrollView: 0x115d25400; frame = (0 0; 0 0); clipsToBounds = YES; gestureRecognizers = <NSArray: 0x115d1fe40>; layer = <CALayer: 0x115d1fab0>; contentOffset: {0, 0}; contentSize: {0, 0}; adjustedContentInset: {0, 3, 0, 3} topEdge=<style=automatic backgroundCapture=color<<UIDynamicSystemColor: 0x10679d6c0; name = systemBackgroundColor>>>>
2026-09-07 23:05:51.451147-0700 tagmaster[45497:31733472] [ObservationTracking] Observable object key path '\ScrollPocketCollectorModel.<computed 0x0000000185316ef4 (CompactableSet<ScrollPocketReceiverBox>)>' changed; performing invalidation for [updateProperties] of: <UIScrollView: 0x1090d2800; frame = (0 600; 0 0); gestureRecognizers = <NSArray: 0x1143d0510>; layer = <CALayer: 0x1143d00c0>; contentOffset: {0, 0}; contentSize: {0, 0}; adjustedContentInset: {0, 0, 0, 0} topEdge=<style=automatic backgroundCapture=color<<UIDynamicSystemColor: 0x10679d6c0; name = systemBackgroundColor>>>>
2026-09-07 23:05:51.451369-0700 tagmaster[45497:31733472] [ObservationTracking] Observable object key path '\ScrollPocketCollectorModel.<computed 0x0000000185316ef4 (CompactableSet<ScrollPocketReceiverBox>)>' changed; performing invalidation for [updateProperties] of: <UIScrollView: 0x115d25400; frame = (0 0; 0 0); clipsToBounds = YES; gestureRecognizers = <NSArray: 0x115d1fe40>; layer = <CALayer: 0x115d1fab0>; contentOffset: {0, 0}; contentSize: {0, 0}; adjustedContentInset: {0, 3, 0, 3} topEdge=<style=automatic backgroundCapture=color<<UIDynamicSystemColor: 0x10679d6c0; name = systemBackgroundColor>>>>
2026-09-07 23:05:51.451695-0700 tagmaster[45497:31733472] [ObservationTracking] Observable object key path '\ScrollPocketCollectorModel.<computed 0x0000000185316ef4 (CompactableSet<ScrollPocketReceiverBox>)>' changed; performing invalidation for [updateProperties] of: <UIScrollView: 0x115d25400; frame = (0 0; 0 0); clipsToBounds = YES; gestureRecognizers = <NSArray: 0x115d1fe40>; layer = <CALayer: 0x115d1fab0>; contentOffset: {0, 0}; contentSize: {0, 0}; adjustedContentInset: {0, 3, 0, 3} topEdge=<style=automatic backgroundCapture=color<<UIDynamicSystemColor: 0x10679d6c0; name = systemBackgroundColor>>>>
2026-09-07 23:05:51.451914-0700 tagmaster[45497:31733472] [ObservationTracking] Observable object key path '\ScrollPocketCollectorModel.<computed 0x0000000185316ef4 (CompactableSet<ScrollPocketReceiverBox>)>' changed; performing invalidation for [updateProperties] of: <UIScrollView: 0x1090d2800; frame = (0 600; 0 0); gestureRecognizers = <NSArray: 0x1143d0510>; layer = <CALayer: 0x1143d00c0>; contentOffset: {0, 0}; contentSize: {0, 0}; adjustedContentInset: {0, 0, 0, 0} topEdge=<style=automatic backgroundCapture=color<<UIDynamicSystemColor: 0x10679d6c0; name = systemBackgroundColor>>>>
2026-09-07 23:05:51.452127-0700 tagmaster[45497:31733472] [ObservationTracking] Observable object key path '\ScrollPocketCollectorModel.<computed 0x0000000185316ef4 (CompactableSet<ScrollPocketReceiverBox>)>' changed; performing invalidation for [updateProperties] of: <UIScrollView: 0x115d24a00; frame = (0 0; 0 0); clipsToBounds = YES; gestureRecognizers = <NSArray: 0x115d1e4c0>; layer = <CALayer: 0x115d1d800>; contentOffset: {0, 0}; contentSize: {0, 0}; adjustedContentInset: {0, 3, 0, 3} topEdge=<style=automatic backgroundCapture=color<<UIDynamicSystemColor: 0x10679d6c0; name = systemBackgroundColor>>>>
2026-09-07 23:05:51.453123-0700 tagmaster[45497:31733472] [ObservationTracking] Observable object key path '\ScrollPocketCollectorModel.<computed 0x0000000185316ef4 (CompactableSet<ScrollPocketReceiverBox>)>' changed; performing invalidation for [updateProperties] of: <UIScrollView: 0x115d25400; frame = (0 0; 0 0); clipsToBounds = YES; gestureRecognizers = <NSArray: 0x115d1fe40>; layer = <CALayer: 0x115d1fab0>; contentOffset: {0, 0}; contentSize: {0, 0}; adjustedContentInset: {0, 3, 0, 3} topEdge=<style=automatic backgroundCapture=color<<UIDynamicSystemColor: 0x10679d6c0; name = systemBackgroundColor>>>>
2026-09-07 23:05:51.453335-0700 tagmaster[45497:31733472] [ObservationTracking] Observable object key path '\ScrollPocketCollectorModel.<computed 0x0000000185316ef4 (CompactableSet<ScrollPocketReceiverBox>)>' changed; performing invalidation for [updateProperties] of: <UIScrollView: 0x115d24a00; frame = (0 0; 0 0); clipsToBounds = YES; gestureRecognizers = <NSArray: 0x115d1e4c0>; layer = <CALayer: 0x115d1d800>; contentOffset: {0, 0}; contentSize: {0, 0}; adjustedContentInset: {0, 3, 0, 3} topEdge=<style=automatic backgroundCapture=color<<UIDynamicSystemColor: 0x10679d6c0; name = systemBackgroundColor>>>>
2026-09-07 23:05:51.453616-0700 tagmaster[45497:31733472] [ObservationTracking] Observable object key path '\ScrollPocketCollectorModel.<computed 0x0000000185316ef4 (CompactableSet<ScrollPocketReceiverBox>)>' changed; performing invalidation for [updateProperties] of: <UIScrollView: 0x115d25400; frame = (0 0; 0 0); clipsToBounds = YES; gestureRecognizers = <NSArray: 0x115d1fe40>; layer = <CALayer: 0x115d1fab0>; contentOffset: {0, 0}; contentSize: {0, 0}; adjustedContentInset: {0, 3, 0, 3} topEdge=<style=automatic backgroundCapture=color<<UIDynamicSystemColor: 0x10679d6c0; name = systemBackgroundColor>>>>
2026-09-07 23:05:51.453824-0700 tagmaster[45497:31733472] [ObservationTracking] Observable object key path '\ScrollPocketCollectorModel.<computed 0x0000000185316ef4 (CompactableSet<ScrollPocketReceiverBox>)>' changed; performing invalidation for [updateProperties] of: <UIScrollView: 0x115d24a00; frame = (0 0; 0 0); clipsToBounds = YES; gestureRecognizers = <NSArray: 0x115d1e4c0>; layer = <CALayer: 0x115d1d800>; contentOffset: {0, 0}; contentSize: {0, 0}; adjustedContentInset: {0, 3, 0, 3} topEdge=<style=automatic backgroundCapture=color<<UIDynamicSystemColor: 0x10679d6c0; name = systemBackgroundColor>>>>
2026-09-07 23:05:51.454030-0700 tagmaster[45497:31733472] [ObservationTracking] Observable object key path '\ScrollPocketCollectorModel.<computed 0x0000000185316ef4 (CompactableSet<ScrollPocketReceiverBox>)>' changed; performing invalidation for [updateProperties] of: <UIScrollView: 0x115d24000; frame = (0 0; 0 0); clipsToBounds = YES; gestureRecognizers = <NSArray: 0x115d1cab0>; layer = <CALayer: 0x115d1c720>; contentOffset: {0, 0}; contentSize: {0, 0}; adjustedContentInset: {0, 3, 0, 3} topEdge=<style=automatic backgroundCapture=color<<UIDynamicSystemColor: 0x10679d6c0; name = systemBackgroundColor>>>>
2026-09-07 23:05:51.454232-0700 tagmaster[45497:31733472] [ObservationTracking] Observable object key path '\ScrollPocketCollectorModel.<computed 0x0000000185316ef4 (CompactableSet<ScrollPocketReceiverBox>)>' changed; performing invalidation for [updateProperties] of: <UIScrollView: 0x115d25400; frame = (0 0; 0 0); clipsToBounds = YES; gestureRecognizers = <NSArray: 0x115d1fe40>; layer = <CALayer: 0x115d1fab0>; contentOffset: {0, 0}; contentSize: {0, 0}; adjustedContentInset: {0, 3, 0, 3} topEdge=<style=automatic backgroundCapture=color<<UIDynamicSystemColor: 0x10679d6c0; name = systemBackgroundColor>>>>
2026-09-07 23:05:51.454433-0700 tagmaster[45497:31733472] [ObservationTracking] Observable object key path '\ScrollPocketCollectorModel.<computed 0x0000000185316ef4 (CompactableSet<ScrollPocketReceiverBox>)>' changed; performing invalidation for [updateProperties] of: <UIScrollView: 0x115d24a00; frame = (0 0; 0 0); clipsToBounds = YES; gestureRecognizers = <NSArray: 0x115d1e4c0>; layer = <CALayer: 0x115d1d800>; contentOffset: {0, 0}; contentSize: {0, 0}; adjustedContentInset: {0, 3, 0, 3} topEdge=<style=automatic backgroundCapture=color<<UIDynamicSystemColor: 0x10679d6c0; name = systemBackgroundColor>>>>
2026-09-07 23:05:51.454663-0700 tagmaster[45497:31733472] [ObservationTracking] Observable object key path '\ScrollPocketCollectorModel.<computed 0x0000000185316ef4 (CompactableSet<ScrollPocketReceiverBox>)>' changed; performing invalidation for [updateProperties] of: <UIScrollView: 0x115d24000; frame = (0 0; 0 0); clipsToBounds = YES; gestureRecognizers = <NSArray: 0x115d1cab0>; layer = <CALayer: 0x115d1c720>; contentOffset: {0, 0}; contentSize: {0, 0}; adjustedContentInset: {0, 3, 0, 3} topEdge=<style=automatic backgroundCapture=color<<UIDynamicSystemColor: 0x10679d6c0; name = systemBackgroundColor>>>>
2026-09-07 23:05:51.481770-0700 tagmaster[45497:31733472] [RTILog] -[RTIInputSystemClient remoteTextInputSessionWithID:performInputOperation:]  perform input operation requires a valid sessionID. inputModality = Keyboard, inputOperation = <null selector>, customInfoType = UIEmojiSearchOperations
Test Case '-[DPSearchViewControllerTests testSettingsLoadOnViewLoad]' passed (0.052 seconds).
Test Case '-[DPSearchViewControllerTests testSettingsPersistOnViewDisappear]' started.
2026-09-07 23:05:51.506179-0700 tagmaster[45497:31733472] [ObservationTracking] Observable object key path '\ScrollPocketCollectorModel.<computed 0x0000000185316ef4 (CompactableSet<ScrollPocketReceiverBox>)>' changed; performing invalidation for [updateProperties] of: <UIScrollView: 0x1090d2800; frame = (0 600; 0 0); gestureRecognizers = <NSArray: 0x1143d0510>; layer = <CALayer: 0x1143d00c0>; contentOffset: {0, 0}; contentSize: {0, 0}; adjustedContentInset: {0, 0, 0, 0} topEdge=<style=automatic backgroundCapture=color<<UIDynamicSystemColor: 0x10679d6c0; name = systemBackgroundColor>>>>
2026-09-07 23:05:51.506543-0700 tagmaster[45497:31733472] [ObservationTracking] Observable object key path '\ScrollPocketCollectorModel.<computed 0x0000000185316ef4 (CompactableSet<ScrollPocketReceiverBox>)>' changed; performing invalidation for [updateProperties] of: <UIScrollView: 0x115d25400; frame = (0 0; 0 0); clipsToBounds = YES; gestureRecognizers = <NSArray: 0x115d1fe40>; layer = <CALayer: 0x115d1fab0>; contentOffset: {0, 0}; contentSize: {0, 0}; adjustedContentInset: {0, 3, 0, 3} topEdge=<style=automatic backgroundCapture=color<<UIDynamicSystemColor: 0x10679d6c0; name = systemBackgroundColor>>>>
2026-09-07 23:05:51.506750-0700 tagmaster[45497:31733472] [ObservationTracking] Observable object key path '\ScrollPocketCollectorModel.<computed 0x0000000185316ef4 (CompactableSet<ScrollPocketReceiverBox>)>' changed; performing invalidation for [updateProperties] of: <UIScrollView: 0x1090d2800; frame = (0 600; 0 0); gestureRecognizers = <NSArray: 0x1143d0510>; layer = <CALayer: 0x1143d00c0>; contentOffset: {0, 0}; contentSize: {0, 0}; adjustedContentInset: {0, 0, 0, 0} topEdge=<style=automatic backgroundCapture=color<<UIDynamicSystemColor: 0x10679d6c0; name = systemBackgroundColor>>>>
2026-09-07 23:05:51.506954-0700 tagmaster[45497:31733472] [ObservationTracking] Observable object key path '\ScrollPocketCollectorModel.<computed 0x0000000185316ef4 (CompactableSet<ScrollPocketReceiverBox>)>' changed; performing invalidation for [updateProperties] of: <UIScrollView: 0x115d25400; frame = (0 0; 0 0); clipsToBounds = YES; gestureRecognizers = <NSArray: 0x115d1fe40>; layer = <CALayer: 0x115d1fab0>; contentOffset: {0, 0}; contentSize: {0, 0}; adjustedContentInset: {0, 3, 0, 3} topEdge=<style=automatic backgroundCapture=color<<UIDynamicSystemColor: 0x10679d6c0; name = systemBackgroundColor>>>>
2026-09-07 23:05:51.507324-0700 tagmaster[45497:31733472] [ObservationTracking] Observable object key path '\ScrollPocketCollectorModel.<computed 0x0000000185316ef4 (CompactableSet<ScrollPocketReceiverBox>)>' changed; performing invalidation for [updateProperties] of: <UIScrollView: 0x115d25400; frame = (0 0; 0 0); clipsToBounds = YES; gestureRecognizers = <NSArray: 0x115d1fe40>; layer = <CALayer: 0x115d1fab0>; contentOffset: {0, 0}; contentSize: {0, 0}; adjustedContentInset: {0, 3, 0, 3} topEdge=<style=automatic backgroundCapture=color<<UIDynamicSystemColor: 0x10679d6c0; name = systemBackgroundColor>>>>
2026-09-07 23:05:51.507554-0700 tagmaster[45497:31733472] [ObservationTracking] Observable object key path '\ScrollPocketCollectorModel.<computed 0x0000000185316ef4 (CompactableSet<ScrollPocketReceiverBox>)>' changed; performing invalidation for [updateProperties] of: <UIScrollView: 0x1090d2800; frame = (0 600; 0 0); gestureRecognizers = <NSArray: 0x1143d0510>; layer = <CALayer: 0x1143d00c0>; contentOffset: {0, 0}; contentSize: {0, 0}; adjustedContentInset: {0, 0, 0, 0} topEdge=<style=automatic backgroundCapture=color<<UIDynamicSystemColor: 0x10679d6c0; name = systemBackgroundColor>>>>
2026-09-07 23:05:51.510065-0700 tagmaster[45497:31733472] [ObservationTracking] Observable object key path '\ScrollPocketCollectorModel.<computed 0x0000000185316ef4 (CompactableSet<ScrollPocketReceiverBox>)>' changed; performing invalidation for [updateProperties] of: <UIScrollView: 0x115d24a00; frame = (0 0; 0 0); clipsToBounds = YES; gestureRecognizers = <NSArray: 0x115d1e4c0>; layer = <CALayer: 0x115d1d800>; contentOffset: {0, 0}; contentSize: {0, 0}; adjustedContentInset: {0, 3, 0, 3} topEdge=<style=automatic backgroundCapture=color<<UIDynamicSystemColor: 0x10679d6c0; name = systemBackgroundColor>>>>
2026-09-07 23:05:51.510292-0700 tagmaster[45497:31733472] [ObservationTracking] Observable object key path '\ScrollPocketCollectorModel.<computed 0x0000000185316ef4 (CompactableSet<ScrollPocketReceiverBox>)>' changed; performing invalidation for [updateProperties] of: <UIScrollView: 0x115d24a00; frame = (0 0; 0 0); clipsToBounds = YES; gestureRecognizers = <NSArray: 0x115d1e4c0>; layer = <CALayer: 0x115d1d800>; contentOffset: {0, 0}; contentSize: {0, 0}; adjustedContentInset: {0, 3, 0, 3} topEdge=<style=automatic backgroundCapture=color<<UIDynamicSystemColor: 0x10679d6c0; name = systemBackgroundColor>>>>
2026-09-07 23:05:51.511727-0700 tagmaster[45497:31733472] [ObservationTracking] Observable object key path '\ScrollPocketCollectorModel.<computed 0x0000000185316ef4 (CompactableSet<ScrollPocketReceiverBox>)>' changed; performing invalidation for [updateProperties] of: <UIScrollView: 0x115d25400; frame = (0 0; 0 0); clipsToBounds = YES; gestureRecognizers = <NSArray: 0x115d1fe40>; layer = <CALayer: 0x115d1fab0>; contentOffset: {0, 0}; contentSize: {0, 0}; adjustedContentInset: {0, 3, 0, 3} topEdge=<style=automatic backgroundCapture=color<<UIDynamicSystemColor: 0x10679d6c0; name = systemBackgroundColor>>>>
2026-09-07 23:05:51.512378-0700 tagmaster[45497:31733472] [ObservationTracking] Observable object key path '\ScrollPocketCollectorModel.<computed 0x0000000185316ef4 (CompactableSet<ScrollPocketReceiverBox>)>' changed; performing invalidation for [updateProperties] of: <UIScrollView: 0x115d25400; frame = (0 0; 0 0); clipsToBounds = YES; gestureRecognizers = <NSArray: 0x115d1fe40>; layer = <CALayer: 0x115d1fab0>; contentOffset: {0, 0}; contentSize: {0, 0}; adjustedContentInset: {0, 3, 0, 3} topEdge=<style=automatic backgroundCapture=color<<UIDynamicSystemColor: 0x10679d6c0; name = systemBackgroundColor>>>>
2026-09-07 23:05:51.512617-0700 tagmaster[45497:31733472] [ObservationTracking] Observable object key path '\ScrollPocketCollectorModel.<computed 0x0000000185316ef4 (CompactableSet<ScrollPocketReceiverBox>)>' changed; performing invalidation for [updateProperties] of: <UIScrollView: 0x115d24a00; frame = (0 0; 0 0); clipsToBounds = YES; gestureRecognizers = <NSArray: 0x115d1e4c0>; layer = <CALayer: 0x115d1d800>; contentOffset: {0, 0}; contentSize: {0, 0}; adjustedContentInset: {0, 3, 0, 3} topEdge=<style=automatic backgroundCapture=color<<UIDynamicSystemColor: 0x10679d6c0; name = systemBackgroundColor>>>>
2026-09-07 23:05:51.512833-0700 tagmaster[45497:31733472] [ObservationTracking] Observable object key path '\ScrollPocketCollectorModel.<computed 0x0000000185316ef4 (CompactableSet<ScrollPocketReceiverBox>)>' changed; performing invalidation for [updateProperties] of: <UIScrollView: 0x115d24000; frame = (0 0; 0 0); clipsToBounds = YES; gestureRecognizers = <NSArray: 0x115d1cab0>; layer = <CALayer: 0x115d1c720>; contentOffset: {0, 0}; contentSize: {0, 0}; adjustedContentInset: {0, 3, 0, 3} topEdge=<style=automatic backgroundCapture=color<<UIDynamicSystemColor: 0x10679d6c0; name = systemBackgroundColor>>>>
2026-09-07 23:05:51.513231-0700 tagmaster[45497:31733472] [ObservationTracking] Observable object key path '\ScrollPocketCollectorModel.<computed 0x0000000185316ef4 (CompactableSet<ScrollPocketReceiverBox>)>' changed; performing invalidation for [updateProperties] of: <UIScrollView: 0x115d24a00; frame = (0 0; 0 0); clipsToBounds = YES; gestureRecognizers = <NSArray: 0x115d1e4c0>; layer = <CALayer: 0x115d1d800>; contentOffset: {0, 0}; contentSize: {0, 0}; adjustedContentInset: {0, 3, 0, 3} topEdge=<style=automatic backgroundCapture=color<<UIDynamicSystemColor: 0x10679d6c0; name = systemBackgroundColor>>>>
2026-09-07 23:05:51.513439-0700 tagmaster[45497:31733472] [ObservationTracking] Observable object key path '\ScrollPocketCollectorModel.<computed 0x0000000185316ef4 (CompactableSet<ScrollPocketReceiverBox>)>' changed; performing invalidation for [updateProperties] of: <UIScrollView: 0x115d25400; frame = (0 0; 0 0); clipsToBounds = YES; gestureRecognizers = <NSArray: 0x115d1fe40>; layer = <CALayer: 0x115d1fab0>; contentOffset: {0, 0}; contentSize: {0, 0}; adjustedContentInset: {0, 3, 0, 3} topEdge=<style=automatic backgroundCapture=color<<UIDynamicSystemColor: 0x10679d6c0; name = systemBackgroundColor>>>>
2026-09-07 23:05:51.513642-0700 tagmaster[45497:31733472] [ObservationTracking] Observable object key path '\ScrollPocketCollectorModel.<computed 0x0000000185316ef4 (CompactableSet<ScrollPocketReceiverBox>)>' changed; performing invalidation for [updateProperties] of: <UIScrollView: 0x115d24000; frame = (0 0; 0 0); clipsToBounds = YES; gestureRecognizers = <NSArray: 0x115d1cab0>; layer = <CALayer: 0x115d1c720>; contentOffset: {0, 0}; contentSize: {0, 0}; adjustedContentInset: {0, 3, 0, 3} topEdge=<style=automatic backgroundCapture=color<<UIDynamicSystemColor: 0x10679d6c0; name = systemBackgroundColor>>>>
2026-09-07 23:05:51.534446-0700 tagmaster[45497:31733472] [RTILog] -[RTIInputSystemClient remoteTextInputSessionWithID:performInputOperation:]  perform input operation requires a valid sessionID. inputModality = Keyboard, inputOperation = <null selector>, customInfoType = UIEmojiSearchOperations
Test Case '-[DPSearchViewControllerTests testSettingsPersistOnViewDisappear]' passed (0.052 seconds).
Test Case '-[DPSearchViewControllerTests testSheetMusicSegmentedControlHasCorrectItems]' started.
2026-09-07 23:05:51.559653-0700 tagmaster[45497:31733472] [ObservationTracking] Observable object key path '\ScrollPocketCollectorModel.<computed 0x0000000185316ef4 (CompactableSet<ScrollPocketReceiverBox>)>' changed; performing invalidation for [updateProperties] of: <UIScrollView: 0x1090d2800; frame = (0 600; 0 0); gestureRecognizers = <NSArray: 0x1143d0510>; layer = <CALayer: 0x1143d00c0>; contentOffset: {0, 0}; contentSize: {0, 0}; adjustedContentInset: {0, 0, 0, 0} topEdge=<style=automatic backgroundCapture=color<<UIDynamicSystemColor: 0x10679d6c0; name = systemBackgroundColor>>>>
2026-09-07 23:05:51.560030-0700 tagmaster[45497:31733472] [ObservationTracking] Observable object key path '\ScrollPocketCollectorModel.<computed 0x0000000185316ef4 (CompactableSet<ScrollPocketReceiverBox>)>' changed; performing invalidation for [updateProperties] of: <UIScrollView: 0x1090d2800; frame = (0 600; 0 0); gestureRecognizers = <NSArray: 0x1143d0510>; layer = <CALayer: 0x1143d00c0>; contentOffset: {0, 0}; contentSize: {0, 0}; adjustedContentInset: {0, 0, 0, 0} topEdge=<style=automatic backgroundCapture=color<<UIDynamicSystemColor: 0x10679d6c0; name = systemBackgroundColor>>>>
2026-09-07 23:05:51.560248-0700 tagmaster[45497:31733472] [ObservationTracking] Observable object key path '\ScrollPocketCollectorModel.<computed 0x0000000185316ef4 (CompactableSet<ScrollPocketReceiverBox>)>' changed; performing invalidation for [updateProperties] of: <UIScrollView: 0x115d25400; frame = (0 0; 0 0); clipsToBounds = YES; gestureRecognizers = <NSArray: 0x115d1fe40>; layer = <CALayer: 0x115d1fab0>; contentOffset: {0, 0}; contentSize: {0, 0}; adjustedContentInset: {0, 3, 0, 3} topEdge=<style=automatic backgroundCapture=color<<UIDynamicSystemColor: 0x10679d6c0; name = systemBackgroundColor>>>>
2026-09-07 23:05:51.560458-0700 tagmaster[45497:31733472] [ObservationTracking] Observable object key path '\ScrollPocketCollectorModel.<computed 0x0000000185316ef4 (CompactableSet<ScrollPocketReceiverBox>)>' changed; performing invalidation for [updateProperties] of: <UIScrollView: 0x115d25400; frame = (0 0; 0 0); clipsToBounds = YES; gestureRecognizers = <NSArray: 0x115d1fe40>; layer = <CALayer: 0x115d1fab0>; contentOffset: {0, 0}; contentSize: {0, 0}; adjustedContentInset: {0, 3, 0, 3} topEdge=<style=automatic backgroundCapture=color<<UIDynamicSystemColor: 0x10679d6c0; name = systemBackgroundColor>>>>
2026-09-07 23:05:51.561145-0700 tagmaster[45497:31733472] [ObservationTracking] Observable object key path '\ScrollPocketCollectorModel.<computed 0x0000000185316ef4 (CompactableSet<ScrollPocketReceiverBox>)>' changed; performing invalidation for [updateProperties] of: <UIScrollView: 0x1090d2800; frame = (0 600; 0 0); gestureRecognizers = <NSArray: 0x1143d0510>; layer = <CALayer: 0x1143d00c0>; contentOffset: {0, 0}; contentSize: {0, 0}; adjustedContentInset: {0, 0, 0, 0} topEdge=<style=automatic backgroundCapture=color<<UIDynamicSystemColor: 0x10679d6c0; name = systemBackgroundColor>>>>
2026-09-07 23:05:51.561364-0700 tagmaster[45497:31733472] [ObservationTracking] Observable object key path '\ScrollPocketCollectorModel.<computed 0x0000000185316ef4 (CompactableSet<ScrollPocketReceiverBox>)>' changed; performing invalidation for [updateProperties] of: <UIScrollView: 0x115d24a00; frame = (0 0; 0 0); clipsToBounds = YES; gestureRecognizers = <NSArray: 0x115d1e4c0>; layer = <CALayer: 0x115d1d800>; contentOffset: {0, 0}; contentSize: {0, 0}; adjustedContentInset: {0, 3, 0, 3} topEdge=<style=automatic backgroundCapture=color<<UIDynamicSystemColor: 0x10679d6c0; name = systemBackgroundColor>>>>
2026-09-07 23:05:51.561577-0700 tagmaster[45497:31733472] [ObservationTracking] Observable object key path '\ScrollPocketCollectorModel.<computed 0x0000000185316ef4 (CompactableSet<ScrollPocketReceiverBox>)>' changed; performing invalidation for [updateProperties] of: <UIScrollView: 0x115d25400; frame = (0 0; 0 0); clipsToBounds = YES; gestureRecognizers = <NSArray: 0x115d1fe40>; layer = <CALayer: 0x115d1fab0>; contentOffset: {0, 0}; contentSize: {0, 0}; adjustedContentInset: {0, 3, 0, 3} topEdge=<style=automatic backgroundCapture=color<<UIDynamicSystemColor: 0x10679d6c0; name = systemBackgroundColor>>>>
2026-09-07 23:05:51.561786-0700 tagmaster[45497:31733472] [ObservationTracking] Observable object key path '\ScrollPocketCollectorModel.<computed 0x0000000185316ef4 (CompactableSet<ScrollPocketReceiverBox>)>' changed; performing invalidation for [updateProperties] of: <UIScrollView: 0x115d24a00; frame = (0 0; 0 0); clipsToBounds = YES; gestureRecognizers = <NSArray: 0x115d1e4c0>; layer = <CALayer: 0x115d1d800>; contentOffset: {0, 0}; contentSize: {0, 0}; adjustedContentInset: {0, 3, 0, 3} topEdge=<style=automatic backgroundCapture=color<<UIDynamicSystemColor: 0x10679d6c0; name = systemBackgroundColor>>>>
2026-09-07 23:05:51.561991-0700 tagmaster[45497:31733472] [ObservationTracking] Observable object key path '\ScrollPocketCollectorModel.<computed 0x0000000185316ef4 (CompactableSet<ScrollPocketReceiverBox>)>' changed; performing invalidation for [updateProperties] of: <UIScrollView: 0x115d25400; frame = (0 0; 0 0); clipsToBounds = YES; gestureRecognizers = <NSArray: 0x115d1fe40>; layer = <CALayer: 0x115d1fab0>; contentOffset: {0, 0}; contentSize: {0, 0}; adjustedContentInset: {0, 3, 0, 3} topEdge=<style=automatic backgroundCapture=color<<UIDynamicSystemColor: 0x10679d6c0; name = systemBackgroundColor>>>>
2026-09-07 23:05:51.562302-0700 tagmaster[45497:31733472] [ObservationTracking] Observable object key path '\ScrollPocketCollectorModel.<computed 0x0000000185316ef4 (CompactableSet<ScrollPocketReceiverBox>)>' changed; performing invalidation for [updateProperties] of: <UIScrollView: 0x115d24000; frame = (0 0; 0 0); clipsToBounds = YES; gestureRecognizers = <NSArray: 0x115d1cab0>; layer = <CALayer: 0x115d1c720>; contentOffset: {0, 0}; contentSize: {0, 0}; adjustedContentInset: {0, 3, 0, 3} topEdge=<style=automatic backgroundCapture=color<<UIDynamicSystemColor: 0x10679d6c0; name = systemBackgroundColor>>>>
2026-09-07 23:05:51.562516-0700 tagmaster[45497:31733472] [ObservationTracking] Observable object key path '\ScrollPocketCollectorModel.<computed 0x0000000185316ef4 (CompactableSet<ScrollPocketReceiverBox>)>' changed; performing invalidation for [updateProperties] of: <UIScrollView: 0x115d24a00; frame = (0 0; 0 0); clipsToBounds = YES; gestureRecognizers = <NSArray: 0x115d1e4c0>; layer = <CALayer: 0x115d1d800>; contentOffset: {0, 0}; contentSize: {0, 0}; adjustedContentInset: {0, 3, 0, 3} topEdge=<style=automatic backgroundCapture=color<<UIDynamicSystemColor: 0x10679d6c0; name = systemBackgroundColor>>>>
2026-09-07 23:05:51.562724-0700 tagmaster[45497:31733472] [ObservationTracking] Observable object key path '\ScrollPocketCollectorModel.<computed 0x0000000185316ef4 (CompactableSet<ScrollPocketReceiverBox>)>' changed; performing invalidation for [updateProperties] of: <UIScrollView: 0x115d25400; frame = (0 0; 0 0); clipsToBounds = YES; gestureRecognizers = <NSArray: 0x115d1fe40>; layer = <CALayer: 0x115d1fab0>; contentOffset: {0, 0}; contentSize: {0, 0}; adjustedContentInset: {0, 3, 0, 3} topEdge=<style=automatic backgroundCapture=color<<UIDynamicSystemColor: 0x10679d6c0; name = systemBackgroundColor>>>>
2026-09-07 23:05:51.563062-0700 tagmaster[45497:31733472] [ObservationTracking] Observable object key path '\ScrollPocketCollectorModel.<computed 0x0000000185316ef4 (CompactableSet<ScrollPocketReceiverBox>)>' changed; performing invalidation for [updateProperties] of: <UIScrollView: 0x115d24000; frame = (0 0; 0 0); clipsToBounds = YES; gestureRecognizers = <NSArray: 0x115d1cab0>; layer = <CALayer: 0x115d1c720>; contentOffset: {0, 0}; contentSize: {0, 0}; adjustedContentInset: {0, 3, 0, 3} topEdge=<style=automatic backgroundCapture=color<<UIDynamicSystemColor: 0x10679d6c0; name = systemBackgroundColor>>>>
2026-09-07 23:05:51.563310-0700 tagmaster[45497:31733472] [ObservationTracking] Observable object key path '\ScrollPocketCollectorModel.<computed 0x0000000185316ef4 (CompactableSet<ScrollPocketReceiverBox>)>' changed; performing invalidation for [updateProperties] of: <UIScrollView: 0x115d24a00; frame = (0 0; 0 0); clipsToBounds = YES; gestureRecognizers = <NSArray: 0x115d1e4c0>; layer = <CALayer: 0x115d1d800>; contentOffset: {0, 0}; contentSize: {0, 0}; adjustedContentInset: {0, 3, 0, 3} topEdge=<style=automatic backgroundCapture=color<<UIDynamicSystemColor: 0x10679d6c0; name = systemBackgroundColor>>>>
2026-09-07 23:05:51.563526-0700 tagmaster[45497:31733472] [ObservationTracking] Observable object key path '\ScrollPocketCollectorModel.<computed 0x0000000185316ef4 (CompactableSet<ScrollPocketReceiverBox>)>' changed; performing invalidation for [updateProperties] of: <UIScrollView: 0x115d25400; frame = (0 0; 0 0); clipsToBounds = YES; gestureRecognizers = <NSArray: 0x115d1fe40>; layer = <CALayer: 0x115d1fab0>; contentOffset: {0, 0}; contentSize: {0, 0}; adjustedContentInset: {0, 3, 0, 3} topEdge=<style=automatic backgroundCapture=color<<UIDynamicSystemColor: 0x10679d6c0; name = systemBackgroundColor>>>>
2026-09-07 23:05:51.579793-0700 tagmaster[45497:31733472] [RTILog] -[RTIInputSystemClient remoteTextInputSessionWithID:performInputOperation:]  perform input operation requires a valid sessionID. inputModality = Keyboard, inputOperation = <null selector>, customInfoType = UIEmojiSearchOperations
Test Case '-[DPSearchViewControllerTests testSheetMusicSegmentedControlHasCorrectItems]' passed (0.045 seconds).
Test Case '-[DPSearchViewControllerTests testSortBySegmentedControlHasCorrectItems]' started.
2026-09-07 23:05:51.604522-0700 tagmaster[45497:31733472] [ObservationTracking] Observable object key path '\ScrollPocketCollectorModel.<computed 0x0000000185316ef4 (CompactableSet<ScrollPocketReceiverBox>)>' changed; performing invalidation for [updateProperties] of: <UIScrollView: 0x1090d2800; frame = (0 600; 0 0); gestureRecognizers = <NSArray: 0x1143d0510>; layer = <CALayer: 0x1143d00c0>; contentOffset: {0, 0}; contentSize: {0, 0}; adjustedContentInset: {0, 0, 0, 0} topEdge=<style=automatic backgroundCapture=color<<UIDynamicSystemColor: 0x10679d6c0; name = systemBackgroundColor>>>>
2026-09-07 23:05:51.604929-0700 tagmaster[45497:31733472] [ObservationTracking] Observable object key path '\ScrollPocketCollectorModel.<computed 0x0000000185316ef4 (CompactableSet<ScrollPocketReceiverBox>)>' changed; performing invalidation for [updateProperties] of: <UIScrollView: 0x115d25400; frame = (0 0; 0 0); clipsToBounds = YES; gestureRecognizers = <NSArray: 0x115d1fe40>; layer = <CALayer: 0x115d1fab0>; contentOffset: {0, 0}; contentSize: {0, 0}; adjustedContentInset: {0, 3, 0, 3} topEdge=<style=automatic backgroundCapture=color<<UIDynamicSystemColor: 0x10679d6c0; name = systemBackgroundColor>>>>
2026-09-07 23:05:51.605149-0700 tagmaster[45497:31733472] [ObservationTracking] Observable object key path '\ScrollPocketCollectorModel.<computed 0x0000000185316ef4 (CompactableSet<ScrollPocketReceiverBox>)>' changed; performing invalidation for [updateProperties] of: <UIScrollView: 0x1090d2800; frame = (0 600; 0 0); gestureRecognizers = <NSArray: 0x1143d0510>; layer = <CALayer: 0x1143d00c0>; contentOffset: {0, 0}; contentSize: {0, 0}; adjustedContentInset: {0, 0, 0, 0} topEdge=<style=automatic backgroundCapture=color<<UIDynamicSystemColor: 0x10679d6c0; name = systemBackgroundColor>>>>
2026-09-07 23:05:51.605360-0700 tagmaster[45497:31733472] [ObservationTracking] Observable object key path '\ScrollPocketCollectorModel.<computed 0x0000000185316ef4 (CompactableSet<ScrollPocketReceiverBox>)>' changed; performing invalidation for [updateProperties] of: <UIScrollView: 0x115d25400; frame = (0 0; 0 0); clipsToBounds = YES; gestureRecognizers = <NSArray: 0x115d1fe40>; layer = <CALayer: 0x115d1fab0>; contentOffset: {0, 0}; contentSize: {0, 0}; adjustedContentInset: {0, 3, 0, 3} topEdge=<style=automatic backgroundCapture=color<<UIDynamicSystemColor: 0x10679d6c0; name = systemBackgroundColor>>>>
2026-09-07 23:05:51.606465-0700 tagmaster[45497:31733472] [ObservationTracking] Observable object key path '\ScrollPocketCollectorModel.<computed 0x0000000185316ef4 (CompactableSet<ScrollPocketReceiverBox>)>' changed; performing invalidation for [updateProperties] of: <UIScrollView: 0x115d25400; frame = (0 0; 0 0); clipsToBounds = YES; gestureRecognizers = <NSArray: 0x115d1fe40>; layer = <CALayer: 0x115d1fab0>; contentOffset: {0, 0}; contentSize: {0, 0}; adjustedContentInset: {0, 3, 0, 3} topEdge=<style=automatic backgroundCapture=color<<UIDynamicSystemColor: 0x10679d6c0; name = systemBackgroundColor>>>>
2026-09-07 23:05:51.606707-0700 tagmaster[45497:31733472] [ObservationTracking] Observable object key path '\ScrollPocketCollectorModel.<computed 0x0000000185316ef4 (CompactableSet<ScrollPocketReceiverBox>)>' changed; performing invalidation for [updateProperties] of: <UIScrollView: 0x1090d2800; frame = (0 600; 0 0); gestureRecognizers = <NSArray: 0x1143d0510>; layer = <CALayer: 0x1143d00c0>; contentOffset: {0, 0}; contentSize: {0, 0}; adjustedContentInset: {0, 0, 0, 0} topEdge=<style=automatic backgroundCapture=color<<UIDynamicSystemColor: 0x10679d6c0; name = systemBackgroundColor>>>>
2026-09-07 23:05:51.606931-0700 tagmaster[45497:31733472] [ObservationTracking] Observable object key path '\ScrollPocketCollectorModel.<computed 0x0000000185316ef4 (CompactableSet<ScrollPocketReceiverBox>)>' changed; performing invalidation for [updateProperties] of: <UIScrollView: 0x115d24a00; frame = (0 0; 0 0); clipsToBounds = YES; gestureRecognizers = <NSArray: 0x115d1e4c0>; layer = <CALayer: 0x115d1d800>; contentOffset: {0, 0}; contentSize: {0, 0}; adjustedContentInset: {0, 3, 0, 3} topEdge=<style=automatic backgroundCapture=color<<UIDynamicSystemColor: 0x10679d6c0; name = systemBackgroundColor>>>>
2026-09-07 23:05:51.607147-0700 tagmaster[45497:31733472] [ObservationTracking] Observable object key path '\ScrollPocketCollectorModel.<computed 0x0000000185316ef4 (CompactableSet<ScrollPocketReceiverBox>)>' changed; performing invalidation for [updateProperties] of: <UIScrollView: 0x115d24a00; frame = (0 0; 0 0); clipsToBounds = YES; gestureRecognizers = <NSArray: 0x115d1e4c0>; layer = <CALayer: 0x115d1d800>; contentOffset: {0, 0}; contentSize: {0, 0}; adjustedContentInset: {0, 3, 0, 3} topEdge=<style=automatic backgroundCapture=color<<UIDynamicSystemColor: 0x10679d6c0; name = systemBackgroundColor>>>>
2026-09-07 23:05:51.607371-0700 tagmaster[45497:31733472] [ObservationTracking] Observable object key path '\ScrollPocketCollectorModel.<computed 0x0000000185316ef4 (CompactableSet<ScrollPocketReceiverBox>)>' changed; performing invalidation for [updateProperties] of: <UIScrollView: 0x115d25400; frame = (0 0; 0 0); clipsToBounds = YES; gestureRecognizers = <NSArray: 0x115d1fe40>; layer = <CALayer: 0x115d1fab0>; contentOffset: {0, 0}; contentSize: {0, 0}; adjustedContentInset: {0, 3, 0, 3} topEdge=<style=automatic backgroundCapture=color<<UIDynamicSystemColor: 0x10679d6c0; name = systemBackgroundColor>>>>
2026-09-07 23:05:51.607695-0700 tagmaster[45497:31733472] [ObservationTracking] Observable object key path '\ScrollPocketCollectorModel.<computed 0x0000000185316ef4 (CompactableSet<ScrollPocketReceiverBox>)>' changed; performing invalidation for [updateProperties] of: <UIScrollView: 0x115d25400; frame = (0 0; 0 0); clipsToBounds = YES; gestureRecognizers = <NSArray: 0x115d1fe40>; layer = <CALayer: 0x115d1fab0>; contentOffset: {0, 0}; contentSize: {0, 0}; adjustedContentInset: {0, 3, 0, 3} topEdge=<style=automatic backgroundCapture=color<<UIDynamicSystemColor: 0x10679d6c0; name = systemBackgroundColor>>>>
2026-09-07 23:05:51.607908-0700 tagmaster[45497:31733472] [ObservationTracking] Observable object key path '\ScrollPocketCollectorModel.<computed 0x0000000185316ef4 (CompactableSet<ScrollPocketReceiverBox>)>' changed; performing invalidation for [updateProperties] of: <UIScrollView: 0x115d24a00; frame = (0 0; 0 0); clipsToBounds = YES; gestureRecognizers = <NSArray: 0x115d1e4c0>; layer = <CALayer: 0x115d1d800>; contentOffset: {0, 0}; contentSize: {0, 0}; adjustedContentInset: {0, 3, 0, 3} topEdge=<style=automatic backgroundCapture=color<<UIDynamicSystemColor: 0x10679d6c0; name = systemBackgroundColor>>>>
2026-09-07 23:05:51.608141-0700 tagmaster[45497:31733472] [ObservationTracking] Observable object key path '\ScrollPocketCollectorModel.<computed 0x0000000185316ef4 (CompactableSet<ScrollPocketReceiverBox>)>' changed; performing invalidation for [updateProperties] of: <UIScrollView: 0x115d24000; frame = (0 0; 0 0); clipsToBounds = YES; gestureRecognizers = <NSArray: 0x115d1cab0>; layer = <CALayer: 0x115d1c720>; contentOffset: {0, 0}; contentSize: {0, 0}; adjustedContentInset: {0, 3, 0, 3} topEdge=<style=automatic backgroundCapture=color<<UIDynamicSystemColor: 0x10679d6c0; name = systemBackgroundColor>>>>
2026-09-07 23:05:51.608372-0700 tagmaster[45497:31733472] [ObservationTracking] Observable object key path '\ScrollPocketCollectorModel.<computed 0x0000000185316ef4 (CompactableSet<ScrollPocketReceiverBox>)>' changed; performing invalidation for [updateProperties] of: <UIScrollView: 0x115d24a00; frame = (0 0; 0 0); clipsToBounds = YES; gestureRecognizers = <NSArray: 0x115d1e4c0>; layer = <CALayer: 0x115d1d800>; contentOffset: {0, 0}; contentSize: {0, 0}; adjustedContentInset: {0, 3, 0, 3} topEdge=<style=automatic backgroundCapture=color<<UIDynamicSystemColor: 0x10679d6c0; name = systemBackgroundColor>>>>
2026-09-07 23:05:51.608587-0700 tagmaster[45497:31733472] [ObservationTracking] Observable object key path '\ScrollPocketCollectorModel.<computed 0x0000000185316ef4 (CompactableSet<ScrollPocketReceiverBox>)>' changed; performing invalidation for [updateProperties] of: <UIScrollView: 0x115d24000; frame = (0 0; 0 0); clipsToBounds = YES; gestureRecognizers = <NSArray: 0x115d1cab0>; layer = <CALayer: 0x115d1c720>; contentOffset: {0, 0}; contentSize: {0, 0}; adjustedContentInset: {0, 3, 0, 3} topEdge=<style=automatic backgroundCapture=color<<UIDynamicSystemColor: 0x10679d6c0; name = systemBackgroundColor>>>>
2026-09-07 23:05:51.608812-0700 tagmaster[45497:31733472] [ObservationTracking] Observable object key path '\ScrollPocketCollectorModel.<computed 0x0000000185316ef4 (CompactableSet<ScrollPocketReceiverBox>)>' changed; performing invalidation for [updateProperties] of: <UIScrollView: 0x115d25400; frame = (0 0; 0 0); clipsToBounds = YES; gestureRecognizers = <NSArray: 0x115d1fe40>; layer = <CALayer: 0x115d1fab0>; contentOffset: {0, 0}; contentSize: {0, 0}; adjustedContentInset: {0, 3, 0, 3} topEdge=<style=automatic backgroundCapture=color<<UIDynamicSystemColor: 0x10679d6c0; name = systemBackgroundColor>>>>
2026-09-07 23:05:51.624659-0700 tagmaster[45497:31733472] [RTILog] -[RTIInputSystemClient remoteTextInputSessionWithID:performInputOperation:]  perform input operation requires a valid sessionID. inputModality = Keyboard, inputOperation = <null selector>, customInfoType = UIEmojiSearchOperations
Test Case '-[DPSearchViewControllerTests testSortBySegmentedControlHasCorrectItems]' passed (0.045 seconds).
Test Case '-[DPSearchViewControllerTests testViewLoadsWithAllControls]' started.
2026-09-07 23:05:51.649927-0700 tagmaster[45497:31733472] [ObservationTracking] Observable object key path '\ScrollPocketCollectorModel.<computed 0x0000000185316ef4 (CompactableSet<ScrollPocketReceiverBox>)>' changed; performing invalidation for [updateProperties] of: <UIScrollView: 0x1090d2800; frame = (0 600; 0 0); gestureRecognizers = <NSArray: 0x1143d0510>; layer = <CALayer: 0x1143d00c0>; contentOffset: {0, 0}; contentSize: {0, 0}; adjustedContentInset: {0, 0, 0, 0} topEdge=<style=automatic backgroundCapture=color<<UIDynamicSystemColor: 0x10679d6c0; name = systemBackgroundColor>>>>
2026-09-07 23:05:51.650360-0700 tagmaster[45497:31733472] [ObservationTracking] Observable object key path '\ScrollPocketCollectorModel.<computed 0x0000000185316ef4 (CompactableSet<ScrollPocketReceiverBox>)>' changed; performing invalidation for [updateProperties] of: <UIScrollView: 0x1090d2800; frame = (0 600; 0 0); gestureRecognizers = <NSArray: 0x1143d0510>; layer = <CALayer: 0x1143d00c0>; contentOffset: {0, 0}; contentSize: {0, 0}; adjustedContentInset: {0, 0, 0, 0} topEdge=<style=automatic backgroundCapture=color<<UIDynamicSystemColor: 0x10679d6c0; name = systemBackgroundColor>>>>
2026-09-07 23:05:51.650606-0700 tagmaster[45497:31733472] [ObservationTracking] Observable object key path '\ScrollPocketCollectorModel.<computed 0x0000000185316ef4 (CompactableSet<ScrollPocketReceiverBox>)>' changed; performing invalidation for [updateProperties] of: <UIScrollView: 0x115d25400; frame = (0 0; 0 0); clipsToBounds = YES; gestureRecognizers = <NSArray: 0x115d1fe40>; layer = <CALayer: 0x115d1fab0>; contentOffset: {0, 0}; contentSize: {0, 0}; adjustedContentInset: {0, 3, 0, 3} topEdge=<style=automatic backgroundCapture=color<<UIDynamicSystemColor: 0x10679d6c0; name = systemBackgroundColor>>>>
2026-09-07 23:05:51.650824-0700 tagmaster[45497:31733472] [ObservationTracking] Observable object key path '\ScrollPocketCollectorModel.<computed 0x0000000185316ef4 (CompactableSet<ScrollPocketReceiverBox>)>' changed; performing invalidation for [updateProperties] of: <UIScrollView: 0x115d25400; frame = (0 0; 0 0); clipsToBounds = YES; gestureRecognizers = <NSArray: 0x115d1fe40>; layer = <CALayer: 0x115d1fab0>; contentOffset: {0, 0}; contentSize: {0, 0}; adjustedContentInset: {0, 3, 0, 3} topEdge=<style=automatic backgroundCapture=color<<UIDynamicSystemColor: 0x10679d6c0; name = systemBackgroundColor>>>>
2026-09-07 23:05:51.651414-0700 tagmaster[45497:31733472] [ObservationTracking] Observable object key path '\ScrollPocketCollectorModel.<computed 0x0000000185316ef4 (CompactableSet<ScrollPocketReceiverBox>)>' changed; performing invalidation for [updateProperties] of: <UIScrollView: 0x1090d2800; frame = (0 600; 0 0); gestureRecognizers = <NSArray: 0x1143d0510>; layer = <CALayer: 0x1143d00c0>; contentOffset: {0, 0}; contentSize: {0, 0}; adjustedContentInset: {0, 0, 0, 0} topEdge=<style=automatic backgroundCapture=color<<UIDynamicSystemColor: 0x10679d6c0; name = systemBackgroundColor>>>>
2026-09-07 23:05:51.651639-0700 tagmaster[45497:31733472] [ObservationTracking] Observable object key path '\ScrollPocketCollectorModel.<computed 0x0000000185316ef4 (CompactableSet<ScrollPocketReceiverBox>)>' changed; performing invalidation for [updateProperties] of: <UIScrollView: 0x115d25400; frame = (0 0; 0 0); clipsToBounds = YES; gestureRecognizers = <NSArray: 0x115d1fe40>; layer = <CALayer: 0x115d1fab0>; contentOffset: {0, 0}; contentSize: {0, 0}; adjustedContentInset: {0, 3, 0, 3} topEdge=<style=automatic backgroundCapture=color<<UIDynamicSystemColor: 0x10679d6c0; name = systemBackgroundColor>>>>
2026-09-07 23:05:51.651866-0700 tagmaster[45497:31733472] [ObservationTracking] Observable object key path '\ScrollPocketCollectorModel.<computed 0x0000000185316ef4 (CompactableSet<ScrollPocketReceiverBox>)>' changed; performing invalidation for [updateProperties] of: <UIScrollView: 0x115d24a00; frame = (0 0; 0 0); clipsToBounds = YES; gestureRecognizers = <NSArray: 0x115d1e4c0>; layer = <CALayer: 0x115d1d800>; contentOffset: {0, 0}; contentSize: {0, 0}; adjustedContentInset: {0, 3, 0, 3} topEdge=<style=automatic backgroundCapture=color<<UIDynamicSystemColor: 0x10679d6c0; name = systemBackgroundColor>>>>
2026-09-07 23:05:51.652080-0700 tagmaster[45497:31733472] [ObservationTracking] Observable object key path '\ScrollPocketCollectorModel.<computed 0x0000000185316ef4 (CompactableSet<ScrollPocketReceiverBox>)>' changed; performing invalidation for [updateProperties] of: <UIScrollView: 0x115d24a00; frame = (0 0; 0 0); clipsToBounds = YES; gestureRecognizers = <NSArray: 0x115d1e4c0>; layer = <CALayer: 0x115d1d800>; contentOffset: {0, 0}; contentSize: {0, 0}; adjustedContentInset: {0, 3, 0, 3} topEdge=<style=automatic backgroundCapture=color<<UIDynamicSystemColor: 0x10679d6c0; name = systemBackgroundColor>>>>
2026-09-07 23:05:51.652395-0700 tagmaster[45497:31733472] [ObservationTracking] Observable object key path '\ScrollPocketCollectorModel.<computed 0x0000000185316ef4 (CompactableSet<ScrollPocketReceiverBox>)>' changed; performing invalidation for [updateProperties] of: <UIScrollView: 0x115d25400; frame = (0 0; 0 0); clipsToBounds = YES; gestureRecognizers = <NSArray: 0x115d1fe40>; layer = <CALayer: 0x115d1fab0>; contentOffset: {0, 0}; contentSize: {0, 0}; adjustedContentInset: {0, 3, 0, 3} topEdge=<style=automatic backgroundCapture=color<<UIDynamicSystemColor: 0x10679d6c0; name = systemBackgroundColor>>>>
2026-09-07 23:05:51.652725-0700 tagmaster[45497:31733472] [ObservationTracking] Observable object key path '\ScrollPocketCollectorModel.<computed 0x0000000185316ef4 (CompactableSet<ScrollPocketReceiverBox>)>' changed; performing invalidation for [updateProperties] of: <UIScrollView: 0x115d25400; frame = (0 0; 0 0); clipsToBounds = YES; gestureRecognizers = <NSArray: 0x115d1fe40>; layer = <CALayer: 0x115d1fab0>; contentOffset: {0, 0}; contentSize: {0, 0}; adjustedContentInset: {0, 3, 0, 3} topEdge=<style=automatic backgroundCapture=color<<UIDynamicSystemColor: 0x10679d6c0; name = systemBackgroundColor>>>>
2026-09-07 23:05:51.652943-0700 tagmaster[45497:31733472] [ObservationTracking] Observable object key path '\ScrollPocketCollectorModel.<computed 0x0000000185316ef4 (CompactableSet<ScrollPocketReceiverBox>)>' changed; performing invalidation for [updateProperties] of: <UIScrollView: 0x115d24a00; frame = (0 0; 0 0); clipsToBounds = YES; gestureRecognizers = <NSArray: 0x115d1e4c0>; layer = <CALayer: 0x115d1d800>; contentOffset: {0, 0}; contentSize: {0, 0}; adjustedContentInset: {0, 3, 0, 3} topEdge=<style=automatic backgroundCapture=color<<UIDynamicSystemColor: 0x10679d6c0; name = systemBackgroundColor>>>>
2026-09-07 23:05:51.653184-0700 tagmaster[45497:31733472] [ObservationTracking] Observable object key path '\ScrollPocketCollectorModel.<computed 0x0000000185316ef4 (CompactableSet<ScrollPocketReceiverBox>)>' changed; performing invalidation for [updateProperties] of: <UIScrollView: 0x115d24000; frame = (0 0; 0 0); clipsToBounds = YES; gestureRecognizers = <NSArray: 0x115d1cab0>; layer = <CALayer: 0x115d1c720>; contentOffset: {0, 0}; contentSize: {0, 0}; adjustedContentInset: {0, 3, 0, 3} topEdge=<style=automatic backgroundCapture=color<<UIDynamicSystemColor: 0x10679d6c0; name = systemBackgroundColor>>>>
2026-09-07 23:05:51.653425-0700 tagmaster[45497:31733472] [ObservationTracking] Observable object key path '\ScrollPocketCollectorModel.<computed 0x0000000185316ef4 (CompactableSet<ScrollPocketReceiverBox>)>' changed; performing invalidation for [updateProperties] of: <UIScrollView: 0x115d24000; frame = (0 0; 0 0); clipsToBounds = YES; gestureRecognizers = <NSArray: 0x115d1cab0>; layer = <CALayer: 0x115d1c720>; contentOffset: {0, 0}; contentSize: {0, 0}; adjustedContentInset: {0, 3, 0, 3} topEdge=<style=automatic backgroundCapture=color<<UIDynamicSystemColor: 0x10679d6c0; name = systemBackgroundColor>>>>
2026-09-07 23:05:51.653633-0700 tagmaster[45497:31733472] [ObservationTracking] Observable object key path '\ScrollPocketCollectorModel.<computed 0x0000000185316ef4 (CompactableSet<ScrollPocketReceiverBox>)>' changed; performing invalidation for [updateProperties] of: <UIScrollView: 0x115d24a00; frame = (0 0; 0 0); clipsToBounds = YES; gestureRecognizers = <NSArray: 0x115d1e4c0>; layer = <CALayer: 0x115d1d800>; contentOffset: {0, 0}; contentSize: {0, 0}; adjustedContentInset: {0, 3, 0, 3} topEdge=<style=automatic backgroundCapture=color<<UIDynamicSystemColor: 0x10679d6c0; name = systemBackgroundColor>>>>
2026-09-07 23:05:51.653843-0700 tagmaster[45497:31733472] [ObservationTracking] Observable object key path '\ScrollPocketCollectorModel.<computed 0x0000000185316ef4 (CompactableSet<ScrollPocketReceiverBox>)>' changed; performing invalidation for [updateProperties] of: <UIScrollView: 0x115d25400; frame = (0 0; 0 0); clipsToBounds = YES; gestureRecognizers = <NSArray: 0x115d1fe40>; layer = <CALayer: 0x115d1fab0>; contentOffset: {0, 0}; contentSize: {0, 0}; adjustedContentInset: {0, 3, 0, 3} topEdge=<style=automatic backgroundCapture=color<<UIDynamicSystemColor: 0x10679d6c0; name = systemBackgroundColor>>>>
2026-09-07 23:05:51.670494-0700 tagmaster[45497:31733472] [RTILog] -[RTIInputSystemClient remoteTextInputSessionWithID:performInputOperation:]  perform input operation requires a valid sessionID. inputModality = Keyboard, inputOperation = <null selector>, customInfoType = UIEmojiSearchOperations
Test Case '-[DPSearchViewControllerTests testViewLoadsWithAllControls]' passed (0.045 seconds).
Test Suite 'DPSearchViewControllerTests' passed at 2026-09-07 23:05:51.678.
	 Executed 28 tests, with 0 failures (0 unexpected) in 1.294 (1.301) seconds
Test Suite 'DPTagModelExtendedTests' started at 2026-09-07 23:05:51.678.
Test Case '-[DPTagModelExtendedTests testAllIntegerProperties]' started.
Test Case '-[DPTagModelExtendedTests testAllIntegerProperties]' passed (0.001 seconds).
Test Case '-[DPTagModelExtendedTests testAllStringProperties]' started.
Test Case '-[DPTagModelExtendedTests testAllStringProperties]' passed (0.000 seconds).
Test Case '-[DPTagModelExtendedTests testAllURLProperties]' started.
Test Case '-[DPTagModelExtendedTests testAllURLProperties]' passed (0.000 seconds).
Test Case '-[DPTagModelExtendedTests testDateProperties]' started.
Test Case '-[DPTagModelExtendedTests testDateProperties]' passed (0.000 seconds).
Test Case '-[DPTagModelExtendedTests testDescriptionFormat]' started.
Test Case '-[DPTagModelExtendedTests testDescriptionFormat]' passed (0.000 seconds).
Test Case '-[DPTagModelExtendedTests testDescriptionWithNilTitle]' started.
Test Case '-[DPTagModelExtendedTests testDescriptionWithNilTitle]' passed (0.000 seconds).
Test Case '-[DPTagModelExtendedTests testInitSetsAppVersion]' started.
Test Case '-[DPTagModelExtendedTests testInitSetsAppVersion]' passed (0.000 seconds).
Test Case '-[DPTagModelExtendedTests testKeyNoteWithColonSuffix]' started.
Test Case '-[DPTagModelExtendedTests testKeyNoteWithColonSuffix]' passed (0.000 seconds).
Test Case '-[DPTagModelExtendedTests testKeyNoteWithEmptyKey]' started.
Test Case '-[DPTagModelExtendedTests testKeyNoteWithEmptyKey]' passed (0.001 seconds).
Test Case '-[DPTagModelExtendedTests testKeyNoteWithExtraWhitespace]' started.
Test Case '-[DPTagModelExtendedTests testKeyNoteWithExtraWhitespace]' passed (0.000 seconds).
Test Case '-[DPTagModelExtendedTests testKeyNoteWithFlatKey]' started.
Test Case '-[DPTagModelExtendedTests testKeyNoteWithFlatKey]' passed (0.000 seconds).
Test Case '-[DPTagModelExtendedTests testKeyNoteWithLowercaseKey]' started.
Test Case '-[DPTagModelExtendedTests testKeyNoteWithLowercaseKey]' passed (0.000 seconds).
Test Case '-[DPTagModelExtendedTests testKeyNoteWithMajorSuffix]' started.
Test Case '-[DPTagModelExtendedTests testKeyNoteWithMajorSuffix]' passed (0.000 seconds).
Test Case '-[DPTagModelExtendedTests testKeyNoteWithMinorSuffix]' started.
Test Case '-[DPTagModelExtendedTests testKeyNoteWithMinorSuffix]' passed (0.013 seconds).
Test Case '-[DPTagModelExtendedTests testKeyNoteWithNaturalKey]' started.
Test Case '-[DPTagModelExtendedTests testKeyNoteWithNaturalKey]' passed (0.000 seconds).
Test Case '-[DPTagModelExtendedTests testKeyNoteWithNilKey]' started.
Test Case '-[DPTagModelExtendedTests testKeyNoteWithNilKey]' passed (0.000 seconds).
Test Case '-[DPTagModelExtendedTests testKeyNoteWithSharpKey]' started.
Test Case '-[DPTagModelExtendedTests testKeyNoteWithSharpKey]' passed (0.000 seconds).
Test Case '-[DPTagModelExtendedTests testPartsVariousValues]' started.
Test Case '-[DPTagModelExtendedTests testPartsVariousValues]' passed (0.000 seconds).
Test Case '-[DPTagModelExtendedTests testPropertyOverwrite]' started.
Test Case '-[DPTagModelExtendedTests testPropertyOverwrite]' passed (0.000 seconds).
Test Case '-[DPTagModelExtendedTests testRatingProperty]' started.
Test Case '-[DPTagModelExtendedTests testRatingProperty]' passed (0.000 seconds).
Test Case '-[DPTagModelExtendedTests testRemoteLocationProperties]' started.
Test Case '-[DPTagModelExtendedTests testRemoteLocationProperties]' passed (0.000 seconds).
Test Case '-[DPTagModelExtendedTests testSpecialCharactersInStrings]' started.
Test Case '-[DPTagModelExtendedTests testSpecialCharactersInStrings]' passed (0.000 seconds).
Test Case '-[DPTagModelExtendedTests testTagUriFormat]' started.
Test Case '-[DPTagModelExtendedTests testTagUriFormat]' passed (0.000 seconds).
Test Case '-[DPTagModelExtendedTests testTagUriWithLargeId]' started.
Test Case '-[DPTagModelExtendedTests testTagUriWithLargeId]' passed (0.000 seconds).
Test Case '-[DPTagModelExtendedTests testTagUriWithZeroId]' started.
Test Case '-[DPTagModelExtendedTests testTagUriWithZeroId]' passed (0.000 seconds).
Test Case '-[DPTagModelExtendedTests testTracksAreCached]' started.
Test Case '-[DPTagModelExtendedTests testTracksAreCached]' passed (0.000 seconds).
Test Case '-[DPTagModelExtendedTests testTracksWithAllParts]' started.
Test Case '-[DPTagModelExtendedTests testTracksWithAllParts]' passed (0.000 seconds).
Test Case '-[DPTagModelExtendedTests testTracksWithAllStandardParts]' started.
Test Case '-[DPTagModelExtendedTests testTracksWithAllStandardParts]' passed (0.002 seconds).
Test Case '-[DPTagModelExtendedTests testTracksWithBaritone]' started.
Test Case '-[DPTagModelExtendedTests testTracksWithBaritone]' passed (0.000 seconds).
Test Case '-[DPTagModelExtendedTests testTracksWithBass]' started.
Test Case '-[DPTagModelExtendedTests testTracksWithBass]' passed (0.000 seconds).
Test Case '-[DPTagModelExtendedTests testTracksWithLead]' started.
Test Case '-[DPTagModelExtendedTests testTracksWithLead]' passed (0.000 seconds).
Test Case '-[DPTagModelExtendedTests testTracksWithNoTracks]' started.
Test Case '-[DPTagModelExtendedTests testTracksWithNoTracks]' passed (0.000 seconds).
Test Case '-[DPTagModelExtendedTests testTracksWithOtherParts]' started.
Test Case '-[DPTagModelExtendedTests testTracksWithOtherParts]' passed (0.000 seconds).
Test Case '-[DPTagModelExtendedTests testTracksWithTenor]' started.
Test Case '-[DPTagModelExtendedTests testTracksWithTenor]' passed (0.000 seconds).
Test Case '-[DPTagModelExtendedTests testUnicodeInStrings]' started.
Test Case '-[DPTagModelExtendedTests testUnicodeInStrings]' passed (0.000 seconds).
Test Case '-[DPTagModelExtendedTests testVideosProperty]' started.
Test Case '-[DPTagModelExtendedTests testVideosProperty]' passed (0.000 seconds).
Test Suite 'DPTagModelExtendedTests' passed at 2026-09-07 23:05:51.719.
	 Executed 36 tests, with 0 failures (0 unexpected) in 0.028 (0.041) seconds
Test Suite 'DPTagNetworkTests' started at 2026-09-07 23:05:51.719.
Test Case '-[DPTagNetworkTests testCacheKeyForIdGeneratesCorrectFormat]' started.
Test Case '-[DPTagNetworkTests testCacheKeyForIdGeneratesCorrectFormat]' passed (0.001 seconds).
Test Case '-[DPTagNetworkTests testCacheKeyInstanceMethodMatchesClassMethod]' started.
Test Case '-[DPTagNetworkTests testCacheKeyInstanceMethodMatchesClassMethod]' passed (0.000 seconds).
Test Case '-[DPTagNetworkTests testCacheSavesToMemoryAndFile]' started.
Test Case '-[DPTagNetworkTests testCacheSavesToMemoryAndFile]' passed (0.001 seconds).
Test Case '-[DPTagNetworkTests testClearCacheRemovesAll]' started.
Test Case '-[DPTagNetworkTests testClearCacheRemovesAll]' passed (0.001 seconds).
Test Case '-[DPTagNetworkTests testDescriptionFormatting]' started.
Test Case '-[DPTagNetworkTests testDescriptionFormatting]' passed (0.000 seconds).
Test Case '-[DPTagNetworkTests testEasyTagsCollectionFilter]' started.
Test Case '-[DPTagNetworkTests testEasyTagsCollectionFilter]' passed (0.008 seconds).
Test Case '-[DPTagNetworkTests testGetCurrentCacheSizeReturnsBytes]' started.
Test Case '-[DPTagNetworkTests testGetCurrentCacheSizeReturnsBytes]' passed (0.001 seconds).
Test Case '-[DPTagNetworkTests testLoadFromCacheReturnsNilWhenEmpty]' started.
Test Case '-[DPTagNetworkTests testLoadFromCacheReturnsNilWhenEmpty]' passed (0.000 seconds).
Test Case '-[DPTagNetworkTests testLoadFromCacheReturnsTag]' started.
Test Case '-[DPTagNetworkTests testLoadFromCacheReturnsTag]' passed (0.001 seconds).
Test Case '-[DPTagNetworkTests testLoadFromCacheReturnsTagFromMemoryCache]' started.
Test Case '-[DPTagNetworkTests testLoadFromCacheReturnsTagFromMemoryCache]' passed (0.000 seconds).
Test Case '-[DPTagNetworkTests testLoadTagByIdFetchesFromNetwork]' started.
Test Case '-[DPTagNetworkTests testLoadTagByIdFetchesFromNetwork]' passed (0.011 seconds).
Test Case '-[DPTagNetworkTests testLoadTagByIdRefreshBypassesCache]' started.
Test Case '-[DPTagNetworkTests testLoadTagByIdRefreshBypassesCache]' passed (0.013 seconds).
Test Case '-[DPTagNetworkTests testLoadTagByIdUsesCache]' started.
Test Case '-[DPTagNetworkTests testLoadTagByIdUsesCache]' passed (0.007 seconds).
Test Case '-[DPTagNetworkTests testQueryBuildsCorrectURLWithBasicParams]' started.
Test Case '-[DPTagNetworkTests testQueryBuildsCorrectURLWithBasicParams]' passed (0.006 seconds).
Test Case '-[DPTagNetworkTests testQueryBuildsURLWithAllFilterParams]' started.
Test Case '-[DPTagNetworkTests testQueryBuildsURLWithAllFilterParams]' passed (0.008 seconds).
Test Case '-[DPTagNetworkTests testQueryByIdsReturnsMixed]' started.
Test Case '-[DPTagNetworkTests testQueryByIdsReturnsMixed]' passed (0.112 seconds).
Test Case '-[DPTagNetworkTests testQueryByIdsSingleId]' started.
Test Case '-[DPTagNetworkTests testQueryByIdsSingleId]' passed (0.111 seconds).
Test Case '-[DPTagNetworkTests testQueryByIdsWithCache]' started.
Test Case '-[DPTagNetworkTests testQueryByIdsWithCache]' passed (0.119 seconds).
Test Case '-[DPTagNetworkTests testQueryHandlesNetworkError]' started.
Test Case '-[DPTagNetworkTests testQueryHandlesNetworkError]' passed (0.009 seconds).
Test Case '-[DPTagNetworkTests testQueryParsesResponse]' started.
Test Case '-[DPTagNetworkTests testQueryParsesResponse]' passed (0.008 seconds).
Test Case '-[DPTagNetworkTests testQueryWithEmptyQueryOmitsQParameter]' started.
Test Case '-[DPTagNetworkTests testQueryWithEmptyQueryOmitsQParameter]' passed (0.008 seconds).
Test Case '-[DPTagNetworkTests testSortByClassicSetsCollectionAutomatically]' started.
Test Case '-[DPTagNetworkTests testSortByClassicSetsCollectionAutomatically]' passed (0.006 seconds).
Test Case '-[DPTagNetworkTests testSortByDownloadedGeneratesCorrectURL]' started.
Test Case '-[DPTagNetworkTests testSortByDownloadedGeneratesCorrectURL]' passed (0.006 seconds).
Test Case '-[DPTagNetworkTests testSortByTitleGeneratesCorrectURL]' started.
Test Case '-[DPTagNetworkTests testSortByTitleGeneratesCorrectURL]' passed (0.006 seconds).
Test Case '-[DPTagNetworkTests testTagUriGeneration]' started.
Test Case '-[DPTagNetworkTests testTagUriGeneration]' passed (0.000 seconds).
Test Suite 'DPTagNetworkTests' passed at 2026-09-07 23:05:52.171.
	 Executed 25 tests, with 0 failures (0 unexpected) in 0.445 (0.452) seconds
Test Suite 'DPTagXMLParserTests' started at 2026-09-07 23:05:52.171.
Test Case '-[DPTagXMLParserTests testParseSimpleXMLPayload]' started.
Test Case '-[DPTagXMLParserTests testParseSimpleXMLPayload]' passed (0.002 seconds).
Test Suite 'DPTagXMLParserTests' passed at 2026-09-07 23:05:52.174.
	 Executed 1 test, with 0 failures (0 unexpected) in 0.002 (0.003) seconds
Test Suite 'DPTrackModelTests' started at 2026-09-07 23:05:52.174.
Test Case '-[DPTrackModelTests testAllPropertiesRoundTrip]' started.
Test Case '-[DPTrackModelTests testAllPropertiesRoundTrip]' passed (0.001 seconds).
Test Case '-[DPTrackModelTests testBasicInit]' started.
Test Case '-[DPTrackModelTests testBasicInit]' passed (0.000 seconds).
Test Case '-[DPTrackModelTests testMultipleTrackInstances]' started.
Test Case '-[DPTrackModelTests testMultipleTrackInstances]' passed (0.000 seconds).
Test Case '-[DPTrackModelTests testOtherPartNames]' started.
Test Case '-[DPTrackModelTests testOtherPartNames]' passed (0.000 seconds).
Test Case '-[DPTrackModelTests testSourceIsStrongReference]' started.
Test Case '-[DPTrackModelTests testSourceIsStrongReference]' passed (0.000 seconds).
Test Case '-[DPTrackModelTests testSourceProperty]' started.
Test Case '-[DPTrackModelTests testSourceProperty]' passed (0.000 seconds).
Test Case '-[DPTrackModelTests testSourceWithComplexURLPath]' started.
Test Case '-[DPTrackModelTests testSourceWithComplexURLPath]' passed (0.000 seconds).
Test Case '-[DPTrackModelTests testSourceWithQueryParameters]' started.
Test Case '-[DPTrackModelTests testSourceWithQueryParameters]' passed (0.000 seconds).
Test Case '-[DPTrackModelTests testSourceWithVariousFileTypes]' started.
Test Case '-[DPTrackModelTests testSourceWithVariousFileTypes]' passed (0.000 seconds).
Test Case '-[DPTrackModelTests testSourceWithVariousURLSchemes]' started.
Test Case '-[DPTrackModelTests testSourceWithVariousURLSchemes]' passed (0.000 seconds).
Test Case '-[DPTrackModelTests testStandardBarbershopPartNames]' started.
Test Case '-[DPTrackModelTests testStandardBarbershopPartNames]' passed (0.000 seconds).
Test Case '-[DPTrackModelTests testTitleProperty]' started.
Test Case '-[DPTrackModelTests testTitleProperty]' passed (0.000 seconds).
Test Case '-[DPTrackModelTests testTitleWithSpecialCharacters]' started.
Test Case '-[DPTrackModelTests testTitleWithSpecialCharacters]' passed (0.000 seconds).
Test Case '-[DPTrackModelTests testTitleWithWhitespace]' started.
Test Case '-[DPTrackModelTests testTitleWithWhitespace]' passed (0.000 seconds).
Test Case '-[DPTrackModelTests testTrackFactoryCreatesInstanceWithTitleAndSource]' started.
Test Case '-[DPTrackModelTests testTrackFactoryCreatesInstanceWithTitleAndSource]' passed (0.000 seconds).
Test Case '-[DPTrackModelTests testTrackFactoryWithBothNil]' started.
Test Case '-[DPTrackModelTests testTrackFactoryWithBothNil]' passed (0.000 seconds).
Test Case '-[DPTrackModelTests testTrackFactoryWithNilSource]' started.
Test Case '-[DPTrackModelTests testTrackFactoryWithNilSource]' passed (0.000 seconds).
Test Case '-[DPTrackModelTests testTrackFactoryWithNilTitle]' started.
Test Case '-[DPTrackModelTests testTrackFactoryWithNilTitle]' passed (0.002 seconds).
Test Case '-[DPTrackModelTests testTrackPropertyOverwrite]' started.
Test Case '-[DPTrackModelTests testTrackPropertyOverwrite]' passed (0.000 seconds).
Test Suite 'DPTrackModelTests' passed at 2026-09-07 23:05:52.185.
	 Executed 19 tests, with 0 failures (0 unexpected) in 0.008 (0.011) seconds
Test Suite 'DPVideoModelTests' started at 2026-09-07 23:05:52.185.
Test Case '-[DPVideoModelTests testAllPropertiesRoundTrip]' started.
Test Case '-[DPVideoModelTests testAllPropertiesRoundTrip]' passed (0.000 seconds).
Test Case '-[DPVideoModelTests testDescriptionProperty]' started.
Test Case '-[DPVideoModelTests testDescriptionProperty]' passed (0.000 seconds).
Test Case '-[DPVideoModelTests testDescriptionWithSpecialCharacters]' started.
Test Case '-[DPVideoModelTests testDescriptionWithSpecialCharacters]' passed (0.000 seconds).
Test Case '-[DPVideoModelTests testIsMultitrackProperty]' started.
Test Case '-[DPVideoModelTests testIsMultitrackProperty]' passed (0.000 seconds).
Test Case '-[DPVideoModelTests testMultipleVideoInstances]' started.
Test Case '-[DPVideoModelTests testMultipleVideoInstances]' passed (0.000 seconds).
Test Case '-[DPVideoModelTests testPostedDateVariousValues]' started.
Test Case '-[DPVideoModelTests testPostedDateVariousValues]' passed (0.000 seconds).
Test Case '-[DPVideoModelTests testPostedProperty]' started.
Test Case '-[DPVideoModelTests testPostedProperty]' passed (0.000 seconds).
Test Case '-[DPVideoModelTests testSungByProperty]' started.
Test Case '-[DPVideoModelTests testSungByProperty]' passed (0.000 seconds).
Test Case '-[DPVideoModelTests testSungKeyProperty]' started.
Test Case '-[DPVideoModelTests testSungKeyProperty]' passed (0.000 seconds).
Test Case '-[DPVideoModelTests testSungKeyVariousFormats]' started.
Test Case '-[DPVideoModelTests testSungKeyVariousFormats]' passed (0.000 seconds).
Test Case '-[DPVideoModelTests testSungWebsiteProperty]' started.
Test Case '-[DPVideoModelTests testSungWebsiteProperty]' passed (0.000 seconds).
Test Case '-[DPVideoModelTests testSungWebsiteVariousURLs]' started.
Test Case '-[DPVideoModelTests testSungWebsiteVariousURLs]' passed (0.000 seconds).
Test Case '-[DPVideoModelTests testVideoIdEdgeCases]' started.
Test Case '-[DPVideoModelTests testVideoIdEdgeCases]' passed (0.000 seconds).
Test Case '-[DPVideoModelTests testVideoIdProperty]' started.
Test Case '-[DPVideoModelTests testVideoIdProperty]' passed (0.000 seconds).
Test Case '-[DPVideoModelTests testVideoPropertyOverwrite]' started.
Test Case '-[DPVideoModelTests testVideoPropertyOverwrite]' passed (0.000 seconds).
Test Case '-[DPVideoModelTests testYouTubeCodeProperty]' started.
Test Case '-[DPVideoModelTests testYouTubeCodeProperty]' passed (0.000 seconds).
Test Case '-[DPVideoModelTests testYouTubeCodeVariousFormats]' started.
Test Case '-[DPVideoModelTests testYouTubeCodeVariousFormats]' passed (0.000 seconds).
Test Suite 'DPVideoModelTests' passed at 2026-09-07 23:05:52.197.
	 Executed 17 tests, with 0 failures (0 unexpected) in 0.005 (0.011) seconds
Test Suite 'TMPolishRegressionTests' started at 2026-09-07 23:05:52.199.
Test Case '-[TMPolishRegressionTests testAccessibilityFilterMenuKeepsSegmentMapping]' started.
Test Case '-[TMPolishRegressionTests testAccessibilityFilterMenuKeepsSegmentMapping]' passed (0.003 seconds).
Test Case '-[TMPolishRegressionTests testAvailabilityUsesGreenWithoutChangingSpokenLabels]' started.
Test Case '-[TMPolishRegressionTests testAvailabilityUsesGreenWithoutChangingSpokenLabels]' passed (0.003 seconds).
Test Case '-[TMPolishRegressionTests testMissingSheetDataIsNotCachedAndRetryPresentsQuickLook]' started.
2026-09-07 23:05:52.219577-0700 tagmaster[45497:31733472] [Assert] _dictationButton not yet initialized when setting up for the large content viewer.
2026-09-07 23:05:52.220578-0700 tagmaster[45497:31733472] [Assert] _dictationButton not yet initialized when setting up for the large content viewer.
2026-09-07 23:05:52.220662-0700 tagmaster[45497:31733587] [Default] Task <CA06629F-FDC5-432C-ABF7-F980C1B90983>.<1> finished with error [-1100] Error Domain=NSURLErrorDomain Code=-1100 "The requested URL was not found on this server." UserInfo={NSLocalizedDescription=The requested URL was not found on this server., NSErrorFailingURLStringKey=file:///Users/depoll/Library/Developer/CoreSimulator/Devices/C8B74E44-94F7-4CED-A47F-DFF98E34237B/data/Containers/Data/Application/38D088EC-8FB7-48CF-AB07-97A4E932F113/tmp/13989969-3C44-454E-95BD-7CC2D6E0E0CB, NSErrorFailingURLKey=file:///Users/depoll/Library/Developer/CoreSimulator/Devices/C8B74E44-94F7-4CED-A47F-DFF98E34237B/data/Containers/Data/Application/38D088EC-8FB7-48CF-AB07-97A4E932F113/tmp/13989969-3C44-454E-95BD-7CC2D6E0E0CB, _NSURLErrorRelatedURLSessionTaskErrorKey=(
    "LocalDataTask <CA06629F-FDC5-432C-ABF7-F980C1B90983>.<1>"
), _NSURLErrorFailingURLSessionTaskErrorKey=LocalDataTask <CA06629F-FDC5-432C-ABF7-F980C1B90983>.<1>, NSUnderlyingError=0x10a6d94d0 {Error Domain=kCFErrorDomainCFNetwork Code=-1100 "(null)"}}
2026-09-07 23:05:52.231957-0700 tagmaster[45497:31733472] [Assert] _dictationButton not yet initialized when setting up for the large content viewer.
2026-09-07 23:05:52.232784-0700 tagmaster[45497:31733472] [Assert] _dictationButton not yet initialized when setting up for the large content viewer.
2026-09-07 23:05:52.233784-0700 tagmaster[45497:31733472] [Assert] _dictationButton not yet initialized when setting up for the large content viewer.
2026-09-07 23:05:52.234604-0700 tagmaster[45497:31733472] [Assert] _dictationButton not yet initialized when setting up for the large content viewer.
2026-09-07 23:05:52.235487-0700 tagmaster[45497:31733472] [Assert] _dictationButton not yet initialized when setting up for the large content viewer.
2026-09-07 23:05:52.235999-0700 tagmaster[45497:31733472] [Assert] _dictationButton not yet initialized when setting up for the large content viewer.
2026-09-07 23:05:52.236751-0700 tagmaster[45497:31733472] [Assert] _dictationButton not yet initialized when setting up for the large content viewer.
2026-09-07 23:05:52.237189-0700 tagmaster[45497:31733472] [Assert] _dictationButton not yet initialized when setting up for the large content viewer.
2026-09-07 23:05:52.237834-0700 tagmaster[45497:31733472] [Assert] _dictationButton not yet initialized when setting up for the large content viewer.
2026-09-07 23:05:52.238293-0700 tagmaster[45497:31733472] [Assert] _dictationButton not yet initialized when setting up for the large content viewer.
2026-09-07 23:05:52.238919-0700 tagmaster[45497:31733472] [Assert] _dictationButton not yet initialized when setting up for the large content viewer.
2026-09-07 23:05:52.239428-0700 tagmaster[45497:31733472] [Assert] _dictationButton not yet initialized when setting up for the large content viewer.
2026-09-07 23:05:52.240033-0700 tagmaster[45497:31733472] [Assert] _dictationButton not yet initialized when setting up for the large content viewer.
2026-09-07 23:05:52.240468-0700 tagmaster[45497:31733472] [Assert] _dictationButton not yet initialized when setting up for the large content viewer.
2026-09-07 23:05:52.241200-0700 tagmaster[45497:31733472] [Assert] _dictationButton not yet initialized when setting up for the large content viewer.
2026-09-07 23:05:52.241704-0700 tagmaster[45497:31733472] [Assert] _dictationButton not yet initialized when setting up for the large content viewer.
2026-09-07 23:05:52.242430-0700 tagmaster[45497:31733472] [Assert] _dictationButton not yet initialized when setting up for the large content viewer.
2026-09-07 23:05:52.243032-0700 tagmaster[45497:31733472] [Assert] _dictationButton not yet initialized when setting up for the large content viewer.
2026-09-07 23:05:52.243951-0700 tagmaster[45497:31733472] [Assert] _dictationButton not yet initialized when setting up for the large content viewer.
2026-09-07 23:05:52.244445-0700 tagmaster[45497:31733472] [Assert] _dictationButton not yet initialized when setting up for the large content viewer.
2026-09-07 23:05:52.245098-0700 tagmaster[45497:31733472] [Assert] _dictationButton not yet initialized when setting up for the large content viewer.
2026-09-07 23:05:52.245560-0700 tagmaster[45497:31733472] [Assert] _dictationButton not yet initialized when setting up for the large content viewer.
2026-09-07 23:05:52.246156-0700 tagmaster[45497:31733472] [Assert] _dictationButton not yet initialized when setting up for the large content viewer.
2026-09-07 23:05:52.246638-0700 tagmaster[45497:31733472] [Assert] _dictationButton not yet initialized when setting up for the large content viewer.
2026-09-07 23:05:52.247350-0700 tagmaster[45497:31733472] [Assert] _dictationButton not yet initialized when setting up for the large content viewer.
2026-09-07 23:05:52.247797-0700 tagmaster[45497:31733472] [Assert] _dictationButton not yet initialized when setting up for the large content viewer.
2026-09-07 23:05:52.248436-0700 tagmaster[45497:31733472] [Assert] _dictationButton not yet initialized when setting up for the large content viewer.
2026-09-07 23:05:52.248863-0700 tagmaster[45497:31733472] [Assert] _dictationButton not yet initialized when setting up for the large content viewer.
2026-09-07 23:05:52.249477-0700 tagmaster[45497:31733472] [Assert] _dictationButton not yet initialized when setting up for the large content viewer.
2026-09-07 23:05:52.249980-0700 tagmaster[45497:31733472] [Assert] _dictationButton not yet initialized when setting up for the large content viewer.
2026-09-07 23:05:52.250620-0700 tagmaster[45497:31733472] [Assert] _dictationButton not yet initialized when setting up for the large content viewer.
2026-09-07 23:05:52.251110-0700 tagmaster[45497:31733472] [Assert] _dictationButton not yet initialized when setting up for the large content viewer.
2026-09-07 23:05:52.251821-0700 tagmaster[45497:31733472] [Assert] _dictationButton not yet initialized when setting up for the large content viewer.
2026-09-07 23:05:52.252423-0700 tagmaster[45497:31733472] [Assert] _dictationButton not yet initialized when setting up for the large content viewer.
2026-09-07 23:05:52.253144-0700 tagmaster[45497:31733472] [Assert] _dictationButton not yet initialized when setting up for the large content viewer.
2026-09-07 23:05:52.253699-0700 tagmaster[45497:31733472] [Assert] _dictationButton not yet initialized when setting up for the large content viewer.
2026-09-07 23:05:52.254357-0700 tagmaster[45497:31733472] [Assert] _dictationButton not yet initialized when setting up for the large content viewer.
2026-09-07 23:05:52.254854-0700 tagmaster[45497:31733472] [Assert] _dictationButton not yet initialized when setting up for the large content viewer.
2026-09-07 23:05:52.255487-0700 tagmaster[45497:31733472] [Assert] _dictationButton not yet initialized when setting up for the large content viewer.
2026-09-07 23:05:52.256066-0700 tagmaster[45497:31733472] [Assert] _dictationButton not yet initialized when setting up for the large content viewer.
2026-09-07 23:05:52.257022-0700 tagmaster[45497:31733472] [Assert] _dictationButton not yet initialized when setting up for the large content viewer.
2026-09-07 23:05:52.257697-0700 tagmaster[45497:31733472] [Assert] _dictationButton not yet initialized when setting up for the large content viewer.
2026-09-07 23:05:52.258439-0700 tagmaster[45497:31733472] [Assert] _dictationButton not yet initialized when setting up for the large content viewer.
2026-09-07 23:05:52.258943-0700 tagmaster[45497:31733472] [Assert] _dictationButton not yet initialized when setting up for the large content viewer.
2026-09-07 23:05:52.259584-0700 tagmaster[45497:31733472] [Assert] _dictationButton not yet initialized when setting up for the large content viewer.
2026-09-07 23:05:52.260031-0700 tagmaster[45497:31733472] [Assert] _dictationButton not yet initialized when setting up for the large content viewer.
2026-09-07 23:05:52.260712-0700 tagmaster[45497:31733472] [Assert] _dictationButton not yet initialized when setting up for the large content viewer.
2026-09-07 23:05:52.261173-0700 tagmaster[45497:31733472] [Assert] _dictationButton not yet initialized when setting up for the large content viewer.
2026-09-07 23:05:52.261830-0700 tagmaster[45497:31733472] [Assert] _dictationButton not yet initialized when setting up for the large content viewer.
2026-09-07 23:05:52.262234-0700 tagmaster[45497:31733472] [Assert] _dictationButton not yet initialized when setting up for the large content viewer.
2026-09-07 23:05:52.262871-0700 tagmaster[45497:31733472] [Assert] _dictationButton not yet initialized when setting up for the large content viewer.
2026-09-07 23:05:52.263499-0700 tagmaster[45497:31733472] [Assert] _dictationButton not yet initialized when setting up for the large content viewer.
2026-09-07 23:05:52.264222-0700 tagmaster[45497:31733472] [Assert] _dictationButton not yet initialized when setting up for the large content viewer.
2026-09-07 23:05:52.264667-0700 tagmaster[45497:31733472] [Assert] _dictationButton not yet initialized when setting up for the large content viewer.
2026-09-07 23:05:52.321097-0700 tagmaster[45497:31733472] Unbalanced calls to begin/end appearance transitions for <UINavigationController: 0x106718000>.
2026-09-07 23:05:52.322097-0700 tagmaster[45497:31733472] Unbalanced calls to begin/end appearance transitions for <UINavigationController: 0x106718c00>.
2026-09-07 23:05:52.323281-0700 tagmaster[45497:31733472] Unbalanced calls to begin/end appearance transitions for <UINavigationController: 0x10671aa00>.
2026-09-07 23:05:52.324041-0700 tagmaster[45497:31733472] Unbalanced calls to begin/end appearance transitions for <UINavigationController: 0x10671b000>.
2026-09-07 23:05:52.324739-0700 tagmaster[45497:31733472] Unbalanced calls to begin/end appearance transitions for <UINavigationController: 0x10671b600>.
2026-09-07 23:05:52.324918-0700 tagmaster[45497:31733472] Unbalanced calls to begin/end appearance transitions for <UINavigationController: 0x118318000>.
2026-09-07 23:05:52.325776-0700 tagmaster[45497:31733472] Unbalanced calls to begin/end appearance transitions for <UINavigationController: 0x118318600>.
2026-09-07 23:05:52.326489-0700 tagmaster[45497:31733472] Unbalanced calls to begin/end appearance transitions for <UINavigationController: 0x118318c00>.
2026-09-07 23:05:52.327229-0700 tagmaster[45497:31733472] Unbalanced calls to begin/end appearance transitions for <UINavigationController: 0x118319200>.
2026-09-07 23:05:52.329437-0700 tagmaster[45497:31733472] Unbalanced calls to begin/end appearance transitions for <UINavigationController: 0x118319e00>.
2026-09-07 23:05:52.331780-0700 tagmaster[45497:31733472] Unbalanced calls to begin/end appearance transitions for <UINavigationController: 0x11831aa00>.
2026-09-07 23:05:52.333670-0700 tagmaster[45497:31733472] Unbalanced calls to begin/end appearance transitions for <UINavigationController: 0x11831b600>.
2026-09-07 23:05:52.335470-0700 tagmaster[45497:31733472] Unbalanced calls to begin/end appearance transitions for <UINavigationController: 0x1186f8600>.
2026-09-07 23:05:52.337546-0700 tagmaster[45497:31733472] Unbalanced calls to begin/end appearance transitions for <UINavigationController: 0x1186f9200>.
2026-09-07 23:05:52.339377-0700 tagmaster[45497:31733472] Unbalanced calls to begin/end appearance transitions for <UINavigationController: 0x1186f9e00>.
2026-09-07 23:05:52.341707-0700 tagmaster[45497:31733472] Unbalanced calls to begin/end appearance transitions for <UINavigationController: 0x1186faa00>.
2026-09-07 23:05:52.343972-0700 tagmaster[45497:31733472] Unbalanced calls to begin/end appearance transitions for <UINavigationController: 0x1186fb600>.
2026-09-07 23:05:52.346475-0700 tagmaster[45497:31733472] Unbalanced calls to begin/end appearance transitions for <UINavigationController: 0x118b58600>.
2026-09-07 23:05:52.348537-0700 tagmaster[45497:31733472] Unbalanced calls to begin/end appearance transitions for <UINavigationController: 0x118b59200>.
2026-09-07 23:05:52.350667-0700 tagmaster[45497:31733472] Unbalanced calls to begin/end appearance transitions for <UINavigationController: 0x118b59e00>.
2026-09-07 23:05:52.352491-0700 tagmaster[45497:31733472] Unbalanced calls to begin/end appearance transitions for <UINavigationController: 0x118b5aa00>.
2026-09-07 23:05:52.354869-0700 tagmaster[45497:31733472] Unbalanced calls to begin/end appearance transitions for <UINavigationController: 0x118b5b600>.
2026-09-07 23:05:52.354981-0700 tagmaster[45497:31733472] Unbalanced calls to begin/end appearance transitions for <UINavigationController: 0x119020600>.
2026-09-07 23:05:52.357266-0700 tagmaster[45497:31733472] Unbalanced calls to begin/end appearance transitions for <UINavigationController: 0x119021200>.
2026-09-07 23:05:52.359447-0700 tagmaster[45497:31733472] Unbalanced calls to begin/end appearance transitions for <UINavigationController: 0x119021e00>.
2026-09-07 23:05:52.362010-0700 tagmaster[45497:31733472] Unbalanced calls to begin/end appearance transitions for <UINavigationController: 0x119022a00>.
2026-09-07 23:05:52.364207-0700 tagmaster[45497:31733472] Unbalanced calls to begin/end appearance transitions for <UINavigationController: 0x119023600>.
2026-09-07 23:05:52.366604-0700 tagmaster[45497:31733472] Unbalanced calls to begin/end appearance transitions for <UINavigationController: 0x119544600>.
2026-09-07 23:05:52.369171-0700 tagmaster[45497:31733472] Unbalanced calls to begin/end appearance transitions for <UINavigationController: 0x119545200>.
2026-09-07 23:05:52.371792-0700 tagmaster[45497:31733472] Unbalanced calls to begin/end appearance transitions for <UINavigationController: 0x119545e00>.
2026-09-07 23:05:52.374188-0700 tagmaster[45497:31733472] Unbalanced calls to begin/end appearance transitions for <UINavigationController: 0x119546a00>.
2026-09-07 23:05:52.376541-0700 tagmaster[45497:31733472] Unbalanced calls to begin/end appearance transitions for <UINavigationController: 0x119547600>.
2026-09-07 23:05:52.378592-0700 tagmaster[45497:31733472] Unbalanced calls to begin/end appearance transitions for <UINavigationController: 0x119a78600>.
2026-09-07 23:05:52.380435-0700 tagmaster[45497:31733472] Unbalanced calls to begin/end appearance transitions for <UINavigationController: 0x119a79200>.
2026-09-07 23:05:52.382212-0700 tagmaster[45497:31733472] Unbalanced calls to begin/end appearance transitions for <UINavigationController: 0x119a79e00>.
2026-09-07 23:05:52.383839-0700 tagmaster[45497:31733472] Unbalanced calls to begin/end appearance transitions for <UINavigationController: 0x119a7aa00>.
Test Case '-[TMPolishRegressionTests testMissingSheetDataIsNotCachedAndRetryPresentsQuickLook]' passed (2.062 seconds).
Test Case '-[TMPolishRegressionTests testMissingTrackOffersRetry]' started.
2026-09-07 23:05:54.274327-0700 tagmaster[45497:31735153] [] <<<< FigFile >>>> signalled err=-17913 at <>:745
2026-09-07 23:05:55.311940-0700 tagmaster[45497:31735153] [] <<<< FigFile >>>> signalled err=-17913 at <>:745
Test Case '-[TMPolishRegressionTests testMissingTrackOffersRetry]' passed (2.077 seconds).
Test Case '-[TMPolishRegressionTests testNilLoadBalancesBusyAndRetryLoadsTag]' started.
Test Case '-[TMPolishRegressionTests testNilLoadBalancesBusyAndRetryLoadsTag]' passed (3.102 seconds).
Test Case '-[TMPolishRegressionTests testPitchActivationAndFormTargets]' started.
2026-09-07 23:05:59.489884-0700 tagmaster[45497:31733592] [plugin] AddInstanceForFactory: No factory registered for id <CFUUID 0x10663d680> F8BB1C28-BAE8-11D6-9C31-00039315CD46
2026-09-07 23:05:59.544708-0700 tagmaster[45497:31733472] [TableView] Warning once only: UITableView was told to layout its visible cells and other contents without being in the view hierarchy (the table view or one of its superviews has not been added to a window). This may cause bugs by forcing views inside the table view to load and perform layout without accurate information (e.g. table view bounds, trait collection, layout margins, safe area insets, etc), and will also cause unnecessary performance overhead due to extra layout passes. Make a symbolic breakpoint at UITableViewAlertForLayoutOutsideViewHierarchy to catch this in the debugger and see what caused this to occur, so you can avoid this action altogether if possible, or defer it until the table view has been added to a window. Table view: <UITableView: 0x118204000; frame = (0 0; 320 700); clipsToBounds = YES; gestureRecognizers = <NSArray: 0x114142520>; backgroundColor = UIExtendedGrayColorSpace 0 0; layer = <CALayer: 0x118025f20>; contentOffset: {0, 0}; contentSize: {320, 227.66666666666666}; adjustedContentInset: {0, 0, 0, 0}; dataSource: <TMTestTracks: 0x118101400>>
Test Case '-[TMPolishRegressionTests testPitchActivationAndFormTargets]' passed (0.100 seconds).
Test Case '-[TMPolishRegressionTests testQueryFailureRetryAndExhaustedRefresh]' started.
Test Case '-[TMPolishRegressionTests testQueryFailureRetryAndExhaustedRefresh]' passed (3.198 seconds).
Test Case '-[TMPolishRegressionTests testRandomFailureAndEmptyResultRecover]' started.
Test Case '-[TMPolishRegressionTests testRandomFailureAndEmptyResultRecover]' passed (2.079 seconds).
Test Case '-[TMPolishRegressionTests testRateAnchorNamesAndFailureRetry]' started.
Test Case '-[TMPolishRegressionTests testRateAnchorNamesAndFailureRetry]' passed (2.051 seconds).
Test Case '-[TMPolishRegressionTests testRecoveryAlertHasRetryAndCancel]' started.
Test Case '-[TMPolishRegressionTests testRecoveryAlertHasRetryAndCancel]' passed (0.004 seconds).
Test Case '-[TMPolishRegressionTests testSelfSizingRowsAndSpokenAvailability]' started.
Test Case '-[TMPolishRegressionTests testSelfSizingRowsAndSpokenAvailability]' passed (0.013 seconds).
Test Case '-[TMPolishRegressionTests testShareAnchorAndNamedToolbar]' started.
Test Case '-[TMPolishRegressionTests testShareAnchorAndNamedToolbar]' passed (0.016 seconds).
Test Case '-[TMPolishRegressionTests testSummaryBrandButtonsAndTintChanges]' started.
Test Case '-[TMPolishRegressionTests testSummaryBrandButtonsAndTintChanges]' passed (0.010 seconds).
Test Case '-[TMPolishRegressionTests testTeachableAlwaysDiscoverableAndEmptyGuidance]' started.
Test Case '-[TMPolishRegressionTests testTeachableAlwaysDiscoverableAndEmptyGuidance]' passed (0.006 seconds).
Test Suite 'TMPolishRegressionTests' passed at 2026-09-07 23:06:06.929.
	 Executed 14 tests, with 0 failures (0 unexpected) in 14.725 (14.730) seconds
Test Suite 'TMSummaryLayoutRegressionTests' started at 2026-09-07 23:06:06.930.
Test Case '-[TMSummaryLayoutRegressionTests testLongAX5RowsHugTextAfterTwoPageSwitches]' started.
2026-09-07 23:06:06.982558-0700 tagmaster[45497:31733472] [Utilities] Cannot issue sandbox extension for URL:http://tags.depoll.com/tag.php?id=1809
2026-09-07 23:06:07.045209-0700 tagmaster[45497:31733472] TM_SUMMARY fixture=long AX5 viewport=393
2026-09-07 23:06:07.045283-0700 tagmaster[45497:31733472] TM_SUMMARY cycle=0 titleLabel width=361.0 y=4.0 height=341.3 text=341.3 hugging=250 compression=750
2026-09-07 23:06:07.045323-0700 tagmaster[45497:31733472] TM_SUMMARY cycle=0 akaLabel width=361.0 y=345.3 height=260.7 text=260.7 hugging=250 compression=750
2026-09-07 23:06:07.045368-0700 tagmaster[45497:31733472] TM_SUMMARY cycle=0 partsLabel width=353.0 y=704.7 height=63.3 text=63.3 hugging=250 compression=750
2026-09-07 23:06:07.045405-0700 tagmaster[45497:31733472] TM_SUMMARY cycle=0 typeLabel width=353.0 y=768.0 height=63.3 text=63.3 hugging=250 compression=750
2026-09-07 23:06:07.045436-0700 tagmaster[45497:31733472] TM_SUMMARY cycle=0 classicTagNumberLabel width=353.0 y=930.0 height=63.3 text=63.3 hugging=250 compression=750
2026-09-07 23:06:07.045466-0700 tagmaster[45497:31733472] TM_SUMMARY cycle=0 lyricsLabel width=353.0 y=1124.7 height=1303.3 text=1303.3 hugging=250 compression=750
2026-09-07 23:06:07.045503-0700 tagmaster[45497:31733472] TM_SUMMARY cycle=0 notesLabel width=353.0 y=2436.0 height=745.3 text=745.3 hugging=250 compression=750
2026-09-07 23:06:07.045632-0700 tagmaster[45497:31733472] TM_SUMMARY cycle=0 lyrics headingToBody=0.0
2026-09-07 23:06:07.045797-0700 tagmaster[45497:31733472] TM_SUMMARY cycle=0 notes headingToBody=0.0
2026-09-07 23:06:07.045857-0700 tagmaster[45497:31733472] TM_SUMMARY cycle=0 content=3185.3 budget=3241.3
2026-09-07 23:06:07.161186-0700 tagmaster[45497:31733472] TM_SUMMARY cycle=1 titleLabel width=361.0 y=4.0 height=341.3 text=341.3 hugging=250 compression=750
2026-09-07 23:06:07.161287-0700 tagmaster[45497:31733472] TM_SUMMARY cycle=1 akaLabel width=361.0 y=345.3 height=260.7 text=260.7 hugging=250 compression=750
2026-09-07 23:06:07.161352-0700 tagmaster[45497:31733472] TM_SUMMARY cycle=1 partsLabel width=353.0 y=704.7 height=63.3 text=63.3 hugging=250 compression=750
2026-09-07 23:06:07.161398-0700 tagmaster[45497:31733472] TM_SUMMARY cycle=1 typeLabel width=353.0 y=768.0 height=63.3 text=63.3 hugging=250 compression=750
2026-09-07 23:06:07.161439-0700 tagmaster[45497:31733472] TM_SUMMARY cycle=1 classicTagNumberLabel width=353.0 y=930.0 height=63.3 text=63.3 hugging=250 compression=750
2026-09-07 23:06:07.161473-0700 tagmaster[45497:31733472] TM_SUMMARY cycle=1 lyricsLabel width=353.0 y=1124.7 height=1303.3 text=1303.3 hugging=250 compression=750
2026-09-07 23:06:07.161502-0700 tagmaster[45497:31733472] TM_SUMMARY cycle=1 notesLabel width=353.0 y=2436.0 height=745.3 text=745.3 hugging=250 compression=750
2026-09-07 23:06:07.161596-0700 tagmaster[45497:31733472] TM_SUMMARY cycle=1 lyrics headingToBody=0.0
2026-09-07 23:06:07.161797-0700 tagmaster[45497:31733472] TM_SUMMARY cycle=1 notes headingToBody=0.0
2026-09-07 23:06:07.161892-0700 tagmaster[45497:31733472] TM_SUMMARY cycle=1 content=3185.3 budget=3241.3
2026-09-07 23:06:07.271801-0700 tagmaster[45497:31733472] TM_SUMMARY cycle=2 titleLabel width=361.0 y=4.0 height=341.3 text=341.3 hugging=250 compression=750
2026-09-07 23:06:07.271914-0700 tagmaster[45497:31733472] TM_SUMMARY cycle=2 akaLabel width=361.0 y=345.3 height=260.7 text=260.7 hugging=250 compression=750
2026-09-07 23:06:07.271998-0700 tagmaster[45497:31733472] TM_SUMMARY cycle=2 partsLabel width=353.0 y=704.7 height=63.3 text=63.3 hugging=250 compression=750
2026-09-07 23:06:07.272083-0700 tagmaster[45497:31733472] TM_SUMMARY cycle=2 typeLabel width=353.0 y=768.0 height=63.3 text=63.3 hugging=250 compression=750
2026-09-07 23:06:07.272151-0700 tagmaster[45497:31733472] TM_SUMMARY cycle=2 classicTagNumberLabel width=353.0 y=930.0 height=63.3 text=63.3 hugging=250 compression=750
2026-09-07 23:06:07.272209-0700 tagmaster[45497:31733472] TM_SUMMARY cycle=2 lyricsLabel width=353.0 y=1124.7 height=1303.3 text=1303.3 hugging=250 compression=750
2026-09-07 23:06:07.272267-0700 tagmaster[45497:31733472] TM_SUMMARY cycle=2 notesLabel width=353.0 y=2436.0 height=745.3 text=745.3 hugging=250 compression=750
2026-09-07 23:06:07.272397-0700 tagmaster[45497:31733472] TM_SUMMARY cycle=2 lyrics headingToBody=0.0
2026-09-07 23:06:07.272645-0700 tagmaster[45497:31733472] TM_SUMMARY cycle=2 notes headingToBody=0.0
2026-09-07 23:06:07.272766-0700 tagmaster[45497:31733472] TM_SUMMARY cycle=2 content=3185.3 budget=3241.3
2026-09-07 23:06:07.385373-0700 tagmaster[45497:31733472] TM_SUMMARY cycle=3 titleLabel width=361.0 y=4.0 height=341.3 text=341.3 hugging=250 compression=750
2026-09-07 23:06:07.385515-0700 tagmaster[45497:31733472] TM_SUMMARY cycle=3 akaLabel width=361.0 y=345.3 height=260.7 text=260.7 hugging=250 compression=750
2026-09-07 23:06:07.385605-0700 tagmaster[45497:31733472] TM_SUMMARY cycle=3 partsLabel width=353.0 y=704.7 height=63.3 text=63.3 hugging=250 compression=750
2026-09-07 23:06:07.385685-0700 tagmaster[45497:31733472] TM_SUMMARY cycle=3 typeLabel width=353.0 y=768.0 height=63.3 text=63.3 hugging=250 compression=750
2026-09-07 23:06:07.385751-0700 tagmaster[45497:31733472] TM_SUMMARY cycle=3 classicTagNumberLabel width=353.0 y=930.0 height=63.3 text=63.3 hugging=250 compression=750
2026-09-07 23:06:07.385808-0700 tagmaster[45497:31733472] TM_SUMMARY cycle=3 lyricsLabel width=353.0 y=1124.7 height=1303.3 text=1303.3 hugging=250 compression=750
2026-09-07 23:06:07.385864-0700 tagmaster[45497:31733472] TM_SUMMARY cycle=3 notesLabel width=353.0 y=2436.0 height=745.3 text=745.3 hugging=250 compression=750
2026-09-07 23:06:07.386056-0700 tagmaster[45497:31733472] TM_SUMMARY cycle=3 lyrics headingToBody=0.0
2026-09-07 23:06:07.386376-0700 tagmaster[45497:31733472] TM_SUMMARY cycle=3 notes headingToBody=0.0
2026-09-07 23:06:07.386549-0700 tagmaster[45497:31733472] TM_SUMMARY cycle=3 content=3185.3 budget=3241.3
2026-09-07 23:06:07.500983-0700 tagmaster[45497:31733472] TM_SUMMARY fixture=long AX5 viewport=834
2026-09-07 23:06:07.501089-0700 tagmaster[45497:31733472] TM_SUMMARY cycle=0 titleLabel width=802.0 y=4.0 height=137.3 text=137.3 hugging=250 compression=750
2026-09-07 23:06:07.501141-0700 tagmaster[45497:31733472] TM_SUMMARY cycle=0 akaLabel width=802.0 y=141.3 height=130.7 text=130.7 hugging=250 compression=750
2026-09-07 23:06:07.501191-0700 tagmaster[45497:31733472] TM_SUMMARY cycle=0 partsLabel width=558.0 y=370.7 height=63.3 text=63.3 hugging=250 compression=750
2026-09-07 23:06:07.501232-0700 tagmaster[45497:31733472] TM_SUMMARY cycle=0 typeLabel width=558.0 y=434.0 height=63.3 text=63.3 hugging=250 compression=750
2026-09-07 23:06:07.501268-0700 tagmaster[45497:31733472] TM_SUMMARY cycle=0 classicTagNumberLabel width=558.0 y=596.0 height=63.3 text=63.3 hugging=250 compression=750
2026-09-07 23:06:07.501304-0700 tagmaster[45497:31733472] TM_SUMMARY cycle=0 lyricsLabel width=558.0 y=742.7 height=1117.3 text=1117.3 hugging=250 compression=750
2026-09-07 23:06:07.501338-0700 tagmaster[45497:31733472] TM_SUMMARY cycle=0 notesLabel width=558.0 y=1868.0 height=435.3 text=435.3 hugging=250 compression=750
2026-09-07 23:06:07.501509-0700 tagmaster[45497:31733472] TM_SUMMARY cycle=0 lyrics headingToBody=0.0
2026-09-07 23:06:07.501644-0700 tagmaster[45497:31733472] TM_SUMMARY cycle=0 notes headingToBody=0.0
2026-09-07 23:06:07.501717-0700 tagmaster[45497:31733472] TM_SUMMARY cycle=0 content=2307.3 budget=2363.3
2026-09-07 23:06:07.615166-0700 tagmaster[45497:31733472] TM_SUMMARY cycle=1 titleLabel width=802.0 y=4.0 height=137.3 text=137.3 hugging=250 compression=750
2026-09-07 23:06:07.615255-0700 tagmaster[45497:31733472] TM_SUMMARY cycle=1 akaLabel width=802.0 y=141.3 height=130.7 text=130.7 hugging=250 compression=750
2026-09-07 23:06:07.615316-0700 tagmaster[45497:31733472] TM_SUMMARY cycle=1 partsLabel width=558.0 y=370.7 height=63.3 text=63.3 hugging=250 compression=750
2026-09-07 23:06:07.615371-0700 tagmaster[45497:31733472] TM_SUMMARY cycle=1 typeLabel width=558.0 y=434.0 height=63.3 text=63.3 hugging=250 compression=750
2026-09-07 23:06:07.615416-0700 tagmaster[45497:31733472] TM_SUMMARY cycle=1 classicTagNumberLabel width=558.0 y=596.0 height=63.3 text=63.3 hugging=250 compression=750
2026-09-07 23:06:07.615469-0700 tagmaster[45497:31733472] TM_SUMMARY cycle=1 lyricsLabel width=558.0 y=742.7 height=1117.3 text=1117.3 hugging=250 compression=750
2026-09-07 23:06:07.615522-0700 tagmaster[45497:31733472] TM_SUMMARY cycle=1 notesLabel width=558.0 y=1868.0 height=435.3 text=435.3 hugging=250 compression=750
2026-09-07 23:06:07.615623-0700 tagmaster[45497:31733472] TM_SUMMARY cycle=1 lyrics headingToBody=0.0
2026-09-07 23:06:07.615806-0700 tagmaster[45497:31733472] TM_SUMMARY cycle=1 notes headingToBody=0.0
2026-09-07 23:06:07.615941-0700 tagmaster[45497:31733472] TM_SUMMARY cycle=1 content=2307.3 budget=2363.3
2026-09-07 23:06:07.724368-0700 tagmaster[45497:31733472] TM_SUMMARY cycle=2 titleLabel width=802.0 y=4.0 height=137.3 text=137.3 hugging=250 compression=750
2026-09-07 23:06:07.724625-0700 tagmaster[45497:31733472] TM_SUMMARY cycle=2 akaLabel width=802.0 y=141.3 height=130.7 text=130.7 hugging=250 compression=750
2026-09-07 23:06:07.724716-0700 tagmaster[45497:31733472] TM_SUMMARY cycle=2 partsLabel width=558.0 y=370.7 height=63.3 text=63.3 hugging=250 compression=750
2026-09-07 23:06:07.724809-0700 tagmaster[45497:31733472] TM_SUMMARY cycle=2 typeLabel width=558.0 y=434.0 height=63.3 text=63.3 hugging=250 compression=750
2026-09-07 23:06:07.724886-0700 tagmaster[45497:31733472] TM_SUMMARY cycle=2 classicTagNumberLabel width=558.0 y=596.0 height=63.3 text=63.3 hugging=250 compression=750
2026-09-07 23:06:07.724978-0700 tagmaster[45497:31733472] TM_SUMMARY cycle=2 lyricsLabel width=558.0 y=742.7 height=1117.3 text=1117.3 hugging=250 compression=750
2026-09-07 23:06:07.725059-0700 tagmaster[45497:31733472] TM_SUMMARY cycle=2 notesLabel width=558.0 y=1868.0 height=435.3 text=435.3 hugging=250 compression=750
2026-09-07 23:06:07.725265-0700 tagmaster[45497:31733472] TM_SUMMARY cycle=2 lyrics headingToBody=0.0
2026-09-07 23:06:07.725606-0700 tagmaster[45497:31733472] TM_SUMMARY cycle=2 notes headingToBody=0.0
2026-09-07 23:06:07.725847-0700 tagmaster[45497:31733472] TM_SUMMARY cycle=2 content=2307.3 budget=2363.3
2026-09-07 23:06:07.843883-0700 tagmaster[45497:31733472] TM_SUMMARY cycle=3 titleLabel width=802.0 y=4.0 height=137.3 text=137.3 hugging=250 compression=750
2026-09-07 23:06:07.844157-0700 tagmaster[45497:31733472] TM_SUMMARY cycle=3 akaLabel width=802.0 y=141.3 height=130.7 text=130.7 hugging=250 compression=750
2026-09-07 23:06:07.844240-0700 tagmaster[45497:31733472] TM_SUMMARY cycle=3 partsLabel width=558.0 y=370.7 height=63.3 text=63.3 hugging=250 compression=750
2026-09-07 23:06:07.844313-0700 tagmaster[45497:31733472] TM_SUMMARY cycle=3 typeLabel width=558.0 y=434.0 height=63.3 text=63.3 hugging=250 compression=750
2026-09-07 23:06:07.844380-0700 tagmaster[45497:31733472] TM_SUMMARY cycle=3 classicTagNumberLabel width=558.0 y=596.0 height=63.3 text=63.3 hugging=250 compression=750
2026-09-07 23:06:07.844450-0700 tagmaster[45497:31733472] TM_SUMMARY cycle=3 lyricsLabel width=558.0 y=742.7 height=1117.3 text=1117.3 hugging=250 compression=750
2026-09-07 23:06:07.844526-0700 tagmaster[45497:31733472] TM_SUMMARY cycle=3 notesLabel width=558.0 y=1868.0 height=435.3 text=435.3 hugging=250 compression=750
2026-09-07 23:06:07.844690-0700 tagmaster[45497:31733472] TM_SUMMARY cycle=3 lyrics headingToBody=0.0
2026-09-07 23:06:07.844937-0700 tagmaster[45497:31733472] TM_SUMMARY cycle=3 notes headingToBody=0.0
2026-09-07 23:06:07.845102-0700 tagmaster[45497:31733472] TM_SUMMARY cycle=3 content=2307.3 budget=2363.3
Test Case '-[TMSummaryLayoutRegressionTests testLongAX5RowsHugTextAfterTwoPageSwitches]' passed (0.929 seconds).
Test Case '-[TMSummaryLayoutRegressionTests testLostRowsHugTextAfterTwoPageSwitches]' started.
2026-09-07 23:06:07.952682-0700 tagmaster[45497:31733472] TM_SUMMARY fixture=Lost large viewport=393
2026-09-07 23:06:07.952791-0700 tagmaster[45497:31733472] TM_SUMMARY cycle=0 titleLabel width=361.0 y=4.0 height=33.7 text=33.7 hugging=250 compression=750
2026-09-07 23:06:07.952843-0700 tagmaster[45497:31733472] TM_SUMMARY cycle=0 akaLabel width=361.0 y=37.7 height=24.0 text=24.0 hugging=250 compression=750
2026-09-07 23:06:07.952878-0700 tagmaster[45497:31733472] TM_SUMMARY cycle=0 partsLabel width=309.0 y=121.7 height=20.3 text=20.3 hugging=250 compression=750
2026-09-07 23:06:07.952930-0700 tagmaster[45497:31733472] TM_SUMMARY cycle=0 typeLabel width=309.0 y=142.0 height=20.3 text=20.3 hugging=250 compression=750
2026-09-07 23:06:07.952973-0700 tagmaster[45497:31733472] TM_SUMMARY cycle=0 lyricsLabel width=309.0 y=254.3 height=64.3 text=64.3 hugging=250 compression=750
2026-09-07 23:06:07.953018-0700 tagmaster[45497:31733472] TM_SUMMARY cycle=0 notesLabel width=309.0 y=326.7 height=20.3 text=20.3 hugging=250 compression=750
2026-09-07 23:06:07.953130-0700 tagmaster[45497:31733472] TM_SUMMARY cycle=0 lyrics headingToBody=0.0
2026-09-07 23:06:07.953177-0700 tagmaster[45497:31733472] TM_SUMMARY cycle=0 notes headingToBody=0.0
2026-09-07 23:06:07.953214-0700 tagmaster[45497:31733472] TM_SUMMARY cycle=0 content=351.0 budget=407.0
2026-09-07 23:06:08.067473-0700 tagmaster[45497:31733472] TM_SUMMARY cycle=1 titleLabel width=361.0 y=4.0 height=33.7 text=33.7 hugging=250 compression=750
2026-09-07 23:06:08.067603-0700 tagmaster[45497:31733472] TM_SUMMARY cycle=1 akaLabel width=361.0 y=37.7 height=24.0 text=24.0 hugging=250 compression=750
2026-09-07 23:06:08.067681-0700 tagmaster[45497:31733472] TM_SUMMARY cycle=1 partsLabel width=309.0 y=121.7 height=20.3 text=20.3 hugging=250 compression=750
2026-09-07 23:06:08.067742-0700 tagmaster[45497:31733472] TM_SUMMARY cycle=1 typeLabel width=309.0 y=142.0 height=20.3 text=20.3 hugging=250 compression=750
2026-09-07 23:06:08.067797-0700 tagmaster[45497:31733472] TM_SUMMARY cycle=1 lyricsLabel width=309.0 y=254.3 height=64.3 text=64.3 hugging=250 compression=750
2026-09-07 23:06:08.067847-0700 tagmaster[45497:31733472] TM_SUMMARY cycle=1 notesLabel width=309.0 y=326.7 height=20.3 text=20.3 hugging=250 compression=750
2026-09-07 23:06:08.067944-0700 tagmaster[45497:31733472] TM_SUMMARY cycle=1 lyrics headingToBody=0.0
2026-09-07 23:06:08.068001-0700 tagmaster[45497:31733472] TM_SUMMARY cycle=1 notes headingToBody=0.0
2026-09-07 23:06:08.068056-0700 tagmaster[45497:31733472] TM_SUMMARY cycle=1 content=351.0 budget=407.0
2026-09-07 23:06:08.183295-0700 tagmaster[45497:31733472] TM_SUMMARY cycle=2 titleLabel width=361.0 y=4.0 height=33.7 text=33.7 hugging=250 compression=750
2026-09-07 23:06:08.183564-0700 tagmaster[45497:31733472] TM_SUMMARY cycle=2 akaLabel width=361.0 y=37.7 height=24.0 text=24.0 hugging=250 compression=750
2026-09-07 23:06:08.183659-0700 tagmaster[45497:31733472] TM_SUMMARY cycle=2 partsLabel width=309.0 y=121.7 height=20.3 text=20.3 hugging=250 compression=750
2026-09-07 23:06:08.183772-0700 tagmaster[45497:31733472] TM_SUMMARY cycle=2 typeLabel width=309.0 y=142.0 height=20.3 text=20.3 hugging=250 compression=750
2026-09-07 23:06:08.183864-0700 tagmaster[45497:31733472] TM_SUMMARY cycle=2 lyricsLabel width=309.0 y=254.3 height=64.3 text=64.3 hugging=250 compression=750
2026-09-07 23:06:08.183959-0700 tagmaster[45497:31733472] TM_SUMMARY cycle=2 notesLabel width=309.0 y=326.7 height=20.3 text=20.3 hugging=250 compression=750
2026-09-07 23:06:08.184268-0700 tagmaster[45497:31733472] TM_SUMMARY cycle=2 lyrics headingToBody=0.0
2026-09-07 23:06:08.184402-0700 tagmaster[45497:31733472] TM_SUMMARY cycle=2 notes headingToBody=0.0
2026-09-07 23:06:08.184494-0700 tagmaster[45497:31733472] TM_SUMMARY cycle=2 content=351.0 budget=407.0
2026-09-07 23:06:08.301155-0700 tagmaster[45497:31733472] TM_SUMMARY cycle=3 titleLabel width=361.0 y=4.0 height=33.7 text=33.7 hugging=250 compression=750
2026-09-07 23:06:08.301480-0700 tagmaster[45497:31733472] TM_SUMMARY cycle=3 akaLabel width=361.0 y=37.7 height=24.0 text=24.0 hugging=250 compression=750
2026-09-07 23:06:08.301689-0700 tagmaster[45497:31733472] TM_SUMMARY cycle=3 partsLabel width=309.0 y=121.7 height=20.3 text=20.3 hugging=250 compression=750
2026-09-07 23:06:08.301842-0700 tagmaster[45497:31733472] TM_SUMMARY cycle=3 typeLabel width=309.0 y=142.0 height=20.3 text=20.3 hugging=250 compression=750
2026-09-07 23:06:08.301986-0700 tagmaster[45497:31733472] TM_SUMMARY cycle=3 lyricsLabel width=309.0 y=254.3 height=64.3 text=64.3 hugging=250 compression=750
2026-09-07 23:06:08.302120-0700 tagmaster[45497:31733472] TM_SUMMARY cycle=3 notesLabel width=309.0 y=326.7 height=20.3 text=20.3 hugging=250 compression=750
2026-09-07 23:06:08.302557-0700 tagmaster[45497:31733472] TM_SUMMARY cycle=3 lyrics headingToBody=0.0
2026-09-07 23:06:08.302767-0700 tagmaster[45497:31733472] TM_SUMMARY cycle=3 notes headingToBody=0.0
2026-09-07 23:06:08.302916-0700 tagmaster[45497:31733472] TM_SUMMARY cycle=3 content=351.0 budget=407.0
2026-09-07 23:06:08.408401-0700 tagmaster[45497:31733472] TM_SUMMARY fixture=Lost large viewport=834
2026-09-07 23:06:08.408501-0700 tagmaster[45497:31733472] TM_SUMMARY cycle=0 titleLabel width=802.0 y=4.0 height=33.7 text=33.7 hugging=250 compression=750
2026-09-07 23:06:08.408570-0700 tagmaster[45497:31733472] TM_SUMMARY cycle=0 akaLabel width=802.0 y=37.7 height=24.0 text=24.0 hugging=250 compression=750
2026-09-07 23:06:08.408618-0700 tagmaster[45497:31733472] TM_SUMMARY cycle=0 partsLabel width=750.0 y=121.7 height=20.3 text=20.3 hugging=250 compression=750
2026-09-07 23:06:08.408656-0700 tagmaster[45497:31733472] TM_SUMMARY cycle=0 typeLabel width=750.0 y=142.0 height=20.3 text=20.3 hugging=250 compression=750
2026-09-07 23:06:08.408692-0700 tagmaster[45497:31733472] TM_SUMMARY cycle=0 lyricsLabel width=750.0 y=254.3 height=64.3 text=64.3 hugging=250 compression=750
2026-09-07 23:06:08.408725-0700 tagmaster[45497:31733472] TM_SUMMARY cycle=0 notesLabel width=750.0 y=326.7 height=20.3 text=20.3 hugging=250 compression=750
2026-09-07 23:06:08.408846-0700 tagmaster[45497:31733472] TM_SUMMARY cycle=0 lyrics headingToBody=0.0
2026-09-07 23:06:08.408944-0700 tagmaster[45497:31733472] TM_SUMMARY cycle=0 notes headingToBody=0.0
2026-09-07 23:06:08.408976-0700 tagmaster[45497:31733472] TM_SUMMARY cycle=0 content=351.0 budget=407.0
2026-09-07 23:06:08.524109-0700 tagmaster[45497:31733472] TM_SUMMARY cycle=1 titleLabel width=802.0 y=4.0 height=33.7 text=33.7 hugging=250 compression=750
2026-09-07 23:06:08.524232-0700 tagmaster[45497:31733472] TM_SUMMARY cycle=1 akaLabel width=802.0 y=37.7 height=24.0 text=24.0 hugging=250 compression=750
2026-09-07 23:06:08.524329-0700 tagmaster[45497:31733472] TM_SUMMARY cycle=1 partsLabel width=750.0 y=121.7 height=20.3 text=20.3 hugging=250 compression=750
2026-09-07 23:06:08.524394-0700 tagmaster[45497:31733472] TM_SUMMARY cycle=1 typeLabel width=750.0 y=142.0 height=20.3 text=20.3 hugging=250 compression=750
2026-09-07 23:06:08.524449-0700 tagmaster[45497:31733472] TM_SUMMARY cycle=1 lyricsLabel width=750.0 y=254.3 height=64.3 text=64.3 hugging=250 compression=750
2026-09-07 23:06:08.524514-0700 tagmaster[45497:31733472] TM_SUMMARY cycle=1 notesLabel width=750.0 y=326.7 height=20.3 text=20.3 hugging=250 compression=750
2026-09-07 23:06:08.524627-0700 tagmaster[45497:31733472] TM_SUMMARY cycle=1 lyrics headingToBody=0.0
2026-09-07 23:06:08.524695-0700 tagmaster[45497:31733472] TM_SUMMARY cycle=1 notes headingToBody=0.0
2026-09-07 23:06:08.524751-0700 tagmaster[45497:31733472] TM_SUMMARY cycle=1 content=351.0 budget=407.0
2026-09-07 23:06:08.640954-0700 tagmaster[45497:31733472] TM_SUMMARY cycle=2 titleLabel width=802.0 y=4.0 height=33.7 text=33.7 hugging=250 compression=750
2026-09-07 23:06:08.641258-0700 tagmaster[45497:31733472] TM_SUMMARY cycle=2 akaLabel width=802.0 y=37.7 height=24.0 text=24.0 hugging=250 compression=750
2026-09-07 23:06:08.641439-0700 tagmaster[45497:31733472] TM_SUMMARY cycle=2 partsLabel width=750.0 y=121.7 height=20.3 text=20.3 hugging=250 compression=750
2026-09-07 23:06:08.641590-0700 tagmaster[45497:31733472] TM_SUMMARY cycle=2 typeLabel width=750.0 y=142.0 height=20.3 text=20.3 hugging=250 compression=750
2026-09-07 23:06:08.641710-0700 tagmaster[45497:31733472] TM_SUMMARY cycle=2 lyricsLabel width=750.0 y=254.3 height=64.3 text=64.3 hugging=250 compression=750
2026-09-07 23:06:08.641823-0700 tagmaster[45497:31733472] TM_SUMMARY cycle=2 notesLabel width=750.0 y=326.7 height=20.3 text=20.3 hugging=250 compression=750
2026-09-07 23:06:08.642197-0700 tagmaster[45497:31733472] TM_SUMMARY cycle=2 lyrics headingToBody=0.0
2026-09-07 23:06:08.642369-0700 tagmaster[45497:31733472] TM_SUMMARY cycle=2 notes headingToBody=0.0
2026-09-07 23:06:08.642483-0700 tagmaster[45497:31733472] TM_SUMMARY cycle=2 content=351.0 budget=407.0
2026-09-07 23:06:08.757658-0700 tagmaster[45497:31733472] TM_SUMMARY cycle=3 titleLabel width=802.0 y=4.0 height=33.7 text=33.7 hugging=250 compression=750
2026-09-07 23:06:08.758004-0700 tagmaster[45497:31733472] TM_SUMMARY cycle=3 akaLabel width=802.0 y=37.7 height=24.0 text=24.0 hugging=250 compression=750
2026-09-07 23:06:08.758151-0700 tagmaster[45497:31733472] TM_SUMMARY cycle=3 partsLabel width=750.0 y=121.7 height=20.3 text=20.3 hugging=250 compression=750
2026-09-07 23:06:08.758262-0700 tagmaster[45497:31733472] TM_SUMMARY cycle=3 typeLabel width=750.0 y=142.0 height=20.3 text=20.3 hugging=250 compression=750
2026-09-07 23:06:08.758362-0700 tagmaster[45497:31733472] TM_SUMMARY cycle=3 lyricsLabel width=750.0 y=254.3 height=64.3 text=64.3 hugging=250 compression=750
2026-09-07 23:06:08.758479-0700 tagmaster[45497:31733472] TM_SUMMARY cycle=3 notesLabel width=750.0 y=326.7 height=20.3 text=20.3 hugging=250 compression=750
2026-09-07 23:06:08.758896-0700 tagmaster[45497:31733472] TM_SUMMARY cycle=3 lyrics headingToBody=0.0
2026-09-07 23:06:08.759103-0700 tagmaster[45497:31733472] TM_SUMMARY cycle=3 notes headingToBody=0.0
2026-09-07 23:06:08.759213-0700 tagmaster[45497:31733472] TM_SUMMARY cycle=3 content=351.0 budget=407.0
Test Case '-[TMSummaryLayoutRegressionTests testLostRowsHugTextAfterTwoPageSwitches]' passed (0.918 seconds).
Test Suite 'TMSummaryLayoutRegressionTests' passed at 2026-09-07 23:06:08.778.
	 Executed 2 tests, with 0 failures (0 unexpected) in 1.847 (1.848) seconds
Test Suite 'TagmasterAppLogicTests' started at 2026-09-07 23:06:08.778.
Test Case '-[TagmasterAppLogicTests testFavoritesLifecycle]' started.
Test Case '-[TagmasterAppLogicTests testFavoritesLifecycle]' passed (0.013 seconds).
Test Case '-[TagmasterAppLogicTests testHomeViewControllerNavigationWithRandomTag]' started.
Test Case '-[TagmasterAppLogicTests testHomeViewControllerNavigationWithRandomTag]' passed (0.027 seconds).
Test Case '-[TagmasterAppLogicTests testSearchAndQueryControllersDisplayResults]' started.
Test Case '-[TagmasterAppLogicTests testSearchAndQueryControllersDisplayResults]' passed (0.013 seconds).
Test Case '-[TagmasterAppLogicTests testTagComponentControllersRefresh]' started.
Test Case '-[TagmasterAppLogicTests testTagComponentControllersRefresh]' passed (0.016 seconds).
Test Case '-[TagmasterAppLogicTests testTagViewControllerLoadsTag]' started.
Test Case '-[TagmasterAppLogicTests testTagViewControllerLoadsTag]' passed (0.051 seconds).
Test Suite 'TagmasterAppLogicTests' passed at 2026-09-07 23:06:08.899.
	 Executed 5 tests, with 0 failures (0 unexpected) in 0.120 (0.121) seconds
Test Suite 'TagmasterModelsTests' started at 2026-09-07 23:06:08.899.
Test Case '-[TagmasterModelsTests testKeyNoteParsing]' started.
Test Case '-[TagmasterModelsTests testKeyNoteParsing]' passed (0.000 seconds).
Test Case '-[TagmasterModelsTests testTagPropertiesRoundTrip]' started.
Test Case '-[TagmasterModelsTests testTagPropertiesRoundTrip]' passed (0.001 seconds).
Test Case '-[TagmasterModelsTests testTagTracksGeneration]' started.
Test Case '-[TagmasterModelsTests testTagTracksGeneration]' passed (0.000 seconds).
Test Case '-[TagmasterModelsTests testTagUri]' started.
Test Case '-[TagmasterModelsTests testTagUri]' passed (0.000 seconds).
Test Case '-[TagmasterModelsTests testTrackFactorySetsTitleAndSource]' started.
Test Case '-[TagmasterModelsTests testTrackFactorySetsTitleAndSource]' passed (0.000 seconds).
Test Case '-[TagmasterModelsTests testVideoPropertiesRoundTrip]' started.
Test Case '-[TagmasterModelsTests testVideoPropertiesRoundTrip]' passed (0.000 seconds).
Test Suite 'TagmasterModelsTests' passed at 2026-09-07 23:06:08.903.
	 Executed 6 tests, with 0 failures (0 unexpected) in 0.002 (0.004) seconds
Test Suite 'tagmasterTests' started at 2026-09-07 23:06:08.903.
Test Case '-[tagmasterTests testExample]' started.
Test Case '-[tagmasterTests testExample]' passed (0.000 seconds).
Test Suite 'tagmasterTests' passed at 2026-09-07 23:06:08.911.
	 Executed 1 test, with 0 failures (0 unexpected) in 0.000 (0.008) seconds
Test Suite 'tagmasterTests.xctest' passed at 2026-09-07 23:06:08.911.
	 Executed 169 tests, with 0 failures (0 unexpected) in 19.834 (19.896) seconds
Test Suite 'All tests' passed at 2026-09-07 23:06:08.911.
	 Executed 169 tests, with 0 failures (0 unexpected) in 19.834 (19.896) seconds
2026-09-07 23:06:08.915042-0700 tagmaster[45497:31733472] Unbalanced calls to begin/end appearance transitions for <TestingNavigationController: 0x10671b600>.
2026-09-07 23:06:08.924186-0700 tagmaster[45497:31733472] Unbalanced calls to begin/end appearance transitions for <UINavigationController: 0x106718c00>.
2026-09-07 23:06:09.235 xcodebuild[43788:31729893] [MT] IDETestOperationsObserverDebug: 22.343 elapsed -- Testing started completed.
2026-09-07 23:06:09.235 xcodebuild[43788:31729893] [MT] IDETestOperationsObserverDebug: 0.000 sec, +0.000 sec -- start
2026-09-07 23:06:09.235 xcodebuild[43788:31729893] [MT] IDETestOperationsObserverDebug: 22.343 sec, +22.343 sec -- end

Test session results, code coverage, and logs:
	/tmp/tm-dd/Logs/Test/Test-tagmaster-2026.09.07_23-05-36--0700.xcresult

** TEST SUCCEEDED **

Testing started
